investment_id,user_id,investment_date,product_type,investment_mode,amount_inr
700000,NV400002,2026-01-16,Mutual Fund - Equity,SIP,3190.46
700001,NV400006,2026-01-04,Mutual Fund - Equity,Lumpsum,4830.32
700002,NV400006,2026-05-08,ETF,Lumpsum,4924.95
700003,NV400008,2026-01-13,Mutual Fund - Debt,SIP,4121.47
700004,NV400010,2026-01-22,Mutual Fund - Equity,SIP,4269.8
700005,NV400011,2026-01-04,Mutual Fund - Equity,SIP,1828.76
700006,NV400012,2026-01-11,ETF,SIP,4930.42
700007,NV400012,2026-02-02,Mutual Fund - Debt,Lumpsum,5972.88
700008,NV400014,2026-01-25,Direct Stocks,SIP,3724.47
700009,NV400014,2026-06-01,ETF,SIP,2428.87
700010,NV400016,2026-01-29,Mutual Fund - Hybrid,SIP,1815.8
700011,NV400018,2026-01-20,Direct Stocks,Lumpsum,19722.18
700012,NV400022,2026-01-26,Mutual Fund - Equity,SIP,1912.5
700013,NV400023,2026-01-31,Mutual Fund - Debt,SIP,2783.43
700014,NV400027,2026-01-10,Direct Stocks,Lumpsum,30033.71
700015,NV400030,2026-01-21,Mutual Fund - Equity,Lumpsum,8965.06
700016,NV400032,2026-01-19,Mutual Fund - Equity,SIP,1466.36
700017,NV400033,2026-01-10,ETF,SIP,3849.59
700018,NV400035,2026-01-11,Mutual Fund - Hybrid,Lumpsum,23914.45
700019,NV400036,2026-01-19,Mutual Fund - Debt,Lumpsum,7604.65
700020,NV400038,2026-01-24,Mutual Fund - Equity,Lumpsum,12986.09
700021,NV400039,2026-01-27,Mutual Fund - Debt,SIP,5181.51
700022,NV400039,2026-04-16,Mutual Fund - Equity,Lumpsum,3063.43
700023,NV400040,2026-01-30,ETF,SIP,6826.41
700024,NV400041,2026-01-28,Mutual Fund - Equity,Lumpsum,6741.13
700025,NV400044,2026-01-10,Mutual Fund - Debt,Lumpsum,15846.4
700026,NV400044,2026-05-12,ETF,Lumpsum,8231.57
700027,NV400051,2026-02-01,Mutual Fund - Equity,SIP,2412.11
700028,NV400053,2026-01-20,Direct Stocks,SIP,1658.69
700029,NV400053,2026-05-31,Mutual Fund - Debt,SIP,1418.42
700030,NV400054,2026-01-13,Mutual Fund - Equity,SIP,1799.74
700031,NV400062,2026-01-21,Mutual Fund - Equity,SIP,5567.11
700032,NV400063,2026-01-22,Mutual Fund - Debt,Lumpsum,25815.76
700033,NV400066,2026-01-12,Mutual Fund - Equity,Lumpsum,14165.1
700034,NV400069,2026-01-15,Mutual Fund - Equity,SIP,3553.78
700035,NV400072,2026-01-31,Mutual Fund - Equity,Lumpsum,17722.0
700036,NV400072,2026-04-20,Mutual Fund - Debt,SIP,1603.09
700037,NV400073,2026-01-25,Mutual Fund - Hybrid,SIP,6394.63
700038,NV400074,2026-01-24,Mutual Fund - Equity,SIP,5615.92
700039,NV400075,2026-01-21,Mutual Fund - Debt,SIP,2835.89
700040,NV400076,2026-01-07,Mutual Fund - Equity,Lumpsum,14331.1
700041,NV400080,2026-01-17,Mutual Fund - Debt,Lumpsum,12362.55
700042,NV400081,2026-01-09,Mutual Fund - Equity,SIP,3295.75
700043,NV400083,2026-01-13,Mutual Fund - Hybrid,SIP,6024.04
700044,NV400083,2026-03-25,Direct Stocks,SIP,985.22
700045,NV400084,2026-01-21,ETF,SIP,2085.66
700046,NV400084,2026-05-31,Mutual Fund - Hybrid,SIP,1880.82
700047,NV400085,2026-01-15,Mutual Fund - Debt,Lumpsum,6119.92
700048,NV400086,2026-01-12,Mutual Fund - Debt,Lumpsum,12200.73
700049,NV400086,2026-02-20,Mutual Fund - Hybrid,SIP,3718.91
700050,NV400087,2026-01-02,Mutual Fund - Debt,SIP,2458.5
700051,NV400088,2026-01-10,Mutual Fund - Equity,SIP,4277.51
700052,NV400090,2026-01-09,ETF,SIP,2311.13
700053,NV400090,2026-05-06,Mutual Fund - Equity,SIP,2462.33
700054,NV400092,2026-01-24,Mutual Fund - Equity,Lumpsum,14404.4
700055,NV400095,2026-01-31,ETF,SIP,2709.78
700056,NV400098,2026-01-31,Mutual Fund - Hybrid,SIP,3097.23
700057,NV400099,2026-01-13,Mutual Fund - Hybrid,SIP,1837.66
700058,NV400099,2026-07-11,ETF,Lumpsum,12699.94
700059,NV400101,2026-01-09,Mutual Fund - Debt,Lumpsum,16060.59
700060,NV400104,2026-01-05,Mutual Fund - Equity,Lumpsum,5011.63
700061,NV400105,2026-01-03,Mutual Fund - Equity,Lumpsum,10328.39
700062,NV400108,2026-01-22,Mutual Fund - Equity,SIP,3558.83
700063,NV400108,2026-05-07,Mutual Fund - Debt,SIP,1698.82
700064,NV400109,2026-01-25,Mutual Fund - Debt,SIP,2054.74
700065,NV400111,2026-01-14,Direct Stocks,SIP,4722.71
700066,NV400111,2026-06-14,Mutual Fund - Hybrid,SIP,2905.6
700067,NV400112,2026-01-17,Direct Stocks,SIP,1737.29
700068,NV400114,2026-01-30,Mutual Fund - Equity,SIP,3329.93
700069,NV400114,2026-02-22,Mutual Fund - Debt,Lumpsum,14602.42
700070,NV400115,2026-01-14,Direct Stocks,SIP,6527.25
700071,NV400117,2026-01-19,Mutual Fund - Equity,SIP,1050.71
700072,NV400123,2026-01-28,Mutual Fund - Debt,Lumpsum,16255.95
700073,NV400124,2026-01-13,Mutual Fund - Equity,SIP,2561.2
700074,NV400125,2026-01-29,Direct Stocks,SIP,2965.59
700075,NV400128,2026-01-19,Direct Stocks,Lumpsum,7563.72
700076,NV400130,2026-01-16,Direct Stocks,SIP,3656.54
700077,NV400130,2026-05-19,Mutual Fund - Hybrid,SIP,5890.87
700078,NV400136,2026-01-16,Mutual Fund - Equity,Lumpsum,2927.35
700079,NV400137,2026-01-20,Mutual Fund - Equity,Lumpsum,23679.18
700080,NV400137,2026-03-25,Mutual Fund - Hybrid,Lumpsum,6645.76
700081,NV400138,2026-01-20,ETF,Lumpsum,8565.55
700082,NV400140,2026-01-31,Mutual Fund - Equity,SIP,8637.33
700083,NV400142,2026-01-11,Mutual Fund - Equity,Lumpsum,48443.57
700084,NV400142,2026-06-20,Mutual Fund - Hybrid,Lumpsum,8528.04
700085,NV400147,2026-01-28,Mutual Fund - Hybrid,Lumpsum,8477.26
700086,NV400148,2026-01-04,ETF,SIP,4274.24
700087,NV400152,2026-01-17,ETF,SIP,1745.43
700088,NV400153,2026-01-09,Mutual Fund - Debt,Lumpsum,13725.53
700089,NV400155,2026-01-27,Direct Stocks,Lumpsum,39029.02
700090,NV400157,2026-01-23,Mutual Fund - Debt,SIP,3380.19
700091,NV400158,2026-01-24,Mutual Fund - Equity,SIP,5847.75
700092,NV400159,2026-01-11,Direct Stocks,SIP,3496.51
700093,NV400159,2026-02-07,Mutual Fund - Hybrid,SIP,4507.55
700094,NV400160,2026-02-01,Direct Stocks,SIP,1862.55
700095,NV400160,2026-05-06,Mutual Fund - Debt,SIP,4311.58
700096,NV400161,2026-01-14,Mutual Fund - Equity,SIP,5382.78
700097,NV400163,2026-01-18,Mutual Fund - Equity,SIP,4205.69
700098,NV400164,2026-01-21,Mutual Fund - Hybrid,SIP,2098.53
700099,NV400164,2026-04-08,Mutual Fund - Debt,SIP,2642.43
700100,NV400166,2026-01-06,Direct Stocks,SIP,2502.12
700101,NV400167,2026-01-22,Mutual Fund - Equity,SIP,1785.16
700102,NV400168,2026-01-15,Direct Stocks,SIP,1620.35
700103,NV400168,2026-07-11,Mutual Fund - Equity,SIP,1972.41
700104,NV400169,2026-01-11,ETF,SIP,4935.37
700105,NV400172,2026-01-22,Mutual Fund - Equity,SIP,905.39
700106,NV400175,2026-01-14,Mutual Fund - Hybrid,Lumpsum,10070.79
700107,NV400184,2026-01-30,Mutual Fund - Equity,SIP,2092.6
700108,NV400185,2026-01-10,Mutual Fund - Equity,Lumpsum,15680.23
700109,NV400185,2026-04-23,Mutual Fund - Hybrid,SIP,6951.31
700110,NV400187,2026-01-15,Mutual Fund - Equity,SIP,1623.29
700111,NV400187,2026-05-17,Mutual Fund - Debt,Lumpsum,6018.74
700112,NV400188,2026-01-26,Mutual Fund - Equity,SIP,2307.69
700113,NV400191,2026-01-25,Direct Stocks,Lumpsum,9692.09
700114,NV400197,2026-01-06,Mutual Fund - Equity,SIP,1261.01
700115,NV400197,2026-02-11,Mutual Fund - Debt,Lumpsum,4078.2
700116,NV400198,2026-01-11,Mutual Fund - Equity,SIP,2321.73
700117,NV400199,2026-01-30,Mutual Fund - Equity,SIP,1553.84
700118,NV400200,2026-01-25,Mutual Fund - Equity,SIP,2981.62
700119,NV400205,2026-01-06,Mutual Fund - Equity,Lumpsum,15821.46
700120,NV400205,2026-03-13,Mutual Fund - Debt,Lumpsum,21039.6
700121,NV400206,2026-01-06,Mutual Fund - Equity,Lumpsum,16325.43
700122,NV400208,2026-01-12,Mutual Fund - Hybrid,SIP,2813.25
700123,NV400211,2026-01-31,Mutual Fund - Equity,SIP,2199.57
700124,NV400211,2026-05-05,ETF,SIP,1655.17
700125,NV400214,2026-01-31,Mutual Fund - Equity,Lumpsum,6225.89
700126,NV400220,2026-01-20,Direct Stocks,SIP,5993.77
700127,NV400222,2026-01-16,Mutual Fund - Equity,Lumpsum,11655.06
700128,NV400222,2026-05-25,Mutual Fund - Hybrid,SIP,4316.65
700129,NV400223,2026-01-05,Mutual Fund - Equity,Lumpsum,13782.29
700130,NV400224,2026-01-07,ETF,SIP,2578.85
700131,NV400226,2026-01-08,Mutual Fund - Equity,Lumpsum,10683.0
700132,NV400227,2026-02-04,Mutual Fund - Equity,SIP,2333.99
700133,NV400227,2026-05-05,Mutual Fund - Debt,Lumpsum,4629.84
700134,NV400234,2026-02-03,Mutual Fund - Equity,Lumpsum,10636.84
700135,NV400234,2026-05-04,ETF,SIP,2310.99
700136,NV400235,2026-01-28,Mutual Fund - Equity,SIP,2114.43
700137,NV400237,2026-01-04,Mutual Fund - Equity,SIP,5718.0
700138,NV400237,2026-02-10,ETF,SIP,2501.57
700139,NV400238,2026-01-16,Mutual Fund - Equity,Lumpsum,9491.53
700140,NV400242,2026-01-22,Mutual Fund - Hybrid,SIP,3619.35
700141,NV400244,2026-01-20,Mutual Fund - Equity,SIP,2365.22
700142,NV400246,2026-01-29,Mutual Fund - Equity,SIP,1410.14
700143,NV400253,2026-01-21,Mutual Fund - Debt,Lumpsum,11295.53
700144,NV400254,2026-01-12,Mutual Fund - Equity,Lumpsum,4779.58
700145,NV400257,2026-01-10,Direct Stocks,SIP,5406.21
700146,NV400261,2026-01-28,Mutual Fund - Equity,Lumpsum,8759.39
700147,NV400262,2026-01-18,Direct Stocks,Lumpsum,30431.0
700148,NV400262,2026-05-05,Mutual Fund - Hybrid,Lumpsum,12078.2
700149,NV400263,2026-01-08,Mutual Fund - Hybrid,Lumpsum,21114.59
700150,NV400264,2026-01-23,Direct Stocks,SIP,1452.08
700151,NV400264,2026-07-15,Mutual Fund - Hybrid,Lumpsum,4473.58
700152,NV400265,2026-01-29,Mutual Fund - Debt,Lumpsum,6516.43
700153,NV400265,2026-02-21,Mutual Fund - Hybrid,Lumpsum,22535.33
700154,NV400266,2026-01-19,Mutual Fund - Equity,Lumpsum,25235.58
700155,NV400266,2026-07-05,ETF,SIP,1904.48
700156,NV400267,2026-01-31,Mutual Fund - Equity,SIP,5213.62
700157,NV400271,2026-01-27,Mutual Fund - Hybrid,SIP,3367.54
700158,NV400277,2026-01-21,Mutual Fund - Hybrid,SIP,10301.86
700159,NV400278,2026-01-15,ETF,Lumpsum,9608.25
700160,NV400278,2026-05-10,Mutual Fund - Equity,SIP,1562.52
700161,NV400281,2026-01-29,Direct Stocks,SIP,3729.1
700162,NV400281,2026-07-12,Mutual Fund - Debt,SIP,1366.9
700163,NV400282,2026-01-10,Mutual Fund - Equity,SIP,3116.32
700164,NV400283,2026-02-02,Mutual Fund - Debt,SIP,4080.63
700165,NV400286,2026-01-14,Mutual Fund - Hybrid,SIP,4773.42
700166,NV400286,2026-02-08,Direct Stocks,SIP,2340.08
700167,NV400288,2026-01-10,Mutual Fund - Equity,SIP,1452.62
700168,NV400290,2026-01-27,Mutual Fund - Hybrid,SIP,2251.11
700169,NV400294,2026-01-12,Mutual Fund - Debt,Lumpsum,14105.33
700170,NV400296,2026-01-20,Mutual Fund - Equity,Lumpsum,20368.96
700171,NV400297,2026-02-01,Direct Stocks,SIP,12666.16
700172,NV400300,2026-01-25,Mutual Fund - Equity,Lumpsum,5977.96
700173,NV400302,2026-01-18,Mutual Fund - Equity,SIP,3427.41
700174,NV400310,2026-01-31,Mutual Fund - Equity,SIP,2331.36
700175,NV400313,2026-01-12,Mutual Fund - Equity,Lumpsum,8901.81
700176,NV400314,2026-01-12,Mutual Fund - Equity,SIP,7640.2
700177,NV400315,2026-01-16,ETF,SIP,3156.01
700178,NV400316,2026-01-14,Direct Stocks,SIP,2844.93
700179,NV400317,2026-01-20,Mutual Fund - Debt,Lumpsum,13747.27
700180,NV400320,2026-01-21,Mutual Fund - Equity,SIP,3583.32
700181,NV400325,2026-01-14,Mutual Fund - Equity,Lumpsum,17693.12
700182,NV400326,2026-01-06,Mutual Fund - Equity,SIP,3874.44
700183,NV400326,2026-01-31,Mutual Fund - Hybrid,SIP,5533.33
700184,NV400328,2026-01-20,Mutual Fund - Equity,SIP,1591.98
700185,NV400331,2026-01-31,ETF,Lumpsum,36496.58
700186,NV400335,2026-01-25,Mutual Fund - Equity,SIP,2581.25
700187,NV400337,2026-01-12,Direct Stocks,SIP,1973.07
700188,NV400337,2026-05-14,Mutual Fund - Debt,Lumpsum,9844.74
700189,NV400342,2026-01-05,Mutual Fund - Equity,Lumpsum,16862.1
700190,NV400344,2026-01-24,Mutual Fund - Equity,SIP,2566.23
700191,NV400348,2026-01-28,Direct Stocks,SIP,10089.72
700192,NV400349,2026-01-09,Mutual Fund - Hybrid,Lumpsum,14620.72
700193,NV400349,2026-02-24,Mutual Fund - Equity,SIP,1838.35
700194,NV400353,2026-01-16,Mutual Fund - Equity,SIP,5447.19
700195,NV400354,2026-01-04,Mutual Fund - Hybrid,SIP,2038.74
700196,NV400354,2026-02-06,ETF,SIP,2259.35
700197,NV400355,2026-01-20,ETF,SIP,2777.65
700198,NV400357,2026-02-03,Mutual Fund - Equity,SIP,2972.65
700199,NV400357,2026-06-08,Mutual Fund - Debt,SIP,3021.16
700200,NV400360,2026-01-18,Direct Stocks,Lumpsum,21047.13
700201,NV400361,2026-01-27,Direct Stocks,SIP,1504.54
700202,NV400366,2026-02-01,Direct Stocks,SIP,4140.03
700203,NV400366,2026-03-01,Mutual Fund - Equity,SIP,6785.36
700204,NV400367,2026-01-08,Mutual Fund - Equity,SIP,4284.27
700205,NV400368,2026-01-28,Mutual Fund - Equity,SIP,2872.78
700206,NV400372,2026-01-04,Direct Stocks,SIP,1735.93
700207,NV400373,2026-01-22,Mutual Fund - Equity,SIP,2868.32
700208,NV400375,2026-01-08,Mutual Fund - Hybrid,SIP,3319.21
700209,NV400376,2026-01-10,Mutual Fund - Hybrid,SIP,762.08
700210,NV400376,2026-05-03,ETF,SIP,3895.03
700211,NV400378,2026-01-03,Mutual Fund - Equity,SIP,3765.21
700212,NV400384,2026-01-20,Mutual Fund - Hybrid,SIP,6896.14
700213,NV400387,2026-01-31,Mutual Fund - Debt,SIP,3956.64
700214,NV400387,2026-03-17,Mutual Fund - Equity,SIP,1943.42
700215,NV400392,2026-01-08,Mutual Fund - Equity,Lumpsum,8040.17
700216,NV400394,2026-01-15,ETF,Lumpsum,15018.39
700217,NV400394,2026-07-01,Mutual Fund - Hybrid,SIP,5118.81
700218,NV400396,2026-01-24,Mutual Fund - Equity,SIP,1471.08
700219,NV400397,2026-01-07,Mutual Fund - Debt,Lumpsum,24177.61
700220,NV400398,2026-01-02,Mutual Fund - Equity,Lumpsum,9330.22
700221,NV400399,2026-01-12,Mutual Fund - Debt,Lumpsum,6822.19
700222,NV400400,2026-01-17,Direct Stocks,SIP,2666.91
700223,NV400400,2026-04-10,Mutual Fund - Debt,SIP,2047.51
700224,NV400405,2026-01-27,Direct Stocks,SIP,1441.57
700225,NV400405,2026-03-29,ETF,SIP,1096.53
700226,NV400408,2026-01-20,Mutual Fund - Debt,Lumpsum,4792.91
700227,NV400412,2026-01-18,ETF,SIP,1407.43
700228,NV400412,2026-04-05,Direct Stocks,SIP,3591.81
700229,NV400414,2026-01-08,Mutual Fund - Debt,SIP,1354.99
700230,NV400415,2026-01-27,Direct Stocks,Lumpsum,17361.2
700231,NV400416,2026-01-20,Mutual Fund - Equity,Lumpsum,5863.33
700232,NV400419,2026-01-09,Direct Stocks,SIP,1172.34
700233,NV400422,2026-01-13,ETF,Lumpsum,5869.85
700234,NV400422,2026-05-07,Mutual Fund - Hybrid,Lumpsum,6184.87
700235,NV400424,2026-01-26,Mutual Fund - Equity,Lumpsum,5813.42
700236,NV400425,2026-01-21,Mutual Fund - Equity,SIP,4884.22
700237,NV400427,2026-01-30,Mutual Fund - Debt,SIP,3087.43
700238,NV400430,2026-01-24,Mutual Fund - Equity,Lumpsum,13205.13
700239,NV400433,2026-01-22,Mutual Fund - Equity,SIP,3957.08
700240,NV400434,2026-01-20,Mutual Fund - Hybrid,SIP,2808.2
700241,NV400434,2026-07-04,Mutual Fund - Debt,Lumpsum,7542.96
700242,NV400438,2026-01-04,Mutual Fund - Equity,SIP,5843.95
700243,NV400438,2026-04-04,Mutual Fund - Hybrid,Lumpsum,14928.27
700244,NV400439,2026-01-12,Mutual Fund - Equity,Lumpsum,14697.58
700245,NV400440,2026-01-20,Mutual Fund - Hybrid,SIP,3828.97
700246,NV400444,2026-01-24,Mutual Fund - Equity,SIP,2229.36
700247,NV400453,2026-01-26,Direct Stocks,Lumpsum,34455.43
700248,NV400454,2026-01-25,Mutual Fund - Equity,Lumpsum,34181.29
700249,NV400454,2026-03-16,ETF,Lumpsum,12802.76
700250,NV400456,2026-01-12,Mutual Fund - Equity,Lumpsum,6171.19
700251,NV400456,2026-05-05,ETF,Lumpsum,20841.13
700252,NV400457,2026-01-23,Mutual Fund - Debt,SIP,6140.03
700253,NV400460,2026-01-25,ETF,SIP,1178.76
700254,NV400461,2026-01-06,Mutual Fund - Equity,SIP,6512.57
700255,NV400461,2026-04-06,Mutual Fund - Hybrid,Lumpsum,6118.25
700256,NV400466,2026-01-29,Mutual Fund - Equity,SIP,4460.08
700257,NV400467,2026-01-29,Mutual Fund - Hybrid,SIP,3030.23
700258,NV400468,2026-01-13,Mutual Fund - Equity,SIP,1367.09
700259,NV400469,2026-01-17,Mutual Fund - Debt,Lumpsum,3907.87
700260,NV400475,2026-01-25,Mutual Fund - Hybrid,SIP,2242.37
700261,NV400476,2026-01-23,Mutual Fund - Equity,SIP,2539.88
700262,NV400479,2026-01-31,Mutual Fund - Equity,Lumpsum,15108.4
700263,NV400481,2026-01-24,Mutual Fund - Hybrid,Lumpsum,9710.48
700264,NV400481,2026-03-10,ETF,SIP,4148.78
700265,NV400483,2026-01-14,Mutual Fund - Equity,SIP,2329.16
700266,NV400486,2026-01-19,Mutual Fund - Equity,SIP,3057.38
700267,NV400493,2026-01-28,Mutual Fund - Hybrid,SIP,4425.24
700268,NV400493,2026-07-23,Mutual Fund - Equity,SIP,2204.09
700269,NV400495,2026-01-13,Mutual Fund - Equity,SIP,4827.73
700270,NV400497,2026-01-03,Mutual Fund - Equity,SIP,4746.21
700271,NV400500,2026-01-31,Mutual Fund - Debt,Lumpsum,9000.95
700272,NV400503,2026-01-22,Direct Stocks,Lumpsum,10200.49
700273,NV400504,2026-01-29,Mutual Fund - Equity,SIP,4789.93
700274,NV400507,2026-01-13,Mutual Fund - Debt,SIP,3883.98
700275,NV400508,2026-01-03,Mutual Fund - Equity,Lumpsum,19486.08
700276,NV400508,2026-05-10,Mutual Fund - Debt,Lumpsum,4683.97
700277,NV400509,2026-01-22,Mutual Fund - Equity,Lumpsum,8298.04
700278,NV400509,2026-02-25,Mutual Fund - Debt,Lumpsum,1805.82
700279,NV400513,2026-01-26,ETF,Lumpsum,12779.67
700280,NV400513,2026-04-12,Mutual Fund - Hybrid,SIP,1508.62
700281,NV400514,2026-01-11,Mutual Fund - Equity,SIP,3881.15
700282,NV400515,2026-01-11,Mutual Fund - Hybrid,Lumpsum,3326.58
700283,NV400515,2026-03-24,Direct Stocks,SIP,3796.38
700284,NV400519,2026-01-29,Mutual Fund - Hybrid,SIP,1730.26
700285,NV400519,2026-06-13,Mutual Fund - Equity,SIP,876.77
700286,NV400522,2026-01-09,Mutual Fund - Hybrid,SIP,4901.07
700287,NV400522,2026-06-07,Mutual Fund - Debt,Lumpsum,25619.28
700288,NV400524,2026-01-11,Direct Stocks,Lumpsum,18407.17
700289,NV400525,2026-01-12,Mutual Fund - Equity,Lumpsum,15256.89
700290,NV400525,2026-04-26,Mutual Fund - Debt,SIP,1241.59
700291,NV400526,2026-01-23,Mutual Fund - Hybrid,SIP,4027.27
700292,NV400527,2026-01-23,Mutual Fund - Equity,SIP,2789.5
700293,NV400527,2026-03-24,ETF,Lumpsum,9322.64
700294,NV400528,2026-01-06,Mutual Fund - Hybrid,Lumpsum,18443.53
700295,NV400529,2026-01-18,Mutual Fund - Equity,SIP,2533.75
700296,NV400529,2026-03-05,Mutual Fund - Hybrid,SIP,2817.53
700297,NV400531,2026-01-08,Direct Stocks,Lumpsum,8517.49
700298,NV400531,2026-04-19,ETF,Lumpsum,5875.48
700299,NV400533,2026-02-02,Mutual Fund - Hybrid,Lumpsum,47286.43
700300,NV400534,2026-01-16,Mutual Fund - Equity,Lumpsum,8096.44
700301,NV400534,2026-04-05,Mutual Fund - Debt,SIP,1386.95
700302,NV400535,2026-01-10,Direct Stocks,SIP,1125.84
700303,NV400535,2026-03-18,Mutual Fund - Debt,SIP,2410.21
700304,NV400539,2026-01-31,Mutual Fund - Equity,Lumpsum,28333.91
700305,NV400540,2026-01-05,ETF,Lumpsum,18503.07
700306,NV400541,2026-01-22,Mutual Fund - Equity,SIP,1563.99
700307,NV400549,2026-01-15,Direct Stocks,SIP,1789.05
700308,NV400553,2026-01-25,Mutual Fund - Debt,SIP,2044.51
700309,NV400553,2026-05-28,ETF,SIP,2559.25
700310,NV400555,2026-01-09,Mutual Fund - Equity,SIP,3549.78
700311,NV400556,2026-01-14,Mutual Fund - Hybrid,Lumpsum,14572.56
700312,NV400559,2026-01-03,Mutual Fund - Debt,Lumpsum,11657.34
700313,NV400564,2026-01-04,Direct Stocks,SIP,3000.65
700314,NV400565,2026-01-08,Mutual Fund - Equity,SIP,2110.23
700315,NV400565,2026-03-13,Mutual Fund - Debt,Lumpsum,3974.11
700316,NV400572,2026-01-17,Mutual Fund - Equity,SIP,3137.71
700317,NV400572,2026-07-13,ETF,Lumpsum,11307.27
700318,NV400579,2026-01-16,Mutual Fund - Equity,Lumpsum,5272.36
700319,NV400583,2026-01-10,Mutual Fund - Equity,SIP,2490.36
700320,NV400592,2026-01-23,Mutual Fund - Equity,Lumpsum,24450.82
700321,NV400596,2026-01-11,Mutual Fund - Equity,SIP,6661.65
700322,NV400598,2026-01-30,Mutual Fund - Hybrid,SIP,3362.05
700323,NV400599,2026-01-19,Mutual Fund - Hybrid,Lumpsum,11531.19
700324,NV400599,2026-06-20,Mutual Fund - Debt,SIP,3290.12
700325,NV400600,2026-01-26,Mutual Fund - Equity,Lumpsum,21160.1
700326,NV400604,2026-01-18,Mutual Fund - Equity,Lumpsum,6346.54
700327,NV400604,2026-04-10,ETF,Lumpsum,5955.92
700328,NV400607,2026-01-19,Mutual Fund - Hybrid,SIP,1378.56
700329,NV400607,2026-03-09,Mutual Fund - Equity,SIP,5675.12
700330,NV400608,2026-01-07,Direct Stocks,Lumpsum,7271.77
700331,NV400608,2026-03-11,ETF,Lumpsum,12059.71
700332,NV400611,2026-01-02,Direct Stocks,SIP,919.55
700333,NV400612,2026-01-29,Mutual Fund - Debt,Lumpsum,16626.24
700334,NV400612,2026-04-15,ETF,Lumpsum,16941.21
700335,NV400613,2026-01-24,Mutual Fund - Debt,SIP,1650.49
700336,NV400614,2026-01-30,Mutual Fund - Equity,SIP,4044.95
700337,NV400616,2026-01-12,Direct Stocks,Lumpsum,4004.72
700338,NV400616,2026-06-13,Mutual Fund - Debt,Lumpsum,7923.34
700339,NV400617,2026-01-31,Mutual Fund - Debt,Lumpsum,23882.75
700340,NV400617,2026-04-18,Mutual Fund - Hybrid,Lumpsum,42839.62
700341,NV400620,2026-01-24,Direct Stocks,SIP,4860.86
700342,NV400621,2026-01-05,Mutual Fund - Equity,Lumpsum,4664.19
700343,NV400621,2026-04-08,ETF,SIP,3027.78
700344,NV400622,2026-01-16,Direct Stocks,SIP,4474.64
700345,NV400622,2026-05-02,Mutual Fund - Hybrid,Lumpsum,6638.34
700346,NV400626,2026-01-18,Mutual Fund - Hybrid,SIP,3320.81
700347,NV400632,2026-01-05,Mutual Fund - Equity,SIP,2585.32
700348,NV400633,2026-01-11,ETF,SIP,2285.81
700349,NV400633,2026-03-26,Mutual Fund - Equity,Lumpsum,41931.96
700350,NV400635,2026-01-25,Mutual Fund - Equity,Lumpsum,14418.73
700351,NV400635,2026-02-18,Direct Stocks,Lumpsum,4541.92
700352,NV400638,2026-01-18,Mutual Fund - Equity,SIP,3515.56
700353,NV400646,2026-01-16,Mutual Fund - Equity,SIP,2838.62
700354,NV400654,2026-01-05,Mutual Fund - Hybrid,SIP,1731.2
700355,NV400657,2026-01-09,Mutual Fund - Hybrid,SIP,2404.5
700356,NV400657,2026-06-03,ETF,Lumpsum,6326.19
700357,NV400658,2026-01-11,Direct Stocks,SIP,798.66
700358,NV400659,2026-01-12,Mutual Fund - Equity,Lumpsum,7045.53
700359,NV400660,2026-01-19,Direct Stocks,SIP,1217.19
700360,NV400661,2026-01-24,Mutual Fund - Equity,SIP,7309.23
700361,NV400661,2026-03-08,ETF,SIP,1385.57
700362,NV400665,2026-01-16,Direct Stocks,SIP,1607.63
700363,NV400668,2026-01-02,Mutual Fund - Equity,SIP,2138.84
700364,NV400668,2026-03-15,Mutual Fund - Hybrid,SIP,810.75
700365,NV400670,2026-01-11,Mutual Fund - Equity,Lumpsum,17257.13
700366,NV400675,2026-01-26,Direct Stocks,SIP,3140.77
700367,NV400677,2026-01-13,Mutual Fund - Equity,Lumpsum,13720.93
700368,NV400678,2026-01-28,Mutual Fund - Equity,Lumpsum,16044.22
700369,NV400678,2026-04-07,ETF,SIP,4813.92
700370,NV400679,2026-01-08,Mutual Fund - Hybrid,SIP,2645.29
700371,NV400680,2026-01-11,Direct Stocks,SIP,1094.27
700372,NV400682,2026-01-17,Mutual Fund - Equity,Lumpsum,7359.07
700373,NV400682,2026-03-12,ETF,SIP,4764.01
700374,NV400684,2026-01-19,ETF,SIP,3513.49
700375,NV400685,2026-01-12,Mutual Fund - Equity,Lumpsum,21029.51
700376,NV400688,2026-01-03,Mutual Fund - Equity,SIP,4397.71
700377,NV400689,2026-01-22,Direct Stocks,SIP,2245.13
700378,NV400689,2026-06-24,ETF,SIP,1709.65
700379,NV400691,2026-01-17,Mutual Fund - Debt,SIP,4645.82
700380,NV400692,2026-01-26,ETF,Lumpsum,19900.59
700381,NV400694,2026-01-15,Mutual Fund - Hybrid,SIP,1239.09
700382,NV400695,2026-01-04,Direct Stocks,SIP,1306.16
700383,NV400696,2026-01-12,Direct Stocks,Lumpsum,18924.75
700384,NV400699,2026-01-16,Mutual Fund - Equity,SIP,4762.23
700385,NV400699,2026-03-02,Mutual Fund - Hybrid,Lumpsum,7049.89
700386,NV400701,2026-01-09,Mutual Fund - Equity,Lumpsum,22124.47
700387,NV400701,2026-07-01,ETF,Lumpsum,31388.23
700388,NV400706,2026-01-08,Mutual Fund - Equity,SIP,19452.27
700389,NV400708,2026-01-28,Mutual Fund - Equity,SIP,6418.84
700390,NV400709,2026-01-12,Mutual Fund - Debt,SIP,2512.56
700391,NV400710,2026-01-23,ETF,Lumpsum,14197.07
700392,NV400710,2026-07-10,Direct Stocks,Lumpsum,5723.67
700393,NV400716,2026-01-26,Mutual Fund - Debt,Lumpsum,7762.42
700394,NV400717,2026-01-27,Mutual Fund - Debt,SIP,4742.88
700395,NV400720,2026-01-03,Direct Stocks,Lumpsum,22284.28
700396,NV400725,2026-01-31,Mutual Fund - Equity,SIP,4636.28
700397,NV400726,2026-01-10,Mutual Fund - Hybrid,Lumpsum,7843.58
700398,NV400727,2026-01-08,Mutual Fund - Equity,SIP,1769.7
700399,NV400729,2026-01-15,ETF,SIP,2241.32
700400,NV400732,2026-01-15,Mutual Fund - Equity,SIP,2226.85
700401,NV400733,2026-01-16,Mutual Fund - Hybrid,SIP,1694.59
700402,NV400733,2026-04-05,Mutual Fund - Debt,SIP,5429.45
700403,NV400735,2026-01-19,Mutual Fund - Hybrid,SIP,2954.28
700404,NV400736,2026-01-19,Mutual Fund - Equity,SIP,2321.09
700405,NV400736,2026-07-01,Direct Stocks,SIP,2916.56
700406,NV400737,2026-01-18,Direct Stocks,Lumpsum,10130.3
700407,NV400739,2026-01-02,Mutual Fund - Hybrid,Lumpsum,15124.04
700408,NV400742,2026-01-23,Mutual Fund - Equity,SIP,3055.09
700409,NV400742,2026-06-08,Direct Stocks,SIP,988.67
700410,NV400743,2026-01-09,ETF,Lumpsum,6456.59
700411,NV400744,2026-01-07,Mutual Fund - Equity,Lumpsum,8238.27
700412,NV400745,2026-01-17,Mutual Fund - Hybrid,SIP,4183.85
700413,NV400745,2026-04-20,ETF,Lumpsum,8984.85
700414,NV400748,2026-01-19,Direct Stocks,Lumpsum,11803.07
700415,NV400748,2026-03-13,Mutual Fund - Equity,SIP,1070.44
700416,NV400750,2026-01-28,Mutual Fund - Hybrid,SIP,4626.19
700417,NV400750,2026-03-11,ETF,Lumpsum,2976.11
700418,NV400753,2026-01-10,Mutual Fund - Debt,SIP,11152.72
700419,NV400754,2026-01-13,Mutual Fund - Equity,Lumpsum,21380.51
700420,NV400759,2026-01-27,Mutual Fund - Hybrid,Lumpsum,7710.34
700421,NV400759,2026-06-27,Mutual Fund - Debt,SIP,5578.16
700422,NV400760,2026-01-12,Mutual Fund - Equity,SIP,3786.24
700423,NV400769,2026-01-04,Direct Stocks,SIP,2626.1
700424,NV400769,2026-06-26,Mutual Fund - Hybrid,Lumpsum,16082.05
700425,NV400771,2026-01-18,ETF,SIP,4184.31
700426,NV400771,2026-06-03,Mutual Fund - Hybrid,Lumpsum,6996.27
700427,NV400772,2026-01-05,Mutual Fund - Equity,SIP,7177.17
700428,NV400772,2026-04-05,ETF,Lumpsum,14455.31
700429,NV400773,2026-01-22,Mutual Fund - Equity,SIP,2596.78
700430,NV400778,2026-01-29,ETF,Lumpsum,5566.98
700431,NV400782,2026-01-19,Direct Stocks,SIP,3165.83
700432,NV400782,2026-04-25,Mutual Fund - Hybrid,Lumpsum,9470.02
700433,NV400787,2026-01-06,Mutual Fund - Hybrid,SIP,1017.62
700434,NV400788,2026-01-05,Mutual Fund - Equity,Lumpsum,12482.83
700435,NV400789,2026-01-25,Mutual Fund - Equity,Lumpsum,14922.4
700436,NV400789,2026-05-13,Mutual Fund - Debt,Lumpsum,8535.93
700437,NV400791,2026-01-31,Mutual Fund - Equity,SIP,2835.26
700438,NV400791,2026-03-05,ETF,Lumpsum,5837.92
700439,NV400801,2026-01-22,Direct Stocks,SIP,2235.31
700440,NV400808,2026-01-05,Mutual Fund - Hybrid,SIP,1576.09
700441,NV400809,2026-01-09,Mutual Fund - Equity,Lumpsum,11177.08
700442,NV400812,2026-01-11,Mutual Fund - Hybrid,SIP,2498.82
700443,NV400812,2026-07-04,Direct Stocks,SIP,2882.25
700444,NV400815,2026-01-31,Direct Stocks,SIP,2964.37
700445,NV400815,2026-05-14,ETF,Lumpsum,2606.36
700446,NV400823,2026-01-31,Mutual Fund - Equity,SIP,4240.71
700447,NV400823,2026-05-10,ETF,SIP,1299.58
700448,NV400824,2026-01-28,Mutual Fund - Debt,Lumpsum,15867.45
700449,NV400825,2026-01-08,Mutual Fund - Equity,SIP,946.22
700450,NV400826,2026-01-14,Direct Stocks,SIP,2121.8
700451,NV400826,2026-04-10,Mutual Fund - Equity,SIP,3144.2
700452,NV400827,2026-01-18,Mutual Fund - Equity,SIP,3519.2
700453,NV400836,2026-01-23,Direct Stocks,SIP,1969.95
700454,NV400837,2026-01-13,Mutual Fund - Equity,Lumpsum,17791.41
700455,NV400838,2026-01-15,Mutual Fund - Equity,Lumpsum,43556.96
700456,NV400841,2026-01-15,ETF,SIP,2441.79
700457,NV400842,2026-01-19,Mutual Fund - Equity,SIP,629.24
700458,NV400843,2026-01-20,Mutual Fund - Hybrid,SIP,1339.38
700459,NV400845,2026-01-06,Mutual Fund - Equity,Lumpsum,4256.53
700460,NV400851,2026-01-07,Mutual Fund - Equity,Lumpsum,17920.08
700461,NV400853,2026-01-25,ETF,SIP,1378.47
700462,NV400853,2026-02-14,Mutual Fund - Debt,SIP,3718.19
700463,NV400854,2026-01-04,Mutual Fund - Equity,SIP,2816.5
700464,NV400854,2026-04-28,Direct Stocks,Lumpsum,30506.8
700465,NV400858,2026-01-06,Mutual Fund - Hybrid,Lumpsum,3723.15
700466,NV400858,2026-04-13,ETF,Lumpsum,7103.81
700467,NV400862,2026-01-20,Direct Stocks,SIP,1327.44
700468,NV400864,2026-01-26,Mutual Fund - Equity,Lumpsum,6157.3
700469,NV400865,2026-01-29,Direct Stocks,SIP,1397.96
700470,NV400868,2026-01-08,Mutual Fund - Equity,Lumpsum,13256.8
700471,NV400869,2026-01-09,Direct Stocks,Lumpsum,7758.47
700472,NV400870,2026-01-15,Mutual Fund - Hybrid,SIP,3866.07
700473,NV400870,2026-06-02,Direct Stocks,SIP,4169.03
700474,NV400871,2026-01-13,Mutual Fund - Equity,SIP,4571.68
700475,NV400873,2026-01-08,Mutual Fund - Equity,Lumpsum,13776.56
700476,NV400875,2026-01-11,Mutual Fund - Hybrid,Lumpsum,14835.34
700477,NV400883,2026-01-22,Mutual Fund - Equity,Lumpsum,7113.76
700478,NV400886,2026-01-13,ETF,Lumpsum,16948.93
700479,NV400887,2026-01-30,Mutual Fund - Equity,SIP,3233.82
700480,NV400888,2026-01-23,Direct Stocks,SIP,2658.15
700481,NV400888,2026-05-16,ETF,Lumpsum,13231.82
700482,NV400894,2026-02-01,Mutual Fund - Hybrid,SIP,2863.7
700483,NV400897,2026-01-16,Mutual Fund - Equity,Lumpsum,16290.78
700484,NV400899,2026-01-28,Mutual Fund - Equity,SIP,3152.84
700485,NV400900,2026-01-20,Direct Stocks,Lumpsum,7518.7
700486,NV400900,2026-04-26,Mutual Fund - Equity,Lumpsum,18039.88
700487,NV400901,2026-01-19,Mutual Fund - Debt,Lumpsum,16219.81
700488,NV400904,2026-01-25,Direct Stocks,SIP,910.86
700489,NV400905,2026-01-07,Mutual Fund - Hybrid,Lumpsum,4912.41
700490,NV400906,2026-01-08,Mutual Fund - Equity,Lumpsum,10850.63
700491,NV400910,2026-01-28,Mutual Fund - Equity,SIP,5459.73
700492,NV400917,2026-01-04,Direct Stocks,Lumpsum,20013.0
700493,NV400917,2026-06-10,Mutual Fund - Debt,Lumpsum,8289.67
700494,NV400919,2026-01-11,Direct Stocks,SIP,8640.73
700495,NV400920,2026-01-23,Mutual Fund - Hybrid,Lumpsum,28754.7
700496,NV400922,2026-01-26,Direct Stocks,SIP,1908.17
700497,NV400926,2026-01-07,Mutual Fund - Equity,SIP,2593.9
700498,NV400926,2026-04-16,Direct Stocks,Lumpsum,5927.16
700499,NV400930,2026-01-14,Mutual Fund - Equity,SIP,3440.65
700500,NV400932,2026-01-04,ETF,SIP,2409.17
700501,NV400935,2026-01-09,Direct Stocks,Lumpsum,21408.36
700502,NV400935,2026-04-25,ETF,SIP,1386.78
700503,NV400942,2026-01-20,Direct Stocks,SIP,1301.62
700504,NV400944,2026-01-26,Mutual Fund - Equity,Lumpsum,9392.07
700505,NV400945,2026-01-10,ETF,SIP,8258.46
700506,NV400949,2026-01-22,Mutual Fund - Debt,SIP,1938.76
700507,NV400949,2026-04-19,Mutual Fund - Hybrid,Lumpsum,12545.76
700508,NV400951,2026-01-11,Mutual Fund - Equity,Lumpsum,13385.57
700509,NV400951,2026-05-31,Mutual Fund - Debt,SIP,2005.71
700510,NV400954,2026-01-23,Mutual Fund - Hybrid,SIP,1218.89
700511,NV400956,2026-01-16,Mutual Fund - Equity,SIP,818.47
700512,NV400964,2026-01-26,Mutual Fund - Equity,SIP,4220.14
700513,NV400964,2026-04-13,ETF,Lumpsum,21277.59
700514,NV400965,2026-01-31,Mutual Fund - Equity,SIP,3249.26
700515,NV400965,2026-05-14,ETF,Lumpsum,11124.39
700516,NV400966,2026-01-29,Mutual Fund - Debt,Lumpsum,7837.22
700517,NV400968,2026-01-22,Mutual Fund - Equity,SIP,2479.36
700518,NV400970,2026-01-30,ETF,SIP,3364.7
700519,NV400972,2026-01-23,Direct Stocks,SIP,5999.76
700520,NV400972,2026-06-27,ETF,SIP,5972.61
700521,NV400974,2026-01-26,Mutual Fund - Equity,Lumpsum,7995.28
700522,NV400974,2026-07-08,Mutual Fund - Hybrid,Lumpsum,10017.42
700523,NV400978,2026-01-27,Mutual Fund - Hybrid,SIP,1877.08
700524,NV400978,2026-04-20,Mutual Fund - Equity,SIP,3129.37
700525,NV400979,2026-01-23,Mutual Fund - Debt,SIP,3254.91
700526,NV400979,2026-04-09,Direct Stocks,Lumpsum,15125.22
700527,NV400980,2026-01-22,Mutual Fund - Debt,Lumpsum,9508.17
700528,NV400981,2026-01-07,Mutual Fund - Equity,SIP,2148.71
700529,NV400982,2026-01-19,ETF,Lumpsum,16813.63
700530,NV400982,2026-06-24,Direct Stocks,Lumpsum,14132.75
700531,NV400984,2026-01-01,Direct Stocks,Lumpsum,4081.93
700532,NV400985,2026-01-11,Direct Stocks,SIP,2495.06
700533,NV400985,2026-02-04,ETF,SIP,2612.15
700534,NV400987,2026-01-23,Mutual Fund - Debt,SIP,1796.38
700535,NV400991,2026-01-08,Mutual Fund - Equity,Lumpsum,6104.45
700536,NV400994,2026-01-10,Mutual Fund - Debt,Lumpsum,13656.26
700537,NV400995,2026-01-23,Mutual Fund - Equity,SIP,995.7
700538,NV400997,2026-01-25,Mutual Fund - Equity,Lumpsum,19516.92
700539,NV401005,2026-01-08,Mutual Fund - Hybrid,SIP,3468.76
700540,NV401005,2026-04-16,ETF,SIP,3169.04
700541,NV401006,2026-01-24,Mutual Fund - Equity,Lumpsum,9189.48
700542,NV401009,2026-01-19,Mutual Fund - Debt,SIP,2097.21
700543,NV401010,2026-01-31,Mutual Fund - Equity,SIP,4540.31
700544,NV401012,2026-02-02,Mutual Fund - Equity,Lumpsum,4642.1
700545,NV401015,2026-01-11,Mutual Fund - Debt,SIP,2228.37
700546,NV401016,2026-02-01,Mutual Fund - Equity,SIP,2227.57
700547,NV401022,2026-01-21,Mutual Fund - Hybrid,SIP,2492.66
700548,NV401024,2026-01-12,Mutual Fund - Equity,Lumpsum,8624.49
700549,NV401026,2026-01-03,Direct Stocks,SIP,3915.76
700550,NV401028,2026-01-03,Mutual Fund - Hybrid,Lumpsum,7599.68
700551,NV401034,2026-01-17,Direct Stocks,SIP,2417.91
700552,NV401034,2026-06-03,Mutual Fund - Hybrid,SIP,3152.11
700553,NV401036,2026-01-30,Mutual Fund - Debt,Lumpsum,8466.4
700554,NV401037,2026-02-04,Mutual Fund - Equity,SIP,3928.33
700555,NV401040,2026-01-14,Mutual Fund - Equity,SIP,2913.51
700556,NV401042,2026-01-16,Direct Stocks,SIP,1718.46
700557,NV401043,2026-01-26,Mutual Fund - Debt,Lumpsum,17108.16
700558,NV401051,2026-01-18,Mutual Fund - Hybrid,Lumpsum,8129.74
700559,NV401055,2026-01-25,Mutual Fund - Hybrid,Lumpsum,7362.44
700560,NV401056,2026-01-31,ETF,SIP,6536.06
700561,NV401061,2026-01-15,Mutual Fund - Equity,SIP,3377.88
700562,NV401066,2026-01-14,Mutual Fund - Equity,SIP,1398.97
700563,NV401067,2026-01-19,Mutual Fund - Debt,SIP,3418.96
700564,NV401067,2026-06-02,Mutual Fund - Equity,SIP,1058.5
700565,NV401072,2026-01-02,Mutual Fund - Hybrid,Lumpsum,7681.0
700566,NV401072,2026-02-23,Mutual Fund - Equity,SIP,1772.03
700567,NV401075,2026-01-31,Mutual Fund - Equity,Lumpsum,23540.95
700568,NV401075,2026-06-26,Direct Stocks,Lumpsum,5421.57
700569,NV401078,2026-01-12,Direct Stocks,SIP,3583.99
700570,NV401078,2026-06-17,Mutual Fund - Equity,SIP,1966.91
700571,NV401079,2026-01-12,Mutual Fund - Equity,SIP,3845.74
700572,NV401085,2026-01-24,Mutual Fund - Equity,SIP,1577.33
700573,NV401086,2026-01-03,Direct Stocks,Lumpsum,10579.14
700574,NV401086,2026-06-07,Mutual Fund - Hybrid,SIP,1744.06
700575,NV401089,2026-02-02,Direct Stocks,Lumpsum,12138.05
700576,NV401093,2026-01-03,Mutual Fund - Equity,SIP,1858.36
700577,NV401093,2026-03-14,Direct Stocks,SIP,1494.55
700578,NV401098,2026-01-23,Mutual Fund - Equity,Lumpsum,5535.4
700579,NV401100,2026-01-18,ETF,SIP,1909.63
700580,NV401101,2026-01-05,Mutual Fund - Equity,Lumpsum,4656.63
700581,NV401101,2026-02-23,Direct Stocks,Lumpsum,9818.28
700582,NV401102,2026-02-02,Direct Stocks,Lumpsum,9000.27
700583,NV401103,2026-01-17,Mutual Fund - Equity,SIP,2436.73
700584,NV401104,2026-02-03,Mutual Fund - Equity,SIP,2974.76
700585,NV401108,2026-01-24,Mutual Fund - Equity,SIP,3114.73
700586,NV401110,2026-01-13,ETF,SIP,2084.93
700587,NV401110,2026-04-18,Mutual Fund - Equity,SIP,6324.59
700588,NV401111,2026-01-27,Mutual Fund - Equity,SIP,1632.8
700589,NV401113,2026-01-24,Mutual Fund - Debt,SIP,1858.28
700590,NV401113,2026-03-04,Mutual Fund - Equity,SIP,4557.6
700591,NV401115,2026-01-20,Mutual Fund - Equity,Lumpsum,6523.51
700592,NV401120,2026-01-30,Mutual Fund - Equity,Lumpsum,27324.61
700593,NV401120,2026-07-28,Mutual Fund - Hybrid,Lumpsum,20412.56
700594,NV401124,2026-01-26,ETF,SIP,3054.83
700595,NV401124,2026-04-09,Mutual Fund - Equity,Lumpsum,6552.37
700596,NV401129,2026-01-12,Mutual Fund - Hybrid,Lumpsum,19483.24
700597,NV401132,2026-01-09,Mutual Fund - Equity,SIP,1484.68
700598,NV401133,2026-01-26,Mutual Fund - Equity,Lumpsum,7967.31
700599,NV401135,2026-01-06,Mutual Fund - Debt,SIP,7788.33
700600,NV401135,2026-06-04,Mutual Fund - Hybrid,Lumpsum,13846.46
700601,NV401136,2026-01-13,Mutual Fund - Equity,Lumpsum,18554.05
700602,NV401136,2026-03-24,Mutual Fund - Hybrid,SIP,2052.38
700603,NV401142,2026-01-10,Mutual Fund - Equity,SIP,4434.99
700604,NV401143,2026-01-15,Mutual Fund - Equity,SIP,1414.48
700605,NV401143,2026-06-06,Mutual Fund - Debt,Lumpsum,14898.0
700606,NV401144,2026-01-30,Mutual Fund - Equity,Lumpsum,14180.6
700607,NV401144,2026-05-26,Mutual Fund - Debt,Lumpsum,4523.13
700608,NV401145,2026-01-13,Mutual Fund - Equity,SIP,2358.01
700609,NV401146,2026-01-19,ETF,Lumpsum,12399.02
700610,NV401146,2026-06-24,Direct Stocks,Lumpsum,34102.66
700611,NV401147,2026-01-12,Mutual Fund - Debt,Lumpsum,18131.37
700612,NV401147,2026-06-10,ETF,Lumpsum,8806.47
700613,NV401151,2026-01-05,Mutual Fund - Equity,SIP,2227.29
700614,NV401151,2026-06-14,ETF,Lumpsum,4329.87
700615,NV401153,2026-01-27,ETF,SIP,3402.67
700616,NV401154,2026-01-23,Mutual Fund - Debt,Lumpsum,14155.07
700617,NV401158,2026-02-03,Mutual Fund - Equity,Lumpsum,4190.08
700618,NV401167,2026-01-08,Direct Stocks,SIP,1893.67
700619,NV401171,2026-01-21,Direct Stocks,SIP,3794.79
700620,NV401171,2026-07-17,Mutual Fund - Hybrid,SIP,1380.65
700621,NV401174,2026-01-26,Mutual Fund - Equity,Lumpsum,13117.14
700622,NV401176,2026-01-29,Mutual Fund - Debt,SIP,3998.84
700623,NV401176,2026-03-31,Mutual Fund - Equity,Lumpsum,9583.33
700624,NV401177,2026-01-09,Mutual Fund - Hybrid,SIP,5647.47
700625,NV401177,2026-03-04,Mutual Fund - Equity,SIP,3421.53
700626,NV401183,2026-01-20,Mutual Fund - Debt,SIP,1167.26
700627,NV401186,2026-01-11,Mutual Fund - Debt,Lumpsum,25732.15
700628,NV401186,2026-06-10,ETF,SIP,2863.73
700629,NV401188,2026-01-02,Mutual Fund - Equity,SIP,2282.98
700630,NV401190,2026-01-16,ETF,SIP,1153.15
700631,NV401191,2026-01-25,Mutual Fund - Equity,Lumpsum,5914.02
700632,NV401195,2026-01-09,Mutual Fund - Equity,SIP,2840.7
700633,NV401195,2026-05-16,Mutual Fund - Hybrid,SIP,867.7
700634,NV401196,2026-01-21,Mutual Fund - Equity,SIP,3031.47
700635,NV401197,2026-01-18,Mutual Fund - Equity,Lumpsum,26006.27
700636,NV401198,2026-01-21,Mutual Fund - Equity,Lumpsum,6973.36
700637,NV401203,2026-01-14,Direct Stocks,SIP,988.57
700638,NV401204,2026-01-11,Mutual Fund - Debt,Lumpsum,31294.42
700639,NV401205,2026-01-29,Direct Stocks,Lumpsum,9697.94
700640,NV401205,2026-03-14,Mutual Fund - Equity,SIP,5430.65
700641,NV401206,2026-01-30,Mutual Fund - Equity,SIP,3043.57
700642,NV401207,2026-01-31,Mutual Fund - Equity,Lumpsum,7689.08
700643,NV401209,2026-01-20,Mutual Fund - Equity,SIP,1992.24
700644,NV401211,2026-01-18,Mutual Fund - Equity,Lumpsum,26453.98
700645,NV401211,2026-05-23,Direct Stocks,Lumpsum,4271.08
700646,NV401212,2026-01-25,Mutual Fund - Equity,SIP,6615.64
700647,NV401213,2026-01-13,Direct Stocks,Lumpsum,41067.8
700648,NV401213,2026-02-22,ETF,Lumpsum,11706.68
700649,NV401214,2026-01-04,Direct Stocks,SIP,2066.01
700650,NV401217,2026-01-10,Mutual Fund - Equity,SIP,1501.22
700651,NV401220,2026-01-10,Mutual Fund - Equity,SIP,4810.31
700652,NV401222,2026-01-16,Mutual Fund - Equity,Lumpsum,30228.26
700653,NV401223,2026-01-14,Mutual Fund - Equity,SIP,5898.14
700654,NV401231,2026-01-10,Direct Stocks,Lumpsum,22564.52
700655,NV401234,2026-01-13,Mutual Fund - Debt,SIP,984.47
700656,NV401236,2026-01-30,ETF,SIP,1331.2
700657,NV401238,2026-01-29,Direct Stocks,Lumpsum,16963.36
700658,NV401238,2026-03-31,Mutual Fund - Equity,Lumpsum,12853.02
700659,NV401240,2026-01-25,Mutual Fund - Equity,SIP,10176.26
700660,NV401242,2026-01-28,Mutual Fund - Debt,SIP,5192.62
700661,NV401243,2026-01-23,Mutual Fund - Equity,SIP,2918.7
700662,NV401244,2026-01-28,Mutual Fund - Debt,SIP,2008.12
700663,NV401244,2026-03-07,Mutual Fund - Equity,SIP,1082.67
700664,NV401245,2026-01-14,Mutual Fund - Debt,Lumpsum,29013.73
700665,NV401247,2026-01-05,Mutual Fund - Equity,SIP,1426.08
700666,NV401248,2026-01-24,Mutual Fund - Hybrid,Lumpsum,15488.69
700667,NV401251,2026-01-27,Mutual Fund - Equity,SIP,1454.03
700668,NV401257,2026-01-27,Mutual Fund - Equity,Lumpsum,9917.64
700669,NV401257,2026-04-14,Mutual Fund - Hybrid,Lumpsum,8963.79
700670,NV401258,2026-01-31,Direct Stocks,SIP,2375.18
700671,NV401258,2026-06-19,Mutual Fund - Equity,Lumpsum,11228.85
700672,NV401259,2026-01-13,Mutual Fund - Hybrid,Lumpsum,10606.18
700673,NV401262,2026-01-21,Mutual Fund - Equity,SIP,1484.81
700674,NV401262,2026-02-10,Direct Stocks,SIP,3649.3
700675,NV401265,2026-01-09,Mutual Fund - Equity,SIP,2587.03
700676,NV401266,2026-01-13,ETF,SIP,1907.61
700677,NV401268,2026-01-12,Mutual Fund - Equity,Lumpsum,7885.83
700678,NV401270,2026-01-03,ETF,Lumpsum,13899.0
700679,NV401271,2026-01-23,Mutual Fund - Hybrid,SIP,3421.45
700680,NV401272,2026-01-06,Mutual Fund - Equity,Lumpsum,11246.16
700681,NV401275,2026-01-31,Direct Stocks,SIP,6733.56
700682,NV401275,2026-03-10,Mutual Fund - Hybrid,SIP,1117.01
700683,NV401277,2026-01-26,Mutual Fund - Equity,SIP,2270.15
700684,NV401281,2026-01-04,Mutual Fund - Debt,Lumpsum,24078.57
700685,NV401291,2026-01-20,Mutual Fund - Equity,SIP,5616.61
700686,NV401293,2026-01-04,Mutual Fund - Equity,SIP,1861.74
700687,NV401293,2026-04-18,Mutual Fund - Debt,SIP,2045.1
700688,NV401294,2026-01-08,Mutual Fund - Equity,SIP,2014.19
700689,NV401294,2026-04-03,Direct Stocks,Lumpsum,10633.97
700690,NV401299,2026-01-17,Direct Stocks,SIP,2222.66
700691,NV401300,2026-01-04,ETF,SIP,2891.54
700692,NV401301,2026-01-03,Mutual Fund - Hybrid,SIP,3229.78
700693,NV401304,2026-02-02,Mutual Fund - Hybrid,Lumpsum,18436.96
700694,NV401305,2026-01-14,Mutual Fund - Equity,SIP,4169.68
700695,NV401308,2026-01-22,Mutual Fund - Debt,SIP,3518.46
700696,NV401309,2026-01-09,Mutual Fund - Hybrid,SIP,2485.89
700697,NV401310,2026-01-19,Mutual Fund - Hybrid,SIP,5945.18
700698,NV401313,2026-01-06,Direct Stocks,Lumpsum,12016.24
700699,NV401316,2026-01-12,Mutual Fund - Hybrid,SIP,1154.57
700700,NV401320,2026-01-23,Mutual Fund - Equity,Lumpsum,9195.04
700701,NV401321,2026-01-25,Mutual Fund - Debt,SIP,2452.25
700702,NV401323,2026-01-04,Mutual Fund - Equity,SIP,1880.08
700703,NV401327,2026-01-31,Mutual Fund - Hybrid,SIP,1482.21
700704,NV401327,2026-03-28,ETF,SIP,1096.51
700705,NV401328,2026-01-25,Mutual Fund - Equity,SIP,4216.94
700706,NV401329,2026-01-04,Mutual Fund - Debt,SIP,3066.7
700707,NV401330,2026-01-09,Direct Stocks,SIP,3931.3
700708,NV401331,2026-01-16,Mutual Fund - Equity,SIP,3776.46
700709,NV401332,2026-02-04,Mutual Fund - Equity,SIP,2272.14
700710,NV401332,2026-06-01,ETF,Lumpsum,8905.39
700711,NV401334,2026-01-28,Mutual Fund - Debt,Lumpsum,11562.67
700712,NV401336,2026-01-28,Mutual Fund - Equity,SIP,3435.57
700713,NV401336,2026-04-21,Direct Stocks,Lumpsum,12461.49
700714,NV401337,2026-01-31,Mutual Fund - Debt,Lumpsum,9821.31
700715,NV401337,2026-05-07,Direct Stocks,SIP,2261.16
700716,NV401345,2026-01-31,Direct Stocks,SIP,5001.77
700717,NV401347,2026-01-06,Mutual Fund - Debt,Lumpsum,4158.42
700718,NV401349,2026-01-08,Mutual Fund - Hybrid,Lumpsum,6242.49
700719,NV401350,2026-01-08,Mutual Fund - Equity,SIP,1950.22
700720,NV401352,2026-01-13,Mutual Fund - Equity,Lumpsum,7989.02
700721,NV401352,2026-05-30,Mutual Fund - Debt,Lumpsum,18205.35
700722,NV401357,2026-01-21,Mutual Fund - Hybrid,SIP,4245.81
700723,NV401357,2026-06-11,ETF,Lumpsum,10166.92
700724,NV401358,2026-01-24,Mutual Fund - Equity,Lumpsum,12557.42
700725,NV401360,2026-01-15,Direct Stocks,SIP,2985.02
700726,NV401360,2026-05-05,Mutual Fund - Hybrid,Lumpsum,21727.28
700727,NV401362,2026-01-12,Mutual Fund - Equity,Lumpsum,8163.83
700728,NV401364,2026-01-24,Mutual Fund - Equity,SIP,3013.72
700729,NV401365,2026-01-15,Mutual Fund - Equity,Lumpsum,10385.93
700730,NV401365,2026-04-10,Mutual Fund - Hybrid,Lumpsum,5256.93
700731,NV401367,2026-01-18,ETF,SIP,786.18
700732,NV401367,2026-06-22,Direct Stocks,Lumpsum,71196.9
700733,NV401368,2026-01-29,Mutual Fund - Hybrid,Lumpsum,18549.76
700734,NV401370,2026-01-19,Mutual Fund - Equity,Lumpsum,16263.95
700735,NV401370,2026-03-19,Direct Stocks,SIP,1742.99
700736,NV401374,2026-01-16,Mutual Fund - Equity,Lumpsum,13177.37
700737,NV401377,2026-01-19,Mutual Fund - Equity,SIP,1542.61
700738,NV401378,2026-01-01,Mutual Fund - Hybrid,Lumpsum,11284.24
700739,NV401382,2026-01-16,Mutual Fund - Debt,SIP,2859.23
700740,NV401383,2026-01-27,Mutual Fund - Equity,SIP,2201.94
700741,NV401385,2026-01-20,Mutual Fund - Equity,SIP,6469.43
700742,NV401388,2026-01-03,Direct Stocks,SIP,1482.04
700743,NV401392,2026-01-21,Direct Stocks,SIP,4576.94
700744,NV401392,2026-07-06,ETF,Lumpsum,4627.87
700745,NV401394,2026-01-22,Mutual Fund - Debt,SIP,7437.79
700746,NV401395,2026-01-26,Mutual Fund - Equity,Lumpsum,46676.09
700747,NV401398,2026-01-07,Mutual Fund - Equity,SIP,5592.45
700748,NV401400,2026-01-24,Mutual Fund - Equity,Lumpsum,10504.51
700749,NV401402,2026-01-27,Mutual Fund - Equity,Lumpsum,13900.57
700750,NV401403,2026-01-17,Mutual Fund - Debt,Lumpsum,5979.21
700751,NV401406,2026-01-17,ETF,SIP,1789.04
700752,NV401414,2026-01-08,Direct Stocks,SIP,8146.68
700753,NV401414,2026-05-22,Mutual Fund - Hybrid,SIP,1268.15
700754,NV401415,2026-01-14,Direct Stocks,SIP,6718.64
700755,NV401415,2026-04-29,Mutual Fund - Equity,SIP,3452.33
700756,NV401416,2026-01-26,Mutual Fund - Debt,Lumpsum,15456.06
700757,NV401416,2026-04-11,Mutual Fund - Hybrid,SIP,5778.2
700758,NV401417,2026-01-24,Mutual Fund - Equity,Lumpsum,16620.17
700759,NV401418,2026-01-03,Mutual Fund - Debt,SIP,2855.47
700760,NV401421,2026-01-19,Mutual Fund - Equity,SIP,6363.44
700761,NV401427,2026-01-18,Mutual Fund - Hybrid,Lumpsum,9582.09
700762,NV401428,2026-01-10,Mutual Fund - Hybrid,SIP,3267.23
700763,NV401429,2026-01-20,Mutual Fund - Equity,SIP,1705.09
700764,NV401432,2026-01-16,Mutual Fund - Equity,SIP,4462.22
700765,NV401438,2026-01-13,Mutual Fund - Equity,SIP,2943.92
700766,NV401440,2026-01-07,Mutual Fund - Equity,Lumpsum,7832.35
700767,NV401440,2026-03-10,Direct Stocks,Lumpsum,13433.0
700768,NV401441,2026-01-02,ETF,Lumpsum,7787.77
700769,NV401442,2026-01-16,Mutual Fund - Debt,SIP,4511.08
700770,NV401443,2026-01-04,Mutual Fund - Equity,SIP,1935.8
700771,NV401444,2026-01-19,Mutual Fund - Hybrid,Lumpsum,16244.31
700772,NV401444,2026-02-08,Mutual Fund - Equity,Lumpsum,3241.72
700773,NV401445,2026-01-07,ETF,Lumpsum,13359.74
700774,NV401445,2026-06-24,Mutual Fund - Hybrid,Lumpsum,4475.47
700775,NV401446,2026-01-29,ETF,SIP,2469.86
700776,NV401446,2026-07-11,Mutual Fund - Hybrid,Lumpsum,24932.68
700777,NV401447,2026-01-25,ETF,SIP,3644.35
700778,NV401451,2026-01-12,Mutual Fund - Equity,SIP,2557.75
700779,NV401451,2026-03-29,Mutual Fund - Debt,Lumpsum,4550.14
700780,NV401453,2026-01-28,Mutual Fund - Equity,Lumpsum,7541.71
700781,NV401454,2026-01-22,Mutual Fund - Equity,Lumpsum,15085.69
700782,NV401457,2026-01-14,Mutual Fund - Equity,SIP,1428.06
700783,NV401459,2026-01-06,Mutual Fund - Debt,SIP,3347.94
700784,NV401464,2026-01-29,Mutual Fund - Hybrid,Lumpsum,22126.69
700785,NV401464,2026-03-15,Mutual Fund - Equity,Lumpsum,6241.93
700786,NV401465,2026-01-28,Direct Stocks,SIP,5489.99
700787,NV401468,2026-01-14,Direct Stocks,Lumpsum,9734.25
700788,NV401468,2026-04-09,Mutual Fund - Equity,SIP,2694.86
700789,NV401471,2026-01-08,Mutual Fund - Equity,Lumpsum,4093.86
700790,NV401471,2026-06-01,Mutual Fund - Hybrid,SIP,3643.83
700791,NV401472,2026-01-23,Mutual Fund - Equity,SIP,4148.3
700792,NV401473,2026-01-17,Mutual Fund - Equity,SIP,2049.92
700793,NV401473,2026-05-06,Mutual Fund - Hybrid,SIP,3691.53
700794,NV401474,2026-01-31,Mutual Fund - Hybrid,SIP,6638.72
700795,NV401477,2026-01-25,Direct Stocks,SIP,2604.69
700796,NV401479,2026-01-31,Mutual Fund - Equity,SIP,3534.87
700797,NV401482,2026-01-26,ETF,SIP,2695.47
700798,NV401484,2026-01-24,Mutual Fund - Equity,SIP,6042.33
700799,NV401484,2026-05-13,ETF,SIP,3826.67
700800,NV401489,2026-01-26,Direct Stocks,SIP,1634.96
700801,NV401490,2026-01-06,Direct Stocks,Lumpsum,13194.96
700802,NV401491,2026-01-16,ETF,SIP,3199.22
700803,NV401491,2026-05-24,Direct Stocks,Lumpsum,16478.82
700804,NV401492,2026-01-05,Mutual Fund - Equity,Lumpsum,33400.33
700805,NV401494,2026-02-01,Direct Stocks,SIP,3326.84
700806,NV401494,2026-02-26,Mutual Fund - Debt,Lumpsum,8352.15
700807,NV401495,2026-01-31,Mutual Fund - Equity,SIP,9053.07
700808,NV401495,2026-06-15,Mutual Fund - Debt,Lumpsum,17292.03
700809,NV401498,2026-01-13,Mutual Fund - Equity,Lumpsum,30921.27
700810,NV401498,2026-06-04,Mutual Fund - Debt,Lumpsum,9025.29
700811,NV401501,2026-01-21,Mutual Fund - Debt,SIP,2447.8
700812,NV401501,2026-05-29,Mutual Fund - Equity,SIP,5708.54
700813,NV401504,2026-01-24,ETF,SIP,1208.7
700814,NV401507,2026-01-11,Direct Stocks,SIP,1646.71
700815,NV401508,2026-01-12,Mutual Fund - Equity,Lumpsum,7758.43
700816,NV401515,2026-01-30,Mutual Fund - Equity,SIP,8054.43
700817,NV401518,2026-01-13,Mutual Fund - Equity,SIP,3715.16
700818,NV401521,2026-01-19,Mutual Fund - Equity,SIP,2710.12
700819,NV401522,2026-01-06,Mutual Fund - Equity,SIP,1128.15
700820,NV401524,2026-01-23,Direct Stocks,SIP,2258.81
700821,NV401531,2026-01-07,Mutual Fund - Equity,Lumpsum,15366.67
700822,NV401532,2026-01-08,ETF,Lumpsum,18373.1
700823,NV401532,2026-02-14,Mutual Fund - Equity,Lumpsum,8464.13
700824,NV401535,2026-01-18,Mutual Fund - Debt,SIP,2107.23
700825,NV401537,2026-01-11,Mutual Fund - Hybrid,Lumpsum,1969.32
700826,NV401543,2026-01-08,Mutual Fund - Equity,SIP,1860.46
700827,NV401543,2026-04-18,Direct Stocks,SIP,7025.85
700828,NV401546,2026-01-26,Mutual Fund - Equity,Lumpsum,11719.44
700829,NV401549,2026-01-14,Mutual Fund - Debt,Lumpsum,14953.03
700830,NV401551,2026-02-02,Mutual Fund - Equity,SIP,2251.7
700831,NV401552,2026-01-27,ETF,SIP,1207.68
700832,NV401552,2026-04-13,Mutual Fund - Equity,SIP,3823.22
700833,NV401553,2026-01-04,Mutual Fund - Equity,Lumpsum,4930.04
700834,NV401555,2026-02-02,Direct Stocks,SIP,8673.01
700835,NV401558,2026-01-03,Mutual Fund - Equity,SIP,1642.63
700836,NV401558,2026-05-10,Mutual Fund - Debt,SIP,1263.27
700837,NV401559,2026-01-05,Mutual Fund - Debt,Lumpsum,15511.43
700838,NV401563,2026-01-18,Mutual Fund - Equity,SIP,1772.62
700839,NV401563,2026-03-25,Direct Stocks,SIP,15982.08
700840,NV401567,2026-01-27,Direct Stocks,SIP,1210.52
700841,NV401568,2026-02-01,Mutual Fund - Equity,Lumpsum,7081.7
700842,NV401570,2026-01-07,Mutual Fund - Equity,SIP,1194.45
700843,NV401570,2026-02-20,ETF,SIP,1148.45
700844,NV401573,2026-01-10,Mutual Fund - Debt,SIP,4064.74
700845,NV401573,2026-02-21,ETF,SIP,3013.1
700846,NV401581,2026-01-29,Mutual Fund - Equity,Lumpsum,11842.78
700847,NV401581,2026-04-28,Direct Stocks,SIP,1435.04
700848,NV401582,2026-01-13,Mutual Fund - Equity,SIP,3756.32
700849,NV401583,2026-01-19,Mutual Fund - Equity,SIP,1302.54
700850,NV401584,2026-01-06,Mutual Fund - Equity,Lumpsum,7412.92
700851,NV401584,2026-06-24,Direct Stocks,SIP,1835.44
700852,NV401586,2026-01-15,Mutual Fund - Equity,SIP,2944.7
700853,NV401586,2026-06-12,Mutual Fund - Debt,SIP,4032.8
700854,NV401591,2026-01-21,Mutual Fund - Equity,Lumpsum,27989.99
700855,NV401593,2026-01-24,Mutual Fund - Equity,Lumpsum,19541.75
700856,NV401594,2026-01-12,Mutual Fund - Equity,Lumpsum,14959.21
700857,NV401597,2026-02-02,Direct Stocks,SIP,4741.3
700858,NV401597,2026-04-17,Mutual Fund - Debt,Lumpsum,11948.47
700859,NV401601,2026-01-16,Direct Stocks,SIP,5754.15
700860,NV401603,2026-02-04,Mutual Fund - Equity,SIP,8993.51
700861,NV401603,2026-05-17,Mutual Fund - Hybrid,Lumpsum,23353.28
700862,NV401604,2026-01-08,Mutual Fund - Equity,SIP,3275.98
700863,NV401606,2026-02-01,Mutual Fund - Equity,Lumpsum,15207.02
700864,NV401607,2026-01-05,Mutual Fund - Equity,SIP,2084.14
700865,NV401610,2026-01-23,Mutual Fund - Equity,SIP,2018.58
700866,NV401615,2026-01-09,Mutual Fund - Equity,Lumpsum,47949.32
700867,NV401617,2026-01-29,Mutual Fund - Debt,Lumpsum,9294.4
700868,NV401619,2026-01-21,Mutual Fund - Equity,SIP,2705.59
700869,NV401620,2026-01-18,Direct Stocks,Lumpsum,7309.94
700870,NV401622,2026-01-15,Mutual Fund - Equity,SIP,1811.73
700871,NV401622,2026-05-11,Mutual Fund - Debt,SIP,1806.43
700872,NV401623,2026-01-24,Mutual Fund - Equity,SIP,7063.11
700873,NV401625,2026-01-19,Mutual Fund - Equity,SIP,3800.43
700874,NV401626,2026-02-01,Mutual Fund - Hybrid,Lumpsum,10249.89
700875,NV401628,2026-01-14,Mutual Fund - Equity,Lumpsum,18736.83
700876,NV401631,2026-01-16,Mutual Fund - Debt,SIP,1217.85
700877,NV401632,2026-01-24,Direct Stocks,Lumpsum,13034.11
700878,NV401635,2026-01-04,Mutual Fund - Equity,SIP,4541.77
700879,NV401636,2026-01-18,Mutual Fund - Equity,SIP,1600.8
700880,NV401636,2026-05-09,Mutual Fund - Hybrid,SIP,4360.7
700881,NV401639,2026-01-07,Direct Stocks,SIP,1154.7
700882,NV401641,2026-01-05,Direct Stocks,Lumpsum,10095.72
700883,NV401651,2026-01-16,Mutual Fund - Equity,Lumpsum,21995.32
700884,NV401652,2026-01-14,Direct Stocks,SIP,3197.57
700885,NV401652,2026-05-01,ETF,Lumpsum,6627.27
700886,NV401656,2026-01-11,Mutual Fund - Equity,SIP,4320.41
700887,NV401658,2026-01-20,Direct Stocks,Lumpsum,8293.07
700888,NV401660,2026-01-18,Mutual Fund - Equity,Lumpsum,7078.97
700889,NV401661,2026-01-21,Mutual Fund - Hybrid,Lumpsum,4497.91
700890,NV401663,2026-01-04,Mutual Fund - Hybrid,SIP,3514.91
700891,NV401665,2026-01-13,Mutual Fund - Hybrid,SIP,4673.38
700892,NV401665,2026-03-31,Direct Stocks,SIP,3975.32
700893,NV401669,2026-02-02,Mutual Fund - Equity,Lumpsum,15358.81
700894,NV401670,2026-01-26,Mutual Fund - Equity,SIP,1549.03
700895,NV401670,2026-02-28,Direct Stocks,Lumpsum,14343.68
700896,NV401671,2026-01-20,ETF,Lumpsum,29416.16
700897,NV401671,2026-02-09,Mutual Fund - Debt,SIP,1877.43
700898,NV401672,2026-01-31,Mutual Fund - Equity,SIP,5112.79
700899,NV401672,2026-06-17,Direct Stocks,SIP,1851.85
700900,NV401673,2026-02-01,Mutual Fund - Equity,Lumpsum,6202.14
700901,NV401673,2026-05-08,Mutual Fund - Debt,Lumpsum,3931.5
700902,NV401676,2026-01-31,Mutual Fund - Equity,SIP,5920.66
700903,NV401676,2026-05-06,Mutual Fund - Hybrid,Lumpsum,4114.88
700904,NV401681,2026-01-24,Mutual Fund - Equity,SIP,3422.56
700905,NV401684,2026-01-19,Mutual Fund - Equity,SIP,1297.57
700906,NV401684,2026-05-13,Mutual Fund - Hybrid,SIP,1140.81
700907,NV401687,2026-01-12,ETF,SIP,1329.87
700908,NV401692,2026-01-07,Mutual Fund - Hybrid,SIP,4446.21
700909,NV401692,2026-02-13,Direct Stocks,SIP,1849.03
700910,NV401694,2026-01-14,Mutual Fund - Equity,SIP,2367.27
700911,NV401694,2026-03-24,Mutual Fund - Hybrid,Lumpsum,5346.42
700912,NV401696,2026-01-03,Mutual Fund - Equity,SIP,1822.0
700913,NV401697,2026-01-11,Mutual Fund - Debt,SIP,3813.67
700914,NV401697,2026-03-18,Direct Stocks,SIP,502.59
700915,NV401698,2026-02-01,Mutual Fund - Equity,SIP,3036.62
700916,NV401699,2026-01-16,Mutual Fund - Equity,Lumpsum,16990.85
700917,NV401700,2026-01-22,ETF,SIP,2776.7
700918,NV401702,2026-01-19,Direct Stocks,Lumpsum,5650.8
700919,NV401704,2026-01-10,Direct Stocks,SIP,3532.94
700920,NV401704,2026-04-25,Mutual Fund - Equity,Lumpsum,8638.37
700921,NV401708,2026-01-13,Direct Stocks,Lumpsum,17590.27
700922,NV401709,2026-01-04,Mutual Fund - Equity,SIP,1618.01
700923,NV401714,2026-01-28,Mutual Fund - Equity,SIP,7714.68
700924,NV401715,2026-01-09,Direct Stocks,SIP,1792.66
700925,NV401716,2026-01-06,ETF,Lumpsum,11999.51
700926,NV401720,2026-01-13,Mutual Fund - Hybrid,Lumpsum,17217.89
700927,NV401720,2026-02-18,Mutual Fund - Debt,Lumpsum,16451.23
700928,NV401725,2026-01-09,Mutual Fund - Equity,Lumpsum,9518.95
700929,NV401726,2026-01-25,Mutual Fund - Equity,Lumpsum,6909.97
700930,NV401729,2026-01-17,ETF,Lumpsum,8962.85
700931,NV401729,2026-04-13,Mutual Fund - Debt,SIP,809.68
700932,NV401730,2026-01-23,Mutual Fund - Equity,Lumpsum,20625.61
700933,NV401733,2026-01-06,Direct Stocks,SIP,2053.37
700934,NV401738,2026-01-28,Mutual Fund - Equity,SIP,4186.32
700935,NV401746,2026-01-08,Mutual Fund - Equity,SIP,5142.45
700936,NV401747,2026-01-02,Mutual Fund - Debt,SIP,2214.4
700937,NV401749,2026-01-30,ETF,SIP,2710.88
700938,NV401749,2026-03-12,Mutual Fund - Equity,SIP,1441.47
700939,NV401750,2026-01-27,Mutual Fund - Debt,Lumpsum,5700.46
700940,NV401751,2026-01-08,Mutual Fund - Equity,Lumpsum,6296.97
700941,NV401755,2026-01-26,Direct Stocks,SIP,8174.86
700942,NV401756,2026-01-10,Direct Stocks,SIP,2068.31
700943,NV401761,2026-01-19,Mutual Fund - Debt,Lumpsum,14932.71
700944,NV401763,2026-01-25,Mutual Fund - Debt,SIP,1351.13
700945,NV401763,2026-06-28,ETF,Lumpsum,6088.72
700946,NV401765,2026-01-29,Mutual Fund - Equity,SIP,2414.48
700947,NV401765,2026-07-16,ETF,Lumpsum,6043.11
700948,NV401766,2026-01-24,Mutual Fund - Equity,SIP,6375.62
700949,NV401766,2026-06-27,Mutual Fund - Debt,Lumpsum,12896.66
700950,NV401767,2026-01-21,Mutual Fund - Equity,Lumpsum,26044.53
700951,NV401767,2026-05-10,ETF,SIP,3388.08
700952,NV401778,2026-01-20,Mutual Fund - Equity,SIP,2501.1
700953,NV401778,2026-07-12,Direct Stocks,SIP,1014.61
700954,NV401781,2026-02-26,Mutual Fund - Equity,Lumpsum,16865.54
700955,NV401784,2026-02-26,Mutual Fund - Equity,Lumpsum,11567.82
700956,NV401786,2026-02-01,Mutual Fund - Equity,Lumpsum,6061.16
700957,NV401787,2026-03-02,Direct Stocks,SIP,4201.46
700958,NV401789,2026-03-01,Mutual Fund - Equity,Lumpsum,15022.86
700959,NV401789,2026-07-23,Mutual Fund - Debt,Lumpsum,11100.86
700960,NV401796,2026-02-25,Direct Stocks,SIP,2667.41
700961,NV401796,2026-05-02,Mutual Fund - Equity,Lumpsum,26241.75
700962,NV401797,2026-02-10,Mutual Fund - Hybrid,SIP,3185.83
700963,NV401797,2026-06-25,ETF,Lumpsum,10841.09
700964,NV401802,2026-02-25,ETF,SIP,1484.88
700965,NV401802,2026-05-01,Mutual Fund - Debt,Lumpsum,5891.95
700966,NV401804,2026-02-24,Mutual Fund - Debt,SIP,1591.06
700967,NV401805,2026-02-13,ETF,SIP,3812.29
700968,NV401805,2026-05-22,Mutual Fund - Hybrid,Lumpsum,13915.43
700969,NV401807,2026-02-08,Mutual Fund - Equity,SIP,3149.79
700970,NV401809,2026-02-13,ETF,SIP,4577.72
700971,NV401810,2026-02-04,Mutual Fund - Equity,Lumpsum,7163.02
700972,NV401813,2026-02-17,Mutual Fund - Equity,SIP,4944.24
700973,NV401814,2026-02-28,Mutual Fund - Debt,SIP,4299.03
700974,NV401814,2026-07-01,Mutual Fund - Equity,Lumpsum,10553.16
700975,NV401816,2026-02-10,Mutual Fund - Debt,SIP,7939.49
700976,NV401816,2026-05-01,ETF,SIP,2596.52
700977,NV401819,2026-02-14,Direct Stocks,SIP,3454.24
700978,NV401822,2026-02-17,Mutual Fund - Equity,SIP,3374.48
700979,NV401824,2026-02-27,Direct Stocks,SIP,3776.89
700980,NV401828,2026-02-16,ETF,SIP,4725.34
700981,NV401828,2026-07-15,Mutual Fund - Debt,Lumpsum,17031.56
700982,NV401829,2026-02-02,Mutual Fund - Equity,SIP,1879.3
700983,NV401829,2026-05-30,Direct Stocks,Lumpsum,8129.37
700984,NV401831,2026-02-10,Mutual Fund - Debt,SIP,2748.0
700985,NV401834,2026-02-16,Mutual Fund - Equity,SIP,1602.41
700986,NV401834,2026-03-19,Mutual Fund - Hybrid,SIP,2987.38
700987,NV401835,2026-02-03,Mutual Fund - Equity,SIP,4003.76
700988,NV401837,2026-02-19,Mutual Fund - Equity,SIP,2015.65
700989,NV401838,2026-02-13,Mutual Fund - Equity,SIP,3873.51
700990,NV401839,2026-03-02,Mutual Fund - Equity,SIP,6558.77
700991,NV401839,2026-04-28,Mutual Fund - Hybrid,SIP,3495.07
700992,NV401842,2026-02-18,Mutual Fund - Equity,Lumpsum,9533.04
700993,NV401843,2026-02-28,ETF,SIP,777.65
700994,NV401846,2026-02-10,Mutual Fund - Equity,SIP,1336.92
700995,NV401848,2026-02-21,Mutual Fund - Debt,SIP,4500.28
700996,NV401848,2026-06-19,ETF,SIP,1561.22
700997,NV401849,2026-02-22,Mutual Fund - Hybrid,Lumpsum,10345.14
700998,NV401851,2026-02-06,Mutual Fund - Equity,Lumpsum,4878.31
700999,NV401851,2026-05-13,Mutual Fund - Debt,SIP,3499.47
701000,NV401852,2026-02-18,Mutual Fund - Equity,Lumpsum,11565.42
701001,NV401852,2026-04-29,ETF,Lumpsum,13264.02
701002,NV401853,2026-02-12,Direct Stocks,Lumpsum,23164.78
701003,NV401855,2026-02-22,ETF,Lumpsum,4332.15
701004,NV401856,2026-02-25,Mutual Fund - Hybrid,SIP,3008.64
701005,NV401859,2026-02-11,Mutual Fund - Equity,SIP,1344.02
701006,NV401859,2026-06-21,Mutual Fund - Debt,SIP,3431.66
701007,NV401860,2026-02-22,ETF,SIP,4951.62
701008,NV401863,2026-02-07,Mutual Fund - Debt,SIP,3121.53
701009,NV401864,2026-02-14,Mutual Fund - Equity,Lumpsum,7028.63
701010,NV401866,2026-02-04,Mutual Fund - Equity,Lumpsum,8493.19
701011,NV401866,2026-05-25,Mutual Fund - Debt,SIP,4145.03
701012,NV401867,2026-02-21,Mutual Fund - Equity,Lumpsum,13161.69
701013,NV401868,2026-02-18,Direct Stocks,SIP,2800.37
701014,NV401871,2026-02-18,Mutual Fund - Equity,Lumpsum,13957.76
701015,NV401872,2026-02-06,ETF,Lumpsum,13153.91
701016,NV401873,2026-02-08,Mutual Fund - Equity,Lumpsum,12767.71
701017,NV401876,2026-02-01,Mutual Fund - Hybrid,SIP,987.48
701018,NV401879,2026-02-22,Direct Stocks,SIP,1379.14
701019,NV401882,2026-02-17,Direct Stocks,SIP,2960.49
701020,NV401883,2026-02-09,Mutual Fund - Equity,Lumpsum,14189.91
701021,NV401886,2026-02-05,Mutual Fund - Debt,Lumpsum,8050.62
701022,NV401886,2026-06-14,Direct Stocks,Lumpsum,5299.95
701023,NV401887,2026-02-09,Mutual Fund - Debt,Lumpsum,14785.99
701024,NV401888,2026-02-10,Mutual Fund - Hybrid,SIP,14062.52
701025,NV401889,2026-02-13,Mutual Fund - Equity,SIP,1225.62
701026,NV401890,2026-02-16,Mutual Fund - Equity,SIP,6097.03
701027,NV401893,2026-02-28,Mutual Fund - Debt,SIP,3145.53
701028,NV401894,2026-02-18,Mutual Fund - Equity,SIP,1929.36
701029,NV401897,2026-02-15,Mutual Fund - Hybrid,Lumpsum,22515.85
701030,NV401898,2026-02-17,Mutual Fund - Debt,Lumpsum,28783.42
701031,NV401899,2026-02-18,ETF,SIP,2070.25
701032,NV401899,2026-06-16,Direct Stocks,Lumpsum,7425.63
701033,NV401902,2026-02-11,Direct Stocks,SIP,3428.76
701034,NV401907,2026-02-19,Mutual Fund - Equity,Lumpsum,12008.16
701035,NV401908,2026-02-16,Direct Stocks,SIP,4581.74
701036,NV401912,2026-02-20,Mutual Fund - Equity,SIP,4189.88
701037,NV401912,2026-05-12,ETF,SIP,1764.69
701038,NV401915,2026-02-17,Mutual Fund - Equity,Lumpsum,17195.13
701039,NV401915,2026-05-11,ETF,Lumpsum,4959.74
701040,NV401924,2026-02-26,Mutual Fund - Equity,SIP,5988.59
701041,NV401926,2026-02-07,Mutual Fund - Debt,SIP,4402.02
701042,NV401930,2026-02-19,Mutual Fund - Equity,SIP,2027.48
701043,NV401930,2026-06-20,Mutual Fund - Debt,SIP,4203.58
701044,NV401933,2026-02-24,Mutual Fund - Hybrid,SIP,4875.96
701045,NV401935,2026-02-10,Mutual Fund - Equity,Lumpsum,10937.9
701046,NV401935,2026-03-18,Mutual Fund - Hybrid,SIP,1694.84
701047,NV401940,2026-02-10,ETF,SIP,1165.81
701048,NV401940,2026-05-08,Mutual Fund - Hybrid,SIP,4170.25
701049,NV401941,2026-02-24,Direct Stocks,SIP,1914.71
701050,NV401941,2026-04-06,ETF,Lumpsum,6443.31
701051,NV401944,2026-02-07,Mutual Fund - Hybrid,SIP,4370.8
701052,NV401945,2026-02-27,Direct Stocks,SIP,6992.39
701053,NV401949,2026-02-02,Direct Stocks,Lumpsum,5344.18
701054,NV401951,2026-02-19,Mutual Fund - Equity,SIP,1141.26
701055,NV401955,2026-02-03,Mutual Fund - Equity,Lumpsum,10934.82
701056,NV401958,2026-02-08,Mutual Fund - Debt,SIP,5241.45
701057,NV401960,2026-02-04,Mutual Fund - Equity,SIP,1456.78
701058,NV401964,2026-02-06,Mutual Fund - Equity,SIP,1351.85
701059,NV401964,2026-03-22,Mutual Fund - Debt,Lumpsum,4573.33
701060,NV401965,2026-02-23,Mutual Fund - Debt,SIP,1943.16
701061,NV401965,2026-07-13,ETF,Lumpsum,10054.9
701062,NV401966,2026-02-04,ETF,SIP,2480.61
701063,NV401966,2026-05-22,Mutual Fund - Hybrid,SIP,5398.2
701064,NV401969,2026-02-05,Mutual Fund - Equity,Lumpsum,9879.1
701065,NV401970,2026-02-17,Direct Stocks,SIP,1103.6
701066,NV401976,2026-02-04,Mutual Fund - Hybrid,SIP,1940.93
701067,NV401976,2026-06-22,Mutual Fund - Equity,Lumpsum,5671.71
701068,NV401982,2026-02-23,Mutual Fund - Equity,SIP,7197.54
701069,NV401984,2026-02-10,Mutual Fund - Equity,SIP,5953.42
701070,NV401984,2026-05-05,Mutual Fund - Debt,Lumpsum,7131.73
701071,NV401986,2026-03-01,Mutual Fund - Equity,SIP,5167.34
701072,NV401990,2026-02-19,Mutual Fund - Equity,Lumpsum,4665.2
701073,NV401991,2026-02-26,Direct Stocks,SIP,4439.91
701074,NV401993,2026-02-16,Mutual Fund - Equity,SIP,2813.21
701075,NV401993,2026-03-28,Direct Stocks,Lumpsum,12468.88
701076,NV401996,2026-02-04,Mutual Fund - Equity,SIP,4035.62
701077,NV402005,2026-02-06,Mutual Fund - Equity,SIP,2936.36
701078,NV402008,2026-02-27,Direct Stocks,Lumpsum,7274.08
701079,NV402010,2026-02-15,Direct Stocks,Lumpsum,17439.88
701080,NV402011,2026-02-24,Mutual Fund - Equity,SIP,7124.81
701081,NV402011,2026-06-11,Mutual Fund - Hybrid,SIP,1076.04
701082,NV402015,2026-02-13,Direct Stocks,SIP,2050.91
701083,NV402018,2026-02-16,Mutual Fund - Equity,SIP,994.29
701084,NV402019,2026-02-27,Mutual Fund - Debt,Lumpsum,13445.4
701085,NV402019,2026-06-29,Mutual Fund - Hybrid,Lumpsum,24894.05
701086,NV402022,2026-02-11,Mutual Fund - Equity,Lumpsum,10488.81
701087,NV402024,2026-02-15,Direct Stocks,SIP,8450.08
701088,NV402024,2026-04-12,Mutual Fund - Equity,Lumpsum,5673.73
701089,NV402025,2026-02-16,Mutual Fund - Equity,SIP,9230.5
701090,NV402027,2026-02-07,Mutual Fund - Equity,SIP,3208.31
701091,NV402028,2026-02-26,Mutual Fund - Debt,SIP,2739.12
701092,NV402031,2026-02-06,Mutual Fund - Equity,Lumpsum,37511.74
701093,NV402033,2026-02-13,Mutual Fund - Debt,Lumpsum,12865.71
701094,NV402034,2026-02-06,ETF,SIP,3698.97
701095,NV402040,2026-02-25,Direct Stocks,Lumpsum,14693.16
701096,NV402040,2026-05-11,Mutual Fund - Hybrid,Lumpsum,5895.87
701097,NV402041,2026-02-24,ETF,Lumpsum,26195.55
701098,NV402042,2026-02-18,Direct Stocks,Lumpsum,6862.18
701099,NV402042,2026-04-04,Mutual Fund - Debt,Lumpsum,7791.76
701100,NV402043,2026-02-16,Mutual Fund - Equity,Lumpsum,23471.06
701101,NV402044,2026-02-15,Mutual Fund - Debt,SIP,3400.32
701102,NV402047,2026-02-23,Mutual Fund - Equity,Lumpsum,16268.7
701103,NV402048,2026-02-19,Mutual Fund - Equity,SIP,2612.66
701104,NV402049,2026-02-17,Mutual Fund - Equity,SIP,2838.55
701105,NV402050,2026-03-01,ETF,SIP,2843.97
701106,NV402052,2026-02-23,Mutual Fund - Debt,Lumpsum,3150.89
701107,NV402053,2026-02-15,Mutual Fund - Hybrid,SIP,1442.49
701108,NV402057,2026-02-18,Mutual Fund - Debt,Lumpsum,8197.52
701109,NV402059,2026-02-12,Mutual Fund - Hybrid,SIP,859.84
701110,NV402061,2026-02-14,Mutual Fund - Equity,SIP,3832.4
701111,NV402062,2026-02-13,ETF,SIP,2746.96
701112,NV402062,2026-05-16,Mutual Fund - Equity,SIP,1278.75
701113,NV402063,2026-02-22,Mutual Fund - Debt,SIP,2277.39
701114,NV402065,2026-02-15,ETF,Lumpsum,10224.39
701115,NV402068,2026-02-21,Mutual Fund - Equity,SIP,2324.68
701116,NV402068,2026-05-08,Mutual Fund - Hybrid,Lumpsum,16052.16
701117,NV402073,2026-02-19,Direct Stocks,SIP,2086.4
701118,NV402082,2026-02-11,Mutual Fund - Hybrid,SIP,5864.77
701119,NV402082,2026-04-26,Direct Stocks,Lumpsum,18209.6
701120,NV402089,2026-02-26,Mutual Fund - Equity,Lumpsum,8512.43
701121,NV402089,2026-07-08,Mutual Fund - Hybrid,Lumpsum,13423.83
701122,NV402095,2026-02-12,Mutual Fund - Equity,SIP,3819.31
701123,NV402096,2026-02-08,Mutual Fund - Equity,SIP,12235.77
701124,NV402096,2026-06-27,Mutual Fund - Debt,SIP,2871.04
701125,NV402099,2026-02-20,Mutual Fund - Equity,SIP,6808.98
701126,NV402102,2026-02-06,Mutual Fund - Hybrid,Lumpsum,14272.85
701127,NV402103,2026-02-25,Mutual Fund - Equity,Lumpsum,10485.71
701128,NV402105,2026-02-16,Mutual Fund - Hybrid,Lumpsum,9179.06
701129,NV402105,2026-03-20,ETF,SIP,1769.45
701130,NV402106,2026-02-15,Mutual Fund - Equity,SIP,2035.91
701131,NV402106,2026-05-28,Direct Stocks,Lumpsum,4896.94
701132,NV402110,2026-02-06,Mutual Fund - Hybrid,Lumpsum,6449.93
701133,NV402111,2026-03-04,Mutual Fund - Hybrid,Lumpsum,4511.08
701134,NV402111,2026-05-06,Mutual Fund - Equity,Lumpsum,40492.87
701135,NV402113,2026-03-04,Mutual Fund - Debt,SIP,2418.52
701136,NV402114,2026-02-22,Mutual Fund - Hybrid,Lumpsum,18276.85
701137,NV402117,2026-02-24,Mutual Fund - Equity,Lumpsum,8905.21
701138,NV402118,2026-02-06,Mutual Fund - Equity,SIP,1188.1
701139,NV402119,2026-02-16,ETF,SIP,4853.35
701140,NV402119,2026-03-17,Mutual Fund - Equity,SIP,6187.91
701141,NV402126,2026-02-01,Mutual Fund - Equity,Lumpsum,15237.09
701142,NV402131,2026-02-04,Mutual Fund - Equity,SIP,852.96
701143,NV402132,2026-03-01,Mutual Fund - Equity,SIP,3713.44
701144,NV402133,2026-02-24,Mutual Fund - Equity,Lumpsum,64917.11
701145,NV402133,2026-06-29,Mutual Fund - Debt,Lumpsum,16499.18
701146,NV402135,2026-02-17,Mutual Fund - Debt,SIP,987.75
701147,NV402137,2026-02-11,Direct Stocks,SIP,1202.8
701148,NV402137,2026-07-02,Mutual Fund - Equity,Lumpsum,12520.85
701149,NV402140,2026-02-07,Mutual Fund - Equity,SIP,6556.36
701150,NV402141,2026-02-21,Mutual Fund - Equity,Lumpsum,11638.64
701151,NV402142,2026-02-13,Direct Stocks,SIP,5829.62
701152,NV402146,2026-02-12,Mutual Fund - Hybrid,Lumpsum,3313.24
701153,NV402147,2026-02-27,Mutual Fund - Equity,Lumpsum,7068.25
701154,NV402147,2026-04-05,ETF,Lumpsum,7661.66
701155,NV402149,2026-02-07,Mutual Fund - Equity,Lumpsum,10326.31
701156,NV402149,2026-04-20,ETF,Lumpsum,18913.41
701157,NV402154,2026-02-11,Mutual Fund - Equity,Lumpsum,18765.64
701158,NV402157,2026-02-03,Mutual Fund - Debt,Lumpsum,5693.89
701159,NV402157,2026-02-26,Direct Stocks,SIP,3475.54
701160,NV402160,2026-02-10,Mutual Fund - Equity,SIP,6133.49
701161,NV402163,2026-03-05,Mutual Fund - Equity,SIP,4244.57
701162,NV402163,2026-04-23,Direct Stocks,SIP,1987.5
701163,NV402164,2026-02-18,Mutual Fund - Equity,SIP,3706.9
701164,NV402167,2026-03-01,Mutual Fund - Debt,Lumpsum,19161.67
701165,NV402167,2026-06-04,Mutual Fund - Equity,Lumpsum,7976.26
701166,NV402168,2026-02-07,Mutual Fund - Equity,SIP,2444.91
701167,NV402174,2026-02-11,Mutual Fund - Debt,Lumpsum,9622.67
701168,NV402180,2026-02-13,Mutual Fund - Equity,SIP,4270.21
701169,NV402181,2026-02-23,Mutual Fund - Equity,SIP,2586.97
701170,NV402181,2026-03-30,Mutual Fund - Hybrid,Lumpsum,10956.72
701171,NV402182,2026-02-05,Mutual Fund - Equity,SIP,3154.89
701172,NV402183,2026-02-24,Direct Stocks,SIP,2048.67
701173,NV402185,2026-02-21,Direct Stocks,SIP,2629.46
701174,NV402190,2026-02-19,Mutual Fund - Equity,Lumpsum,9606.98
701175,NV402191,2026-02-19,Direct Stocks,Lumpsum,13698.14
701176,NV402196,2026-02-19,Mutual Fund - Equity,SIP,6694.64
701177,NV402196,2026-06-25,Direct Stocks,Lumpsum,12052.3
701178,NV402198,2026-02-07,ETF,Lumpsum,11443.74
701179,NV402198,2026-05-26,Mutual Fund - Hybrid,Lumpsum,8430.48
701180,NV402201,2026-02-25,Mutual Fund - Debt,Lumpsum,11999.62
701181,NV402208,2026-02-28,Mutual Fund - Hybrid,Lumpsum,7258.22
701182,NV402212,2026-02-20,Mutual Fund - Equity,Lumpsum,10525.19
701183,NV402214,2026-02-11,Mutual Fund - Hybrid,SIP,2253.14
701184,NV402215,2026-02-24,Mutual Fund - Equity,Lumpsum,14900.5
701185,NV402216,2026-02-11,Direct Stocks,Lumpsum,14395.47
701186,NV402216,2026-06-27,Mutual Fund - Hybrid,Lumpsum,4282.91
701187,NV402223,2026-03-03,Mutual Fund - Equity,SIP,2492.17
701188,NV402223,2026-06-13,Direct Stocks,SIP,1798.59
701189,NV402226,2026-03-01,Mutual Fund - Equity,Lumpsum,11503.81
701190,NV402226,2026-06-15,Mutual Fund - Hybrid,SIP,3920.16
701191,NV402234,2026-02-11,Direct Stocks,SIP,1999.09
701192,NV402236,2026-02-04,Mutual Fund - Debt,SIP,1350.97
701193,NV402236,2026-03-27,Direct Stocks,SIP,3129.99
701194,NV402237,2026-02-03,Mutual Fund - Hybrid,SIP,1231.91
701195,NV402240,2026-02-14,Direct Stocks,SIP,2083.51
701196,NV402240,2026-05-15,Mutual Fund - Debt,SIP,1933.84
701197,NV402245,2026-02-15,Mutual Fund - Debt,SIP,6642.3
701198,NV402246,2026-02-21,ETF,Lumpsum,10062.89
701199,NV402246,2026-06-24,Mutual Fund - Hybrid,SIP,5379.32
701200,NV402255,2026-02-04,Mutual Fund - Debt,Lumpsum,9471.26
701201,NV402264,2026-02-22,ETF,SIP,2784.16
701202,NV402264,2026-07-04,Mutual Fund - Debt,Lumpsum,8860.81
701203,NV402267,2026-02-14,Mutual Fund - Hybrid,SIP,1229.06
701204,NV402268,2026-02-27,Mutual Fund - Debt,SIP,1517.12
701205,NV402269,2026-02-15,Mutual Fund - Hybrid,SIP,2009.47
701206,NV402270,2026-02-23,Direct Stocks,SIP,3641.12
701207,NV402272,2026-02-25,Direct Stocks,Lumpsum,7571.8
701208,NV402276,2026-02-17,Direct Stocks,Lumpsum,6544.2
701209,NV402282,2026-02-24,ETF,SIP,3697.94
701210,NV402285,2026-02-11,ETF,Lumpsum,6031.05
701211,NV402287,2026-02-21,Mutual Fund - Hybrid,SIP,3124.53
701212,NV402288,2026-02-03,Mutual Fund - Debt,SIP,4981.5
701213,NV402288,2026-04-27,Mutual Fund - Equity,SIP,2092.47
701214,NV402292,2026-02-26,Mutual Fund - Equity,Lumpsum,7904.05
701215,NV402296,2026-02-16,Mutual Fund - Equity,Lumpsum,16764.25
701216,NV402297,2026-02-22,ETF,SIP,1994.77
701217,NV402300,2026-02-24,Mutual Fund - Equity,Lumpsum,16812.99
701218,NV402302,2026-02-03,Mutual Fund - Hybrid,SIP,1627.54
701219,NV402302,2026-04-02,ETF,Lumpsum,7167.65
701220,NV402303,2026-02-27,Mutual Fund - Debt,Lumpsum,13475.06
701221,NV402305,2026-02-26,Mutual Fund - Hybrid,SIP,2651.67
701222,NV402306,2026-02-08,Mutual Fund - Equity,SIP,3041.89
701223,NV402307,2026-02-10,Mutual Fund - Equity,SIP,2249.54
701224,NV402310,2026-03-01,Mutual Fund - Equity,Lumpsum,13064.74
701225,NV402311,2026-02-26,Direct Stocks,Lumpsum,19698.65
701226,NV402313,2026-02-14,Mutual Fund - Equity,Lumpsum,13271.73
701227,NV402318,2026-02-26,Direct Stocks,Lumpsum,13123.91
701228,NV402319,2026-02-23,Mutual Fund - Debt,SIP,3076.61
701229,NV402320,2026-03-01,Mutual Fund - Equity,SIP,3589.66
701230,NV402330,2026-02-11,Mutual Fund - Hybrid,SIP,2090.99
701231,NV402332,2026-02-22,Direct Stocks,Lumpsum,12663.08
701232,NV402332,2026-06-15,Mutual Fund - Equity,Lumpsum,5177.51
701233,NV402339,2026-02-03,Mutual Fund - Equity,Lumpsum,11664.55
701234,NV402340,2026-02-03,Mutual Fund - Equity,Lumpsum,7002.85
701235,NV402344,2026-02-12,Mutual Fund - Debt,SIP,2945.46
701236,NV402346,2026-02-25,Mutual Fund - Debt,SIP,3595.85
701237,NV402348,2026-03-01,Mutual Fund - Equity,Lumpsum,16850.63
701238,NV402349,2026-02-26,Mutual Fund - Hybrid,Lumpsum,16931.37
701239,NV402351,2026-02-18,Mutual Fund - Debt,SIP,2659.33
701240,NV402352,2026-02-20,Mutual Fund - Equity,SIP,2217.51
701241,NV402354,2026-02-26,ETF,SIP,1935.7
701242,NV402355,2026-02-07,Direct Stocks,SIP,1657.03
701243,NV402355,2026-03-02,Mutual Fund - Debt,Lumpsum,5791.83
701244,NV402360,2026-02-03,Mutual Fund - Hybrid,SIP,2459.43
701245,NV402360,2026-05-29,ETF,SIP,997.38
701246,NV402364,2026-02-12,Mutual Fund - Equity,SIP,3754.81
701247,NV402364,2026-07-06,ETF,SIP,1169.46
701248,NV402367,2026-02-14,Mutual Fund - Equity,SIP,1871.61
701249,NV402375,2026-02-22,Mutual Fund - Hybrid,Lumpsum,13923.93
701250,NV402375,2026-05-10,ETF,SIP,2308.94
701251,NV402377,2026-02-14,Mutual Fund - Equity,Lumpsum,20061.0
701252,NV402377,2026-04-28,Direct Stocks,SIP,708.9
701253,NV402380,2026-02-18,Direct Stocks,Lumpsum,13237.19
701254,NV402380,2026-07-01,ETF,SIP,2793.77
701255,NV402381,2026-02-28,Mutual Fund - Debt,SIP,6155.85
701256,NV402382,2026-03-04,Mutual Fund - Hybrid,SIP,1860.35
701257,NV402390,2026-02-09,Mutual Fund - Debt,Lumpsum,11534.14
701258,NV402390,2026-03-30,Mutual Fund - Hybrid,SIP,3730.25
701259,NV402391,2026-02-08,Mutual Fund - Equity,SIP,3740.45
701260,NV402391,2026-06-14,ETF,SIP,2293.45
701261,NV402394,2026-02-09,Direct Stocks,SIP,2995.18
701262,NV402394,2026-05-26,ETF,Lumpsum,11866.61
701263,NV402395,2026-02-20,Mutual Fund - Equity,SIP,4064.97
701264,NV402398,2026-02-04,Mutual Fund - Equity,SIP,1861.44
701265,NV402398,2026-05-10,Direct Stocks,Lumpsum,8534.94
701266,NV402401,2026-02-18,Mutual Fund - Hybrid,Lumpsum,11745.65
701267,NV402409,2026-02-15,Mutual Fund - Hybrid,SIP,2689.01
701268,NV402409,2026-06-12,Mutual Fund - Equity,Lumpsum,16152.67
701269,NV402411,2026-02-04,Mutual Fund - Debt,SIP,3944.02
701270,NV402415,2026-02-10,Mutual Fund - Debt,SIP,2227.53
701271,NV402418,2026-03-01,Mutual Fund - Debt,Lumpsum,16971.59
701272,NV402418,2026-07-07,Mutual Fund - Equity,Lumpsum,14832.61
701273,NV402420,2026-02-09,Mutual Fund - Equity,SIP,4500.88
701274,NV402423,2026-02-22,Mutual Fund - Equity,SIP,2910.06
701275,NV402423,2026-06-21,Direct Stocks,SIP,1480.2
701276,NV402424,2026-02-19,ETF,SIP,3795.88
701277,NV402425,2026-02-17,Mutual Fund - Debt,Lumpsum,11862.98
701278,NV402428,2026-02-26,Mutual Fund - Hybrid,Lumpsum,6462.45
701279,NV402428,2026-05-28,ETF,SIP,1804.08
701280,NV402430,2026-02-03,Direct Stocks,SIP,3629.91
701281,NV402432,2026-02-25,Mutual Fund - Equity,SIP,2656.8
701282,NV402437,2026-02-09,Direct Stocks,Lumpsum,10720.26
701283,NV402439,2026-02-07,ETF,Lumpsum,9137.28
701284,NV402441,2026-02-04,Mutual Fund - Hybrid,Lumpsum,9302.98
701285,NV402442,2026-03-01,Mutual Fund - Equity,SIP,2108.14
701286,NV402443,2026-02-24,Direct Stocks,SIP,2246.04
701287,NV402445,2026-02-12,Mutual Fund - Equity,SIP,2557.6
701288,NV402447,2026-03-01,Mutual Fund - Equity,SIP,1631.69
701289,NV402448,2026-02-14,Mutual Fund - Equity,Lumpsum,8216.0
701290,NV402448,2026-06-28,ETF,Lumpsum,9657.13
701291,NV402451,2026-02-07,Mutual Fund - Equity,SIP,7076.25
701292,NV402451,2026-05-15,Mutual Fund - Hybrid,SIP,658.68
701293,NV402453,2026-02-13,Direct Stocks,SIP,1290.73
701294,NV402454,2026-02-06,Mutual Fund - Hybrid,SIP,3107.56
701295,NV402455,2026-02-22,Mutual Fund - Debt,SIP,5480.05
701296,NV402455,2026-05-28,Mutual Fund - Equity,Lumpsum,14160.78
701297,NV402461,2026-02-27,Mutual Fund - Hybrid,Lumpsum,22168.14
701298,NV402462,2026-02-13,Mutual Fund - Debt,SIP,1912.9
701299,NV402465,2026-02-17,Mutual Fund - Equity,SIP,2036.42
701300,NV402468,2026-02-10,Mutual Fund - Debt,Lumpsum,8092.64
701301,NV402470,2026-02-16,Mutual Fund - Equity,Lumpsum,11708.43
701302,NV402470,2026-03-30,ETF,Lumpsum,8052.65
701303,NV402471,2026-02-12,Mutual Fund - Equity,SIP,2312.08
701304,NV402472,2026-03-03,Direct Stocks,SIP,4024.94
701305,NV402474,2026-02-06,ETF,Lumpsum,12194.25
701306,NV402475,2026-02-28,Direct Stocks,Lumpsum,14213.97
701307,NV402482,2026-02-23,Mutual Fund - Equity,Lumpsum,10216.59
701308,NV402486,2026-02-11,Mutual Fund - Equity,SIP,1948.6
701309,NV402486,2026-05-28,Direct Stocks,Lumpsum,10637.76
701310,NV402488,2026-03-02,Direct Stocks,SIP,1283.01
701311,NV402496,2026-03-04,Mutual Fund - Hybrid,Lumpsum,13640.82
701312,NV402500,2026-02-25,Mutual Fund - Debt,Lumpsum,16748.01
701313,NV402501,2026-02-10,ETF,SIP,1419.12
701314,NV402502,2026-02-16,Mutual Fund - Equity,SIP,4281.84
701315,NV402502,2026-04-17,Mutual Fund - Debt,Lumpsum,6180.28
701316,NV402503,2026-02-12,Mutual Fund - Equity,SIP,2777.72
701317,NV402503,2026-03-21,Mutual Fund - Debt,Lumpsum,18013.96
701318,NV402504,2026-02-27,Mutual Fund - Equity,SIP,2679.39
701319,NV402506,2026-02-22,Mutual Fund - Equity,Lumpsum,11844.59
701320,NV402506,2026-04-28,Mutual Fund - Hybrid,Lumpsum,33163.76
701321,NV402508,2026-02-10,Mutual Fund - Hybrid,SIP,2068.3
701322,NV402514,2026-02-12,Mutual Fund - Hybrid,SIP,6881.97
701323,NV402521,2026-02-07,Mutual Fund - Equity,SIP,3417.83
701324,NV402521,2026-04-24,Mutual Fund - Hybrid,SIP,9922.54
701325,NV402526,2026-02-13,Mutual Fund - Equity,SIP,1039.44
701326,NV402528,2026-02-22,Mutual Fund - Equity,SIP,2035.74
701327,NV402530,2026-02-20,Mutual Fund - Debt,SIP,15040.59
701328,NV402532,2026-02-06,Mutual Fund - Debt,Lumpsum,35884.14
701329,NV402532,2026-03-23,ETF,Lumpsum,8582.01
701330,NV402537,2026-02-13,Mutual Fund - Equity,SIP,4761.45
701331,NV402537,2026-06-25,ETF,SIP,2142.61
701332,NV402542,2026-02-12,Mutual Fund - Equity,SIP,2529.41
701333,NV402542,2026-06-13,Direct Stocks,SIP,6868.42
701334,NV402543,2026-02-05,ETF,SIP,1646.53
701335,NV402544,2026-02-11,Mutual Fund - Debt,SIP,1926.82
701336,NV402546,2026-02-23,ETF,Lumpsum,22781.27
701337,NV402547,2026-02-16,Mutual Fund - Hybrid,SIP,3222.25
701338,NV402550,2026-02-16,Mutual Fund - Debt,Lumpsum,10565.2
701339,NV402550,2026-06-08,ETF,Lumpsum,15302.55
701340,NV402553,2026-02-05,Mutual Fund - Debt,SIP,4371.84
701341,NV402559,2026-02-16,Mutual Fund - Equity,Lumpsum,7191.44
701342,NV402559,2026-03-19,ETF,SIP,2173.71
701343,NV402561,2026-02-24,Mutual Fund - Hybrid,Lumpsum,14008.5
701344,NV402562,2026-02-18,Mutual Fund - Debt,SIP,7610.87
701345,NV402563,2026-02-06,Mutual Fund - Equity,Lumpsum,5146.37
701346,NV402566,2026-02-13,Direct Stocks,SIP,5495.85
701347,NV402567,2026-03-01,Mutual Fund - Equity,SIP,2571.76
701348,NV402569,2026-02-04,ETF,SIP,1871.57
701349,NV402569,2026-06-02,Mutual Fund - Debt,SIP,8074.32
701350,NV402575,2026-03-03,Mutual Fund - Debt,SIP,2097.66
701351,NV402576,2026-02-04,Mutual Fund - Equity,SIP,5441.89
701352,NV402577,2026-02-28,Mutual Fund - Equity,SIP,1930.6
701353,NV402579,2026-02-10,Mutual Fund - Equity,Lumpsum,13798.7
701354,NV402581,2026-02-21,Mutual Fund - Equity,SIP,2637.95
701355,NV402581,2026-03-21,Mutual Fund - Debt,SIP,2905.2
701356,NV402584,2026-02-23,Direct Stocks,SIP,1643.9
701357,NV402584,2026-07-16,Mutual Fund - Debt,SIP,1751.03
701358,NV402587,2026-02-17,Mutual Fund - Hybrid,SIP,2210.66
701359,NV402589,2026-02-10,Mutual Fund - Equity,SIP,2083.97
701360,NV402590,2026-02-09,Mutual Fund - Equity,SIP,2686.32
701361,NV402594,2026-02-13,Direct Stocks,Lumpsum,12737.86
701362,NV402596,2026-03-02,Mutual Fund - Equity,SIP,4271.79
701363,NV402598,2026-02-18,Direct Stocks,Lumpsum,11581.19
701364,NV402598,2026-05-25,Mutual Fund - Equity,SIP,1981.74
701365,NV402602,2026-02-21,Mutual Fund - Equity,Lumpsum,27011.49
701366,NV402603,2026-02-15,Direct Stocks,SIP,2665.81
701367,NV402604,2026-02-28,Mutual Fund - Hybrid,SIP,1560.76
701368,NV402604,2026-03-30,ETF,Lumpsum,4880.17
701369,NV402607,2026-02-08,Mutual Fund - Equity,SIP,2913.18
701370,NV402611,2026-02-15,Direct Stocks,Lumpsum,18406.74
701371,NV402615,2026-02-17,Direct Stocks,SIP,2754.13
701372,NV402615,2026-06-28,ETF,SIP,1628.21
701373,NV402617,2026-02-17,ETF,Lumpsum,9065.25
701374,NV402618,2026-02-15,Direct Stocks,Lumpsum,14485.28
701375,NV402618,2026-05-03,ETF,Lumpsum,11526.84
701376,NV402620,2026-02-11,Mutual Fund - Equity,SIP,3373.17
701377,NV402621,2026-02-27,Mutual Fund - Equity,SIP,1224.13
701378,NV402626,2026-02-12,Direct Stocks,SIP,1370.72
701379,NV402628,2026-02-24,Mutual Fund - Equity,Lumpsum,11752.43
701380,NV402630,2026-02-18,Direct Stocks,SIP,1178.22
701381,NV402633,2026-02-23,Mutual Fund - Equity,SIP,1846.3
701382,NV402633,2026-07-05,Mutual Fund - Debt,Lumpsum,22314.45
701383,NV402635,2026-02-14,Mutual Fund - Equity,SIP,3138.47
701384,NV402636,2026-02-12,Mutual Fund - Equity,SIP,3704.86
701385,NV402636,2026-07-06,ETF,SIP,918.1
701386,NV402637,2026-02-19,Mutual Fund - Hybrid,Lumpsum,5514.35
701387,NV402638,2026-03-04,Direct Stocks,Lumpsum,9772.88
701388,NV402638,2026-04-25,ETF,SIP,2870.26
701389,NV402639,2026-02-27,Mutual Fund - Equity,Lumpsum,8359.66
701390,NV402644,2026-02-26,Mutual Fund - Equity,SIP,8661.19
701391,NV402645,2026-02-13,Mutual Fund - Equity,SIP,2181.71
701392,NV402646,2026-02-06,Mutual Fund - Equity,SIP,1384.3
701393,NV402647,2026-02-12,Mutual Fund - Equity,SIP,2154.74
701394,NV402648,2026-02-13,Mutual Fund - Debt,Lumpsum,4943.35
701395,NV402649,2026-02-08,Mutual Fund - Equity,Lumpsum,36076.45
701396,NV402649,2026-03-09,Direct Stocks,Lumpsum,10636.06
701397,NV402650,2026-02-09,Direct Stocks,SIP,5370.0
701398,NV402651,2026-02-05,Mutual Fund - Hybrid,Lumpsum,9030.83
701399,NV402651,2026-05-28,Mutual Fund - Debt,SIP,1706.44
701400,NV402655,2026-02-06,ETF,SIP,1885.19
701401,NV402655,2026-05-12,Mutual Fund - Hybrid,SIP,2472.57
701402,NV402656,2026-02-24,Mutual Fund - Equity,SIP,1637.91
701403,NV402659,2026-02-11,Direct Stocks,SIP,1833.38
701404,NV402661,2026-02-08,Mutual Fund - Equity,SIP,3216.17
701405,NV402662,2026-02-16,ETF,Lumpsum,8255.2
701406,NV402666,2026-02-14,Direct Stocks,SIP,15171.7
701407,NV402666,2026-06-03,Mutual Fund - Debt,SIP,1794.72
701408,NV402667,2026-02-27,Direct Stocks,SIP,1772.23
701409,NV402667,2026-04-02,Mutual Fund - Hybrid,SIP,2829.82
701410,NV402670,2026-02-09,Mutual Fund - Hybrid,Lumpsum,15239.25
701411,NV402671,2026-02-09,Mutual Fund - Equity,Lumpsum,7141.93
701412,NV402672,2026-02-01,Mutual Fund - Equity,Lumpsum,14014.44
701413,NV402674,2026-02-21,Mutual Fund - Equity,SIP,2463.0
701414,NV402674,2026-05-30,ETF,SIP,2878.6
701415,NV402676,2026-02-13,Mutual Fund - Equity,SIP,2960.11
701416,NV402685,2026-02-05,Direct Stocks,SIP,1186.74
701417,NV402689,2026-02-28,Mutual Fund - Equity,SIP,1101.59
701418,NV402691,2026-03-01,Direct Stocks,SIP,2629.29
701419,NV402692,2026-02-03,Mutual Fund - Equity,SIP,2175.97
701420,NV402694,2026-03-02,Mutual Fund - Hybrid,SIP,6751.41
701421,NV402702,2026-02-15,Direct Stocks,Lumpsum,13444.37
701422,NV402702,2026-05-01,Mutual Fund - Equity,SIP,4881.0
701423,NV402703,2026-02-24,Direct Stocks,Lumpsum,12588.89
701424,NV402703,2026-05-25,ETF,SIP,1451.14
701425,NV402709,2026-02-17,ETF,SIP,4790.24
701426,NV402712,2026-02-21,Mutual Fund - Equity,Lumpsum,15935.93
701427,NV402713,2026-02-21,Mutual Fund - Hybrid,Lumpsum,27340.88
701428,NV402715,2026-02-24,Mutual Fund - Hybrid,Lumpsum,12859.62
701429,NV402715,2026-04-06,Mutual Fund - Equity,Lumpsum,4979.36
701430,NV402719,2026-02-18,Mutual Fund - Equity,Lumpsum,25209.75
701431,NV402720,2026-02-23,Mutual Fund - Equity,SIP,2936.64
701432,NV402721,2026-02-26,Mutual Fund - Debt,Lumpsum,3679.37
701433,NV402721,2026-07-25,ETF,SIP,8185.4
701434,NV402722,2026-02-02,Mutual Fund - Hybrid,SIP,5007.33
701435,NV402727,2026-03-01,ETF,Lumpsum,14157.71
701436,NV402729,2026-02-17,Mutual Fund - Equity,SIP,5756.69
701437,NV402731,2026-02-20,Mutual Fund - Debt,SIP,1574.4
701438,NV402743,2026-02-24,Mutual Fund - Equity,Lumpsum,28428.02
701439,NV402745,2026-03-04,ETF,SIP,2052.67
701440,NV402745,2026-05-03,Mutual Fund - Equity,Lumpsum,2946.39
701441,NV402746,2026-02-03,ETF,SIP,4715.95
701442,NV402746,2026-02-23,Mutual Fund - Equity,SIP,2311.1
701443,NV402747,2026-02-10,Direct Stocks,Lumpsum,22034.61
701444,NV402748,2026-02-07,Direct Stocks,SIP,2532.25
701445,NV402749,2026-02-02,Mutual Fund - Equity,Lumpsum,4789.31
701446,NV402750,2026-02-20,ETF,SIP,3204.38
701447,NV402750,2026-06-06,Mutual Fund - Equity,Lumpsum,10906.32
701448,NV402752,2026-02-13,Mutual Fund - Equity,SIP,2586.65
701449,NV402756,2026-02-19,Mutual Fund - Hybrid,SIP,2364.49
701450,NV402762,2026-02-07,Mutual Fund - Equity,SIP,2590.45
701451,NV402765,2026-02-17,Direct Stocks,Lumpsum,6489.96
701452,NV402765,2026-03-30,Mutual Fund - Equity,Lumpsum,10633.55
701453,NV402772,2026-02-23,Direct Stocks,SIP,2107.37
701454,NV402773,2026-02-13,Mutual Fund - Equity,SIP,4787.49
701455,NV402780,2026-02-21,Direct Stocks,Lumpsum,4809.57
701456,NV402780,2026-05-19,Mutual Fund - Equity,SIP,3023.1
701457,NV402782,2026-02-17,Direct Stocks,SIP,1759.23
701458,NV402783,2026-02-14,Mutual Fund - Debt,Lumpsum,25809.14
701459,NV402783,2026-04-18,Mutual Fund - Equity,SIP,3881.55
701460,NV402785,2026-03-02,Mutual Fund - Equity,SIP,1627.09
701461,NV402785,2026-07-29,Direct Stocks,SIP,2196.51
701462,NV402788,2026-02-19,Mutual Fund - Debt,SIP,3622.94
701463,NV402791,2026-02-11,Direct Stocks,SIP,1527.67
701464,NV402798,2026-02-24,Mutual Fund - Debt,SIP,2164.63
701465,NV402799,2026-02-19,Mutual Fund - Equity,SIP,1555.46
701466,NV402799,2026-06-22,ETF,SIP,2730.79
701467,NV402805,2026-02-14,Mutual Fund - Equity,SIP,2174.71
701468,NV402808,2026-02-02,Mutual Fund - Equity,SIP,7633.57
701469,NV402808,2026-03-22,ETF,Lumpsum,13520.14
701470,NV402809,2026-02-28,Mutual Fund - Equity,SIP,5000.73
701471,NV402811,2026-02-12,Mutual Fund - Equity,SIP,2272.9
701472,NV402811,2026-06-24,ETF,Lumpsum,13510.17
701473,NV402812,2026-03-02,Mutual Fund - Equity,SIP,3430.89
701474,NV402816,2026-02-23,Mutual Fund - Debt,SIP,1496.73
701475,NV402816,2026-07-07,ETF,SIP,2629.43
701476,NV402817,2026-02-05,Mutual Fund - Hybrid,Lumpsum,11137.98
701477,NV402819,2026-02-17,Mutual Fund - Hybrid,SIP,3140.16
701478,NV402822,2026-02-04,Mutual Fund - Equity,SIP,2917.5
701479,NV402825,2026-02-18,Mutual Fund - Equity,Lumpsum,14112.06
701480,NV402826,2026-02-04,Mutual Fund - Equity,Lumpsum,6319.7
701481,NV402826,2026-03-12,Mutual Fund - Hybrid,SIP,1926.07
701482,NV402830,2026-02-12,Mutual Fund - Debt,Lumpsum,7858.22
701483,NV402830,2026-04-02,ETF,Lumpsum,8385.07
701484,NV402831,2026-02-10,Mutual Fund - Hybrid,SIP,4761.69
701485,NV402833,2026-02-05,Mutual Fund - Equity,SIP,3213.38
701486,NV402835,2026-02-28,Mutual Fund - Equity,SIP,3634.03
701487,NV402836,2026-02-12,Direct Stocks,SIP,2696.65
701488,NV402839,2026-02-25,Mutual Fund - Equity,Lumpsum,15123.7
701489,NV402844,2026-02-06,Mutual Fund - Equity,Lumpsum,15883.49
701490,NV402848,2026-02-21,Mutual Fund - Equity,Lumpsum,3096.22
701491,NV402849,2026-02-12,Mutual Fund - Hybrid,Lumpsum,14984.98
701492,NV402850,2026-02-09,Mutual Fund - Equity,SIP,3030.25
701493,NV402851,2026-02-15,Mutual Fund - Hybrid,SIP,3109.54
701494,NV402851,2026-05-30,Mutual Fund - Equity,SIP,3606.82
701495,NV402853,2026-02-06,Mutual Fund - Equity,Lumpsum,7883.0
701496,NV402854,2026-02-17,Mutual Fund - Equity,SIP,7556.55
701497,NV402855,2026-02-11,Mutual Fund - Equity,Lumpsum,39581.81
701498,NV402855,2026-07-04,ETF,Lumpsum,13305.27
701499,NV402856,2026-03-02,Direct Stocks,SIP,2593.15
701500,NV402856,2026-06-27,Mutual Fund - Debt,SIP,1816.71
701501,NV402858,2026-02-13,Mutual Fund - Equity,SIP,4902.89
701502,NV402859,2026-02-18,Direct Stocks,SIP,3440.6
701503,NV402859,2026-05-29,Mutual Fund - Debt,SIP,708.9
701504,NV402861,2026-02-28,Mutual Fund - Equity,SIP,3833.12
701505,NV402861,2026-07-19,Mutual Fund - Debt,SIP,4168.41
701506,NV402864,2026-02-09,Mutual Fund - Hybrid,SIP,3117.43
701507,NV402864,2026-04-07,Mutual Fund - Debt,SIP,3362.67
701508,NV402866,2026-02-21,Mutual Fund - Equity,Lumpsum,18209.55
701509,NV402869,2026-02-08,Mutual Fund - Equity,Lumpsum,15233.28
701510,NV402871,2026-02-14,Mutual Fund - Debt,SIP,2046.24
701511,NV402875,2026-02-23,Direct Stocks,Lumpsum,7978.47
701512,NV402877,2026-02-16,Direct Stocks,Lumpsum,7756.17
701513,NV402879,2026-03-02,Direct Stocks,SIP,1833.16
701514,NV402879,2026-07-05,Mutual Fund - Debt,Lumpsum,22264.86
701515,NV402880,2026-02-28,Mutual Fund - Equity,Lumpsum,20050.59
701516,NV402881,2026-02-09,Mutual Fund - Equity,SIP,2960.14
701517,NV402883,2026-02-06,Direct Stocks,SIP,1007.49
701518,NV402884,2026-02-15,Mutual Fund - Equity,SIP,1244.15
701519,NV402885,2026-02-10,Mutual Fund - Equity,SIP,1988.86
701520,NV402886,2026-02-24,Direct Stocks,Lumpsum,5163.0
701521,NV402886,2026-05-25,Mutual Fund - Hybrid,SIP,2764.69
701522,NV402889,2026-02-28,Mutual Fund - Hybrid,SIP,1796.34
701523,NV402893,2026-02-14,Direct Stocks,Lumpsum,9480.85
701524,NV402893,2026-04-28,Mutual Fund - Debt,SIP,872.75
701525,NV402894,2026-02-05,Mutual Fund - Equity,SIP,1895.6
701526,NV402894,2026-04-17,Mutual Fund - Debt,SIP,5602.0
701527,NV402895,2026-02-05,Mutual Fund - Equity,SIP,3354.55
701528,NV402895,2026-03-30,Mutual Fund - Hybrid,SIP,2648.53
701529,NV402899,2026-02-19,Mutual Fund - Equity,SIP,3011.32
701530,NV402899,2026-07-18,Mutual Fund - Hybrid,Lumpsum,10171.69
701531,NV402900,2026-02-10,Direct Stocks,SIP,3100.08
701532,NV402902,2026-02-13,Mutual Fund - Equity,SIP,6461.36
701533,NV402903,2026-03-01,Mutual Fund - Equity,Lumpsum,5636.23
701534,NV402904,2026-02-07,Mutual Fund - Equity,Lumpsum,27377.96
701535,NV402904,2026-07-05,Mutual Fund - Hybrid,SIP,3585.27
701536,NV402905,2026-02-23,Direct Stocks,SIP,2486.38
701537,NV402905,2026-03-24,Mutual Fund - Hybrid,SIP,4288.26
701538,NV402909,2026-02-08,Direct Stocks,SIP,2399.32
701539,NV402909,2026-03-30,Mutual Fund - Hybrid,Lumpsum,10417.4
701540,NV402915,2026-02-14,Direct Stocks,Lumpsum,21298.32
701541,NV402915,2026-03-16,Mutual Fund - Equity,SIP,858.06
701542,NV402923,2026-02-20,ETF,Lumpsum,5345.03
701543,NV402926,2026-02-17,Mutual Fund - Equity,SIP,1806.39
701544,NV402928,2026-02-04,Mutual Fund - Equity,SIP,3885.6
701545,NV402930,2026-02-12,Direct Stocks,Lumpsum,7791.02
701546,NV402932,2026-02-15,Direct Stocks,SIP,2752.22
701547,NV402934,2026-02-14,ETF,SIP,2934.31
701548,NV402934,2026-03-29,Direct Stocks,Lumpsum,4853.58
701549,NV402937,2026-02-15,Direct Stocks,SIP,2075.88
701550,NV402937,2026-04-06,Mutual Fund - Hybrid,SIP,1566.07
701551,NV402938,2026-02-26,Direct Stocks,Lumpsum,10648.15
701552,NV402939,2026-02-14,ETF,SIP,1281.76
701553,NV402939,2026-04-30,Mutual Fund - Equity,SIP,1662.91
701554,NV402941,2026-03-01,Mutual Fund - Equity,SIP,2160.72
701555,NV402941,2026-05-18,ETF,SIP,1027.39
701556,NV402945,2026-02-17,Mutual Fund - Equity,Lumpsum,9419.95
701557,NV402946,2026-02-19,Mutual Fund - Equity,Lumpsum,18445.18
701558,NV402946,2026-04-29,Mutual Fund - Hybrid,Lumpsum,6639.15
701559,NV402947,2026-02-06,Mutual Fund - Equity,Lumpsum,25265.0
701560,NV402948,2026-02-05,Direct Stocks,SIP,3080.69
701561,NV402948,2026-06-29,Mutual Fund - Debt,SIP,3451.01
701562,NV402953,2026-02-24,Mutual Fund - Equity,SIP,2802.1
701563,NV402954,2026-02-22,Mutual Fund - Equity,SIP,1593.33
701564,NV402954,2026-04-07,Mutual Fund - Debt,SIP,2026.88
701565,NV402956,2026-02-28,Mutual Fund - Equity,Lumpsum,4687.28
701566,NV402960,2026-02-20,Mutual Fund - Hybrid,SIP,3139.21
701567,NV402960,2026-04-26,Mutual Fund - Equity,SIP,2995.15
701568,NV402961,2026-02-17,Mutual Fund - Debt,Lumpsum,5926.21
701569,NV402963,2026-02-18,Direct Stocks,SIP,2512.1
701570,NV402969,2026-02-17,Mutual Fund - Debt,SIP,3607.15
701571,NV402973,2026-02-27,Mutual Fund - Hybrid,SIP,2268.08
701572,NV402973,2026-07-05,Direct Stocks,Lumpsum,14241.64
701573,NV402975,2026-02-28,Direct Stocks,Lumpsum,25889.65
701574,NV402976,2026-02-26,Direct Stocks,SIP,1932.95
701575,NV402977,2026-02-09,Mutual Fund - Equity,SIP,2974.49
701576,NV402978,2026-02-07,Mutual Fund - Hybrid,SIP,9681.88
701577,NV402980,2026-02-23,Mutual Fund - Equity,SIP,2153.43
701578,NV402981,2026-02-16,Mutual Fund - Hybrid,Lumpsum,10539.72
701579,NV402981,2026-04-07,Direct Stocks,Lumpsum,6962.33
701580,NV402983,2026-02-03,Mutual Fund - Equity,SIP,1947.94
701581,NV402988,2026-02-10,Mutual Fund - Equity,Lumpsum,30547.11
701582,NV402991,2026-02-09,Mutual Fund - Debt,Lumpsum,7753.54
701583,NV402994,2026-02-18,Mutual Fund - Hybrid,SIP,4091.76
701584,NV402996,2026-02-06,Mutual Fund - Equity,SIP,4484.55
701585,NV402997,2026-02-04,Mutual Fund - Equity,SIP,8017.76
701586,NV402997,2026-04-28,ETF,Lumpsum,8160.79
701587,NV403000,2026-02-16,Direct Stocks,Lumpsum,20386.26
701588,NV403004,2026-02-03,Mutual Fund - Equity,SIP,6232.23
701589,NV403007,2026-02-13,Mutual Fund - Hybrid,Lumpsum,6964.85
701590,NV403009,2026-02-18,Mutual Fund - Equity,Lumpsum,16105.88
701591,NV403010,2026-02-12,Mutual Fund - Equity,SIP,5767.1
701592,NV403011,2026-02-09,ETF,SIP,7956.26
701593,NV403013,2026-02-03,Mutual Fund - Hybrid,Lumpsum,8222.59
701594,NV403017,2026-02-03,Direct Stocks,Lumpsum,17911.37
701595,NV403019,2026-02-12,Mutual Fund - Debt,SIP,4067.77
701596,NV403020,2026-02-13,Direct Stocks,SIP,2089.73
701597,NV403023,2026-02-21,Mutual Fund - Debt,Lumpsum,9817.78
701598,NV403023,2026-04-19,Direct Stocks,SIP,1997.69
701599,NV403024,2026-02-15,Direct Stocks,SIP,914.03
701600,NV403031,2026-02-18,Mutual Fund - Hybrid,SIP,1111.23
701601,NV403031,2026-07-04,Direct Stocks,Lumpsum,1716.29
701602,NV403032,2026-02-05,Direct Stocks,SIP,4584.11
701603,NV403033,2026-02-07,Mutual Fund - Equity,SIP,3588.3
701604,NV403038,2026-02-08,Mutual Fund - Debt,SIP,3521.23
701605,NV403038,2026-06-04,ETF,Lumpsum,4226.75
701606,NV403041,2026-02-16,Mutual Fund - Debt,SIP,2678.82
701607,NV403043,2026-02-11,Mutual Fund - Equity,SIP,1314.89
701608,NV403043,2026-05-22,Direct Stocks,Lumpsum,3231.0
701609,NV403047,2026-02-24,Mutual Fund - Hybrid,SIP,4091.75
701610,NV403051,2026-02-07,Mutual Fund - Debt,SIP,2413.35
701611,NV403058,2026-02-12,ETF,Lumpsum,19903.96
701612,NV403058,2026-03-09,Direct Stocks,SIP,1510.21
701613,NV403060,2026-02-16,ETF,Lumpsum,20568.67
701614,NV403062,2026-02-03,Mutual Fund - Debt,SIP,4201.17
701615,NV403063,2026-02-16,Mutual Fund - Hybrid,Lumpsum,11752.3
701616,NV403063,2026-03-10,Mutual Fund - Equity,SIP,3693.1
701617,NV403064,2026-02-27,Mutual Fund - Equity,SIP,3170.87
701618,NV403064,2026-05-30,Mutual Fund - Debt,SIP,4600.29
701619,NV403066,2026-02-15,Mutual Fund - Equity,SIP,3121.2
701620,NV403071,2026-02-10,Direct Stocks,SIP,2678.69
701621,NV403071,2026-06-29,Mutual Fund - Equity,SIP,1846.51
701622,NV403075,2026-02-17,Mutual Fund - Equity,Lumpsum,6682.48
701623,NV403075,2026-04-01,Mutual Fund - Debt,Lumpsum,14764.97
701624,NV403076,2026-02-21,Direct Stocks,SIP,3923.12
701625,NV403077,2026-02-08,Mutual Fund - Equity,Lumpsum,15259.4
701626,NV403078,2026-02-12,Mutual Fund - Debt,SIP,3297.2
701627,NV403079,2026-02-20,Direct Stocks,Lumpsum,10085.68
701628,NV403080,2026-02-27,Mutual Fund - Hybrid,SIP,4051.67
701629,NV403081,2026-02-16,Mutual Fund - Equity,Lumpsum,2732.35
701630,NV403088,2026-02-14,ETF,SIP,3879.11
701631,NV403092,2026-02-25,Mutual Fund - Equity,Lumpsum,7843.26
701632,NV403092,2026-03-24,Direct Stocks,Lumpsum,34163.7
701633,NV403093,2026-02-23,Mutual Fund - Debt,SIP,3388.86
701634,NV403093,2026-04-02,Mutual Fund - Equity,Lumpsum,6800.18
701635,NV403095,2026-02-14,Mutual Fund - Equity,SIP,1225.43
701636,NV403095,2026-04-15,Mutual Fund - Hybrid,SIP,2129.68
701637,NV403097,2026-02-21,Mutual Fund - Debt,SIP,4699.64
701638,NV403097,2026-05-11,ETF,SIP,548.25
701639,NV403098,2026-02-15,Mutual Fund - Equity,SIP,10724.72
701640,NV403098,2026-05-04,Direct Stocks,Lumpsum,5388.96
701641,NV403101,2026-02-16,Mutual Fund - Equity,SIP,4383.7
701642,NV403101,2026-06-18,Direct Stocks,SIP,2170.61
701643,NV403102,2026-02-05,Mutual Fund - Debt,SIP,3817.41
701644,NV403104,2026-02-08,Mutual Fund - Hybrid,SIP,1782.97
701645,NV403105,2026-02-25,Mutual Fund - Equity,Lumpsum,24751.63
701646,NV403106,2026-03-02,Mutual Fund - Debt,Lumpsum,9227.93
701647,NV403106,2026-04-04,ETF,SIP,4040.87
701648,NV403110,2026-02-27,Mutual Fund - Equity,SIP,5472.38
701649,NV403111,2026-02-22,Mutual Fund - Hybrid,SIP,3533.81
701650,NV403112,2026-03-02,Mutual Fund - Equity,SIP,1837.29
701651,NV403113,2026-02-04,ETF,SIP,1608.28
701652,NV403116,2026-02-26,ETF,SIP,3579.9
701653,NV403117,2026-02-17,Mutual Fund - Hybrid,Lumpsum,9246.3
701654,NV403117,2026-07-16,Mutual Fund - Equity,SIP,2905.77
701655,NV403118,2026-03-01,Mutual Fund - Hybrid,SIP,3573.62
701656,NV403122,2026-02-13,Direct Stocks,Lumpsum,6654.13
701657,NV403124,2026-02-18,Mutual Fund - Equity,SIP,6455.58
701658,NV403126,2026-02-27,Mutual Fund - Debt,SIP,2726.43
701659,NV403126,2026-07-03,Mutual Fund - Equity,Lumpsum,17103.09
701660,NV403132,2026-02-20,ETF,SIP,2026.88
701661,NV403134,2026-02-21,Mutual Fund - Debt,Lumpsum,11219.77
701662,NV403134,2026-04-07,Direct Stocks,Lumpsum,12611.73
701663,NV403136,2026-02-22,Mutual Fund - Equity,SIP,2649.51
701664,NV403137,2026-02-24,Direct Stocks,Lumpsum,16744.04
701665,NV403144,2026-02-04,Mutual Fund - Hybrid,Lumpsum,8122.45
701666,NV403145,2026-02-26,Direct Stocks,SIP,2355.68
701667,NV403149,2026-02-10,Direct Stocks,SIP,7822.24
701668,NV403151,2026-02-02,Mutual Fund - Equity,Lumpsum,13025.02
701669,NV403151,2026-04-05,Direct Stocks,Lumpsum,8136.1
701670,NV403153,2026-02-08,Direct Stocks,SIP,1880.05
701671,NV403154,2026-02-10,Direct Stocks,SIP,1743.48
701672,NV403154,2026-04-04,Mutual Fund - Hybrid,SIP,2242.68
701673,NV403156,2026-02-26,Mutual Fund - Equity,SIP,1422.72
701674,NV403156,2026-04-18,Mutual Fund - Hybrid,Lumpsum,6263.22
701675,NV403158,2026-02-10,Mutual Fund - Equity,Lumpsum,7534.88
701676,NV403161,2026-02-13,Mutual Fund - Equity,Lumpsum,4247.5
701677,NV403162,2026-02-09,ETF,SIP,2037.57
701678,NV403162,2026-03-14,Mutual Fund - Equity,SIP,2979.72
701679,NV403163,2026-02-18,Mutual Fund - Debt,SIP,5907.9
701680,NV403165,2026-02-18,Mutual Fund - Hybrid,SIP,2150.33
701681,NV403165,2026-03-22,ETF,SIP,1800.4
701682,NV403166,2026-02-09,Mutual Fund - Equity,SIP,7382.41
701683,NV403166,2026-07-03,Mutual Fund - Debt,Lumpsum,3532.01
701684,NV403167,2026-02-16,Direct Stocks,SIP,5011.45
701685,NV403168,2026-02-22,ETF,SIP,2651.03
701686,NV403168,2026-05-14,Direct Stocks,SIP,3921.01
701687,NV403172,2026-02-11,Mutual Fund - Equity,SIP,2993.83
701688,NV403172,2026-03-18,Direct Stocks,SIP,1243.87
701689,NV403175,2026-02-19,Direct Stocks,SIP,2417.85
701690,NV403175,2026-07-04,Mutual Fund - Hybrid,SIP,3215.3
701691,NV403176,2026-02-05,Mutual Fund - Debt,Lumpsum,9704.17
701692,NV403177,2026-02-28,ETF,Lumpsum,10054.4
701693,NV403179,2026-02-15,Direct Stocks,Lumpsum,6711.81
701694,NV403182,2026-02-05,Mutual Fund - Debt,Lumpsum,9761.98
701695,NV403182,2026-03-07,Mutual Fund - Equity,Lumpsum,3106.97
701696,NV403183,2026-02-14,Mutual Fund - Equity,Lumpsum,16110.42
701697,NV403184,2026-02-11,Mutual Fund - Equity,Lumpsum,15742.15
701698,NV403189,2026-02-07,Mutual Fund - Equity,Lumpsum,7937.4
701699,NV403193,2026-02-27,Mutual Fund - Equity,Lumpsum,9113.28
701700,NV403194,2026-02-10,Mutual Fund - Equity,SIP,4907.7
701701,NV403194,2026-06-13,ETF,SIP,2974.31
701702,NV403196,2026-02-14,Mutual Fund - Equity,Lumpsum,14408.47
701703,NV403196,2026-06-21,Direct Stocks,Lumpsum,8320.07
701704,NV403198,2026-03-05,Mutual Fund - Hybrid,SIP,963.26
701705,NV403199,2026-02-10,Mutual Fund - Debt,Lumpsum,10117.71
701706,NV403202,2026-03-01,Mutual Fund - Debt,Lumpsum,13684.19
701707,NV403203,2026-02-13,Direct Stocks,SIP,3001.96
701708,NV403203,2026-06-22,Mutual Fund - Hybrid,SIP,2828.42
701709,NV403204,2026-02-12,Mutual Fund - Equity,SIP,3312.46
701710,NV403205,2026-02-03,Mutual Fund - Hybrid,SIP,4087.19
701711,NV403206,2026-02-27,ETF,Lumpsum,8803.51
701712,NV403207,2026-02-14,Direct Stocks,Lumpsum,4035.26
701713,NV403207,2026-03-06,ETF,SIP,4020.07
701714,NV403210,2026-02-17,Direct Stocks,Lumpsum,9904.49
701715,NV403211,2026-02-13,Mutual Fund - Debt,SIP,5989.67
701716,NV403211,2026-05-08,Mutual Fund - Hybrid,SIP,2365.22
701717,NV403216,2026-02-17,Mutual Fund - Equity,SIP,2678.46
701718,NV403219,2026-02-13,Mutual Fund - Hybrid,SIP,2184.53
701719,NV403220,2026-02-15,Mutual Fund - Debt,Lumpsum,26583.66
701720,NV403221,2026-02-27,Mutual Fund - Equity,SIP,4750.84
701721,NV403222,2026-02-22,Mutual Fund - Equity,SIP,6435.34
701722,NV403224,2026-02-04,Direct Stocks,Lumpsum,40881.16
701723,NV403225,2026-02-14,Mutual Fund - Equity,Lumpsum,22204.69
701724,NV403225,2026-04-04,ETF,SIP,1636.77
701725,NV403228,2026-02-11,Mutual Fund - Equity,Lumpsum,16304.49
701726,NV403230,2026-02-15,Mutual Fund - Equity,SIP,2296.87
701727,NV403231,2026-02-28,Mutual Fund - Equity,SIP,3181.73
701728,NV403231,2026-06-13,Mutual Fund - Debt,SIP,3524.38
701729,NV403236,2026-02-14,ETF,Lumpsum,7258.2
701730,NV403240,2026-02-19,Mutual Fund - Debt,SIP,4504.19
701731,NV403240,2026-04-22,Mutual Fund - Equity,SIP,910.8
701732,NV403241,2026-02-07,Direct Stocks,Lumpsum,19806.36
701733,NV403242,2026-02-07,Direct Stocks,SIP,1516.94
701734,NV403245,2026-02-18,Mutual Fund - Hybrid,SIP,3694.75
701735,NV403245,2026-07-13,Direct Stocks,Lumpsum,13487.74
701736,NV403247,2026-02-16,Mutual Fund - Equity,Lumpsum,14356.86
701737,NV403251,2026-02-28,Mutual Fund - Equity,SIP,6844.09
701738,NV403259,2026-02-01,Mutual Fund - Equity,Lumpsum,8602.03
701739,NV403260,2026-02-05,Mutual Fund - Hybrid,Lumpsum,14360.3
701740,NV403262,2026-02-20,Mutual Fund - Equity,SIP,3134.19
701741,NV403262,2026-06-21,ETF,Lumpsum,10534.98
701742,NV403264,2026-02-11,Mutual Fund - Equity,SIP,1303.46
701743,NV403270,2026-02-11,Mutual Fund - Equity,Lumpsum,14847.56
701744,NV403270,2026-07-04,Mutual Fund - Debt,Lumpsum,21644.61
701745,NV403272,2026-02-14,Mutual Fund - Hybrid,SIP,1269.59
701746,NV403277,2026-02-18,Direct Stocks,SIP,7000.16
701747,NV403277,2026-06-19,Mutual Fund - Equity,SIP,2068.01
701748,NV403278,2026-02-05,Mutual Fund - Equity,SIP,1511.52
701749,NV403279,2026-02-02,Mutual Fund - Equity,Lumpsum,8954.36
701750,NV403280,2026-02-10,Mutual Fund - Equity,Lumpsum,15440.06
701751,NV403282,2026-02-21,Mutual Fund - Equity,SIP,971.38
701752,NV403283,2026-02-19,Direct Stocks,SIP,2261.56
701753,NV403285,2026-02-16,Direct Stocks,SIP,2420.43
701754,NV403286,2026-02-02,Mutual Fund - Equity,SIP,3724.64
701755,NV403288,2026-02-04,Mutual Fund - Equity,SIP,2088.14
701756,NV403289,2026-02-17,Mutual Fund - Equity,SIP,1185.75
701757,NV403291,2026-02-11,Mutual Fund - Hybrid,SIP,3337.58
701758,NV403291,2026-06-09,Mutual Fund - Debt,Lumpsum,2643.53
701759,NV403293,2026-02-23,Mutual Fund - Debt,SIP,1992.68
701760,NV403296,2026-02-18,Direct Stocks,SIP,2751.74
701761,NV403296,2026-06-03,Mutual Fund - Equity,SIP,13465.94
701762,NV403298,2026-02-27,Mutual Fund - Debt,SIP,3573.51
701763,NV403301,2026-02-13,Mutual Fund - Debt,SIP,2607.17
701764,NV403303,2026-02-10,Mutual Fund - Hybrid,SIP,4131.69
701765,NV403303,2026-06-01,ETF,Lumpsum,17296.83
701766,NV403305,2026-02-18,Mutual Fund - Equity,SIP,2320.05
701767,NV403305,2026-06-05,Direct Stocks,SIP,2281.07
701768,NV403306,2026-02-06,Direct Stocks,Lumpsum,25126.62
701769,NV403306,2026-05-02,Mutual Fund - Debt,Lumpsum,7858.18
701770,NV403308,2026-02-14,Mutual Fund - Equity,SIP,2914.87
701771,NV403311,2026-02-08,Direct Stocks,Lumpsum,8539.32
701772,NV403316,2026-02-18,Mutual Fund - Equity,SIP,2927.47
701773,NV403317,2026-02-03,Mutual Fund - Equity,Lumpsum,1112.52
701774,NV403322,2026-02-09,Mutual Fund - Equity,SIP,1441.86
701775,NV403323,2026-02-13,Mutual Fund - Debt,Lumpsum,6242.37
701776,NV403323,2026-04-18,Mutual Fund - Equity,Lumpsum,9725.21
701777,NV403324,2026-02-07,ETF,Lumpsum,15412.15
701778,NV403324,2026-05-31,Mutual Fund - Equity,Lumpsum,16098.34
701779,NV403325,2026-02-07,Direct Stocks,SIP,4085.36
701780,NV403328,2026-02-20,Direct Stocks,SIP,2199.16
701781,NV403328,2026-04-28,Mutual Fund - Debt,Lumpsum,9319.9
701782,NV403330,2026-02-28,Mutual Fund - Debt,SIP,3664.39
701783,NV403330,2026-04-25,Direct Stocks,SIP,3355.29
701784,NV403333,2026-02-10,Mutual Fund - Equity,Lumpsum,5240.68
701785,NV403339,2026-02-25,Mutual Fund - Debt,Lumpsum,9977.42
701786,NV403339,2026-05-28,Mutual Fund - Equity,Lumpsum,4261.08
701787,NV403340,2026-02-04,Mutual Fund - Equity,Lumpsum,13316.28
701788,NV403342,2026-02-08,Direct Stocks,SIP,1721.67
701789,NV403344,2026-02-28,Mutual Fund - Equity,Lumpsum,5852.94
701790,NV403345,2026-02-14,ETF,SIP,1616.48
701791,NV403345,2026-07-08,Mutual Fund - Hybrid,Lumpsum,8357.92
701792,NV403346,2026-02-18,Mutual Fund - Equity,SIP,2456.82
701793,NV403350,2026-02-27,Mutual Fund - Equity,SIP,2565.4
701794,NV403350,2026-04-28,Mutual Fund - Debt,SIP,3490.74
701795,NV403355,2026-02-15,Mutual Fund - Debt,Lumpsum,13067.61
701796,NV403357,2026-02-02,Mutual Fund - Equity,SIP,1076.97
701797,NV403357,2026-04-03,ETF,Lumpsum,29650.72
701798,NV403358,2026-02-06,Mutual Fund - Debt,SIP,4153.53
701799,NV403359,2026-02-21,Mutual Fund - Hybrid,SIP,2004.78
701800,NV403360,2026-02-23,Mutual Fund - Equity,SIP,2933.21
701801,NV403365,2026-02-07,Direct Stocks,SIP,2096.1
701802,NV403365,2026-03-07,Mutual Fund - Debt,SIP,1383.64
701803,NV403366,2026-02-22,Mutual Fund - Equity,Lumpsum,3766.98
701804,NV403370,2026-02-21,ETF,SIP,5387.45
701805,NV403370,2026-06-27,Mutual Fund - Equity,SIP,2063.39
701806,NV403374,2026-02-11,Mutual Fund - Equity,Lumpsum,7236.9
701807,NV403375,2026-02-12,Mutual Fund - Debt,SIP,3243.25
701808,NV403377,2026-02-25,Direct Stocks,Lumpsum,9278.55
701809,NV403377,2026-03-24,ETF,Lumpsum,10222.42
701810,NV403382,2026-02-25,Mutual Fund - Equity,SIP,1571.52
701811,NV403382,2026-06-08,ETF,SIP,2240.82
701812,NV403385,2026-02-25,Mutual Fund - Equity,SIP,2592.82
701813,NV403388,2026-02-15,Mutual Fund - Equity,SIP,2187.02
701814,NV403388,2026-07-10,ETF,SIP,1541.18
701815,NV403391,2026-02-13,Mutual Fund - Equity,Lumpsum,7486.86
701816,NV403396,2026-02-24,Mutual Fund - Hybrid,SIP,2924.35
701817,NV403396,2026-05-29,Direct Stocks,SIP,1876.18
701818,NV403397,2026-02-24,Mutual Fund - Equity,SIP,8266.4
701819,NV403398,2026-02-24,Mutual Fund - Debt,SIP,2322.74
701820,NV403399,2026-02-08,Direct Stocks,SIP,2868.26
701821,NV403402,2026-02-14,Mutual Fund - Equity,SIP,3233.69
701822,NV403405,2026-02-11,Direct Stocks,SIP,1037.53
701823,NV403405,2026-03-24,ETF,SIP,946.4
701824,NV403407,2026-02-06,ETF,SIP,4945.71
701825,NV403410,2026-02-02,Mutual Fund - Hybrid,Lumpsum,4830.35
701826,NV403412,2026-02-23,Mutual Fund - Equity,Lumpsum,8760.08
701827,NV403413,2026-02-08,Mutual Fund - Debt,Lumpsum,10726.73
701828,NV403414,2026-02-14,ETF,Lumpsum,9516.52
701829,NV403414,2026-03-29,Direct Stocks,Lumpsum,5232.07
701830,NV403415,2026-02-20,Mutual Fund - Equity,SIP,2167.74
701831,NV403417,2026-02-09,Mutual Fund - Equity,Lumpsum,14174.99
701832,NV403422,2026-02-23,Mutual Fund - Hybrid,SIP,4950.35
701833,NV403426,2026-02-07,Mutual Fund - Debt,SIP,3440.22
701834,NV403427,2026-02-03,Mutual Fund - Hybrid,SIP,3185.72
701835,NV403428,2026-03-02,Direct Stocks,SIP,6743.34
701836,NV403429,2026-02-05,Mutual Fund - Equity,SIP,1794.6
701837,NV403430,2026-02-27,Mutual Fund - Equity,SIP,2834.81
701838,NV403432,2026-03-05,Mutual Fund - Equity,SIP,5441.69
701839,NV403433,2026-03-02,Mutual Fund - Hybrid,Lumpsum,26025.73
701840,NV403437,2026-02-25,Direct Stocks,SIP,2239.15
701841,NV403438,2026-02-19,Mutual Fund - Equity,Lumpsum,26906.81
701842,NV403440,2026-02-25,Mutual Fund - Equity,SIP,1633.21
701843,NV403440,2026-06-29,Direct Stocks,Lumpsum,17046.56
701844,NV403442,2026-02-23,Mutual Fund - Debt,Lumpsum,12221.93
701845,NV403442,2026-05-21,Mutual Fund - Equity,Lumpsum,4211.94
701846,NV403444,2026-02-25,Mutual Fund - Equity,SIP,4635.91
701847,NV403444,2026-03-23,Mutual Fund - Debt,SIP,5768.02
701848,NV403447,2026-02-25,Direct Stocks,Lumpsum,10878.33
701849,NV403450,2026-02-11,Mutual Fund - Equity,Lumpsum,22309.74
701850,NV403450,2026-05-20,Direct Stocks,SIP,1507.57
701851,NV403454,2026-02-17,Mutual Fund - Hybrid,Lumpsum,14879.89
701852,NV403454,2026-03-15,Mutual Fund - Equity,SIP,963.84
701853,NV403459,2026-02-20,Mutual Fund - Hybrid,SIP,3434.52
701854,NV403462,2026-02-16,Mutual Fund - Equity,Lumpsum,9252.9
701855,NV403462,2026-07-03,ETF,SIP,3563.57
701856,NV403463,2026-02-23,Mutual Fund - Debt,Lumpsum,8026.0
701857,NV403467,2026-02-17,Direct Stocks,SIP,5438.65
701858,NV403467,2026-05-15,ETF,Lumpsum,11619.9
701859,NV403470,2026-02-21,Mutual Fund - Equity,SIP,3406.91
701860,NV403476,2026-02-05,Mutual Fund - Equity,SIP,2844.42
701861,NV403477,2026-02-26,Mutual Fund - Equity,Lumpsum,8407.14
701862,NV403477,2026-04-02,Mutual Fund - Hybrid,SIP,3958.71
701863,NV403481,2026-02-18,Mutual Fund - Equity,SIP,8076.31
701864,NV403486,2026-02-04,Mutual Fund - Hybrid,SIP,881.34
701865,NV403490,2026-02-11,Mutual Fund - Hybrid,Lumpsum,16014.16
701866,NV403490,2026-03-11,ETF,Lumpsum,8299.08
701867,NV403491,2026-02-06,Direct Stocks,Lumpsum,12995.98
701868,NV403491,2026-03-05,Mutual Fund - Debt,Lumpsum,10116.29
701869,NV403494,2026-02-26,Mutual Fund - Equity,SIP,1351.0
701870,NV403496,2026-02-10,Mutual Fund - Equity,SIP,2110.72
701871,NV403499,2026-02-22,Mutual Fund - Equity,Lumpsum,7028.64
701872,NV403500,2026-02-27,ETF,SIP,4985.4
701873,NV403500,2026-04-14,Mutual Fund - Debt,SIP,4899.94
701874,NV403503,2026-02-14,Mutual Fund - Equity,SIP,1313.34
701875,NV403508,2026-02-04,Mutual Fund - Equity,Lumpsum,12383.18
701876,NV403508,2026-05-05,Mutual Fund - Hybrid,Lumpsum,32835.23
701877,NV403509,2026-02-14,Mutual Fund - Debt,Lumpsum,5050.04
701878,NV403513,2026-02-26,Mutual Fund - Equity,Lumpsum,19977.23
701879,NV403513,2026-04-06,Mutual Fund - Debt,Lumpsum,11294.46
701880,NV403514,2026-02-20,Direct Stocks,Lumpsum,6573.57
701881,NV403519,2026-03-03,Mutual Fund - Equity,Lumpsum,7351.99
701882,NV403528,2026-02-14,Mutual Fund - Hybrid,SIP,3588.38
701883,NV403533,2026-02-16,Mutual Fund - Equity,Lumpsum,19332.22
701884,NV403534,2026-02-17,Mutual Fund - Debt,SIP,3490.47
701885,NV403534,2026-05-24,Mutual Fund - Equity,Lumpsum,4908.4
701886,NV403535,2026-02-20,Mutual Fund - Hybrid,Lumpsum,8865.33
701887,NV403535,2026-06-24,Mutual Fund - Debt,SIP,2631.84
701888,NV403536,2026-02-09,Mutual Fund - Equity,SIP,3554.6
701889,NV403537,2026-03-01,Mutual Fund - Debt,Lumpsum,9818.04
701890,NV403540,2026-02-09,Mutual Fund - Equity,SIP,6920.1
701891,NV403542,2026-02-06,ETF,SIP,2256.3
701892,NV403542,2026-04-23,Mutual Fund - Debt,SIP,3239.71
701893,NV403546,2026-02-04,Mutual Fund - Debt,SIP,5941.49
701894,NV403546,2026-07-03,Mutual Fund - Hybrid,SIP,1823.86
701895,NV403547,2026-02-19,Mutual Fund - Equity,SIP,6427.14
701896,NV403549,2026-02-21,Mutual Fund - Equity,SIP,2514.0
701897,NV403552,2026-02-14,Direct Stocks,SIP,2049.53
701898,NV403552,2026-04-04,Mutual Fund - Debt,SIP,2400.88
701899,NV403554,2026-02-10,Mutual Fund - Hybrid,SIP,2986.56
701900,NV403557,2026-02-20,Mutual Fund - Debt,SIP,4129.7
701901,NV403557,2026-03-18,Mutual Fund - Hybrid,Lumpsum,6947.58
701902,NV403558,2026-02-21,Mutual Fund - Equity,Lumpsum,8544.69
701903,NV403560,2026-02-25,Direct Stocks,Lumpsum,28517.25
701904,NV403562,2026-02-25,Mutual Fund - Equity,Lumpsum,10692.35
701905,NV403562,2026-05-24,Mutual Fund - Debt,SIP,1873.72
701906,NV403564,2026-02-08,Direct Stocks,SIP,2351.25
701907,NV403564,2026-03-16,Mutual Fund - Hybrid,Lumpsum,2282.68
701908,NV403567,2026-02-12,Mutual Fund - Equity,SIP,2123.02
701909,NV403567,2026-04-28,Mutual Fund - Debt,SIP,1883.16
701910,NV403568,2026-02-03,Mutual Fund - Equity,SIP,3930.36
701911,NV403569,2026-02-14,Mutual Fund - Equity,SIP,5650.89
701912,NV403569,2026-03-17,Direct Stocks,SIP,6109.43
701913,NV403573,2026-02-22,Direct Stocks,SIP,2401.99
701914,NV403580,2026-03-02,ETF,Lumpsum,17984.75
701915,NV403581,2026-02-25,Mutual Fund - Equity,SIP,500.0
701916,NV403581,2026-05-27,Mutual Fund - Debt,SIP,2686.64
701917,NV403587,2026-02-21,ETF,Lumpsum,5487.73
701918,NV403587,2026-03-30,Direct Stocks,SIP,1682.7
701919,NV403592,2026-02-19,Mutual Fund - Equity,SIP,3038.37
701920,NV403594,2026-02-17,Mutual Fund - Equity,Lumpsum,28867.17
701921,NV403594,2026-05-08,Direct Stocks,SIP,17319.68
701922,NV403595,2026-02-28,Mutual Fund - Hybrid,Lumpsum,22859.91
701923,NV403596,2026-02-26,Mutual Fund - Equity,SIP,1199.9
701924,NV403596,2026-07-10,Mutual Fund - Hybrid,Lumpsum,7968.62
701925,NV403598,2026-02-06,Mutual Fund - Equity,Lumpsum,5221.72
701926,NV403604,2026-02-15,Direct Stocks,Lumpsum,6856.5
701927,NV403610,2026-02-16,Mutual Fund - Debt,SIP,2437.0
701928,NV403613,2026-02-12,Mutual Fund - Equity,SIP,12046.8
701929,NV403613,2026-06-03,ETF,Lumpsum,9188.8
701930,NV403614,2026-03-02,Mutual Fund - Hybrid,SIP,5447.91
701931,NV403615,2026-02-16,Mutual Fund - Debt,SIP,1583.97
701932,NV403617,2026-02-03,Mutual Fund - Debt,SIP,7120.14
701933,NV403617,2026-03-12,Mutual Fund - Equity,SIP,2589.54
701934,NV403618,2026-02-21,Direct Stocks,SIP,7471.9
701935,NV403619,2026-02-11,ETF,Lumpsum,9598.57
701936,NV403620,2026-02-26,Mutual Fund - Equity,SIP,3500.55
701937,NV403620,2026-05-06,Mutual Fund - Debt,SIP,2281.57
701938,NV403621,2026-02-20,Direct Stocks,SIP,2473.34
701939,NV403624,2026-02-28,Mutual Fund - Equity,SIP,1228.24
701940,NV403624,2026-05-10,Mutual Fund - Hybrid,SIP,1428.0
701941,NV403633,2026-02-03,Mutual Fund - Equity,SIP,1503.45
701942,NV403633,2026-06-13,Mutual Fund - Hybrid,Lumpsum,4058.33
701943,NV403635,2026-02-13,Mutual Fund - Equity,Lumpsum,16412.61
701944,NV403636,2026-02-27,Mutual Fund - Debt,SIP,1288.85
701945,NV403636,2026-07-17,Mutual Fund - Hybrid,Lumpsum,4264.53
701946,NV403638,2026-02-26,Direct Stocks,SIP,3213.18
701947,NV403640,2026-02-16,Mutual Fund - Equity,Lumpsum,6726.56
701948,NV403640,2026-06-20,Mutual Fund - Hybrid,SIP,3265.81
701949,NV403641,2026-02-24,Mutual Fund - Equity,SIP,6290.83
701950,NV403642,2026-02-28,Mutual Fund - Equity,SIP,1308.13
701951,NV403642,2026-07-04,ETF,Lumpsum,11735.86
701952,NV403648,2026-02-10,Mutual Fund - Equity,SIP,3181.57
701953,NV403649,2026-02-07,Mutual Fund - Debt,Lumpsum,17659.69
701954,NV403650,2026-02-15,Mutual Fund - Equity,SIP,1314.47
701955,NV403650,2026-06-28,ETF,SIP,4814.24
701956,NV403651,2026-02-18,ETF,SIP,2469.73
701957,NV403651,2026-05-12,Mutual Fund - Debt,SIP,1434.56
701958,NV403653,2026-02-10,Mutual Fund - Equity,SIP,2160.97
701959,NV403653,2026-05-24,Direct Stocks,Lumpsum,10623.61
701960,NV403654,2026-02-12,ETF,SIP,1358.07
701961,NV403659,2026-02-25,Mutual Fund - Equity,SIP,3850.97
701962,NV403659,2026-03-18,Mutual Fund - Debt,Lumpsum,13029.43
701963,NV403660,2026-02-07,ETF,SIP,2920.33
701964,NV403660,2026-06-09,Mutual Fund - Hybrid,SIP,889.92
701965,NV403663,2026-02-22,ETF,SIP,1525.64
701966,NV403664,2026-02-15,Mutual Fund - Hybrid,Lumpsum,27158.74
701967,NV403664,2026-05-30,Mutual Fund - Equity,SIP,1849.03
701968,NV403665,2026-02-16,Mutual Fund - Equity,SIP,2680.08
701969,NV403665,2026-03-10,Direct Stocks,Lumpsum,6922.21
701970,NV403666,2026-02-16,Mutual Fund - Equity,SIP,4407.45
701971,NV403667,2026-03-01,Mutual Fund - Equity,SIP,6004.83
701972,NV403671,2026-03-01,Direct Stocks,Lumpsum,4429.74
701973,NV403675,2026-02-23,Mutual Fund - Equity,SIP,2792.28
701974,NV403678,2026-02-16,Direct Stocks,Lumpsum,11392.85
701975,NV403678,2026-03-16,Mutual Fund - Debt,SIP,1892.69
701976,NV403680,2026-03-07,Mutual Fund - Equity,Lumpsum,7256.06
701977,NV403681,2026-02-16,Mutual Fund - Debt,Lumpsum,15392.34
701978,NV403681,2026-05-17,Direct Stocks,SIP,3387.38
701979,NV403682,2026-02-27,Direct Stocks,Lumpsum,8819.92
701980,NV403682,2026-04-15,Mutual Fund - Equity,SIP,1016.92
701981,NV403686,2026-02-15,Mutual Fund - Debt,SIP,1215.52
701982,NV403692,2026-02-03,Mutual Fund - Equity,SIP,5176.49
701983,NV403693,2026-02-18,Mutual Fund - Equity,Lumpsum,11526.68
701984,NV403693,2026-05-30,Direct Stocks,Lumpsum,7403.55
701985,NV403694,2026-02-16,Mutual Fund - Equity,SIP,6502.38
701986,NV403695,2026-02-27,Direct Stocks,SIP,3312.29
701987,NV403697,2026-02-12,Mutual Fund - Hybrid,Lumpsum,11767.56
701988,NV403697,2026-05-26,Mutual Fund - Debt,SIP,2139.09
701989,NV403698,2026-02-20,ETF,SIP,7393.22
701990,NV403698,2026-05-29,Direct Stocks,SIP,4610.72
701991,NV403699,2026-02-28,Direct Stocks,SIP,10167.23
701992,NV403699,2026-05-15,ETF,Lumpsum,13815.54
701993,NV403705,2026-02-25,Mutual Fund - Debt,Lumpsum,12405.52
701994,NV403706,2026-02-13,ETF,SIP,2338.71
701995,NV403707,2026-02-10,Mutual Fund - Equity,SIP,4968.14
701996,NV403708,2026-02-22,Mutual Fund - Equity,Lumpsum,15741.61
701997,NV403709,2026-02-24,Direct Stocks,Lumpsum,10087.08
701998,NV403712,2026-02-17,Mutual Fund - Equity,Lumpsum,11976.44
701999,NV403712,2026-03-11,ETF,Lumpsum,10059.83
702000,NV403713,2026-02-12,Mutual Fund - Hybrid,SIP,2162.08
702001,NV403713,2026-06-02,Mutual Fund - Equity,SIP,8092.81
702002,NV403714,2026-02-25,Direct Stocks,SIP,3190.33
702003,NV403719,2026-02-20,Mutual Fund - Debt,Lumpsum,5164.92
702004,NV403721,2026-02-12,Mutual Fund - Hybrid,Lumpsum,2433.25
702005,NV403722,2026-02-13,Mutual Fund - Equity,SIP,1489.23
702006,NV403723,2026-02-16,Mutual Fund - Equity,SIP,1799.48
702007,NV403725,2026-02-09,Mutual Fund - Hybrid,SIP,2282.48
702008,NV403729,2026-02-22,Direct Stocks,Lumpsum,7939.81
702009,NV403730,2026-03-01,Direct Stocks,SIP,3455.75
702010,NV403732,2026-02-25,Direct Stocks,Lumpsum,8453.93
702011,NV403737,2026-02-03,ETF,SIP,6703.73
702012,NV403744,2026-02-20,Mutual Fund - Hybrid,SIP,1881.36
702013,NV403745,2026-02-14,Mutual Fund - Equity,Lumpsum,18564.17
702014,NV403745,2026-05-17,Mutual Fund - Hybrid,SIP,1468.22
702015,NV403747,2026-02-08,ETF,SIP,8121.11
702016,NV403754,2026-02-11,Mutual Fund - Equity,SIP,2564.84
702017,NV403756,2026-02-17,Mutual Fund - Equity,SIP,1647.81
702018,NV403756,2026-05-13,Mutual Fund - Hybrid,Lumpsum,10003.35
702019,NV403758,2026-02-24,Mutual Fund - Equity,SIP,2350.28
702020,NV403765,2026-02-25,Mutual Fund - Equity,Lumpsum,9468.95
702021,NV403766,2026-02-22,Mutual Fund - Hybrid,SIP,3527.39
702022,NV403767,2026-03-01,Mutual Fund - Equity,SIP,2404.82
702023,NV403771,2026-02-17,Mutual Fund - Equity,SIP,2434.52
702024,NV403772,2026-02-12,Mutual Fund - Equity,Lumpsum,15315.68
702025,NV403772,2026-06-30,Mutual Fund - Debt,SIP,1416.3
702026,NV403773,2026-02-21,Mutual Fund - Debt,SIP,500.0
702027,NV403774,2026-03-03,Mutual Fund - Debt,SIP,2477.61
702028,NV403775,2026-02-21,Mutual Fund - Equity,SIP,4295.97
702029,NV403775,2026-06-12,ETF,Lumpsum,6588.42
702030,NV403777,2026-02-10,Mutual Fund - Equity,SIP,3291.79
702031,NV403782,2026-02-17,Mutual Fund - Equity,Lumpsum,29244.82
702032,NV403787,2026-02-06,Mutual Fund - Equity,SIP,4430.88
702033,NV403790,2026-03-10,Direct Stocks,Lumpsum,29598.11
702034,NV403791,2026-03-10,Mutual Fund - Equity,SIP,1104.3
702035,NV403792,2026-03-04,Mutual Fund - Hybrid,SIP,2346.02
702036,NV403792,2026-05-23,Mutual Fund - Equity,Lumpsum,12766.59
702037,NV403796,2026-03-14,Mutual Fund - Equity,SIP,3300.05
702038,NV403799,2026-03-31,Direct Stocks,SIP,2264.53
702039,NV403799,2026-05-17,Mutual Fund - Debt,SIP,2183.37
702040,NV403802,2026-03-23,Mutual Fund - Equity,SIP,2382.06
702041,NV403803,2026-03-12,Direct Stocks,SIP,2471.12
702042,NV403805,2026-03-18,Mutual Fund - Equity,SIP,3997.9
702043,NV403807,2026-03-13,ETF,Lumpsum,16150.83
702044,NV403807,2026-04-12,Mutual Fund - Debt,SIP,2139.65
702045,NV403812,2026-03-25,Mutual Fund - Equity,SIP,1820.24
702046,NV403813,2026-03-15,Mutual Fund - Equity,Lumpsum,8257.14
702047,NV403814,2026-03-16,Mutual Fund - Debt,SIP,2247.79
702048,NV403825,2026-03-18,Mutual Fund - Hybrid,SIP,5981.45
702049,NV403825,2026-05-11,Direct Stocks,Lumpsum,2414.58
702050,NV403826,2026-03-12,Mutual Fund - Debt,SIP,2291.48
702051,NV403827,2026-03-05,Mutual Fund - Debt,SIP,2517.77
702052,NV403831,2026-04-01,Direct Stocks,SIP,1536.53
702053,NV403833,2026-03-21,Mutual Fund - Equity,Lumpsum,14846.63
702054,NV403839,2026-03-24,Mutual Fund - Equity,SIP,2859.1
702055,NV403840,2026-03-19,ETF,Lumpsum,8365.91
702056,NV403843,2026-03-18,Direct Stocks,SIP,1340.62
702057,NV403843,2026-05-28,Mutual Fund - Equity,SIP,3416.52
702058,NV403845,2026-03-27,Mutual Fund - Hybrid,Lumpsum,9285.53
702059,NV403848,2026-03-29,Mutual Fund - Debt,SIP,2298.76
702060,NV403850,2026-03-18,ETF,SIP,2115.65
702061,NV403852,2026-03-19,Mutual Fund - Debt,SIP,3704.87
702062,NV403852,2026-05-29,Direct Stocks,SIP,1492.0
702063,NV403853,2026-03-19,Mutual Fund - Equity,Lumpsum,15793.04
702064,NV403854,2026-03-13,Mutual Fund - Equity,SIP,1291.65
702065,NV403856,2026-03-28,Mutual Fund - Equity,Lumpsum,12017.69
702066,NV403858,2026-03-14,Mutual Fund - Equity,Lumpsum,11045.11
702067,NV403858,2026-06-13,Mutual Fund - Hybrid,SIP,4671.98
702068,NV403861,2026-03-03,Mutual Fund - Equity,Lumpsum,20059.49
702069,NV403864,2026-03-30,Mutual Fund - Hybrid,SIP,828.18
702070,NV403866,2026-03-26,Mutual Fund - Hybrid,SIP,1419.27
702071,NV403866,2026-07-13,Mutual Fund - Debt,SIP,1227.44
702072,NV403869,2026-03-28,Direct Stocks,Lumpsum,7713.52
702073,NV403870,2026-03-10,Mutual Fund - Equity,Lumpsum,19021.22
702074,NV403873,2026-03-08,Mutual Fund - Equity,Lumpsum,7551.17
702075,NV403888,2026-03-24,Mutual Fund - Debt,Lumpsum,16068.04
702076,NV403891,2026-03-11,Mutual Fund - Debt,SIP,2333.96
702077,NV403897,2026-03-22,Mutual Fund - Equity,Lumpsum,22595.11
702078,NV403900,2026-03-18,Mutual Fund - Equity,SIP,957.33
702079,NV403901,2026-03-19,Direct Stocks,SIP,2048.28
702080,NV403902,2026-03-09,Direct Stocks,SIP,4553.06
702081,NV403905,2026-03-27,Mutual Fund - Debt,SIP,3476.66
702082,NV403907,2026-03-08,Mutual Fund - Equity,SIP,2675.98
702083,NV403910,2026-03-29,Mutual Fund - Equity,Lumpsum,6210.36
702084,NV403911,2026-03-04,Mutual Fund - Debt,Lumpsum,13431.41
702085,NV403911,2026-04-21,Mutual Fund - Hybrid,SIP,4948.35
702086,NV403912,2026-03-05,Mutual Fund - Debt,SIP,912.06
702087,NV403912,2026-05-22,Mutual Fund - Equity,Lumpsum,6948.94
702088,NV403913,2026-03-11,Mutual Fund - Equity,SIP,1661.17
702089,NV403913,2026-04-14,Direct Stocks,SIP,4930.39
702090,NV403915,2026-03-19,Mutual Fund - Equity,Lumpsum,8058.12
702091,NV403915,2026-06-24,Mutual Fund - Hybrid,SIP,3201.1
702092,NV403916,2026-03-06,Mutual Fund - Equity,SIP,1031.48
702093,NV403918,2026-03-14,Mutual Fund - Hybrid,SIP,2278.57
702094,NV403918,2026-04-24,Mutual Fund - Debt,Lumpsum,16781.98
702095,NV403919,2026-03-04,Mutual Fund - Equity,Lumpsum,11868.23
702096,NV403919,2026-06-18,Mutual Fund - Debt,Lumpsum,5451.12
702097,NV403922,2026-03-11,Direct Stocks,Lumpsum,5696.8
702098,NV403925,2026-03-12,Mutual Fund - Hybrid,Lumpsum,7371.95
702099,NV403926,2026-03-10,Mutual Fund - Equity,SIP,9290.57
702100,NV403931,2026-03-18,Mutual Fund - Debt,SIP,2432.83
702101,NV403932,2026-03-30,Mutual Fund - Equity,SIP,2655.19
702102,NV403936,2026-03-10,Mutual Fund - Debt,SIP,2738.27
702103,NV403937,2026-03-03,Direct Stocks,SIP,2538.69
702104,NV403937,2026-05-11,ETF,SIP,1761.79
702105,NV403938,2026-03-21,Mutual Fund - Equity,SIP,1314.79
702106,NV403940,2026-03-13,ETF,SIP,2132.55
702107,NV403950,2026-03-19,Mutual Fund - Debt,SIP,2391.53
702108,NV403950,2026-04-13,Mutual Fund - Hybrid,Lumpsum,15423.51
702109,NV403951,2026-03-08,Direct Stocks,SIP,2447.66
702110,NV403951,2026-07-03,Mutual Fund - Equity,Lumpsum,6145.36
702111,NV403953,2026-03-31,Direct Stocks,SIP,4243.98
702112,NV403954,2026-03-12,Mutual Fund - Equity,SIP,5699.47
702113,NV403955,2026-03-29,Mutual Fund - Equity,SIP,1487.03
702114,NV403956,2026-03-20,Mutual Fund - Equity,SIP,1799.06
702115,NV403957,2026-03-17,Mutual Fund - Equity,SIP,2697.2
702116,NV403958,2026-03-22,Mutual Fund - Hybrid,SIP,5985.86
702117,NV403958,2026-07-13,Direct Stocks,SIP,1403.35
702118,NV403960,2026-03-06,Mutual Fund - Equity,Lumpsum,3897.38
702119,NV403960,2026-05-03,Mutual Fund - Debt,SIP,2047.36
702120,NV403961,2026-03-17,Mutual Fund - Hybrid,Lumpsum,6139.02
702121,NV403962,2026-03-31,ETF,Lumpsum,33667.9
702122,NV403963,2026-03-26,Direct Stocks,Lumpsum,15151.83
702123,NV403963,2026-06-12,Mutual Fund - Equity,SIP,678.06
702124,NV403964,2026-03-08,ETF,SIP,2877.78
702125,NV403964,2026-04-18,Mutual Fund - Hybrid,Lumpsum,23945.38
702126,NV403969,2026-03-21,Mutual Fund - Equity,SIP,1309.09
702127,NV403969,2026-05-09,ETF,SIP,5321.11
702128,NV403971,2026-03-17,Mutual Fund - Equity,SIP,1693.15
702129,NV403973,2026-03-18,Mutual Fund - Hybrid,SIP,3490.64
702130,NV403973,2026-06-19,Mutual Fund - Equity,Lumpsum,10441.08
702131,NV403975,2026-03-25,Mutual Fund - Hybrid,SIP,1058.41
702132,NV403976,2026-03-10,Mutual Fund - Debt,Lumpsum,10864.62
702133,NV403977,2026-03-28,Direct Stocks,SIP,1985.71
702134,NV403980,2026-03-14,Mutual Fund - Hybrid,Lumpsum,23524.66
702135,NV403984,2026-03-29,Mutual Fund - Equity,SIP,4142.25
702136,NV403984,2026-05-07,Mutual Fund - Debt,Lumpsum,5838.82
702137,NV403985,2026-03-12,Direct Stocks,SIP,3755.2
702138,NV403985,2026-04-05,Mutual Fund - Hybrid,SIP,1371.16
702139,NV403986,2026-03-10,Mutual Fund - Debt,Lumpsum,20078.99
702140,NV403987,2026-03-10,Mutual Fund - Debt,Lumpsum,22597.03
702141,NV403987,2026-05-20,ETF,Lumpsum,8487.84
702142,NV403989,2026-03-26,Mutual Fund - Equity,SIP,1523.89
702143,NV403990,2026-03-28,Mutual Fund - Equity,SIP,2994.78
702144,NV403995,2026-03-21,Mutual Fund - Equity,Lumpsum,11487.8
702145,NV403997,2026-03-23,Mutual Fund - Debt,Lumpsum,19658.33
702146,NV403997,2026-06-27,Mutual Fund - Hybrid,Lumpsum,26155.58
702147,NV403999,2026-03-25,Direct Stocks,SIP,1852.69
702148,NV403999,2026-04-21,ETF,SIP,3775.67
702149,NV404001,2026-03-05,Direct Stocks,SIP,2984.59
702150,NV404001,2026-04-08,Mutual Fund - Debt,SIP,2440.82
702151,NV404003,2026-03-03,Direct Stocks,SIP,3267.74
702152,NV404006,2026-03-04,Direct Stocks,SIP,2983.97
702153,NV404010,2026-03-16,Mutual Fund - Equity,Lumpsum,32738.92
702154,NV404011,2026-03-13,Direct Stocks,SIP,1537.59
702155,NV404011,2026-06-29,Mutual Fund - Equity,SIP,1283.21
702156,NV404014,2026-03-28,Mutual Fund - Debt,SIP,5759.22
702157,NV404014,2026-06-15,Mutual Fund - Equity,SIP,2026.81
702158,NV404017,2026-03-14,Mutual Fund - Equity,SIP,3816.11
702159,NV404022,2026-03-11,Mutual Fund - Equity,SIP,4138.77
702160,NV404030,2026-03-08,Mutual Fund - Equity,SIP,2966.86
702161,NV404032,2026-03-14,Mutual Fund - Equity,SIP,1544.49
702162,NV404032,2026-06-05,ETF,Lumpsum,10466.33
702163,NV404033,2026-03-30,Mutual Fund - Hybrid,Lumpsum,15519.55
702164,NV404036,2026-03-08,Mutual Fund - Equity,Lumpsum,21680.28
702165,NV404040,2026-03-22,Mutual Fund - Equity,SIP,1697.25
702166,NV404041,2026-03-31,Mutual Fund - Hybrid,Lumpsum,4675.92
702167,NV404041,2026-06-23,Mutual Fund - Equity,Lumpsum,8517.31
702168,NV404042,2026-04-03,Mutual Fund - Debt,SIP,2137.06
702169,NV404042,2026-06-20,Mutual Fund - Hybrid,Lumpsum,6382.99
702170,NV404044,2026-03-30,Mutual Fund - Equity,SIP,10522.27
702171,NV404045,2026-03-24,Mutual Fund - Equity,SIP,2901.57
702172,NV404048,2026-03-20,Mutual Fund - Equity,Lumpsum,4412.33
702173,NV404048,2026-04-29,Direct Stocks,SIP,1486.31
702174,NV404049,2026-03-23,Mutual Fund - Equity,SIP,4886.35
702175,NV404049,2026-07-06,Mutual Fund - Debt,SIP,1554.94
702176,NV404052,2026-03-25,Mutual Fund - Equity,SIP,3179.22
702177,NV404052,2026-06-28,Mutual Fund - Debt,SIP,3235.45
702178,NV404053,2026-03-13,Mutual Fund - Equity,SIP,4227.7
702179,NV404056,2026-03-22,Mutual Fund - Hybrid,SIP,3694.85
702180,NV404058,2026-03-22,Direct Stocks,SIP,2886.6
702181,NV404058,2026-06-12,Mutual Fund - Hybrid,Lumpsum,11472.61
702182,NV404059,2026-03-24,Mutual Fund - Debt,SIP,5311.28
702183,NV404061,2026-03-22,Mutual Fund - Debt,SIP,4373.02
702184,NV404065,2026-03-31,Mutual Fund - Hybrid,SIP,3003.11
702185,NV404066,2026-03-17,Direct Stocks,SIP,2843.61
702186,NV404067,2026-03-28,Mutual Fund - Debt,Lumpsum,6506.99
702187,NV404067,2026-06-26,ETF,SIP,775.27
702188,NV404070,2026-03-04,Mutual Fund - Hybrid,Lumpsum,7253.04
702189,NV404071,2026-03-18,Mutual Fund - Equity,SIP,2498.49
702190,NV404072,2026-03-14,Mutual Fund - Hybrid,SIP,2720.19
702191,NV404073,2026-03-10,Mutual Fund - Equity,SIP,5115.73
702192,NV404074,2026-03-08,Mutual Fund - Equity,SIP,3143.07
702193,NV404074,2026-05-01,Mutual Fund - Hybrid,Lumpsum,5261.97
702194,NV404076,2026-03-24,Direct Stocks,SIP,1490.67
702195,NV404078,2026-03-10,ETF,SIP,2027.85
702196,NV404084,2026-03-14,Mutual Fund - Equity,SIP,1805.11
702197,NV404084,2026-04-15,Mutual Fund - Hybrid,Lumpsum,11112.3
702198,NV404086,2026-03-22,Mutual Fund - Equity,SIP,4494.35
702199,NV404088,2026-03-21,Direct Stocks,SIP,1640.29
702200,NV404089,2026-03-14,Mutual Fund - Hybrid,Lumpsum,60790.08
702201,NV404090,2026-03-12,Mutual Fund - Equity,Lumpsum,13370.12
702202,NV404090,2026-05-21,Mutual Fund - Debt,SIP,4885.55
702203,NV404091,2026-03-15,Mutual Fund - Hybrid,Lumpsum,12439.82
702204,NV404092,2026-03-30,Mutual Fund - Hybrid,SIP,1510.61
702205,NV404095,2026-03-10,Mutual Fund - Equity,SIP,5589.57
702206,NV404097,2026-03-24,Mutual Fund - Debt,Lumpsum,3152.32
702207,NV404100,2026-03-30,Mutual Fund - Equity,SIP,2479.4
702208,NV404102,2026-03-30,Mutual Fund - Equity,SIP,4587.86
702209,NV404102,2026-06-27,Mutual Fund - Hybrid,SIP,4975.86
702210,NV404106,2026-03-26,Mutual Fund - Equity,Lumpsum,16655.51
702211,NV404107,2026-03-09,Direct Stocks,SIP,2286.49
702212,NV404108,2026-03-12,Direct Stocks,Lumpsum,11543.24
702213,NV404108,2026-06-30,Mutual Fund - Hybrid,Lumpsum,7180.07
702214,NV404109,2026-03-08,Mutual Fund - Equity,SIP,3327.81
702215,NV404109,2026-04-19,Mutual Fund - Debt,SIP,6719.39
702216,NV404110,2026-03-29,Mutual Fund - Debt,Lumpsum,10569.9
702217,NV404111,2026-03-15,Mutual Fund - Equity,SIP,2890.06
702218,NV404112,2026-03-17,Mutual Fund - Equity,SIP,5752.52
702219,NV404112,2026-05-31,Mutual Fund - Debt,Lumpsum,17581.64
702220,NV404113,2026-03-30,Mutual Fund - Debt,Lumpsum,14166.38
702221,NV404115,2026-03-29,Direct Stocks,SIP,2997.48
702222,NV404116,2026-03-18,Mutual Fund - Equity,SIP,3558.5
702223,NV404116,2026-05-23,ETF,Lumpsum,5868.74
702224,NV404123,2026-03-16,Mutual Fund - Debt,Lumpsum,14363.17
702225,NV404123,2026-05-14,Direct Stocks,Lumpsum,2245.01
702226,NV404125,2026-03-19,Mutual Fund - Equity,SIP,4303.27
702227,NV404128,2026-03-10,Direct Stocks,Lumpsum,24207.17
702228,NV404130,2026-03-07,Mutual Fund - Equity,SIP,2780.67
702229,NV404131,2026-03-20,Mutual Fund - Equity,Lumpsum,13200.93
702230,NV404131,2026-07-17,Direct Stocks,Lumpsum,9092.95
702231,NV404132,2026-03-25,Mutual Fund - Equity,Lumpsum,45812.54
702232,NV404135,2026-03-24,ETF,SIP,4666.73
702233,NV404135,2026-05-17,Mutual Fund - Debt,SIP,8921.84
702234,NV404136,2026-03-20,Mutual Fund - Equity,SIP,3559.88
702235,NV404137,2026-03-27,Mutual Fund - Equity,Lumpsum,6286.05
702236,NV404137,2026-06-05,Mutual Fund - Hybrid,Lumpsum,5529.51
702237,NV404138,2026-03-06,Mutual Fund - Equity,Lumpsum,10832.19
702238,NV404139,2026-03-02,Mutual Fund - Equity,SIP,1944.26
702239,NV404141,2026-03-22,Mutual Fund - Debt,Lumpsum,15947.04
702240,NV404146,2026-03-13,Direct Stocks,Lumpsum,12219.01
702241,NV404146,2026-07-02,Mutual Fund - Hybrid,Lumpsum,14510.87
702242,NV404153,2026-03-04,Direct Stocks,Lumpsum,9746.22
702243,NV404155,2026-03-29,Mutual Fund - Equity,SIP,2358.6
702244,NV404155,2026-05-28,Mutual Fund - Hybrid,SIP,3067.63
702245,NV404158,2026-03-12,Mutual Fund - Equity,Lumpsum,5881.6
702246,NV404159,2026-04-01,Mutual Fund - Hybrid,Lumpsum,8573.6
702247,NV404160,2026-03-09,Direct Stocks,Lumpsum,8067.12
702248,NV404162,2026-03-27,Mutual Fund - Equity,Lumpsum,8736.94
702249,NV404162,2026-05-09,Mutual Fund - Hybrid,Lumpsum,8421.9
702250,NV404163,2026-03-06,Mutual Fund - Hybrid,Lumpsum,4302.6
702251,NV404163,2026-04-08,Direct Stocks,Lumpsum,2691.38
702252,NV404167,2026-03-28,Mutual Fund - Equity,SIP,1745.46
702253,NV404169,2026-03-27,Mutual Fund - Debt,SIP,3735.56
702254,NV404172,2026-03-25,Direct Stocks,Lumpsum,50810.17
702255,NV404172,2026-05-15,ETF,Lumpsum,11650.17
702256,NV404175,2026-03-07,Mutual Fund - Debt,SIP,4588.64
702257,NV404175,2026-05-14,Mutual Fund - Hybrid,Lumpsum,17420.74
702258,NV404176,2026-04-01,Mutual Fund - Equity,SIP,3958.47
702259,NV404178,2026-03-30,Mutual Fund - Equity,Lumpsum,7998.66
702260,NV404178,2026-05-03,ETF,Lumpsum,1836.17
702261,NV404179,2026-03-22,ETF,Lumpsum,15540.17
702262,NV404179,2026-05-31,Mutual Fund - Hybrid,Lumpsum,16612.75
702263,NV404180,2026-03-11,Mutual Fund - Hybrid,SIP,4665.94
702264,NV404180,2026-04-25,Direct Stocks,Lumpsum,13104.22
702265,NV404181,2026-03-11,Mutual Fund - Equity,SIP,5125.64
702266,NV404187,2026-03-30,Direct Stocks,SIP,3474.4
702267,NV404187,2026-05-04,ETF,Lumpsum,20212.9
702268,NV404190,2026-03-18,Mutual Fund - Equity,Lumpsum,23659.84
702269,NV404191,2026-03-14,Mutual Fund - Hybrid,Lumpsum,10098.54
702270,NV404192,2026-03-06,Direct Stocks,SIP,3567.17
702271,NV404193,2026-03-22,Mutual Fund - Debt,SIP,3028.71
702272,NV404194,2026-03-15,Direct Stocks,SIP,4141.94
702273,NV404199,2026-03-04,Mutual Fund - Debt,SIP,1990.37
702274,NV404200,2026-03-21,Direct Stocks,SIP,1916.56
702275,NV404200,2026-05-26,Mutual Fund - Debt,SIP,5584.75
702276,NV404201,2026-03-30,Mutual Fund - Hybrid,Lumpsum,11865.51
702277,NV404201,2026-06-29,Mutual Fund - Equity,SIP,2518.59
702278,NV404202,2026-03-13,Mutual Fund - Debt,Lumpsum,10901.1
702279,NV404203,2026-03-16,Mutual Fund - Equity,SIP,1508.18
702280,NV404205,2026-03-18,Mutual Fund - Equity,SIP,2567.63
702281,NV404208,2026-03-17,Mutual Fund - Equity,Lumpsum,6475.83
702282,NV404208,2026-05-06,ETF,SIP,1538.93
702283,NV404212,2026-03-26,Direct Stocks,Lumpsum,23423.25
702284,NV404213,2026-03-14,Mutual Fund - Equity,SIP,3713.58
702285,NV404219,2026-03-11,Mutual Fund - Equity,SIP,4175.31
702286,NV404219,2026-05-23,Mutual Fund - Debt,SIP,1761.54
702287,NV404224,2026-03-25,Mutual Fund - Debt,Lumpsum,8929.75
702288,NV404228,2026-03-30,Mutual Fund - Hybrid,SIP,3393.75
702289,NV404229,2026-03-07,Mutual Fund - Equity,SIP,1369.84
702290,NV404230,2026-03-06,Mutual Fund - Equity,SIP,2822.51
702291,NV404232,2026-04-02,ETF,Lumpsum,10692.84
702292,NV404238,2026-03-12,Mutual Fund - Equity,Lumpsum,15848.0
702293,NV404239,2026-03-16,Mutual Fund - Equity,SIP,3832.98
702294,NV404241,2026-03-16,Direct Stocks,SIP,5346.11
702295,NV404243,2026-03-17,Mutual Fund - Equity,SIP,1532.86
702296,NV404246,2026-03-13,Mutual Fund - Equity,SIP,3727.76
702297,NV404247,2026-03-20,Mutual Fund - Equity,SIP,1009.96
702298,NV404248,2026-03-13,Mutual Fund - Equity,SIP,1207.83
702299,NV404254,2026-03-14,Mutual Fund - Equity,SIP,1299.46
702300,NV404254,2026-04-17,ETF,SIP,4470.42
702301,NV404259,2026-03-11,Mutual Fund - Equity,SIP,15357.55
702302,NV404260,2026-03-16,Mutual Fund - Equity,SIP,3684.28
702303,NV404261,2026-03-17,Mutual Fund - Equity,SIP,10537.87
702304,NV404263,2026-03-19,Mutual Fund - Debt,SIP,5014.36
702305,NV404264,2026-03-23,Mutual Fund - Equity,Lumpsum,30644.96
702306,NV404265,2026-03-22,Direct Stocks,SIP,4345.58
702307,NV404265,2026-06-23,ETF,SIP,2895.06
702308,NV404280,2026-03-18,Mutual Fund - Debt,Lumpsum,6636.94
702309,NV404283,2026-03-17,Direct Stocks,Lumpsum,6759.49
702310,NV404283,2026-05-26,Mutual Fund - Hybrid,Lumpsum,11693.22
702311,NV404284,2026-03-06,Mutual Fund - Debt,SIP,5707.21
702312,NV404284,2026-04-24,Mutual Fund - Equity,Lumpsum,7617.85
702313,NV404290,2026-03-19,Mutual Fund - Debt,Lumpsum,11549.67
702314,NV404291,2026-03-15,Mutual Fund - Equity,Lumpsum,15291.13
702315,NV404291,2026-05-24,ETF,SIP,1117.78
702316,NV404292,2026-04-06,Direct Stocks,SIP,3155.3
702317,NV404293,2026-03-31,Mutual Fund - Equity,SIP,1730.6
702318,NV404294,2026-03-16,Direct Stocks,Lumpsum,23052.97
702319,NV404296,2026-03-27,Mutual Fund - Equity,SIP,6590.62
702320,NV404296,2026-05-12,ETF,SIP,880.39
702321,NV404298,2026-03-13,Direct Stocks,SIP,1920.28
702322,NV404298,2026-05-30,Mutual Fund - Equity,Lumpsum,11771.05
702323,NV404299,2026-03-10,Mutual Fund - Hybrid,SIP,1078.8
702324,NV404300,2026-03-21,Mutual Fund - Debt,Lumpsum,11554.62
702325,NV404300,2026-06-07,Direct Stocks,Lumpsum,6606.14
702326,NV404304,2026-03-22,Mutual Fund - Debt,SIP,1404.98
702327,NV404305,2026-03-08,Mutual Fund - Equity,SIP,3286.06
702328,NV404307,2026-03-12,Mutual Fund - Equity,Lumpsum,10942.52
702329,NV404307,2026-05-25,Mutual Fund - Hybrid,Lumpsum,7899.93
702330,NV404308,2026-03-12,Direct Stocks,Lumpsum,11458.55
702331,NV404309,2026-03-27,Mutual Fund - Equity,Lumpsum,14627.29
702332,NV404315,2026-03-17,Direct Stocks,Lumpsum,8048.64
702333,NV404315,2026-05-31,Mutual Fund - Equity,SIP,3030.76
702334,NV404317,2026-03-18,Mutual Fund - Debt,Lumpsum,18060.15
702335,NV404318,2026-03-14,Mutual Fund - Equity,SIP,6520.63
702336,NV404321,2026-03-03,Mutual Fund - Equity,Lumpsum,13178.81
702337,NV404323,2026-03-14,Direct Stocks,SIP,3381.59
702338,NV404324,2026-03-08,Mutual Fund - Equity,SIP,1486.46
702339,NV404324,2026-06-12,Direct Stocks,Lumpsum,5245.06
702340,NV404327,2026-03-08,Mutual Fund - Equity,Lumpsum,21213.69
702341,NV404327,2026-04-26,Mutual Fund - Hybrid,Lumpsum,10017.6
702342,NV404328,2026-03-18,Mutual Fund - Equity,Lumpsum,9361.61
702343,NV404329,2026-03-03,Mutual Fund - Debt,SIP,2027.22
702344,NV404332,2026-03-17,Direct Stocks,SIP,2464.24
702345,NV404333,2026-03-04,Mutual Fund - Equity,Lumpsum,15234.49
702346,NV404333,2026-04-21,ETF,SIP,2413.18
702347,NV404335,2026-03-25,Direct Stocks,Lumpsum,18639.25
702348,NV404340,2026-03-23,Mutual Fund - Hybrid,Lumpsum,7235.64
702349,NV404342,2026-03-08,Mutual Fund - Equity,Lumpsum,12109.98
702350,NV404344,2026-03-23,Mutual Fund - Debt,SIP,4354.2
702351,NV404344,2026-06-13,Mutual Fund - Equity,Lumpsum,17519.35
702352,NV404350,2026-03-23,Mutual Fund - Equity,SIP,5129.42
702353,NV404351,2026-04-01,Mutual Fund - Equity,Lumpsum,9562.45
702354,NV404351,2026-06-29,ETF,Lumpsum,29061.35
702355,NV404359,2026-03-04,Direct Stocks,Lumpsum,8399.03
702356,NV404361,2026-03-03,Mutual Fund - Debt,Lumpsum,9012.47
702357,NV404361,2026-06-17,Mutual Fund - Hybrid,SIP,565.25
702358,NV404363,2026-03-17,Mutual Fund - Equity,Lumpsum,14649.24
702359,NV404367,2026-03-03,Mutual Fund - Equity,SIP,3124.14
702360,NV404370,2026-03-26,Mutual Fund - Hybrid,Lumpsum,6110.67
702361,NV404371,2026-04-01,Mutual Fund - Equity,SIP,4469.23
702362,NV404373,2026-03-09,ETF,Lumpsum,25341.05
702363,NV404374,2026-03-25,Mutual Fund - Debt,Lumpsum,23230.16
702364,NV404376,2026-03-14,Direct Stocks,Lumpsum,9404.7
702365,NV404376,2026-06-02,Mutual Fund - Equity,SIP,1868.2
702366,NV404377,2026-03-08,Mutual Fund - Equity,SIP,1251.28
702367,NV404379,2026-03-11,Direct Stocks,Lumpsum,4539.89
702368,NV404379,2026-07-04,Mutual Fund - Equity,SIP,2189.44
702369,NV404381,2026-03-14,Mutual Fund - Equity,SIP,1656.69
702370,NV404381,2026-06-16,Direct Stocks,Lumpsum,18336.59
702371,NV404386,2026-03-23,Mutual Fund - Debt,SIP,3726.53
702372,NV404387,2026-04-01,Mutual Fund - Hybrid,SIP,1444.99
702373,NV404387,2026-05-15,Mutual Fund - Equity,Lumpsum,9927.0
702374,NV404390,2026-03-13,Mutual Fund - Equity,SIP,2742.25
702375,NV404392,2026-03-31,Mutual Fund - Equity,Lumpsum,19631.7
702376,NV404392,2026-05-07,Mutual Fund - Debt,SIP,3673.08
702377,NV404400,2026-03-10,Mutual Fund - Equity,SIP,3146.34
702378,NV404402,2026-03-19,Mutual Fund - Equity,SIP,4885.89
702379,NV404404,2026-03-21,Mutual Fund - Equity,Lumpsum,12121.6
702380,NV404405,2026-03-30,Mutual Fund - Equity,SIP,2234.05
702381,NV404406,2026-03-31,Mutual Fund - Equity,Lumpsum,6172.87
702382,NV404409,2026-03-08,Mutual Fund - Hybrid,SIP,2495.54
702383,NV404410,2026-03-20,Mutual Fund - Debt,Lumpsum,12816.78
702384,NV404413,2026-03-25,Mutual Fund - Equity,SIP,7303.29
702385,NV404417,2026-03-06,ETF,SIP,1524.65
702386,NV404422,2026-03-21,Direct Stocks,Lumpsum,11103.2
702387,NV404422,2026-06-08,Mutual Fund - Debt,SIP,926.93
702388,NV404425,2026-03-15,Mutual Fund - Equity,SIP,4970.47
702389,NV404428,2026-03-17,Direct Stocks,SIP,3480.68
702390,NV404429,2026-03-27,Mutual Fund - Equity,Lumpsum,14301.57
702391,NV404431,2026-03-06,Mutual Fund - Equity,SIP,3619.97
702392,NV404433,2026-03-26,Direct Stocks,Lumpsum,5213.35
702393,NV404437,2026-03-05,Mutual Fund - Equity,Lumpsum,28556.76
702394,NV404437,2026-07-02,ETF,Lumpsum,9595.8
702395,NV404444,2026-03-11,Direct Stocks,SIP,2355.99
702396,NV404446,2026-03-06,Direct Stocks,Lumpsum,17552.46
702397,NV404450,2026-03-13,ETF,SIP,1798.15
702398,NV404451,2026-03-07,Mutual Fund - Equity,SIP,2877.45
702399,NV404452,2026-03-20,Mutual Fund - Equity,SIP,7169.79
702400,NV404453,2026-04-01,Mutual Fund - Equity,Lumpsum,11561.74
702401,NV404455,2026-03-28,Mutual Fund - Equity,SIP,777.45
702402,NV404458,2026-03-11,Mutual Fund - Equity,SIP,1218.95
702403,NV404462,2026-03-20,Mutual Fund - Debt,Lumpsum,14448.02
702404,NV404463,2026-03-19,Mutual Fund - Equity,SIP,1538.98
702405,NV404463,2026-06-13,Direct Stocks,SIP,1599.58
702406,NV404464,2026-03-26,Mutual Fund - Equity,SIP,2491.83
702407,NV404466,2026-03-11,Direct Stocks,Lumpsum,4335.99
702408,NV404468,2026-03-10,Mutual Fund - Equity,SIP,3643.0
702409,NV404469,2026-03-18,Mutual Fund - Hybrid,SIP,1757.15
702410,NV404472,2026-03-30,Mutual Fund - Hybrid,SIP,2583.78
702411,NV404472,2026-05-19,Mutual Fund - Equity,SIP,2560.75
702412,NV404473,2026-03-30,Direct Stocks,Lumpsum,12648.95
702413,NV404473,2026-06-27,Mutual Fund - Equity,SIP,2983.67
702414,NV404474,2026-03-22,Mutual Fund - Equity,Lumpsum,7067.59
702415,NV404474,2026-06-15,Mutual Fund - Hybrid,Lumpsum,23357.48
702416,NV404476,2026-03-21,Mutual Fund - Debt,SIP,970.2
702417,NV404481,2026-03-24,Mutual Fund - Debt,Lumpsum,16208.72
702418,NV404481,2026-04-25,ETF,SIP,851.47
702419,NV404487,2026-03-27,Direct Stocks,SIP,2197.09
702420,NV404488,2026-03-18,Mutual Fund - Equity,Lumpsum,23445.68
702421,NV404488,2026-06-06,Mutual Fund - Hybrid,SIP,1367.19
702422,NV404490,2026-03-05,Mutual Fund - Debt,SIP,6692.0
702423,NV404490,2026-04-07,Mutual Fund - Hybrid,Lumpsum,8781.72
702424,NV404492,2026-03-20,Mutual Fund - Debt,SIP,2693.23
702425,NV404494,2026-03-11,Mutual Fund - Equity,Lumpsum,24237.44
702426,NV404495,2026-03-30,Mutual Fund - Equity,Lumpsum,10068.45
702427,NV404497,2026-03-27,Mutual Fund - Equity,Lumpsum,4533.45
702428,NV404497,2026-07-08,Direct Stocks,SIP,1464.21
702429,NV404502,2026-03-05,Mutual Fund - Debt,SIP,2827.84
702430,NV404503,2026-03-16,Direct Stocks,SIP,4287.05
702431,NV404505,2026-03-20,Mutual Fund - Debt,SIP,1736.78
702432,NV404506,2026-03-05,Mutual Fund - Equity,Lumpsum,17347.61
702433,NV404506,2026-04-14,Mutual Fund - Debt,SIP,1957.65
702434,NV404507,2026-03-09,Mutual Fund - Equity,SIP,2600.01
702435,NV404507,2026-04-25,Direct Stocks,Lumpsum,6220.29
702436,NV404508,2026-03-09,Mutual Fund - Equity,SIP,3611.96
702437,NV404508,2026-04-10,ETF,SIP,1886.27
702438,NV404509,2026-03-15,Mutual Fund - Hybrid,Lumpsum,6871.61
702439,NV404510,2026-03-09,Mutual Fund - Equity,SIP,7266.16
702440,NV404510,2026-05-22,Mutual Fund - Debt,SIP,2512.33
702441,NV404511,2026-04-01,Direct Stocks,Lumpsum,14056.16
702442,NV404521,2026-03-23,Mutual Fund - Equity,SIP,3706.27
702443,NV404523,2026-03-27,Mutual Fund - Hybrid,SIP,1798.53
702444,NV404523,2026-05-02,ETF,SIP,1216.79
702445,NV404524,2026-03-30,Mutual Fund - Equity,Lumpsum,14667.32
702446,NV404524,2026-07-08,Direct Stocks,Lumpsum,5424.33
702447,NV404530,2026-03-07,ETF,Lumpsum,18507.42
702448,NV404533,2026-03-20,Mutual Fund - Debt,SIP,9333.39
702449,NV404534,2026-03-09,Mutual Fund - Debt,SIP,3619.14
702450,NV404536,2026-03-24,Mutual Fund - Equity,SIP,2101.54
702451,NV404536,2026-05-06,Mutual Fund - Debt,SIP,500.0
702452,NV404537,2026-03-26,Mutual Fund - Hybrid,SIP,1159.7
702453,NV404537,2026-05-26,Mutual Fund - Debt,Lumpsum,6677.54
702454,NV404538,2026-03-01,Direct Stocks,SIP,2573.59
702455,NV404538,2026-04-16,Mutual Fund - Equity,SIP,4410.68
702456,NV404546,2026-03-29,Direct Stocks,SIP,1213.68
702457,NV404548,2026-03-09,ETF,SIP,3648.14
702458,NV404549,2026-03-23,Mutual Fund - Debt,SIP,5441.33
702459,NV404549,2026-05-06,Mutual Fund - Equity,SIP,5516.27
702460,NV404550,2026-03-26,Mutual Fund - Hybrid,Lumpsum,8797.42
702461,NV404551,2026-03-15,Mutual Fund - Equity,Lumpsum,7493.33
702462,NV404551,2026-04-29,Direct Stocks,SIP,1348.57
702463,NV404552,2026-03-31,Direct Stocks,SIP,1675.44
702464,NV404556,2026-04-01,Mutual Fund - Debt,SIP,5551.27
702465,NV404556,2026-05-11,Mutual Fund - Hybrid,Lumpsum,9282.38
702466,NV404558,2026-03-30,Mutual Fund - Debt,SIP,1875.6
702467,NV404562,2026-03-11,Mutual Fund - Equity,SIP,3154.46
702468,NV404565,2026-03-28,Mutual Fund - Hybrid,SIP,4352.21
702469,NV404565,2026-06-29,Direct Stocks,Lumpsum,16943.88
702470,NV404566,2026-03-12,Mutual Fund - Hybrid,Lumpsum,6807.77
702471,NV404566,2026-06-03,ETF,Lumpsum,3398.27
702472,NV404571,2026-03-29,Mutual Fund - Equity,SIP,2696.52
702473,NV404571,2026-05-10,ETF,Lumpsum,5515.08
702474,NV404574,2026-03-23,Mutual Fund - Hybrid,Lumpsum,6338.69
702475,NV404575,2026-03-12,Mutual Fund - Debt,Lumpsum,17932.02
702476,NV404582,2026-03-16,Mutual Fund - Equity,SIP,1588.47
702477,NV404584,2026-03-05,Mutual Fund - Equity,Lumpsum,16243.26
702478,NV404591,2026-03-19,Mutual Fund - Hybrid,SIP,1438.58
702479,NV404591,2026-04-25,Mutual Fund - Debt,SIP,1124.81
702480,NV404592,2026-03-13,ETF,SIP,8585.89
702481,NV404592,2026-07-03,Mutual Fund - Debt,SIP,2568.98
702482,NV404593,2026-03-11,Direct Stocks,SIP,3249.3
702483,NV404595,2026-03-02,Mutual Fund - Debt,SIP,1778.42
702484,NV404598,2026-03-12,Mutual Fund - Equity,SIP,5525.23
702485,NV404601,2026-03-19,Mutual Fund - Hybrid,Lumpsum,6139.92
702486,NV404601,2026-05-29,Mutual Fund - Equity,SIP,4727.03
702487,NV404603,2026-03-23,Mutual Fund - Equity,SIP,6460.45
702488,NV404603,2026-05-24,Mutual Fund - Debt,Lumpsum,2679.21
702489,NV404606,2026-03-31,Mutual Fund - Debt,SIP,10061.65
702490,NV404610,2026-03-20,Mutual Fund - Equity,SIP,3268.69
702491,NV404612,2026-03-20,Mutual Fund - Equity,Lumpsum,11303.42
702492,NV404613,2026-03-13,Mutual Fund - Debt,Lumpsum,14026.97
702493,NV404615,2026-03-27,Mutual Fund - Debt,Lumpsum,7366.35
702494,NV404616,2026-03-25,Mutual Fund - Equity,SIP,2454.97
702495,NV404619,2026-03-14,Mutual Fund - Equity,SIP,3236.69
702496,NV404620,2026-03-28,Mutual Fund - Debt,Lumpsum,2687.64
702497,NV404620,2026-04-29,Mutual Fund - Equity,SIP,7340.5
702498,NV404621,2026-03-19,Mutual Fund - Debt,SIP,2371.36
702499,NV404621,2026-06-29,Direct Stocks,SIP,10704.52
702500,NV404623,2026-04-01,Mutual Fund - Equity,SIP,3710.35
702501,NV404623,2026-05-24,Direct Stocks,Lumpsum,4775.6
702502,NV404624,2026-03-20,Mutual Fund - Equity,SIP,2473.35
702503,NV404624,2026-05-20,Mutual Fund - Hybrid,SIP,865.68
702504,NV404627,2026-03-14,Mutual Fund - Debt,SIP,1328.18
702505,NV404631,2026-03-06,Mutual Fund - Equity,SIP,3602.36
702506,NV404635,2026-03-25,Direct Stocks,Lumpsum,6846.22
702507,NV404635,2026-04-20,ETF,SIP,1849.11
702508,NV404640,2026-03-28,Mutual Fund - Equity,SIP,3650.57
702509,NV404640,2026-06-21,ETF,SIP,4879.12
702510,NV404644,2026-03-03,Direct Stocks,Lumpsum,14596.3
702511,NV404644,2026-05-01,Mutual Fund - Equity,Lumpsum,24727.63
702512,NV404646,2026-03-03,Mutual Fund - Equity,Lumpsum,17433.0
702513,NV404649,2026-03-30,Direct Stocks,SIP,2265.06
702514,NV404655,2026-03-06,ETF,SIP,6535.52
702515,NV404655,2026-05-07,Mutual Fund - Equity,Lumpsum,16142.37
702516,NV404658,2026-03-06,Direct Stocks,SIP,2596.29
702517,NV404658,2026-04-19,ETF,SIP,3673.67
702518,NV404659,2026-03-13,Mutual Fund - Equity,SIP,2481.79
702519,NV404661,2026-04-02,Mutual Fund - Debt,SIP,3690.51
702520,NV404661,2026-05-03,Mutual Fund - Equity,Lumpsum,8506.53
702521,NV404663,2026-03-22,Mutual Fund - Equity,SIP,2433.7
702522,NV404665,2026-03-31,Mutual Fund - Equity,Lumpsum,3206.34
702523,NV404666,2026-03-23,Mutual Fund - Equity,SIP,1735.64
702524,NV404670,2026-03-13,Mutual Fund - Equity,SIP,7017.0
702525,NV404671,2026-03-26,Direct Stocks,SIP,2138.23
702526,NV404672,2026-03-02,Mutual Fund - Equity,SIP,2315.08
702527,NV404673,2026-03-19,Mutual Fund - Equity,SIP,2747.83
702528,NV404676,2026-03-31,Mutual Fund - Hybrid,SIP,3335.18
702529,NV404679,2026-03-14,ETF,SIP,2913.74
702530,NV404679,2026-05-27,Mutual Fund - Debt,SIP,1587.36
702531,NV404689,2026-03-11,Mutual Fund - Hybrid,SIP,4048.55
702532,NV404689,2026-05-29,Mutual Fund - Debt,Lumpsum,12110.88
702533,NV404691,2026-03-01,Mutual Fund - Equity,Lumpsum,9464.18
702534,NV404693,2026-03-09,Direct Stocks,SIP,1971.79
702535,NV404698,2026-03-08,Mutual Fund - Equity,Lumpsum,8008.53
702536,NV404698,2026-05-27,Mutual Fund - Hybrid,Lumpsum,12343.39
702537,NV404700,2026-03-20,Mutual Fund - Debt,Lumpsum,11384.21
702538,NV404701,2026-03-23,Mutual Fund - Equity,Lumpsum,7233.21
702539,NV404702,2026-03-13,Mutual Fund - Equity,SIP,4399.62
702540,NV404703,2026-03-15,Mutual Fund - Hybrid,Lumpsum,22653.0
702541,NV404703,2026-04-17,Direct Stocks,SIP,542.92
702542,NV404704,2026-03-11,Mutual Fund - Debt,SIP,1716.82
702543,NV404708,2026-03-12,ETF,SIP,1823.27
702544,NV404708,2026-04-04,Direct Stocks,SIP,1418.67
702545,NV404709,2026-03-06,Direct Stocks,Lumpsum,13332.53
702546,NV404710,2026-03-10,Direct Stocks,SIP,1249.78
702547,NV404711,2026-03-26,Mutual Fund - Equity,SIP,2049.83
702548,NV404712,2026-03-10,ETF,Lumpsum,16472.5
702549,NV404719,2026-03-25,ETF,Lumpsum,6701.61
702550,NV404719,2026-05-10,Mutual Fund - Equity,Lumpsum,33977.86
702551,NV404723,2026-03-07,Direct Stocks,Lumpsum,11696.82
702552,NV404725,2026-03-15,Mutual Fund - Equity,SIP,3926.66
702553,NV404726,2026-03-17,Mutual Fund - Equity,SIP,2742.28
702554,NV404726,2026-05-08,Mutual Fund - Hybrid,SIP,4909.37
702555,NV404729,2026-04-01,ETF,SIP,2157.41
702556,NV404729,2026-07-09,Mutual Fund - Debt,Lumpsum,10733.77
702557,NV404731,2026-03-22,Mutual Fund - Debt,Lumpsum,6205.2
702558,NV404731,2026-04-14,ETF,SIP,1958.38
702559,NV404732,2026-03-26,Mutual Fund - Equity,Lumpsum,5722.5
702560,NV404732,2026-06-06,Mutual Fund - Hybrid,SIP,6766.18
702561,NV404733,2026-03-21,ETF,SIP,1531.99
702562,NV404737,2026-03-05,Direct Stocks,SIP,1092.98
702563,NV404737,2026-04-27,ETF,Lumpsum,13682.91
702564,NV404738,2026-03-10,Mutual Fund - Debt,SIP,2423.45
702565,NV404742,2026-03-09,Mutual Fund - Equity,SIP,2224.76
702566,NV404744,2026-03-18,Mutual Fund - Hybrid,Lumpsum,13565.23
702567,NV404745,2026-03-17,Mutual Fund - Hybrid,Lumpsum,67930.15
702568,NV404747,2026-03-28,Mutual Fund - Equity,Lumpsum,14515.86
702569,NV404747,2026-06-28,Direct Stocks,SIP,2112.46
702570,NV404748,2026-03-15,Mutual Fund - Hybrid,SIP,2054.8
702571,NV404750,2026-03-13,Mutual Fund - Equity,Lumpsum,5869.28
702572,NV404750,2026-06-09,ETF,Lumpsum,5773.22
702573,NV404752,2026-03-17,ETF,SIP,4761.69
702574,NV404753,2026-03-19,Mutual Fund - Debt,Lumpsum,34368.72
702575,NV404754,2026-03-28,Mutual Fund - Debt,Lumpsum,10791.12
702576,NV404754,2026-05-04,Direct Stocks,Lumpsum,7997.63
702577,NV404756,2026-03-22,Mutual Fund - Hybrid,SIP,1287.74
702578,NV404757,2026-03-30,Mutual Fund - Equity,Lumpsum,27393.46
702579,NV404758,2026-03-23,Mutual Fund - Equity,SIP,1733.99
702580,NV404759,2026-03-11,Mutual Fund - Debt,Lumpsum,10035.23
702581,NV404768,2026-03-28,Direct Stocks,SIP,1305.26
702582,NV404770,2026-03-13,Mutual Fund - Equity,SIP,1410.63
702583,NV404770,2026-05-04,Mutual Fund - Hybrid,Lumpsum,14043.63
702584,NV404771,2026-03-06,Mutual Fund - Debt,Lumpsum,11612.93
702585,NV404771,2026-05-08,Mutual Fund - Hybrid,Lumpsum,4858.5
702586,NV404772,2026-03-22,Direct Stocks,Lumpsum,15920.06
702587,NV404774,2026-03-31,Direct Stocks,SIP,1734.64
702588,NV404775,2026-03-30,Mutual Fund - Equity,SIP,5035.09
702589,NV404775,2026-06-14,ETF,Lumpsum,3993.66
702590,NV404776,2026-03-29,Mutual Fund - Hybrid,SIP,1685.96
702591,NV404782,2026-03-18,Mutual Fund - Debt,SIP,3017.55
702592,NV404782,2026-05-12,ETF,SIP,2244.3
702593,NV404783,2026-03-26,Mutual Fund - Equity,Lumpsum,7127.2
702594,NV404783,2026-06-14,Mutual Fund - Debt,SIP,6542.0
702595,NV404785,2026-03-24,Mutual Fund - Debt,SIP,1865.94
702596,NV404785,2026-05-20,Mutual Fund - Hybrid,SIP,5749.51
702597,NV404789,2026-04-03,Mutual Fund - Equity,SIP,3696.38
702598,NV404789,2026-05-23,Mutual Fund - Debt,SIP,3613.67
702599,NV404791,2026-03-27,Mutual Fund - Debt,SIP,7027.97
702600,NV404792,2026-03-08,Mutual Fund - Equity,SIP,4725.95
702601,NV404792,2026-05-22,Direct Stocks,SIP,9589.12
702602,NV404794,2026-03-09,Mutual Fund - Hybrid,SIP,3915.74
702603,NV404794,2026-04-16,Direct Stocks,Lumpsum,26503.03
702604,NV404796,2026-03-27,Mutual Fund - Equity,SIP,2963.54
702605,NV404796,2026-06-16,Mutual Fund - Hybrid,SIP,4010.88
702606,NV404797,2026-03-10,Direct Stocks,SIP,4667.05
702607,NV404797,2026-06-04,Mutual Fund - Equity,SIP,2810.7
702608,NV404799,2026-03-02,Direct Stocks,SIP,1276.29
702609,NV404800,2026-03-17,Mutual Fund - Debt,Lumpsum,10175.36
702610,NV404802,2026-04-01,Mutual Fund - Equity,Lumpsum,3202.17
702611,NV404802,2026-05-09,Mutual Fund - Hybrid,SIP,2569.7
702612,NV404803,2026-03-05,Mutual Fund - Equity,SIP,1563.77
702613,NV404804,2026-04-01,Mutual Fund - Equity,SIP,2049.47
702614,NV404810,2026-03-02,Mutual Fund - Equity,Lumpsum,11087.48
702615,NV404810,2026-05-31,Direct Stocks,SIP,2177.2
702616,NV404811,2026-03-16,ETF,Lumpsum,16284.48
702617,NV404812,2026-03-15,Mutual Fund - Hybrid,SIP,6185.69
702618,NV404813,2026-03-17,Mutual Fund - Equity,Lumpsum,18705.99
702619,NV404816,2026-03-12,Mutual Fund - Equity,SIP,2383.49
702620,NV404818,2026-03-12,Mutual Fund - Equity,SIP,2820.63
702621,NV404818,2026-06-16,Mutual Fund - Debt,Lumpsum,14373.4
702622,NV404820,2026-03-10,Mutual Fund - Equity,SIP,2237.3
702623,NV404821,2026-03-26,Mutual Fund - Equity,SIP,1535.63
702624,NV404821,2026-07-22,Mutual Fund - Debt,SIP,2643.0
702625,NV404823,2026-03-11,Mutual Fund - Equity,SIP,1755.59
702626,NV404824,2026-03-17,Mutual Fund - Debt,Lumpsum,16825.51
702627,NV404824,2026-07-03,ETF,Lumpsum,4871.0
702628,NV404827,2026-03-03,Mutual Fund - Equity,SIP,2865.3
702629,NV404834,2026-03-15,Direct Stocks,SIP,2819.04
702630,NV404836,2026-03-25,Mutual Fund - Equity,SIP,2885.64
702631,NV404836,2026-06-17,Mutual Fund - Debt,SIP,2495.49
702632,NV404846,2026-03-21,Mutual Fund - Equity,SIP,6392.34
702633,NV404846,2026-07-14,ETF,SIP,5906.04
702634,NV404847,2026-03-17,Mutual Fund - Equity,Lumpsum,16033.0
702635,NV404850,2026-04-02,Mutual Fund - Hybrid,SIP,3545.31
702636,NV404851,2026-03-12,Direct Stocks,SIP,1127.06
702637,NV404851,2026-05-21,Mutual Fund - Hybrid,SIP,2724.88
702638,NV404853,2026-03-19,Direct Stocks,SIP,5349.67
702639,NV404853,2026-07-06,Mutual Fund - Hybrid,SIP,3179.75
702640,NV404854,2026-03-04,Mutual Fund - Equity,Lumpsum,12566.18
702641,NV404854,2026-03-26,ETF,SIP,1605.27
702642,NV404856,2026-03-07,Direct Stocks,Lumpsum,9093.81
702643,NV404859,2026-03-05,Mutual Fund - Debt,Lumpsum,11979.59
702644,NV404859,2026-06-30,Mutual Fund - Equity,SIP,3458.62
702645,NV404863,2026-03-19,Mutual Fund - Equity,Lumpsum,5829.63
702646,NV404863,2026-05-11,Mutual Fund - Hybrid,SIP,625.77
702647,NV404865,2026-03-05,Mutual Fund - Equity,SIP,3750.86
702648,NV404865,2026-04-04,Direct Stocks,SIP,1991.56
702649,NV404866,2026-03-31,Mutual Fund - Debt,SIP,4622.14
702650,NV404866,2026-06-18,Mutual Fund - Equity,SIP,5110.43
702651,NV404867,2026-03-08,Mutual Fund - Debt,SIP,5870.01
702652,NV404873,2026-03-09,Mutual Fund - Equity,SIP,3982.05
702653,NV404874,2026-03-09,Mutual Fund - Debt,SIP,2556.59
702654,NV404874,2026-05-19,Direct Stocks,SIP,1894.72
702655,NV404875,2026-03-23,Mutual Fund - Equity,SIP,6802.8
702656,NV404877,2026-03-22,ETF,SIP,1259.06
702657,NV404877,2026-05-31,Mutual Fund - Hybrid,Lumpsum,17812.25
702658,NV404882,2026-04-05,Direct Stocks,Lumpsum,5440.28
702659,NV404882,2026-05-13,Mutual Fund - Hybrid,SIP,3880.67
702660,NV404883,2026-03-24,Mutual Fund - Equity,SIP,908.84
702661,NV404884,2026-03-26,Mutual Fund - Hybrid,SIP,3438.81
702662,NV404886,2026-03-23,Mutual Fund - Hybrid,SIP,1360.34
702663,NV404888,2026-03-16,Mutual Fund - Equity,SIP,2218.14
702664,NV404889,2026-03-17,Mutual Fund - Hybrid,Lumpsum,24018.98
702665,NV404891,2026-03-10,Direct Stocks,SIP,1518.69
702666,NV404893,2026-03-07,ETF,Lumpsum,19271.26
702667,NV404894,2026-03-29,Mutual Fund - Equity,SIP,3292.47
702668,NV404895,2026-03-01,Mutual Fund - Hybrid,SIP,3692.89
702669,NV404895,2026-06-30,Mutual Fund - Debt,Lumpsum,3448.28
702670,NV404899,2026-03-10,Direct Stocks,SIP,1555.97
702671,NV404901,2026-03-12,Mutual Fund - Debt,SIP,3773.91
702672,NV404903,2026-03-30,Mutual Fund - Equity,Lumpsum,28636.22
702673,NV404904,2026-03-11,ETF,Lumpsum,18665.61
702674,NV404904,2026-05-18,Mutual Fund - Equity,Lumpsum,8419.64
702675,NV404909,2026-03-16,Direct Stocks,Lumpsum,11001.11
702676,NV404911,2026-03-06,Mutual Fund - Equity,SIP,2145.08
702677,NV404911,2026-06-28,Mutual Fund - Debt,SIP,1339.06
702678,NV404915,2026-03-12,Mutual Fund - Equity,SIP,3220.81
702679,NV404915,2026-05-30,Mutual Fund - Hybrid,SIP,6973.38
702680,NV404917,2026-03-28,Mutual Fund - Equity,SIP,3631.26
702681,NV404922,2026-03-11,Mutual Fund - Debt,SIP,2136.33
702682,NV404924,2026-03-31,Mutual Fund - Debt,Lumpsum,6596.55
702683,NV404924,2026-07-20,Mutual Fund - Hybrid,SIP,2807.17
702684,NV404926,2026-03-16,Mutual Fund - Debt,Lumpsum,7184.75
702685,NV404927,2026-03-12,ETF,SIP,1316.03
702686,NV404928,2026-03-24,Mutual Fund - Hybrid,SIP,5022.41
702687,NV404928,2026-07-18,Mutual Fund - Equity,Lumpsum,9889.26
702688,NV404931,2026-03-19,Mutual Fund - Equity,Lumpsum,9795.63
702689,NV404932,2026-03-22,Mutual Fund - Debt,SIP,1551.05
702690,NV404935,2026-03-04,Mutual Fund - Equity,Lumpsum,6396.55
702691,NV404935,2026-03-28,Direct Stocks,Lumpsum,17064.33
702692,NV404936,2026-03-25,Mutual Fund - Equity,SIP,4890.0
702693,NV404937,2026-03-07,Mutual Fund - Equity,SIP,1969.24
702694,NV404938,2026-03-08,Direct Stocks,SIP,4649.64
702695,NV404938,2026-05-17,Mutual Fund - Hybrid,SIP,1847.5
702696,NV404939,2026-03-06,Direct Stocks,SIP,3278.86
702697,NV404940,2026-03-05,Mutual Fund - Equity,SIP,5185.76
702698,NV404942,2026-03-09,Mutual Fund - Debt,SIP,3408.28
702699,NV404942,2026-07-02,ETF,SIP,5676.28
702700,NV404946,2026-03-17,Mutual Fund - Hybrid,Lumpsum,15102.66
702701,NV404949,2026-03-04,Direct Stocks,Lumpsum,14100.76
702702,NV404950,2026-03-11,Mutual Fund - Equity,Lumpsum,23444.82
702703,NV404950,2026-06-23,Direct Stocks,Lumpsum,25787.74
702704,NV404954,2026-03-02,Mutual Fund - Equity,Lumpsum,5557.13
702705,NV404960,2026-03-13,Mutual Fund - Equity,SIP,8725.99
702706,NV404961,2026-03-07,Mutual Fund - Equity,SIP,1513.45
702707,NV404961,2026-06-13,Direct Stocks,SIP,3650.81
702708,NV404965,2026-03-24,Mutual Fund - Equity,SIP,1684.15
702709,NV404966,2026-03-10,Mutual Fund - Hybrid,SIP,4297.78
702710,NV404967,2026-03-10,Direct Stocks,Lumpsum,4501.31
702711,NV404967,2026-04-14,Mutual Fund - Hybrid,Lumpsum,9223.0
702712,NV404968,2026-03-20,Mutual Fund - Equity,SIP,3405.64
702713,NV404973,2026-03-02,Mutual Fund - Equity,SIP,2448.46
702714,NV404973,2026-07-27,ETF,Lumpsum,9991.69
702715,NV404974,2026-03-20,Mutual Fund - Equity,SIP,3255.32
702716,NV404979,2026-03-13,Mutual Fund - Equity,SIP,918.49
702717,NV404979,2026-07-05,ETF,Lumpsum,6337.03
702718,NV404980,2026-03-11,Mutual Fund - Debt,SIP,3003.28
702719,NV404980,2026-05-11,Direct Stocks,Lumpsum,8469.85
702720,NV404985,2026-03-22,Direct Stocks,SIP,1543.24
702721,NV404988,2026-03-07,Mutual Fund - Debt,SIP,3693.37
702722,NV404992,2026-03-07,Direct Stocks,Lumpsum,20814.71
702723,NV404993,2026-03-10,Direct Stocks,Lumpsum,8595.16
702724,NV404995,2026-03-30,Mutual Fund - Debt,Lumpsum,12572.15
702725,NV404995,2026-06-18,Direct Stocks,SIP,14987.56
702726,NV404996,2026-04-04,Mutual Fund - Equity,Lumpsum,19421.72
702727,NV404996,2026-05-24,Direct Stocks,Lumpsum,17721.77
702728,NV405000,2026-03-08,Direct Stocks,SIP,6918.49
702729,NV405001,2026-03-20,ETF,SIP,2391.88
702730,NV405002,2026-03-28,Mutual Fund - Equity,SIP,2409.81
702731,NV405006,2026-03-11,Mutual Fund - Equity,Lumpsum,10093.41
702732,NV405008,2026-03-28,Mutual Fund - Equity,SIP,2208.36
702733,NV405014,2026-03-02,Direct Stocks,SIP,3004.49
702734,NV405017,2026-03-02,Mutual Fund - Debt,SIP,3402.9
702735,NV405018,2026-03-14,ETF,Lumpsum,7666.27
702736,NV405020,2026-03-28,Mutual Fund - Hybrid,SIP,3052.48
702737,NV405026,2026-03-18,Direct Stocks,SIP,1697.71
702738,NV405030,2026-03-27,Mutual Fund - Equity,Lumpsum,8366.11
702739,NV405030,2026-04-18,Direct Stocks,SIP,866.48
702740,NV405036,2026-03-17,Mutual Fund - Equity,SIP,1692.97
702741,NV405038,2026-03-11,Mutual Fund - Equity,Lumpsum,12705.61
702742,NV405039,2026-03-09,Mutual Fund - Equity,SIP,3612.63
702743,NV405040,2026-03-19,ETF,Lumpsum,26817.05
702744,NV405041,2026-03-22,Mutual Fund - Debt,SIP,2733.74
702745,NV405041,2026-05-30,Mutual Fund - Hybrid,Lumpsum,9999.25
702746,NV405043,2026-03-08,Mutual Fund - Debt,Lumpsum,17192.04
702747,NV405048,2026-03-20,Direct Stocks,Lumpsum,19724.27
702748,NV405049,2026-03-23,Mutual Fund - Equity,Lumpsum,8262.38
702749,NV405050,2026-03-30,Direct Stocks,Lumpsum,8576.14
702750,NV405055,2026-03-06,Direct Stocks,SIP,4532.0
702751,NV405055,2026-07-03,Mutual Fund - Equity,Lumpsum,26752.64
702752,NV405056,2026-03-09,Direct Stocks,SIP,9935.62
702753,NV405056,2026-03-30,Mutual Fund - Hybrid,SIP,3518.1
702754,NV405061,2026-03-22,ETF,Lumpsum,13164.85
702755,NV405062,2026-03-31,Mutual Fund - Debt,SIP,1302.69
702756,NV405063,2026-03-03,ETF,Lumpsum,20246.21
702757,NV405063,2026-06-06,Mutual Fund - Debt,SIP,1492.12
702758,NV405066,2026-03-07,Mutual Fund - Equity,Lumpsum,7361.64
702759,NV405066,2026-06-11,ETF,Lumpsum,8740.12
702760,NV405069,2026-03-25,ETF,Lumpsum,10771.4
702761,NV405069,2026-04-17,Mutual Fund - Equity,SIP,1811.8
702762,NV405073,2026-03-12,Direct Stocks,SIP,4248.91
702763,NV405074,2026-03-26,Mutual Fund - Debt,SIP,2988.42
702764,NV405074,2026-06-05,Mutual Fund - Equity,Lumpsum,25587.06
702765,NV405079,2026-03-06,Mutual Fund - Debt,SIP,4049.64
702766,NV405079,2026-06-12,ETF,Lumpsum,7218.85
702767,NV405080,2026-03-23,Direct Stocks,Lumpsum,28161.6
702768,NV405085,2026-03-07,Mutual Fund - Equity,Lumpsum,11613.97
702769,NV405086,2026-03-31,Direct Stocks,SIP,5467.55
702770,NV405086,2026-07-22,Mutual Fund - Hybrid,Lumpsum,16542.81
702771,NV405088,2026-03-07,Mutual Fund - Equity,SIP,1157.42
702772,NV405090,2026-03-04,Direct Stocks,SIP,6186.48
702773,NV405091,2026-03-23,Direct Stocks,SIP,4027.0
702774,NV405093,2026-03-30,ETF,SIP,1757.02
702775,NV405094,2026-03-21,Direct Stocks,SIP,3943.39
702776,NV405095,2026-03-16,Mutual Fund - Hybrid,SIP,2091.2
702777,NV405097,2026-03-01,Mutual Fund - Hybrid,SIP,3220.52
702778,NV405099,2026-03-08,Direct Stocks,SIP,3780.87
702779,NV405099,2026-04-18,Mutual Fund - Equity,Lumpsum,18724.23
702780,NV405101,2026-03-22,Mutual Fund - Equity,SIP,3919.35
702781,NV405101,2026-06-22,ETF,SIP,3803.76
702782,NV405103,2026-03-25,Mutual Fund - Equity,SIP,1329.87
702783,NV405104,2026-03-23,Mutual Fund - Equity,SIP,3959.48
702784,NV405107,2026-03-11,Mutual Fund - Equity,Lumpsum,6438.89
702785,NV405108,2026-03-21,Mutual Fund - Debt,SIP,4368.21
702786,NV405109,2026-03-05,Direct Stocks,SIP,4636.13
702787,NV405109,2026-06-02,Mutual Fund - Debt,SIP,1554.9
702788,NV405110,2026-03-09,ETF,Lumpsum,19230.56
702789,NV405111,2026-04-01,Mutual Fund - Equity,SIP,1055.45
702790,NV405112,2026-03-17,Mutual Fund - Hybrid,SIP,1690.61
702791,NV405112,2026-05-06,ETF,Lumpsum,23102.39
702792,NV405118,2026-03-14,Mutual Fund - Debt,Lumpsum,14418.36
702793,NV405119,2026-03-17,Mutual Fund - Hybrid,SIP,2481.67
702794,NV405123,2026-03-06,Mutual Fund - Hybrid,Lumpsum,25938.9
702795,NV405124,2026-03-19,Mutual Fund - Equity,Lumpsum,24159.68
702796,NV405124,2026-07-11,Direct Stocks,Lumpsum,8800.26
702797,NV405135,2026-03-23,Mutual Fund - Equity,SIP,3116.64
702798,NV405142,2026-03-19,ETF,SIP,1583.96
702799,NV405144,2026-03-15,Direct Stocks,SIP,3815.24
702800,NV405144,2026-04-17,Mutual Fund - Hybrid,Lumpsum,5721.01
702801,NV405145,2026-03-11,Mutual Fund - Debt,Lumpsum,30550.12
702802,NV405145,2026-06-03,Mutual Fund - Hybrid,Lumpsum,8576.7
702803,NV405146,2026-03-21,Mutual Fund - Equity,SIP,2232.81
702804,NV405148,2026-03-17,Mutual Fund - Equity,SIP,5148.07
702805,NV405151,2026-03-30,ETF,Lumpsum,12050.65
702806,NV405155,2026-03-10,Mutual Fund - Equity,SIP,2663.37
702807,NV405157,2026-03-24,Mutual Fund - Equity,SIP,6590.02
702808,NV405158,2026-03-19,Direct Stocks,SIP,1595.48
702809,NV405159,2026-04-01,Mutual Fund - Debt,Lumpsum,6524.11
702810,NV405161,2026-03-18,Mutual Fund - Equity,Lumpsum,10614.09
702811,NV405163,2026-03-17,Mutual Fund - Equity,Lumpsum,31871.81
702812,NV405164,2026-03-23,Mutual Fund - Hybrid,SIP,3159.79
702813,NV405164,2026-07-03,Mutual Fund - Debt,Lumpsum,7283.36
702814,NV405168,2026-04-03,Direct Stocks,SIP,1878.91
702815,NV405170,2026-03-29,Mutual Fund - Equity,Lumpsum,10523.13
702816,NV405170,2026-07-09,Mutual Fund - Hybrid,SIP,1000.69
702817,NV405173,2026-03-24,Direct Stocks,SIP,3585.83
702818,NV405177,2026-03-28,Mutual Fund - Hybrid,SIP,1379.5
702819,NV405181,2026-03-21,Direct Stocks,SIP,1377.74
702820,NV405183,2026-03-29,Direct Stocks,Lumpsum,6716.86
702821,NV405183,2026-06-15,Mutual Fund - Hybrid,SIP,1156.62
702822,NV405184,2026-03-30,Mutual Fund - Debt,Lumpsum,10890.09
702823,NV405192,2026-04-01,Mutual Fund - Debt,SIP,2054.17
702824,NV405193,2026-03-06,Mutual Fund - Hybrid,Lumpsum,9117.62
702825,NV405197,2026-03-17,Mutual Fund - Equity,SIP,7288.87
702826,NV405198,2026-03-28,Mutual Fund - Equity,Lumpsum,5266.49
702827,NV405198,2026-07-03,Mutual Fund - Hybrid,Lumpsum,6934.37
702828,NV405199,2026-03-12,Mutual Fund - Hybrid,SIP,1802.0
702829,NV405199,2026-05-04,Mutual Fund - Debt,SIP,751.12
702830,NV405200,2026-03-09,Mutual Fund - Hybrid,Lumpsum,14968.31
702831,NV405201,2026-03-07,Mutual Fund - Equity,Lumpsum,9053.88
702832,NV405201,2026-06-04,Mutual Fund - Debt,Lumpsum,7627.81
702833,NV405202,2026-03-18,Mutual Fund - Debt,SIP,2352.68
702834,NV405202,2026-04-10,Mutual Fund - Equity,SIP,2207.99
702835,NV405205,2026-03-12,Direct Stocks,SIP,4004.96
702836,NV405205,2026-06-07,Mutual Fund - Equity,Lumpsum,27110.6
702837,NV405206,2026-03-31,Mutual Fund - Debt,SIP,1469.94
702838,NV405207,2026-03-22,Direct Stocks,SIP,1803.51
702839,NV405208,2026-03-09,Mutual Fund - Equity,SIP,4174.49
702840,NV405209,2026-03-17,Mutual Fund - Equity,SIP,1542.19
702841,NV405209,2026-06-17,Direct Stocks,SIP,4331.02
702842,NV405212,2026-03-21,Mutual Fund - Debt,SIP,4676.79
702843,NV405213,2026-03-20,Mutual Fund - Hybrid,SIP,2893.36
702844,NV405214,2026-03-05,ETF,SIP,1766.66
702845,NV405214,2026-04-12,Mutual Fund - Debt,SIP,2157.43
702846,NV405216,2026-03-22,Mutual Fund - Equity,SIP,3390.5
702847,NV405216,2026-04-17,Mutual Fund - Debt,Lumpsum,14254.06
702848,NV405217,2026-03-02,Direct Stocks,Lumpsum,11679.11
702849,NV405222,2026-03-29,Direct Stocks,SIP,2896.84
702850,NV405222,2026-05-30,Mutual Fund - Debt,Lumpsum,7348.86
702851,NV405225,2026-03-13,Mutual Fund - Equity,SIP,3136.64
702852,NV405229,2026-03-21,Mutual Fund - Hybrid,SIP,1570.02
702853,NV405231,2026-03-25,Direct Stocks,SIP,1516.4
702854,NV405231,2026-06-18,Mutual Fund - Equity,SIP,937.64
702855,NV405233,2026-03-30,Mutual Fund - Equity,SIP,2749.77
702856,NV405236,2026-03-20,Mutual Fund - Equity,Lumpsum,7215.04
702857,NV405236,2026-06-12,ETF,SIP,1927.38
702858,NV405237,2026-03-15,Mutual Fund - Equity,SIP,4164.85
702859,NV405240,2026-03-08,Mutual Fund - Equity,SIP,4028.31
702860,NV405241,2026-03-17,Mutual Fund - Equity,SIP,1962.12
702861,NV405243,2026-03-14,Mutual Fund - Equity,SIP,1422.52
702862,NV405244,2026-03-25,Mutual Fund - Equity,SIP,3858.04
702863,NV405244,2026-07-15,Direct Stocks,SIP,2901.32
702864,NV405245,2026-03-17,ETF,Lumpsum,32269.69
702865,NV405248,2026-03-22,Mutual Fund - Equity,SIP,2856.97
702866,NV405248,2026-05-09,Mutual Fund - Hybrid,Lumpsum,20629.19
702867,NV405250,2026-03-25,Mutual Fund - Hybrid,SIP,1418.0
702868,NV405251,2026-03-16,Mutual Fund - Equity,SIP,2656.48
702869,NV405253,2026-03-06,Mutual Fund - Hybrid,SIP,1080.24
702870,NV405259,2026-03-05,ETF,SIP,2095.17
702871,NV405259,2026-04-11,Mutual Fund - Debt,SIP,2614.82
702872,NV405261,2026-03-21,Mutual Fund - Hybrid,Lumpsum,9689.12
702873,NV405261,2026-07-15,Mutual Fund - Equity,Lumpsum,7618.59
702874,NV405262,2026-03-30,Direct Stocks,SIP,2977.61
702875,NV405263,2026-03-10,Mutual Fund - Hybrid,Lumpsum,3316.87
702876,NV405265,2026-03-25,Mutual Fund - Debt,SIP,4232.53
702877,NV405265,2026-04-22,Mutual Fund - Hybrid,Lumpsum,4295.58
702878,NV405268,2026-03-20,Mutual Fund - Equity,Lumpsum,13475.09
702879,NV405272,2026-03-14,Mutual Fund - Debt,SIP,2751.77
702880,NV405273,2026-03-14,Mutual Fund - Debt,Lumpsum,14034.06
702881,NV405275,2026-03-23,Mutual Fund - Hybrid,SIP,1175.28
702882,NV405277,2026-03-20,Mutual Fund - Equity,SIP,2627.72
702883,NV405279,2026-03-14,Mutual Fund - Equity,Lumpsum,15841.68
702884,NV405287,2026-03-19,Direct Stocks,Lumpsum,30540.27
702885,NV405289,2026-03-20,Mutual Fund - Equity,SIP,2098.4
702886,NV405289,2026-04-09,Direct Stocks,SIP,2439.69
702887,NV405290,2026-03-26,Direct Stocks,Lumpsum,4640.49
702888,NV405290,2026-06-22,Mutual Fund - Debt,SIP,3798.97
702889,NV405292,2026-03-16,Mutual Fund - Equity,Lumpsum,12031.92
702890,NV405292,2026-05-29,ETF,SIP,4212.46
702891,NV405294,2026-03-31,Mutual Fund - Debt,Lumpsum,31616.24
702892,NV405294,2026-04-26,Mutual Fund - Equity,SIP,2623.79
702893,NV405297,2026-03-10,Mutual Fund - Debt,SIP,1226.16
702894,NV405303,2026-03-16,Mutual Fund - Equity,Lumpsum,17102.39
702895,NV405308,2026-03-17,Mutual Fund - Debt,Lumpsum,11422.18
702896,NV405309,2026-03-22,Direct Stocks,SIP,3609.23
702897,NV405313,2026-03-28,Direct Stocks,Lumpsum,8880.38
702898,NV405313,2026-06-28,Mutual Fund - Hybrid,SIP,904.6
702899,NV405314,2026-03-19,Mutual Fund - Hybrid,SIP,3939.63
702900,NV405314,2026-04-18,Mutual Fund - Equity,SIP,1148.38
702901,NV405316,2026-03-27,Mutual Fund - Debt,Lumpsum,4931.86
702902,NV405317,2026-03-14,Mutual Fund - Equity,Lumpsum,3178.66
702903,NV405318,2026-03-06,Mutual Fund - Equity,Lumpsum,31840.19
702904,NV405318,2026-05-07,Mutual Fund - Debt,SIP,1192.25
702905,NV405319,2026-03-04,Direct Stocks,SIP,3632.26
702906,NV405320,2026-03-31,Direct Stocks,Lumpsum,14205.19
702907,NV405320,2026-07-09,Mutual Fund - Debt,Lumpsum,12130.93
702908,NV405325,2026-03-20,Direct Stocks,SIP,3225.92
702909,NV405326,2026-04-01,Mutual Fund - Equity,Lumpsum,19034.54
702910,NV405326,2026-06-15,Mutual Fund - Hybrid,SIP,1256.72
702911,NV405328,2026-03-22,ETF,SIP,3294.69
702912,NV405328,2026-07-02,Mutual Fund - Equity,SIP,2351.53
702913,NV405330,2026-03-07,Direct Stocks,SIP,3084.42
702914,NV405334,2026-03-10,ETF,Lumpsum,21635.16
702915,NV405334,2026-05-04,Mutual Fund - Hybrid,Lumpsum,7908.76
702916,NV405335,2026-03-12,Mutual Fund - Debt,SIP,1901.58
702917,NV405338,2026-03-24,Mutual Fund - Hybrid,Lumpsum,15866.75
702918,NV405341,2026-03-31,Direct Stocks,SIP,2556.09
702919,NV405342,2026-03-14,Mutual Fund - Debt,Lumpsum,7977.22
702920,NV405343,2026-04-09,Mutual Fund - Debt,SIP,5083.12
702921,NV405345,2026-03-01,Mutual Fund - Equity,SIP,2007.72
702922,NV405346,2026-03-06,ETF,SIP,5356.17
702923,NV405347,2026-03-04,Mutual Fund - Equity,Lumpsum,7061.3
702924,NV405351,2026-03-29,Mutual Fund - Equity,SIP,5985.08
702925,NV405351,2026-06-29,Mutual Fund - Debt,SIP,3167.21
702926,NV405353,2026-03-24,Mutual Fund - Equity,SIP,2827.08
702927,NV405355,2026-04-06,Mutual Fund - Equity,SIP,2627.34
702928,NV405355,2026-06-16,Mutual Fund - Hybrid,SIP,1417.37
702929,NV405357,2026-03-17,Mutual Fund - Equity,SIP,1145.72
702930,NV405359,2026-03-18,Direct Stocks,Lumpsum,6211.06
702931,NV405360,2026-03-14,Mutual Fund - Hybrid,Lumpsum,19986.63
702932,NV405361,2026-03-15,Mutual Fund - Hybrid,SIP,3299.35
702933,NV405361,2026-04-17,ETF,SIP,1524.85
702934,NV405363,2026-03-22,Mutual Fund - Hybrid,Lumpsum,4227.92
702935,NV405364,2026-03-31,ETF,Lumpsum,8575.94
702936,NV405364,2026-05-27,Mutual Fund - Hybrid,Lumpsum,55471.88
702937,NV405365,2026-03-21,Mutual Fund - Equity,SIP,1632.11
702938,NV405367,2026-03-14,Mutual Fund - Equity,SIP,1732.55
702939,NV405368,2026-03-04,Mutual Fund - Equity,SIP,1951.57
702940,NV405377,2026-03-09,Mutual Fund - Debt,SIP,2982.47
702941,NV405379,2026-03-30,Mutual Fund - Equity,Lumpsum,8498.13
702942,NV405379,2026-05-17,Direct Stocks,SIP,1417.47
702943,NV405380,2026-03-13,Mutual Fund - Equity,SIP,1337.74
702944,NV405382,2026-03-20,Direct Stocks,SIP,9165.56
702945,NV405384,2026-03-19,Direct Stocks,Lumpsum,9277.17
702946,NV405385,2026-03-28,Mutual Fund - Equity,SIP,8599.28
702947,NV405385,2026-05-04,Direct Stocks,Lumpsum,10579.14
702948,NV405388,2026-03-21,Direct Stocks,SIP,1429.86
702949,NV405388,2026-05-16,Mutual Fund - Hybrid,Lumpsum,8081.61
702950,NV405391,2026-03-16,Direct Stocks,Lumpsum,11944.46
702951,NV405395,2026-03-27,Mutual Fund - Debt,SIP,6587.34
702952,NV405395,2026-06-06,Mutual Fund - Equity,SIP,3275.1
702953,NV405397,2026-03-15,ETF,SIP,2705.63
702954,NV405398,2026-03-11,Direct Stocks,Lumpsum,15712.75
702955,NV405398,2026-03-31,Mutual Fund - Debt,Lumpsum,10524.22
702956,NV405399,2026-03-28,Mutual Fund - Equity,SIP,1706.49
702957,NV405402,2026-04-01,Mutual Fund - Equity,SIP,3060.13
702958,NV405402,2026-06-28,Mutual Fund - Debt,Lumpsum,21676.83
702959,NV405403,2026-03-31,Mutual Fund - Hybrid,Lumpsum,8230.28
702960,NV405403,2026-07-05,Direct Stocks,SIP,1179.29
702961,NV405407,2026-03-28,Mutual Fund - Equity,Lumpsum,16972.77
702962,NV405410,2026-03-03,Mutual Fund - Equity,SIP,5857.08
702963,NV405412,2026-03-24,Mutual Fund - Debt,SIP,10531.95
702964,NV405412,2026-05-11,Direct Stocks,Lumpsum,26231.62
702965,NV405418,2026-03-17,Mutual Fund - Hybrid,SIP,5032.73
702966,NV405418,2026-06-13,Mutual Fund - Equity,Lumpsum,6355.24
702967,NV405424,2026-03-21,Mutual Fund - Equity,Lumpsum,14111.74
702968,NV405425,2026-03-04,Mutual Fund - Equity,Lumpsum,9834.87
702969,NV405425,2026-06-19,Direct Stocks,SIP,3513.35
702970,NV405428,2026-03-23,Direct Stocks,Lumpsum,9752.94
702971,NV405434,2026-03-24,Mutual Fund - Equity,Lumpsum,19429.53
702972,NV405434,2026-05-08,Direct Stocks,SIP,828.54
702973,NV405436,2026-03-11,Direct Stocks,Lumpsum,10308.38
702974,NV405436,2026-05-06,Mutual Fund - Hybrid,Lumpsum,10955.75
702975,NV405440,2026-03-19,Mutual Fund - Hybrid,Lumpsum,26074.48
702976,NV405441,2026-03-06,ETF,SIP,2608.91
702977,NV405444,2026-03-20,Direct Stocks,SIP,2083.2
702978,NV405446,2026-03-29,Direct Stocks,Lumpsum,9156.93
702979,NV405448,2026-03-07,Direct Stocks,Lumpsum,17566.39
702980,NV405449,2026-03-14,Mutual Fund - Equity,SIP,1547.97
702981,NV405450,2026-04-04,Mutual Fund - Equity,Lumpsum,8549.88
702982,NV405451,2026-03-19,Mutual Fund - Hybrid,SIP,3531.78
702983,NV405455,2026-03-11,Mutual Fund - Equity,Lumpsum,18074.29
702984,NV405458,2026-04-07,ETF,Lumpsum,22514.48
702985,NV405462,2026-03-24,Mutual Fund - Hybrid,SIP,3348.37
702986,NV405462,2026-06-27,Mutual Fund - Equity,SIP,1867.54
702987,NV405464,2026-03-15,Mutual Fund - Equity,SIP,2646.23
702988,NV405464,2026-06-13,Mutual Fund - Debt,Lumpsum,2133.17
702989,NV405467,2026-03-11,Mutual Fund - Equity,SIP,2459.49
702990,NV405467,2026-04-01,Direct Stocks,Lumpsum,3952.23
702991,NV405468,2026-03-09,Mutual Fund - Hybrid,SIP,2684.78
702992,NV405468,2026-04-11,Mutual Fund - Equity,Lumpsum,4372.05
702993,NV405472,2026-03-25,Mutual Fund - Hybrid,SIP,4141.64
702994,NV405472,2026-04-21,Direct Stocks,SIP,808.14
702995,NV405474,2026-03-27,Mutual Fund - Equity,Lumpsum,10879.59
702996,NV405474,2026-07-04,Mutual Fund - Debt,Lumpsum,10687.29
702997,NV405475,2026-03-16,Mutual Fund - Debt,SIP,7310.11
702998,NV405476,2026-03-08,Mutual Fund - Equity,Lumpsum,12836.17
702999,NV405476,2026-05-10,Mutual Fund - Debt,SIP,3429.98
703000,NV405477,2026-03-29,Mutual Fund - Equity,Lumpsum,7968.08
703001,NV405477,2026-07-13,Mutual Fund - Debt,SIP,1285.89
703002,NV405478,2026-03-13,Mutual Fund - Equity,Lumpsum,15201.25
703003,NV405479,2026-03-07,Direct Stocks,Lumpsum,7377.24
703004,NV405479,2026-05-11,ETF,SIP,3543.25
703005,NV405480,2026-03-21,Mutual Fund - Debt,Lumpsum,17349.26
703006,NV405485,2026-04-04,Mutual Fund - Equity,Lumpsum,38873.69
703007,NV405485,2026-06-20,Direct Stocks,SIP,1700.41
703008,NV405488,2026-03-30,Mutual Fund - Equity,SIP,17790.98
703009,NV405489,2026-03-24,Mutual Fund - Hybrid,Lumpsum,14935.99
703010,NV405493,2026-03-24,Mutual Fund - Equity,SIP,3507.5
703011,NV405497,2026-03-29,ETF,SIP,13051.73
703012,NV405498,2026-03-24,Mutual Fund - Equity,Lumpsum,32398.67
703013,NV405503,2026-03-13,Mutual Fund - Debt,SIP,4333.4
703014,NV405506,2026-03-22,Direct Stocks,Lumpsum,19990.86
703015,NV405506,2026-06-30,Mutual Fund - Debt,Lumpsum,1619.0
703016,NV405508,2026-03-15,Mutual Fund - Equity,SIP,2486.86
703017,NV405508,2026-06-20,ETF,Lumpsum,18212.63
703018,NV405509,2026-03-10,Direct Stocks,SIP,6638.41
703019,NV405509,2026-06-17,Mutual Fund - Debt,Lumpsum,14501.35
703020,NV405512,2026-03-29,Mutual Fund - Hybrid,Lumpsum,14489.67
703021,NV405517,2026-03-09,Direct Stocks,SIP,1102.1
703022,NV405522,2026-03-07,Mutual Fund - Equity,SIP,3068.47
703023,NV405523,2026-03-12,Mutual Fund - Equity,SIP,2331.89
703024,NV405524,2026-03-06,Direct Stocks,SIP,1572.23
703025,NV405525,2026-03-06,Mutual Fund - Debt,Lumpsum,20113.94
703026,NV405526,2026-03-26,Mutual Fund - Hybrid,SIP,3187.13
703027,NV405526,2026-05-12,ETF,SIP,2728.31
703028,NV405527,2026-03-26,Mutual Fund - Hybrid,SIP,3069.19
703029,NV405527,2026-06-14,Mutual Fund - Debt,Lumpsum,7204.83
703030,NV405528,2026-03-18,Mutual Fund - Equity,SIP,1803.94
703031,NV405528,2026-05-14,Mutual Fund - Debt,Lumpsum,6413.32
703032,NV405529,2026-03-27,Mutual Fund - Equity,Lumpsum,7922.24
703033,NV405530,2026-03-17,Mutual Fund - Equity,Lumpsum,12138.43
703034,NV405532,2026-03-10,Mutual Fund - Debt,SIP,2275.1
703035,NV405533,2026-03-06,Direct Stocks,Lumpsum,15259.9
703036,NV405533,2026-04-27,Mutual Fund - Hybrid,Lumpsum,18248.99
703037,NV405534,2026-03-30,Mutual Fund - Equity,SIP,4331.17
703038,NV405538,2026-03-22,Mutual Fund - Equity,SIP,4780.19
703039,NV405542,2026-03-31,Mutual Fund - Hybrid,Lumpsum,8183.6
703040,NV405544,2026-03-26,Direct Stocks,SIP,2513.27
703041,NV405544,2026-05-11,Mutual Fund - Hybrid,SIP,4328.34
703042,NV405546,2026-03-15,Mutual Fund - Equity,Lumpsum,11473.25
703043,NV405547,2026-03-26,Mutual Fund - Hybrid,SIP,2022.2
703044,NV405547,2026-06-17,ETF,SIP,941.12
703045,NV405549,2026-03-10,ETF,SIP,1820.84
703046,NV405549,2026-04-08,Direct Stocks,SIP,749.2
703047,NV405551,2026-03-27,Mutual Fund - Debt,SIP,5419.72
703048,NV405555,2026-04-02,Mutual Fund - Equity,SIP,2437.44
703049,NV405556,2026-03-15,Mutual Fund - Equity,Lumpsum,15357.73
703050,NV405556,2026-05-11,ETF,SIP,1561.2
703051,NV405557,2026-03-12,ETF,Lumpsum,14690.52
703052,NV405558,2026-04-01,Mutual Fund - Equity,SIP,3322.76
703053,NV405561,2026-03-15,Direct Stocks,Lumpsum,26285.42
703054,NV405563,2026-03-14,Mutual Fund - Equity,SIP,2327.56
703055,NV405565,2026-03-18,Direct Stocks,Lumpsum,32738.03
703056,NV405566,2026-03-08,Mutual Fund - Debt,Lumpsum,14821.53
703057,NV405574,2026-03-04,Direct Stocks,SIP,4776.98
703058,NV405577,2026-03-02,Mutual Fund - Debt,SIP,2760.26
703059,NV405577,2026-04-23,Mutual Fund - Equity,Lumpsum,18945.96
703060,NV405582,2026-03-07,Direct Stocks,SIP,1225.29
703061,NV405584,2026-03-20,Mutual Fund - Equity,Lumpsum,8861.78
703062,NV405586,2026-03-28,Mutual Fund - Debt,Lumpsum,4888.45
703063,NV405590,2026-03-30,Mutual Fund - Equity,SIP,2841.07
703064,NV405591,2026-03-20,Mutual Fund - Equity,Lumpsum,11024.26
703065,NV405593,2026-03-19,Mutual Fund - Debt,SIP,1945.8
703066,NV405593,2026-05-30,Direct Stocks,SIP,2617.4
703067,NV405599,2026-03-26,Mutual Fund - Equity,Lumpsum,3372.77
703068,NV405601,2026-03-06,Mutual Fund - Equity,SIP,1956.05
703069,NV405602,2026-03-19,Mutual Fund - Equity,SIP,2017.74
703070,NV405603,2026-03-25,Mutual Fund - Debt,SIP,5805.23
703071,NV405606,2026-03-06,Mutual Fund - Equity,SIP,1475.77
703072,NV405606,2026-05-17,Mutual Fund - Debt,SIP,1693.97
703073,NV405611,2026-03-17,Direct Stocks,SIP,3947.68
703074,NV405614,2026-03-14,Mutual Fund - Equity,Lumpsum,18762.98
703075,NV405615,2026-03-06,Mutual Fund - Debt,Lumpsum,3500.67
703076,NV405616,2026-03-09,Mutual Fund - Equity,Lumpsum,6701.38
703077,NV405617,2026-03-20,Mutual Fund - Hybrid,SIP,4179.51
703078,NV405617,2026-05-14,Mutual Fund - Debt,Lumpsum,5562.97
703079,NV405618,2026-03-10,Mutual Fund - Equity,SIP,1558.77
703080,NV405618,2026-07-07,Direct Stocks,SIP,1967.79
703081,NV405619,2026-03-31,Mutual Fund - Equity,SIP,4192.68
703082,NV405619,2026-06-21,Mutual Fund - Debt,Lumpsum,11421.04
703083,NV405624,2026-03-19,Mutual Fund - Debt,SIP,2801.67
703084,NV405626,2026-03-13,Mutual Fund - Hybrid,SIP,3358.74
703085,NV405628,2026-03-08,Direct Stocks,SIP,2830.75
703086,NV405628,2026-05-20,Mutual Fund - Debt,Lumpsum,4229.99
703087,NV405629,2026-03-16,Mutual Fund - Equity,Lumpsum,48079.23
703088,NV405630,2026-04-01,Direct Stocks,SIP,3224.22
703089,NV405630,2026-07-23,Mutual Fund - Debt,SIP,4046.81
703090,NV405631,2026-04-01,Mutual Fund - Equity,Lumpsum,13120.03
703091,NV405632,2026-03-16,Direct Stocks,SIP,2804.16
703092,NV405634,2026-03-16,Mutual Fund - Equity,Lumpsum,14035.35
703093,NV405634,2026-06-02,Mutual Fund - Debt,Lumpsum,17592.44
703094,NV405635,2026-03-20,Direct Stocks,Lumpsum,5025.02
703095,NV405637,2026-03-31,Mutual Fund - Hybrid,SIP,2106.92
703096,NV405639,2026-03-12,Mutual Fund - Hybrid,SIP,4136.36
703097,NV405640,2026-04-04,Mutual Fund - Debt,SIP,2531.67
703098,NV405640,2026-06-28,Mutual Fund - Hybrid,SIP,2276.46
703099,NV405644,2026-03-29,Direct Stocks,Lumpsum,24083.98
703100,NV405644,2026-05-25,ETF,SIP,500.0
703101,NV405645,2026-03-30,Mutual Fund - Equity,SIP,7643.49
703102,NV405646,2026-03-06,Direct Stocks,SIP,5203.68
703103,NV405646,2026-05-27,Mutual Fund - Hybrid,Lumpsum,5083.65
703104,NV405647,2026-03-13,Mutual Fund - Equity,Lumpsum,9108.54
703105,NV405647,2026-04-05,ETF,SIP,2078.61
703106,NV405655,2026-03-09,Mutual Fund - Equity,Lumpsum,18416.7
703107,NV405656,2026-03-06,Mutual Fund - Hybrid,Lumpsum,15120.91
703108,NV405660,2026-03-27,Direct Stocks,SIP,2019.02
703109,NV405660,2026-05-13,ETF,Lumpsum,9986.79
703110,NV405661,2026-03-27,ETF,SIP,1684.8
703111,NV405663,2026-03-05,Mutual Fund - Hybrid,SIP,4368.2
703112,NV405663,2026-06-15,Mutual Fund - Debt,SIP,1093.13
703113,NV405665,2026-03-21,Mutual Fund - Equity,Lumpsum,14845.57
703114,NV405667,2026-03-08,Mutual Fund - Equity,Lumpsum,9007.21
703115,NV405672,2026-03-17,ETF,SIP,2087.7
703116,NV405676,2026-03-05,Mutual Fund - Equity,SIP,2083.14
703117,NV405678,2026-03-04,Mutual Fund - Debt,SIP,6314.6
703118,NV405680,2026-03-31,Mutual Fund - Hybrid,Lumpsum,9138.31
703119,NV405684,2026-03-21,ETF,Lumpsum,8592.75
703120,NV405686,2026-03-18,Mutual Fund - Equity,Lumpsum,14238.57
703121,NV405691,2026-03-12,Direct Stocks,SIP,2608.35
703122,NV405691,2026-04-22,Mutual Fund - Equity,Lumpsum,5511.27
703123,NV405693,2026-03-23,Mutual Fund - Equity,Lumpsum,17336.92
703124,NV405696,2026-03-16,Mutual Fund - Equity,SIP,4085.84
703125,NV405701,2026-03-05,Mutual Fund - Hybrid,Lumpsum,15260.72
703126,NV405702,2026-03-09,Mutual Fund - Equity,SIP,2535.55
703127,NV405702,2026-05-19,ETF,Lumpsum,9071.13
703128,NV405703,2026-03-05,Mutual Fund - Hybrid,SIP,4136.45
703129,NV405703,2026-05-26,Mutual Fund - Equity,Lumpsum,13630.6
703130,NV405705,2026-03-09,Mutual Fund - Hybrid,SIP,1824.52
703131,NV405706,2026-03-11,Mutual Fund - Hybrid,Lumpsum,6977.35
703132,NV405707,2026-03-06,ETF,Lumpsum,15939.73
703133,NV405710,2026-03-27,Direct Stocks,SIP,2092.37
703134,NV405713,2026-03-09,Mutual Fund - Equity,Lumpsum,34292.33
703135,NV405713,2026-06-05,Mutual Fund - Hybrid,Lumpsum,8136.18
703136,NV405715,2026-03-05,Mutual Fund - Hybrid,SIP,9628.83
703137,NV405716,2026-03-25,Mutual Fund - Equity,Lumpsum,12221.19
703138,NV405716,2026-05-10,Mutual Fund - Debt,Lumpsum,7517.89
703139,NV405718,2026-03-30,Mutual Fund - Hybrid,Lumpsum,14575.27
703140,NV405718,2026-05-04,Mutual Fund - Equity,Lumpsum,6292.91
703141,NV405721,2026-03-16,ETF,SIP,2928.72
703142,NV405721,2026-07-10,Mutual Fund - Debt,Lumpsum,2235.82
703143,NV405722,2026-03-11,Mutual Fund - Equity,SIP,2395.34
703144,NV405722,2026-04-15,Mutual Fund - Debt,SIP,3879.09
703145,NV405723,2026-03-24,Mutual Fund - Equity,SIP,5200.08
703146,NV405725,2026-03-08,Mutual Fund - Equity,SIP,712.74
703147,NV405725,2026-06-06,ETF,SIP,1463.29
703148,NV405726,2026-03-05,Mutual Fund - Equity,SIP,2338.41
703149,NV405726,2026-04-21,Mutual Fund - Hybrid,SIP,2626.12
703150,NV405728,2026-03-31,Direct Stocks,SIP,3077.19
703151,NV405731,2026-03-04,Mutual Fund - Hybrid,SIP,2468.87
703152,NV405731,2026-04-15,Direct Stocks,Lumpsum,9691.55
703153,NV405732,2026-03-13,Mutual Fund - Hybrid,SIP,2000.98
703154,NV405733,2026-03-05,Mutual Fund - Hybrid,Lumpsum,14996.24
703155,NV405735,2026-03-24,Mutual Fund - Hybrid,SIP,4531.57
703156,NV405736,2026-03-19,Mutual Fund - Equity,SIP,4043.4
703157,NV405738,2026-03-25,Mutual Fund - Equity,Lumpsum,5034.9
703158,NV405740,2026-03-31,Mutual Fund - Equity,Lumpsum,15974.1
703159,NV405740,2026-06-01,Direct Stocks,SIP,2622.59
703160,NV405741,2026-03-05,Mutual Fund - Equity,Lumpsum,12235.68
703161,NV405742,2026-03-28,Mutual Fund - Debt,SIP,2354.28
703162,NV405750,2026-03-10,Mutual Fund - Equity,Lumpsum,23735.86
703163,NV405751,2026-03-02,Direct Stocks,Lumpsum,40012.52
703164,NV405755,2026-03-13,Mutual Fund - Equity,Lumpsum,12432.33
703165,NV405755,2026-05-11,Mutual Fund - Hybrid,SIP,2947.6
703166,NV405756,2026-03-30,Mutual Fund - Equity,SIP,889.45
703167,NV405758,2026-03-18,Mutual Fund - Hybrid,SIP,4249.62
703168,NV405758,2026-04-29,Direct Stocks,Lumpsum,4466.75
703169,NV405759,2026-03-27,Direct Stocks,SIP,2613.03
703170,NV405764,2026-03-14,Mutual Fund - Equity,Lumpsum,10701.87
703171,NV405772,2026-03-24,Direct Stocks,SIP,2586.83
703172,NV405773,2026-04-01,Direct Stocks,SIP,2224.19
703173,NV405773,2026-07-21,ETF,SIP,1503.62
703174,NV405775,2026-03-24,ETF,SIP,4853.31
703175,NV405775,2026-06-24,Mutual Fund - Equity,Lumpsum,10064.16
703176,NV405776,2026-03-17,Mutual Fund - Equity,SIP,1915.36
703177,NV405779,2026-03-18,Mutual Fund - Debt,Lumpsum,36107.59
703178,NV405780,2026-03-20,Direct Stocks,Lumpsum,7673.35
703179,NV405782,2026-03-14,Mutual Fund - Hybrid,SIP,2579.39
703180,NV405783,2026-04-01,Mutual Fund - Equity,Lumpsum,4234.64
703181,NV405783,2026-05-17,Mutual Fund - Debt,SIP,2871.37
703182,NV405784,2026-03-20,Mutual Fund - Debt,Lumpsum,25803.96
703183,NV405786,2026-03-05,Mutual Fund - Debt,SIP,15333.21
703184,NV405791,2026-03-25,Direct Stocks,SIP,5744.06
703185,NV405793,2026-03-16,Mutual Fund - Equity,SIP,5181.1
703186,NV405794,2026-03-10,Mutual Fund - Equity,Lumpsum,7053.65
703187,NV405795,2026-03-09,Mutual Fund - Debt,SIP,2404.93
703188,NV405798,2026-03-08,Direct Stocks,SIP,2144.43
703189,NV405799,2026-03-23,Mutual Fund - Equity,Lumpsum,5266.15
703190,NV405799,2026-06-03,ETF,Lumpsum,12270.18
703191,NV405801,2026-03-31,Direct Stocks,SIP,2058.72
703192,NV405801,2026-07-25,Mutual Fund - Hybrid,Lumpsum,14286.8
703193,NV405802,2026-03-20,ETF,SIP,1649.69
703194,NV405803,2026-03-17,ETF,SIP,4511.22
703195,NV405804,2026-03-04,Mutual Fund - Debt,SIP,6024.3
703196,NV405804,2026-04-12,Mutual Fund - Hybrid,Lumpsum,8269.75
703197,NV405807,2026-03-15,Mutual Fund - Equity,SIP,4581.73
703198,NV405810,2026-03-21,Mutual Fund - Hybrid,Lumpsum,15536.78
703199,NV405811,2026-03-23,Mutual Fund - Debt,SIP,2189.52
703200,NV405812,2026-03-12,Mutual Fund - Equity,SIP,3671.45
703201,NV405817,2026-03-23,Mutual Fund - Hybrid,SIP,5753.31
703202,NV405817,2026-04-29,Mutual Fund - Equity,Lumpsum,10544.65
703203,NV405821,2026-03-31,Mutual Fund - Equity,SIP,4367.29
703204,NV405821,2026-06-15,Mutual Fund - Debt,SIP,2390.29
703205,NV405823,2026-03-26,Mutual Fund - Equity,SIP,3502.71
703206,NV405828,2026-03-31,Direct Stocks,Lumpsum,8875.46
703207,NV405831,2026-03-29,Mutual Fund - Equity,SIP,2221.32
703208,NV405831,2026-04-29,Direct Stocks,SIP,4826.49
703209,NV405840,2026-03-25,Mutual Fund - Hybrid,Lumpsum,6136.12
703210,NV405842,2026-03-12,Mutual Fund - Debt,SIP,2429.88
703211,NV405842,2026-04-18,Mutual Fund - Equity,Lumpsum,9324.68
703212,NV405846,2026-03-15,Direct Stocks,SIP,1714.77
703213,NV405846,2026-04-08,Mutual Fund - Equity,SIP,5316.25
703214,NV405847,2026-03-22,Mutual Fund - Hybrid,SIP,2199.95
703215,NV405847,2026-05-28,Mutual Fund - Debt,SIP,2089.8
703216,NV405848,2026-03-25,Mutual Fund - Debt,Lumpsum,16130.02
703217,NV405848,2026-05-24,Direct Stocks,Lumpsum,20608.19
703218,NV405862,2026-03-31,Direct Stocks,Lumpsum,4746.02
703219,NV405866,2026-03-26,Mutual Fund - Equity,Lumpsum,8427.28
703220,NV405867,2026-03-04,Mutual Fund - Equity,Lumpsum,6529.21
703221,NV405868,2026-03-03,Mutual Fund - Equity,SIP,2393.29
703222,NV405869,2026-03-30,Mutual Fund - Equity,Lumpsum,10451.52
703223,NV405871,2026-03-10,Mutual Fund - Debt,Lumpsum,14833.17
703224,NV405874,2026-03-17,Direct Stocks,SIP,1298.32
703225,NV405875,2026-03-21,Mutual Fund - Equity,SIP,3046.34
703226,NV405875,2026-04-15,Mutual Fund - Debt,SIP,4035.37
703227,NV405877,2026-03-18,Mutual Fund - Debt,Lumpsum,6723.28
703228,NV405881,2026-03-14,Mutual Fund - Hybrid,SIP,2454.06
703229,NV405883,2026-03-04,ETF,Lumpsum,14866.98
703230,NV405885,2026-03-03,Mutual Fund - Equity,SIP,2525.83
703231,NV405885,2026-05-25,Direct Stocks,SIP,4269.99
703232,NV405887,2026-03-13,Mutual Fund - Equity,SIP,1740.38
703233,NV405888,2026-03-29,Mutual Fund - Equity,SIP,6697.47
703234,NV405889,2026-03-17,Mutual Fund - Debt,SIP,5597.02
703235,NV405892,2026-03-18,Mutual Fund - Equity,SIP,3310.63
703236,NV405892,2026-06-21,ETF,Lumpsum,9310.07
703237,NV405895,2026-03-17,Mutual Fund - Hybrid,SIP,2968.48
703238,NV405895,2026-04-23,Direct Stocks,SIP,1514.23
703239,NV405900,2026-04-03,Mutual Fund - Debt,Lumpsum,5334.24
703240,NV405903,2026-03-16,Mutual Fund - Hybrid,SIP,5202.37
703241,NV405903,2026-06-10,Mutual Fund - Equity,Lumpsum,9271.32
703242,NV405906,2026-03-28,Mutual Fund - Equity,Lumpsum,16343.57
703243,NV405908,2026-03-11,Mutual Fund - Hybrid,SIP,2130.15
703244,NV405908,2026-06-01,Direct Stocks,SIP,2006.73
703245,NV405910,2026-03-10,Mutual Fund - Debt,Lumpsum,20043.53
703246,NV405911,2026-03-23,ETF,SIP,1002.14
703247,NV405912,2026-03-25,Mutual Fund - Equity,Lumpsum,10208.12
703248,NV405914,2026-03-19,Mutual Fund - Equity,SIP,2341.06
703249,NV405914,2026-04-20,ETF,SIP,3623.72
703250,NV405915,2026-03-26,Mutual Fund - Hybrid,Lumpsum,33722.3
703251,NV405916,2026-03-31,ETF,Lumpsum,24246.25
703252,NV405916,2026-05-06,Mutual Fund - Equity,SIP,2175.86
703253,NV405917,2026-03-13,Mutual Fund - Equity,SIP,1678.09
703254,NV405921,2026-03-29,Mutual Fund - Equity,SIP,1711.71
703255,NV405921,2026-06-05,ETF,Lumpsum,7972.83
703256,NV405923,2026-03-07,Mutual Fund - Equity,SIP,6648.0
703257,NV405923,2026-04-12,Mutual Fund - Debt,SIP,2864.31
703258,NV405926,2026-03-02,Direct Stocks,SIP,1628.85
703259,NV405927,2026-03-11,Direct Stocks,SIP,4346.88
703260,NV405927,2026-06-16,Mutual Fund - Equity,Lumpsum,13995.15
703261,NV405933,2026-03-09,Mutual Fund - Hybrid,Lumpsum,4566.33
703262,NV405934,2026-03-31,Mutual Fund - Equity,Lumpsum,7431.39
703263,NV405934,2026-05-11,Mutual Fund - Debt,SIP,1316.71
703264,NV405935,2026-03-02,Direct Stocks,Lumpsum,18300.83
703265,NV405935,2026-05-11,ETF,SIP,963.39
703266,NV405938,2026-04-01,Direct Stocks,Lumpsum,6965.21
703267,NV405941,2026-03-08,ETF,Lumpsum,16176.35
703268,NV405944,2026-03-22,Direct Stocks,SIP,3372.24
703269,NV405945,2026-03-20,Mutual Fund - Debt,Lumpsum,12532.42
703270,NV405945,2026-07-10,Direct Stocks,Lumpsum,10991.75
703271,NV405947,2026-03-14,Direct Stocks,SIP,3184.41
703272,NV405950,2026-03-13,Mutual Fund - Equity,SIP,3401.12
703273,NV405950,2026-06-11,Mutual Fund - Hybrid,Lumpsum,8399.92
703274,NV405953,2026-03-03,Mutual Fund - Equity,Lumpsum,13540.81
703275,NV405953,2026-04-29,Mutual Fund - Hybrid,SIP,828.92
703276,NV405956,2026-03-17,Direct Stocks,Lumpsum,21567.62
703277,NV405963,2026-03-08,Mutual Fund - Equity,Lumpsum,10562.83
703278,NV405964,2026-03-10,Mutual Fund - Equity,SIP,2871.84
703279,NV405969,2026-03-20,Mutual Fund - Hybrid,SIP,6052.31
703280,NV405970,2026-03-18,Mutual Fund - Hybrid,SIP,3883.39
703281,NV405972,2026-03-07,Mutual Fund - Debt,SIP,1578.78
703282,NV405972,2026-06-27,Mutual Fund - Equity,SIP,2137.04
703283,NV405974,2026-03-12,Mutual Fund - Equity,Lumpsum,10669.02
703284,NV405974,2026-04-23,Mutual Fund - Hybrid,SIP,2655.47
703285,NV405975,2026-03-16,ETF,SIP,5667.05
703286,NV405975,2026-04-24,Mutual Fund - Equity,Lumpsum,22671.0
703287,NV405976,2026-03-29,Direct Stocks,SIP,673.14
703288,NV405976,2026-06-01,ETF,Lumpsum,9129.48
703289,NV405978,2026-03-26,Mutual Fund - Hybrid,Lumpsum,9686.53
703290,NV405980,2026-03-25,Mutual Fund - Equity,SIP,3180.43
703291,NV405981,2026-03-21,Direct Stocks,SIP,3658.43
703292,NV405981,2026-07-11,Mutual Fund - Hybrid,Lumpsum,6393.59
703293,NV405982,2026-03-19,Mutual Fund - Equity,SIP,3485.41
703294,NV405983,2026-03-13,Mutual Fund - Hybrid,Lumpsum,2726.31
703295,NV405985,2026-03-12,Mutual Fund - Equity,Lumpsum,17765.05
703296,NV405988,2026-03-07,Mutual Fund - Hybrid,Lumpsum,16157.13
703297,NV405989,2026-03-10,Mutual Fund - Equity,SIP,3050.06
703298,NV405989,2026-04-17,ETF,Lumpsum,10392.29
703299,NV405995,2026-03-14,Mutual Fund - Equity,Lumpsum,9288.97
703300,NV405997,2026-03-15,Mutual Fund - Hybrid,Lumpsum,10299.65
703301,NV405999,2026-03-09,Mutual Fund - Equity,Lumpsum,8207.94
703302,NV405999,2026-04-06,ETF,Lumpsum,6645.66
703303,NV406002,2026-03-21,Mutual Fund - Hybrid,SIP,2945.3
703304,NV406003,2026-03-26,Mutual Fund - Hybrid,SIP,2846.16
703305,NV406014,2026-03-28,Mutual Fund - Equity,SIP,2218.66
703306,NV406019,2026-03-19,Mutual Fund - Equity,SIP,3073.74
703307,NV406020,2026-03-21,Mutual Fund - Equity,Lumpsum,5527.41
703308,NV406020,2026-06-13,Direct Stocks,SIP,4482.11
703309,NV406022,2026-03-09,Mutual Fund - Equity,SIP,1424.18
703310,NV406023,2026-03-05,Direct Stocks,SIP,4300.0
703311,NV406023,2026-05-20,Mutual Fund - Debt,Lumpsum,3900.14
703312,NV406027,2026-03-07,Mutual Fund - Equity,SIP,2203.06
703313,NV406028,2026-03-04,Mutual Fund - Equity,SIP,1315.83
703314,NV406031,2026-05-01,Direct Stocks,Lumpsum,10604.18
703315,NV406038,2026-04-18,Mutual Fund - Hybrid,SIP,5271.7
703316,NV406040,2026-04-06,Mutual Fund - Equity,SIP,3439.59
703317,NV406046,2026-04-11,Mutual Fund - Equity,SIP,3120.48
703318,NV406048,2026-04-20,ETF,SIP,2028.04
703319,NV406049,2026-04-26,Mutual Fund - Equity,SIP,4521.23
703320,NV406049,2026-07-05,Direct Stocks,Lumpsum,14093.64
703321,NV406050,2026-05-02,ETF,Lumpsum,7352.81
703322,NV406054,2026-05-01,Mutual Fund - Equity,SIP,1483.75
703323,NV406054,2026-06-19,Mutual Fund - Hybrid,SIP,7418.98
703324,NV406060,2026-04-20,Mutual Fund - Equity,Lumpsum,8251.32
703325,NV406060,2026-05-12,Direct Stocks,SIP,3737.34
703326,NV406061,2026-04-24,Direct Stocks,Lumpsum,7254.76
703327,NV406064,2026-04-16,Mutual Fund - Debt,SIP,5241.31
703328,NV406065,2026-04-25,Mutual Fund - Equity,SIP,3043.96
703329,NV406072,2026-04-25,Mutual Fund - Equity,Lumpsum,7138.29
703330,NV406073,2026-04-07,Direct Stocks,Lumpsum,7978.03
703331,NV406074,2026-04-14,Direct Stocks,Lumpsum,14772.25
703332,NV406074,2026-06-29,ETF,SIP,5818.39
703333,NV406075,2026-04-25,Direct Stocks,SIP,2150.69
703334,NV406078,2026-04-06,Mutual Fund - Equity,SIP,2733.75
703335,NV406080,2026-04-23,ETF,SIP,8469.82
703336,NV406081,2026-04-16,Mutual Fund - Equity,Lumpsum,15464.65
703337,NV406081,2026-05-31,Direct Stocks,SIP,999.97
703338,NV406083,2026-04-19,ETF,Lumpsum,42183.69
703339,NV406088,2026-04-22,ETF,SIP,2391.74
703340,NV406088,2026-05-12,Mutual Fund - Debt,SIP,2161.26
703341,NV406091,2026-04-12,Mutual Fund - Equity,SIP,2521.69
703342,NV406092,2026-04-30,Mutual Fund - Equity,SIP,2733.84
703343,NV406094,2026-04-13,Mutual Fund - Equity,SIP,7365.7
703344,NV406099,2026-04-19,Mutual Fund - Equity,SIP,3240.08
703345,NV406099,2026-07-05,Mutual Fund - Debt,Lumpsum,8558.69
703346,NV406100,2026-04-04,Mutual Fund - Debt,Lumpsum,20343.29
703347,NV406102,2026-04-18,Direct Stocks,SIP,2056.53
703348,NV406102,2026-06-16,Mutual Fund - Hybrid,SIP,5064.87
703349,NV406103,2026-04-23,Direct Stocks,SIP,1273.63
703350,NV406104,2026-04-28,Mutual Fund - Equity,Lumpsum,22988.43
703351,NV406105,2026-04-26,Mutual Fund - Debt,SIP,3075.02
703352,NV406105,2026-06-16,Mutual Fund - Equity,SIP,1831.52
703353,NV406106,2026-04-03,ETF,SIP,6073.08
703354,NV406106,2026-04-30,Mutual Fund - Equity,SIP,2238.48
703355,NV406109,2026-04-20,Direct Stocks,SIP,2420.96
703356,NV406118,2026-04-26,Mutual Fund - Hybrid,SIP,2955.76
703357,NV406120,2026-04-11,Direct Stocks,Lumpsum,19818.66
703358,NV406120,2026-06-05,ETF,SIP,2740.14
703359,NV406121,2026-04-16,Mutual Fund - Debt,SIP,2026.01
703360,NV406125,2026-04-07,Mutual Fund - Hybrid,SIP,2951.44
703361,NV406128,2026-04-22,Mutual Fund - Hybrid,SIP,4954.76
703362,NV406130,2026-04-13,Mutual Fund - Equity,SIP,1320.61
703363,NV406131,2026-04-05,Mutual Fund - Equity,SIP,1741.05
703364,NV406133,2026-04-09,Mutual Fund - Debt,SIP,2646.12
703365,NV406133,2026-07-04,Mutual Fund - Equity,Lumpsum,3646.67
703366,NV406135,2026-04-14,Direct Stocks,SIP,3879.12
703367,NV406137,2026-04-28,Mutual Fund - Equity,SIP,2520.6
703368,NV406137,2026-07-23,Mutual Fund - Debt,Lumpsum,9343.94
703369,NV406144,2026-04-19,Direct Stocks,Lumpsum,4914.71
703370,NV406144,2026-06-12,ETF,SIP,1139.9
703371,NV406145,2026-04-17,Direct Stocks,SIP,6416.05
703372,NV406146,2026-04-13,Mutual Fund - Equity,Lumpsum,5962.49
703373,NV406149,2026-04-13,Mutual Fund - Equity,Lumpsum,6092.79
703374,NV406149,2026-06-19,Mutual Fund - Debt,Lumpsum,20754.73
703375,NV406150,2026-04-05,Mutual Fund - Hybrid,SIP,2299.19
703376,NV406152,2026-04-18,Mutual Fund - Equity,SIP,2399.59
703377,NV406154,2026-04-09,Mutual Fund - Equity,Lumpsum,6318.4
703378,NV406155,2026-04-10,Mutual Fund - Hybrid,SIP,2181.11
703379,NV406158,2026-04-11,Mutual Fund - Equity,SIP,2319.64
703380,NV406162,2026-04-24,Mutual Fund - Debt,SIP,6303.57
703381,NV406162,2026-06-09,Mutual Fund - Equity,SIP,1201.74
703382,NV406165,2026-04-20,ETF,SIP,3194.32
703383,NV406165,2026-05-31,Mutual Fund - Debt,SIP,2375.24
703384,NV406166,2026-04-23,Mutual Fund - Equity,Lumpsum,49302.3
703385,NV406166,2026-06-26,Mutual Fund - Hybrid,Lumpsum,5024.53
703386,NV406168,2026-04-13,Direct Stocks,Lumpsum,5145.77
703387,NV406169,2026-04-19,Mutual Fund - Equity,Lumpsum,8844.18
703388,NV406170,2026-04-06,Mutual Fund - Equity,SIP,3199.78
703389,NV406170,2026-05-16,ETF,SIP,2181.82
703390,NV406171,2026-04-25,Mutual Fund - Equity,SIP,1486.27
703391,NV406174,2026-04-17,Mutual Fund - Equity,SIP,7257.62
703392,NV406175,2026-04-30,ETF,Lumpsum,7321.41
703393,NV406175,2026-06-15,Direct Stocks,SIP,580.11
703394,NV406176,2026-04-15,Direct Stocks,Lumpsum,17627.72
703395,NV406177,2026-05-02,Mutual Fund - Equity,SIP,5554.43
703396,NV406182,2026-04-10,Mutual Fund - Debt,SIP,8755.96
703397,NV406183,2026-04-09,Mutual Fund - Equity,SIP,3278.82
703398,NV406184,2026-04-17,Mutual Fund - Equity,SIP,1101.21
703399,NV406184,2026-06-26,Mutual Fund - Hybrid,Lumpsum,13143.03
703400,NV406188,2026-04-29,Mutual Fund - Equity,Lumpsum,10144.18
703401,NV406189,2026-04-10,Mutual Fund - Debt,SIP,3178.63
703402,NV406189,2026-05-02,Direct Stocks,Lumpsum,22733.29
703403,NV406191,2026-04-21,Mutual Fund - Hybrid,SIP,2975.08
703404,NV406192,2026-04-24,Mutual Fund - Equity,SIP,3131.53
703405,NV406193,2026-04-03,Mutual Fund - Equity,SIP,2928.77
703406,NV406193,2026-06-01,Mutual Fund - Hybrid,Lumpsum,10278.47
703407,NV406194,2026-04-08,Mutual Fund - Equity,Lumpsum,10582.39
703408,NV406195,2026-04-29,Direct Stocks,Lumpsum,14039.36
703409,NV406195,2026-06-24,ETF,Lumpsum,8260.18
703410,NV406197,2026-04-17,Direct Stocks,SIP,2800.64
703411,NV406197,2026-05-18,ETF,SIP,4404.22
703412,NV406198,2026-04-12,Direct Stocks,SIP,1655.84
703413,NV406199,2026-04-20,Mutual Fund - Equity,Lumpsum,18784.88
703414,NV406200,2026-04-30,Direct Stocks,Lumpsum,13077.42
703415,NV406205,2026-04-10,Mutual Fund - Debt,SIP,1695.88
703416,NV406205,2026-05-09,Mutual Fund - Hybrid,Lumpsum,12261.78
703417,NV406206,2026-04-29,ETF,Lumpsum,11665.0
703418,NV406213,2026-04-09,ETF,SIP,2579.34
703419,NV406216,2026-04-11,Mutual Fund - Debt,SIP,1615.3
703420,NV406219,2026-04-02,Mutual Fund - Equity,Lumpsum,7496.39
703421,NV406219,2026-05-16,Mutual Fund - Debt,Lumpsum,4529.04
703422,NV406222,2026-04-04,Mutual Fund - Equity,SIP,2012.53
703423,NV406222,2026-06-02,Mutual Fund - Hybrid,SIP,1738.0
703424,NV406227,2026-04-17,Mutual Fund - Equity,Lumpsum,10351.36
703425,NV406228,2026-04-12,Mutual Fund - Equity,Lumpsum,13716.71
703426,NV406228,2026-05-30,Mutual Fund - Hybrid,Lumpsum,38414.31
703427,NV406233,2026-04-24,Mutual Fund - Equity,Lumpsum,4883.72
703428,NV406234,2026-04-14,Mutual Fund - Equity,SIP,3523.8
703429,NV406235,2026-04-05,Mutual Fund - Hybrid,Lumpsum,9595.97
703430,NV406237,2026-04-26,ETF,Lumpsum,25551.39
703431,NV406237,2026-05-21,Mutual Fund - Debt,Lumpsum,5910.75
703432,NV406241,2026-04-19,ETF,Lumpsum,5978.07
703433,NV406241,2026-06-04,Direct Stocks,SIP,2542.75
703434,NV406243,2026-04-21,Direct Stocks,Lumpsum,23081.78
703435,NV406243,2026-07-19,Mutual Fund - Hybrid,SIP,5177.85
703436,NV406245,2026-04-27,Direct Stocks,SIP,5028.44
703437,NV406245,2026-06-13,Mutual Fund - Debt,SIP,1875.55
703438,NV406246,2026-04-02,Mutual Fund - Equity,Lumpsum,5041.2
703439,NV406246,2026-05-07,Mutual Fund - Debt,Lumpsum,23324.76
703440,NV406248,2026-04-26,Mutual Fund - Debt,SIP,3179.63
703441,NV406249,2026-04-28,Direct Stocks,Lumpsum,20625.99
703442,NV406251,2026-04-10,Direct Stocks,SIP,1419.83
703443,NV406251,2026-05-12,Mutual Fund - Hybrid,Lumpsum,6182.85
703444,NV406252,2026-04-18,Mutual Fund - Equity,SIP,2380.77
703445,NV406254,2026-04-12,Mutual Fund - Hybrid,SIP,2271.08
703446,NV406254,2026-06-12,ETF,SIP,2211.31
703447,NV406257,2026-04-27,Direct Stocks,SIP,2122.66
703448,NV406259,2026-04-27,Mutual Fund - Equity,Lumpsum,16493.65
703449,NV406261,2026-04-04,Mutual Fund - Debt,Lumpsum,4916.27
703450,NV406263,2026-04-29,Direct Stocks,Lumpsum,9716.95
703451,NV406267,2026-05-02,Mutual Fund - Hybrid,SIP,2559.07
703452,NV406268,2026-04-04,Mutual Fund - Equity,SIP,2421.9
703453,NV406270,2026-04-20,Mutual Fund - Debt,SIP,1247.31
703454,NV406276,2026-04-16,Mutual Fund - Equity,Lumpsum,8169.79
703455,NV406276,2026-07-05,Direct Stocks,SIP,2713.8
703456,NV406277,2026-05-01,Mutual Fund - Debt,SIP,4297.86
703457,NV406279,2026-04-24,Mutual Fund - Equity,SIP,2100.19
703458,NV406279,2026-05-25,Direct Stocks,SIP,2201.1
703459,NV406283,2026-04-19,Direct Stocks,SIP,3961.96
703460,NV406283,2026-06-21,Mutual Fund - Equity,Lumpsum,5011.87
703461,NV406284,2026-04-29,Mutual Fund - Equity,SIP,1734.68
703462,NV406285,2026-04-21,Mutual Fund - Equity,Lumpsum,10964.3
703463,NV406294,2026-04-16,ETF,SIP,2464.57
703464,NV406294,2026-06-28,Mutual Fund - Hybrid,SIP,5344.45
703465,NV406296,2026-04-22,Mutual Fund - Equity,Lumpsum,13399.73
703466,NV406297,2026-04-25,Mutual Fund - Debt,Lumpsum,10534.69
703467,NV406297,2026-06-30,Direct Stocks,Lumpsum,7648.67
703468,NV406299,2026-04-24,Mutual Fund - Hybrid,Lumpsum,10870.92
703469,NV406299,2026-07-19,ETF,Lumpsum,7001.05
703470,NV406300,2026-04-15,Mutual Fund - Debt,Lumpsum,11688.49
703471,NV406301,2026-04-16,Mutual Fund - Equity,SIP,4375.15
703472,NV406304,2026-04-09,Mutual Fund - Equity,SIP,1723.01
703473,NV406305,2026-04-06,Mutual Fund - Equity,SIP,1909.88
703474,NV406310,2026-04-21,Mutual Fund - Equity,Lumpsum,8739.63
703475,NV406310,2026-07-17,Mutual Fund - Debt,Lumpsum,4393.19
703476,NV406311,2026-04-14,Mutual Fund - Equity,SIP,2505.79
703477,NV406312,2026-04-09,Mutual Fund - Debt,Lumpsum,8598.12
703478,NV406314,2026-04-11,Direct Stocks,SIP,2358.17
703479,NV406314,2026-06-25,Mutual Fund - Equity,SIP,963.05
703480,NV406317,2026-04-16,Direct Stocks,SIP,1537.74
703481,NV406318,2026-04-06,Mutual Fund - Equity,Lumpsum,25357.85
703482,NV406322,2026-05-01,Direct Stocks,SIP,4439.08
703483,NV406322,2026-06-27,Mutual Fund - Equity,Lumpsum,11795.05
703484,NV406323,2026-04-03,Mutual Fund - Equity,SIP,2418.95
703485,NV406325,2026-04-25,Mutual Fund - Debt,Lumpsum,6045.61
703486,NV406326,2026-04-15,Mutual Fund - Debt,SIP,4063.02
703487,NV406326,2026-05-30,Mutual Fund - Equity,Lumpsum,6345.57
703488,NV406333,2026-05-01,ETF,Lumpsum,21108.74
703489,NV406335,2026-04-06,Mutual Fund - Equity,Lumpsum,8842.23
703490,NV406341,2026-04-30,ETF,Lumpsum,5839.09
703491,NV406342,2026-04-28,Mutual Fund - Debt,SIP,3665.58
703492,NV406342,2026-05-28,ETF,SIP,5014.85
703493,NV406343,2026-04-25,Mutual Fund - Equity,Lumpsum,9523.66
703494,NV406344,2026-04-22,Direct Stocks,Lumpsum,3916.22
703495,NV406345,2026-05-02,Direct Stocks,Lumpsum,14922.22
703496,NV406346,2026-04-22,Mutual Fund - Equity,SIP,3326.87
703497,NV406349,2026-04-26,Mutual Fund - Equity,Lumpsum,11166.58
703498,NV406349,2026-06-03,Mutual Fund - Hybrid,Lumpsum,9606.52
703499,NV406350,2026-04-14,Direct Stocks,Lumpsum,28425.92
703500,NV406353,2026-04-27,Mutual Fund - Equity,SIP,1795.93
703501,NV406353,2026-06-12,Direct Stocks,Lumpsum,20138.73
703502,NV406362,2026-04-10,Mutual Fund - Equity,Lumpsum,7762.04
703503,NV406363,2026-04-04,Direct Stocks,Lumpsum,10209.49
703504,NV406364,2026-04-01,Direct Stocks,SIP,4436.62
703505,NV406365,2026-05-04,Direct Stocks,SIP,2881.1
703506,NV406370,2026-04-12,ETF,SIP,2759.9
703507,NV406373,2026-04-03,ETF,SIP,2667.53
703508,NV406373,2026-05-20,Mutual Fund - Equity,SIP,3245.94
703509,NV406376,2026-04-04,ETF,SIP,1400.41
703510,NV406377,2026-04-06,Mutual Fund - Equity,SIP,5740.65
703511,NV406379,2026-04-13,Direct Stocks,SIP,1435.2
703512,NV406379,2026-05-06,Mutual Fund - Equity,Lumpsum,24960.7
703513,NV406380,2026-04-09,Mutual Fund - Equity,Lumpsum,10646.51
703514,NV406385,2026-04-24,Mutual Fund - Equity,Lumpsum,7049.21
703515,NV406385,2026-05-14,ETF,SIP,2123.5
703516,NV406386,2026-04-09,Mutual Fund - Equity,Lumpsum,24062.62
703517,NV406391,2026-04-02,Mutual Fund - Debt,SIP,2035.32
703518,NV406391,2026-06-23,Direct Stocks,SIP,4600.25
703519,NV406395,2026-04-03,Mutual Fund - Equity,Lumpsum,6780.66
703520,NV406395,2026-06-08,Mutual Fund - Debt,Lumpsum,12720.63
703521,NV406398,2026-04-24,Mutual Fund - Equity,SIP,2061.98
703522,NV406398,2026-07-09,Mutual Fund - Hybrid,Lumpsum,16533.12
703523,NV406400,2026-04-15,Mutual Fund - Equity,Lumpsum,11205.11
703524,NV406400,2026-06-01,ETF,SIP,2892.53
703525,NV406402,2026-04-15,Direct Stocks,Lumpsum,16864.44
703526,NV406403,2026-04-20,Mutual Fund - Equity,Lumpsum,24107.7
703527,NV406405,2026-04-17,Mutual Fund - Equity,SIP,1882.31
703528,NV406408,2026-04-12,Mutual Fund - Equity,Lumpsum,8851.08
703529,NV406408,2026-05-26,Direct Stocks,Lumpsum,4579.15
703530,NV406409,2026-04-27,Mutual Fund - Hybrid,SIP,4721.02
703531,NV406410,2026-04-28,Direct Stocks,SIP,1569.12
703532,NV406413,2026-04-10,Mutual Fund - Hybrid,SIP,1806.98
703533,NV406420,2026-04-23,ETF,Lumpsum,13736.01
703534,NV406421,2026-05-03,Mutual Fund - Equity,Lumpsum,10114.37
703535,NV406422,2026-04-21,Mutual Fund - Hybrid,Lumpsum,17370.35
703536,NV406424,2026-04-15,Mutual Fund - Equity,SIP,2294.78
703537,NV406428,2026-04-15,Mutual Fund - Equity,SIP,3294.46
703538,NV406432,2026-04-13,Mutual Fund - Debt,Lumpsum,5002.32
703539,NV406432,2026-06-16,Direct Stocks,SIP,3036.7
703540,NV406433,2026-04-06,ETF,Lumpsum,14030.04
703541,NV406434,2026-04-20,Direct Stocks,SIP,5955.96
703542,NV406435,2026-04-18,Mutual Fund - Hybrid,SIP,4415.44
703543,NV406435,2026-06-03,Mutual Fund - Debt,Lumpsum,6722.36
703544,NV406438,2026-04-12,Mutual Fund - Equity,Lumpsum,25511.93
703545,NV406438,2026-07-06,ETF,SIP,4406.93
703546,NV406439,2026-04-09,Mutual Fund - Debt,SIP,3877.76
703547,NV406443,2026-04-14,Direct Stocks,SIP,3862.88
703548,NV406446,2026-04-05,Mutual Fund - Debt,SIP,1818.47
703549,NV406449,2026-04-22,Mutual Fund - Debt,Lumpsum,33484.37
703550,NV406449,2026-07-13,ETF,SIP,828.81
703551,NV406455,2026-04-05,Mutual Fund - Debt,SIP,2484.45
703552,NV406456,2026-04-02,Mutual Fund - Equity,Lumpsum,8796.88
703553,NV406457,2026-04-30,Direct Stocks,SIP,2800.36
703554,NV406457,2026-06-05,ETF,SIP,2888.81
703555,NV406459,2026-04-07,Direct Stocks,Lumpsum,10605.82
703556,NV406464,2026-04-23,Mutual Fund - Equity,Lumpsum,13505.52
703557,NV406464,2026-06-29,Direct Stocks,SIP,1979.07
703558,NV406466,2026-04-11,Mutual Fund - Equity,SIP,5940.87
703559,NV406468,2026-04-15,Mutual Fund - Hybrid,Lumpsum,11250.6
703560,NV406470,2026-04-26,ETF,SIP,2267.96
703561,NV406473,2026-04-28,Mutual Fund - Equity,SIP,1329.84
703562,NV406474,2026-04-10,Mutual Fund - Equity,SIP,3132.72
703563,NV406474,2026-06-14,Direct Stocks,Lumpsum,4626.86
703564,NV406475,2026-04-25,Mutual Fund - Equity,SIP,4758.93
703565,NV406478,2026-04-09,Mutual Fund - Equity,SIP,4526.85
703566,NV406480,2026-04-07,Mutual Fund - Equity,SIP,970.99
703567,NV406482,2026-04-05,Mutual Fund - Hybrid,SIP,2284.25
703568,NV406482,2026-07-03,Mutual Fund - Debt,SIP,1704.96
703569,NV406484,2026-04-24,Mutual Fund - Equity,Lumpsum,27395.22
703570,NV406485,2026-04-04,Mutual Fund - Equity,SIP,3798.4
703571,NV406486,2026-04-25,Mutual Fund - Equity,SIP,3135.9
703572,NV406488,2026-04-14,Mutual Fund - Equity,Lumpsum,7535.83
703573,NV406488,2026-05-23,ETF,SIP,998.12
703574,NV406489,2026-04-09,Mutual Fund - Equity,SIP,4229.91
703575,NV406491,2026-04-18,Mutual Fund - Hybrid,SIP,4315.86
703576,NV406495,2026-04-15,Mutual Fund - Equity,SIP,7197.05
703577,NV406497,2026-04-13,Mutual Fund - Hybrid,SIP,2514.23
703578,NV406499,2026-04-23,Mutual Fund - Equity,Lumpsum,13670.33
703579,NV406500,2026-04-27,Mutual Fund - Equity,SIP,2911.91
703580,NV406501,2026-04-14,Direct Stocks,Lumpsum,17920.04
703581,NV406503,2026-04-12,ETF,Lumpsum,10252.35
703582,NV406504,2026-04-24,Mutual Fund - Hybrid,SIP,8096.35
703583,NV406505,2026-04-25,Mutual Fund - Equity,Lumpsum,8440.01
703584,NV406505,2026-05-21,Direct Stocks,Lumpsum,6549.29
703585,NV406506,2026-04-30,ETF,Lumpsum,19724.48
703586,NV406507,2026-04-22,Mutual Fund - Debt,Lumpsum,14249.03
703587,NV406507,2026-05-12,ETF,Lumpsum,9731.24
703588,NV406508,2026-04-20,Mutual Fund - Hybrid,SIP,2200.73
703589,NV406515,2026-04-03,Mutual Fund - Equity,Lumpsum,7593.16
703590,NV406516,2026-04-21,Mutual Fund - Equity,Lumpsum,26754.02
703591,NV406516,2026-07-17,Mutual Fund - Hybrid,SIP,2268.25
703592,NV406518,2026-04-04,ETF,Lumpsum,11651.29
703593,NV406519,2026-04-18,Mutual Fund - Equity,Lumpsum,6969.28
703594,NV406521,2026-04-08,Direct Stocks,Lumpsum,8873.08
703595,NV406526,2026-04-27,Mutual Fund - Equity,SIP,1574.04
703596,NV406532,2026-04-26,Mutual Fund - Equity,SIP,6789.09
703597,NV406535,2026-04-02,Mutual Fund - Equity,SIP,2292.09
703598,NV406535,2026-06-10,Mutual Fund - Hybrid,Lumpsum,10555.05
703599,NV406542,2026-04-07,Mutual Fund - Hybrid,SIP,1531.61
703600,NV406542,2026-06-17,ETF,Lumpsum,1767.09
703601,NV406543,2026-04-15,Mutual Fund - Hybrid,SIP,3279.5
703602,NV406543,2026-05-09,Mutual Fund - Debt,Lumpsum,11799.62
703603,NV406545,2026-05-01,Mutual Fund - Equity,Lumpsum,13137.72
703604,NV406546,2026-04-17,ETF,SIP,1568.09
703605,NV406546,2026-06-05,Mutual Fund - Equity,Lumpsum,12633.04
703606,NV406547,2026-04-30,Mutual Fund - Equity,Lumpsum,27313.98
703607,NV406548,2026-04-27,Mutual Fund - Equity,SIP,2922.3
703608,NV406553,2026-04-08,Mutual Fund - Equity,SIP,4266.02
703609,NV406562,2026-04-30,Direct Stocks,Lumpsum,8852.73
703610,NV406564,2026-04-20,Mutual Fund - Equity,Lumpsum,13829.68
703611,NV406565,2026-04-20,Mutual Fund - Equity,SIP,1552.36
703612,NV406565,2026-06-15,Direct Stocks,SIP,1412.03
703613,NV406566,2026-04-07,Mutual Fund - Hybrid,SIP,2518.33
703614,NV406567,2026-04-25,Direct Stocks,SIP,3151.52
703615,NV406576,2026-05-02,Direct Stocks,SIP,4756.19
703616,NV406577,2026-04-27,Mutual Fund - Equity,SIP,3233.22
703617,NV406579,2026-04-27,Mutual Fund - Debt,SIP,2005.21
703618,NV406580,2026-04-28,Mutual Fund - Equity,SIP,3174.52
703619,NV406582,2026-04-23,Mutual Fund - Equity,Lumpsum,9264.88
703620,NV406582,2026-06-21,Direct Stocks,SIP,4046.47
703621,NV406583,2026-04-18,Mutual Fund - Equity,Lumpsum,11290.57
703622,NV406592,2026-04-21,Mutual Fund - Equity,Lumpsum,8964.34
703623,NV406592,2026-07-07,ETF,Lumpsum,10333.01
703624,NV406593,2026-04-06,Mutual Fund - Equity,SIP,2094.41
703625,NV406601,2026-04-21,Mutual Fund - Equity,Lumpsum,9205.65
703626,NV406601,2026-06-22,ETF,SIP,2995.49
703627,NV406603,2026-04-12,Mutual Fund - Hybrid,SIP,2614.85
703628,NV406604,2026-04-19,Mutual Fund - Debt,SIP,1437.6
703629,NV406605,2026-04-27,Mutual Fund - Equity,SIP,1879.34
703630,NV406605,2026-06-25,Direct Stocks,SIP,2100.76
703631,NV406606,2026-04-25,Mutual Fund - Equity,SIP,2643.01
703632,NV406606,2026-05-22,Mutual Fund - Debt,Lumpsum,17003.03
703633,NV406607,2026-04-03,Mutual Fund - Debt,Lumpsum,11049.16
703634,NV406607,2026-05-16,Direct Stocks,SIP,1305.58
703635,NV406614,2026-04-18,Mutual Fund - Debt,SIP,1220.23
703636,NV406614,2026-06-21,Mutual Fund - Hybrid,SIP,1343.98
703637,NV406615,2026-04-26,Mutual Fund - Equity,Lumpsum,30705.51
703638,NV406618,2026-04-05,Mutual Fund - Equity,Lumpsum,15817.4
703639,NV406620,2026-04-12,Mutual Fund - Debt,SIP,2999.15
703640,NV406620,2026-05-22,Direct Stocks,SIP,2628.6
703641,NV406622,2026-04-11,Mutual Fund - Equity,SIP,4408.65
703642,NV406622,2026-05-24,Mutual Fund - Hybrid,SIP,3404.72
703643,NV406623,2026-05-01,Mutual Fund - Equity,Lumpsum,11529.29
703644,NV406624,2026-04-26,Mutual Fund - Hybrid,Lumpsum,14671.08
703645,NV406626,2026-04-02,Mutual Fund - Debt,SIP,1504.06
703646,NV406628,2026-04-04,Mutual Fund - Equity,Lumpsum,42686.77
703647,NV406629,2026-04-23,Mutual Fund - Debt,SIP,2027.49
703648,NV406630,2026-04-13,Mutual Fund - Equity,SIP,1073.48
703649,NV406630,2026-06-01,Direct Stocks,SIP,3923.63
703650,NV406631,2026-04-27,Mutual Fund - Equity,SIP,2395.23
703651,NV406631,2026-05-19,ETF,SIP,6588.55
703652,NV406632,2026-04-15,Mutual Fund - Equity,Lumpsum,16760.25
703653,NV406633,2026-04-18,Direct Stocks,Lumpsum,4727.29
703654,NV406635,2026-04-01,Mutual Fund - Debt,Lumpsum,2846.91
703655,NV406637,2026-04-06,Mutual Fund - Debt,SIP,1785.99
703656,NV406638,2026-04-05,Mutual Fund - Equity,Lumpsum,14459.24
703657,NV406638,2026-04-30,Mutual Fund - Debt,Lumpsum,5188.74
703658,NV406644,2026-04-15,Direct Stocks,SIP,2258.52
703659,NV406646,2026-04-15,Mutual Fund - Equity,SIP,3435.72
703660,NV406646,2026-06-03,ETF,Lumpsum,9843.27
703661,NV406647,2026-04-24,Direct Stocks,Lumpsum,10254.14
703662,NV406647,2026-05-15,Mutual Fund - Equity,SIP,885.47
703663,NV406649,2026-04-21,Direct Stocks,SIP,4843.25
703664,NV406652,2026-04-18,Direct Stocks,Lumpsum,8566.97
703665,NV406654,2026-04-15,ETF,Lumpsum,13045.78
703666,NV406654,2026-06-09,Direct Stocks,Lumpsum,19081.58
703667,NV406656,2026-04-17,Mutual Fund - Equity,Lumpsum,10382.38
703668,NV406656,2026-06-05,Direct Stocks,Lumpsum,12394.56
703669,NV406658,2026-04-19,Mutual Fund - Debt,Lumpsum,17264.42
703670,NV406659,2026-04-23,Mutual Fund - Debt,SIP,2371.27
703671,NV406660,2026-04-17,ETF,Lumpsum,12453.13
703672,NV406662,2026-04-25,Direct Stocks,SIP,3497.69
703673,NV406669,2026-04-27,Mutual Fund - Equity,Lumpsum,23537.59
703674,NV406669,2026-06-21,Mutual Fund - Debt,Lumpsum,5019.91
703675,NV406670,2026-04-19,Mutual Fund - Hybrid,SIP,1696.85
703676,NV406670,2026-05-22,ETF,Lumpsum,20428.82
703677,NV406673,2026-04-10,ETF,Lumpsum,14073.85
703678,NV406674,2026-04-14,Mutual Fund - Hybrid,Lumpsum,9286.35
703679,NV406675,2026-04-29,Direct Stocks,Lumpsum,13949.18
703680,NV406676,2026-04-02,Mutual Fund - Equity,SIP,1555.75
703681,NV406678,2026-04-15,ETF,Lumpsum,19510.66
703682,NV406682,2026-04-03,ETF,Lumpsum,20971.08
703683,NV406683,2026-04-09,Mutual Fund - Equity,SIP,7146.69
703684,NV406684,2026-04-19,Mutual Fund - Equity,SIP,2175.13
703685,NV406687,2026-04-19,Mutual Fund - Equity,SIP,1944.79
703686,NV406690,2026-04-03,Mutual Fund - Debt,SIP,5315.59
703687,NV406692,2026-04-12,Direct Stocks,SIP,3596.48
703688,NV406692,2026-05-07,Mutual Fund - Hybrid,Lumpsum,12560.0
703689,NV406694,2026-04-14,Mutual Fund - Hybrid,Lumpsum,21416.6
703690,NV406694,2026-06-29,Mutual Fund - Debt,Lumpsum,4487.24
703691,NV406695,2026-04-10,Direct Stocks,SIP,2396.0
703692,NV406698,2026-04-19,Mutual Fund - Equity,SIP,1679.95
703693,NV406698,2026-06-19,ETF,Lumpsum,5474.0
703694,NV406699,2026-04-13,Mutual Fund - Equity,Lumpsum,13329.68
703695,NV406699,2026-05-30,Mutual Fund - Debt,Lumpsum,7108.7
703696,NV406703,2026-04-27,ETF,SIP,3412.55
703697,NV406709,2026-04-08,Direct Stocks,Lumpsum,30724.92
703698,NV406710,2026-04-09,Mutual Fund - Debt,Lumpsum,9672.62
703699,NV406710,2026-05-05,ETF,Lumpsum,9285.01
703700,NV406717,2026-04-15,Mutual Fund - Debt,SIP,2819.23
703701,NV406717,2026-06-18,Mutual Fund - Equity,SIP,5336.82
703702,NV406718,2026-04-21,Direct Stocks,SIP,4668.21
703703,NV406719,2026-04-14,Mutual Fund - Debt,Lumpsum,15206.07
703704,NV406719,2026-05-14,Mutual Fund - Hybrid,Lumpsum,12118.58
703705,NV406720,2026-04-02,Mutual Fund - Debt,SIP,4152.15
703706,NV406720,2026-06-25,Direct Stocks,SIP,2536.13
703707,NV406724,2026-04-12,Mutual Fund - Equity,SIP,1191.02
703708,NV406727,2026-04-22,Mutual Fund - Equity,SIP,1630.69
703709,NV406728,2026-04-06,Mutual Fund - Equity,Lumpsum,2748.84
703710,NV406730,2026-04-26,ETF,SIP,6422.73
703711,NV406731,2026-04-26,Mutual Fund - Equity,Lumpsum,10770.56
703712,NV406731,2026-07-11,Direct Stocks,SIP,2359.06
703713,NV406733,2026-04-04,Mutual Fund - Equity,SIP,2585.0
703714,NV406734,2026-04-11,Mutual Fund - Equity,SIP,2338.65
703715,NV406735,2026-04-11,Direct Stocks,SIP,4219.62
703716,NV406735,2026-06-07,Mutual Fund - Equity,SIP,2442.93
703717,NV406737,2026-04-29,Mutual Fund - Hybrid,Lumpsum,15525.14
703718,NV406737,2026-07-13,Mutual Fund - Debt,SIP,1259.52
703719,NV406739,2026-05-01,Direct Stocks,SIP,1585.18
703720,NV406747,2026-04-30,Mutual Fund - Hybrid,SIP,1678.47
703721,NV406747,2026-06-25,ETF,Lumpsum,8142.81
703722,NV406750,2026-04-26,Direct Stocks,SIP,3628.74
703723,NV406750,2026-06-24,Mutual Fund - Debt,Lumpsum,11162.97
703724,NV406754,2026-04-07,Direct Stocks,SIP,2747.38
703725,NV406756,2026-04-08,Mutual Fund - Equity,SIP,3531.11
703726,NV406759,2026-04-10,Mutual Fund - Debt,SIP,1507.36
703727,NV406759,2026-06-01,Mutual Fund - Equity,SIP,3464.31
703728,NV406761,2026-04-25,ETF,Lumpsum,9156.68
703729,NV406761,2026-07-14,Direct Stocks,SIP,1249.71
703730,NV406763,2026-04-07,Mutual Fund - Equity,SIP,2865.08
703731,NV406766,2026-04-08,Mutual Fund - Debt,SIP,3250.08
703732,NV406766,2026-05-18,ETF,Lumpsum,4804.77
703733,NV406771,2026-04-04,Mutual Fund - Equity,SIP,1681.56
703734,NV406771,2026-05-14,Direct Stocks,SIP,5158.9
703735,NV406773,2026-04-28,Mutual Fund - Equity,Lumpsum,3401.93
703736,NV406775,2026-04-24,ETF,Lumpsum,4638.39
703737,NV406775,2026-07-20,Mutual Fund - Debt,SIP,8024.37
703738,NV406776,2026-04-06,Mutual Fund - Hybrid,SIP,2747.32
703739,NV406781,2026-04-29,Mutual Fund - Equity,Lumpsum,9674.8
703740,NV406781,2026-07-03,Mutual Fund - Hybrid,Lumpsum,8471.35
703741,NV406782,2026-04-08,Mutual Fund - Debt,SIP,1053.98
703742,NV406782,2026-06-20,Mutual Fund - Equity,Lumpsum,14418.99
703743,NV406786,2026-04-19,Mutual Fund - Equity,SIP,3031.99
703744,NV406787,2026-04-15,Mutual Fund - Equity,SIP,2125.35
703745,NV406787,2026-06-09,Mutual Fund - Debt,SIP,2607.38
703746,NV406790,2026-04-14,ETF,SIP,4408.09
703747,NV406790,2026-05-20,Direct Stocks,SIP,3479.17
703748,NV406791,2026-04-22,Mutual Fund - Hybrid,SIP,2230.26
703749,NV406791,2026-06-07,Direct Stocks,SIP,2889.72
703750,NV406792,2026-04-24,Direct Stocks,Lumpsum,9413.75
703751,NV406796,2026-04-18,Mutual Fund - Equity,Lumpsum,18176.29
703752,NV406797,2026-04-10,Direct Stocks,SIP,2127.17
703753,NV406797,2026-07-05,Mutual Fund - Debt,Lumpsum,1915.88
703754,NV406801,2026-04-28,Mutual Fund - Equity,Lumpsum,10838.58
703755,NV406804,2026-04-08,Direct Stocks,SIP,1272.35
703756,NV406805,2026-04-07,Mutual Fund - Hybrid,SIP,3552.8
703757,NV406806,2026-04-21,Mutual Fund - Debt,SIP,3775.25
703758,NV406806,2026-07-02,ETF,Lumpsum,5512.3
703759,NV406807,2026-04-20,Mutual Fund - Hybrid,Lumpsum,16231.11
703760,NV406808,2026-04-18,Mutual Fund - Equity,Lumpsum,7815.08
703761,NV406808,2026-07-15,Direct Stocks,Lumpsum,9805.77
703762,NV406809,2026-04-05,Mutual Fund - Equity,SIP,1988.21
703763,NV406809,2026-06-20,ETF,SIP,3098.55
703764,NV406812,2026-04-19,Mutual Fund - Equity,Lumpsum,3539.85
703765,NV406812,2026-07-11,Mutual Fund - Debt,SIP,4804.75
703766,NV406815,2026-04-24,Mutual Fund - Equity,Lumpsum,8146.34
703767,NV406822,2026-04-25,Direct Stocks,SIP,2536.5
703768,NV406824,2026-04-07,Mutual Fund - Equity,SIP,1610.5
703769,NV406830,2026-05-02,Mutual Fund - Equity,SIP,3042.14
703770,NV406830,2026-06-08,Direct Stocks,Lumpsum,6345.62
703771,NV406832,2026-05-01,Mutual Fund - Equity,SIP,933.55
703772,NV406833,2026-04-05,Direct Stocks,SIP,2948.72
703773,NV406833,2026-06-15,Mutual Fund - Hybrid,SIP,1659.76
703774,NV406834,2026-04-21,Direct Stocks,SIP,2404.89
703775,NV406834,2026-06-12,ETF,Lumpsum,3478.62
703776,NV406835,2026-04-12,Mutual Fund - Equity,Lumpsum,9612.09
703777,NV406836,2026-04-10,Mutual Fund - Equity,SIP,4623.23
703778,NV406836,2026-05-14,Mutual Fund - Hybrid,SIP,1991.48
703779,NV406840,2026-04-14,ETF,SIP,2206.77
703780,NV406843,2026-04-22,Mutual Fund - Debt,Lumpsum,3634.12
703781,NV406843,2026-07-08,ETF,Lumpsum,13123.7
703782,NV406844,2026-05-04,Mutual Fund - Equity,Lumpsum,7583.71
703783,NV406847,2026-04-22,Mutual Fund - Equity,SIP,1677.23
703784,NV406849,2026-04-24,Mutual Fund - Debt,Lumpsum,17230.43
703785,NV406850,2026-04-07,Mutual Fund - Hybrid,SIP,1943.44
703786,NV406850,2026-06-27,Mutual Fund - Equity,Lumpsum,5191.62
703787,NV406852,2026-04-09,Mutual Fund - Debt,Lumpsum,12165.04
703788,NV406852,2026-05-10,Mutual Fund - Hybrid,Lumpsum,5450.55
703789,NV406856,2026-04-09,Direct Stocks,Lumpsum,14122.02
703790,NV406857,2026-04-14,Mutual Fund - Equity,SIP,2987.75
703791,NV406861,2026-04-05,Mutual Fund - Equity,Lumpsum,12332.23
703792,NV406866,2026-04-25,Mutual Fund - Equity,SIP,2397.54
703793,NV406871,2026-04-22,Mutual Fund - Equity,Lumpsum,14408.56
703794,NV406872,2026-04-13,ETF,SIP,3521.9
703795,NV406873,2026-04-22,Mutual Fund - Equity,SIP,2908.4
703796,NV406873,2026-05-19,ETF,Lumpsum,7531.46
703797,NV406874,2026-04-03,Mutual Fund - Debt,SIP,2409.53
703798,NV406875,2026-04-23,Mutual Fund - Debt,Lumpsum,7911.38
703799,NV406882,2026-04-16,ETF,SIP,1950.29
703800,NV406884,2026-04-09,Direct Stocks,SIP,1708.43
703801,NV406885,2026-04-28,Mutual Fund - Debt,Lumpsum,10085.84
703802,NV406886,2026-04-16,Mutual Fund - Hybrid,SIP,9920.04
703803,NV406887,2026-04-11,Direct Stocks,SIP,2874.5
703804,NV406888,2026-04-30,Mutual Fund - Debt,SIP,2616.62
703805,NV406892,2026-04-07,Mutual Fund - Hybrid,Lumpsum,8455.71
703806,NV406893,2026-04-04,Mutual Fund - Debt,SIP,9821.87
703807,NV406902,2026-04-13,Mutual Fund - Hybrid,Lumpsum,9582.14
703808,NV406902,2026-06-10,Direct Stocks,Lumpsum,5886.77
703809,NV406912,2026-04-10,ETF,SIP,4891.86
703810,NV406917,2026-04-02,Mutual Fund - Debt,SIP,1704.51
703811,NV406917,2026-05-30,Mutual Fund - Equity,SIP,1827.3
703812,NV406920,2026-04-04,Mutual Fund - Equity,Lumpsum,7742.92
703813,NV406920,2026-06-24,ETF,SIP,1699.84
703814,NV406924,2026-04-13,Mutual Fund - Equity,SIP,5469.46
703815,NV406925,2026-04-08,Mutual Fund - Equity,Lumpsum,10483.78
703816,NV406926,2026-05-02,Mutual Fund - Debt,SIP,3589.05
703817,NV406928,2026-04-13,Mutual Fund - Equity,Lumpsum,9321.13
703818,NV406929,2026-04-27,Mutual Fund - Equity,SIP,2626.57
703819,NV406934,2026-04-28,Mutual Fund - Equity,SIP,5444.14
703820,NV406939,2026-04-17,Mutual Fund - Hybrid,Lumpsum,16638.25
703821,NV406940,2026-04-19,Mutual Fund - Equity,Lumpsum,13259.28
703822,NV406941,2026-04-04,Mutual Fund - Equity,SIP,1938.92
703823,NV406941,2026-06-13,Mutual Fund - Debt,Lumpsum,4865.91
703824,NV406944,2026-04-14,Mutual Fund - Debt,Lumpsum,20723.44
703825,NV406944,2026-05-14,Mutual Fund - Hybrid,Lumpsum,14047.92
703826,NV406946,2026-04-16,Mutual Fund - Hybrid,SIP,7164.24
703827,NV406946,2026-07-06,Direct Stocks,SIP,2160.56
703828,NV406947,2026-05-01,Mutual Fund - Equity,SIP,4177.09
703829,NV406948,2026-04-19,Direct Stocks,Lumpsum,5287.59
703830,NV406948,2026-07-04,ETF,SIP,1419.87
703831,NV406950,2026-04-22,Mutual Fund - Equity,Lumpsum,6071.5
703832,NV406952,2026-04-04,Mutual Fund - Equity,SIP,6482.38
703833,NV406954,2026-04-17,Mutual Fund - Hybrid,Lumpsum,7367.77
703834,NV406955,2026-04-03,ETF,Lumpsum,10427.1
703835,NV406957,2026-04-24,Mutual Fund - Equity,SIP,3103.48
703836,NV406958,2026-04-18,ETF,Lumpsum,16213.42
703837,NV406960,2026-04-05,Direct Stocks,SIP,5010.46
703838,NV406960,2026-06-01,Mutual Fund - Hybrid,Lumpsum,8236.09
703839,NV406961,2026-04-30,Mutual Fund - Hybrid,Lumpsum,5677.39
703840,NV406962,2026-04-29,Mutual Fund - Debt,SIP,4166.93
703841,NV406963,2026-05-02,Mutual Fund - Equity,Lumpsum,21912.61
703842,NV406963,2026-05-23,Mutual Fund - Debt,SIP,2928.35
703843,NV406966,2026-04-20,Mutual Fund - Equity,SIP,1836.93
703844,NV406968,2026-04-13,Mutual Fund - Equity,Lumpsum,7184.47
703845,NV406968,2026-06-26,Mutual Fund - Hybrid,Lumpsum,8637.33
703846,NV406970,2026-04-29,Mutual Fund - Equity,Lumpsum,10370.62
703847,NV406973,2026-04-25,Direct Stocks,SIP,2322.39
703848,NV406975,2026-04-09,Mutual Fund - Equity,SIP,2249.29
703849,NV406975,2026-06-24,Mutual Fund - Debt,Lumpsum,2451.33
703850,NV406979,2026-04-21,Mutual Fund - Equity,Lumpsum,13371.62
703851,NV406979,2026-06-01,ETF,SIP,4355.68
703852,NV406980,2026-04-14,Direct Stocks,SIP,4864.59
703853,NV406981,2026-04-28,Mutual Fund - Equity,SIP,5696.21
703854,NV406984,2026-04-04,Mutual Fund - Debt,SIP,3849.57
703855,NV406985,2026-04-07,Mutual Fund - Equity,Lumpsum,4831.14
703856,NV406985,2026-06-27,Mutual Fund - Debt,Lumpsum,21099.61
703857,NV406986,2026-04-09,Direct Stocks,SIP,7307.53
703858,NV406986,2026-05-01,ETF,Lumpsum,8240.73
703859,NV406988,2026-04-12,Mutual Fund - Equity,SIP,2744.49
703860,NV406991,2026-05-01,Mutual Fund - Hybrid,SIP,1244.92
703861,NV406996,2026-04-04,Direct Stocks,SIP,1806.84
703862,NV406996,2026-06-20,Mutual Fund - Equity,SIP,760.3
703863,NV406997,2026-04-16,Direct Stocks,SIP,1465.84
703864,NV406998,2026-04-11,Mutual Fund - Equity,Lumpsum,4729.25
703865,NV407000,2026-04-06,Mutual Fund - Equity,SIP,1561.07
703866,NV407001,2026-04-17,Direct Stocks,SIP,3334.76
703867,NV407001,2026-07-04,ETF,Lumpsum,6404.18
703868,NV407002,2026-04-03,Mutual Fund - Debt,SIP,2881.97
703869,NV407007,2026-04-25,Direct Stocks,SIP,1208.1
703870,NV407008,2026-04-19,Mutual Fund - Hybrid,SIP,4651.07
703871,NV407011,2026-04-06,Mutual Fund - Equity,SIP,2068.34
703872,NV407012,2026-04-02,Direct Stocks,SIP,1164.49
703873,NV407018,2026-04-12,Mutual Fund - Equity,SIP,1353.37
703874,NV407021,2026-04-22,Mutual Fund - Equity,SIP,4575.29
703875,NV407023,2026-04-10,Direct Stocks,Lumpsum,14615.4
703876,NV407024,2026-04-16,Mutual Fund - Hybrid,SIP,1571.4
703877,NV407024,2026-05-13,Mutual Fund - Equity,SIP,2037.8
703878,NV407025,2026-04-19,Mutual Fund - Equity,SIP,1941.19
703879,NV407027,2026-04-10,Direct Stocks,SIP,4788.62
703880,NV407029,2026-04-19,Direct Stocks,SIP,3205.02
703881,NV407030,2026-04-04,Mutual Fund - Equity,SIP,3654.0
703882,NV407032,2026-04-13,Mutual Fund - Debt,SIP,2743.26
703883,NV407032,2026-05-15,Direct Stocks,Lumpsum,9315.73
703884,NV407033,2026-04-25,Mutual Fund - Hybrid,SIP,2328.84
703885,NV407039,2026-04-06,Mutual Fund - Equity,Lumpsum,14941.63
703886,NV407039,2026-06-19,Direct Stocks,SIP,1829.28
703887,NV407045,2026-04-14,Mutual Fund - Equity,SIP,7254.85
703888,NV407045,2026-06-08,Mutual Fund - Debt,SIP,1650.43
703889,NV407048,2026-04-15,Mutual Fund - Equity,Lumpsum,4046.78
703890,NV407048,2026-06-30,Mutual Fund - Debt,SIP,1192.84
703891,NV407050,2026-04-04,Mutual Fund - Equity,Lumpsum,10747.38
703892,NV407050,2026-04-30,Mutual Fund - Hybrid,SIP,3615.32
703893,NV407051,2026-04-07,Mutual Fund - Debt,SIP,3871.86
703894,NV407052,2026-04-22,Direct Stocks,SIP,2896.46
703895,NV407053,2026-04-20,Mutual Fund - Equity,SIP,4591.21
703896,NV407053,2026-07-10,Mutual Fund - Debt,Lumpsum,8610.39
703897,NV407054,2026-04-11,Mutual Fund - Equity,SIP,4189.96
703898,NV407056,2026-04-16,Mutual Fund - Debt,Lumpsum,6326.83
703899,NV407057,2026-04-21,Mutual Fund - Debt,SIP,1679.89
703900,NV407057,2026-05-17,ETF,Lumpsum,11294.98
703901,NV407058,2026-04-29,Mutual Fund - Equity,SIP,7741.19
703902,NV407059,2026-04-07,Mutual Fund - Debt,Lumpsum,20185.84
703903,NV407060,2026-04-21,Direct Stocks,Lumpsum,11598.46
703904,NV407062,2026-04-06,Mutual Fund - Equity,SIP,6261.77
703905,NV407067,2026-04-09,Direct Stocks,Lumpsum,15956.98
703906,NV407067,2026-06-19,Mutual Fund - Equity,Lumpsum,3745.61
703907,NV407068,2026-04-13,Mutual Fund - Equity,Lumpsum,34049.23
703908,NV407069,2026-04-10,Mutual Fund - Equity,SIP,4579.13
703909,NV407069,2026-07-02,Direct Stocks,Lumpsum,12548.49
703910,NV407071,2026-04-09,Mutual Fund - Hybrid,SIP,2656.67
703911,NV407071,2026-05-25,Mutual Fund - Equity,SIP,2210.25
703912,NV407072,2026-04-27,ETF,SIP,3078.07
703913,NV407072,2026-06-24,Direct Stocks,Lumpsum,18424.62
703914,NV407073,2026-04-18,Direct Stocks,Lumpsum,8490.96
703915,NV407073,2026-06-16,Mutual Fund - Hybrid,SIP,2855.63
703916,NV407074,2026-04-23,Mutual Fund - Equity,Lumpsum,11785.81
703917,NV407076,2026-05-02,Mutual Fund - Hybrid,SIP,4072.56
703918,NV407076,2026-05-22,Mutual Fund - Equity,SIP,3951.3
703919,NV407077,2026-04-29,Mutual Fund - Equity,SIP,1448.61
703920,NV407078,2026-04-16,Mutual Fund - Equity,SIP,2188.99
703921,NV407079,2026-04-10,Mutual Fund - Debt,Lumpsum,8042.52
703922,NV407079,2026-06-17,Direct Stocks,SIP,1241.53
703923,NV407084,2026-04-29,Mutual Fund - Equity,Lumpsum,21120.49
703924,NV407084,2026-07-02,Mutual Fund - Hybrid,SIP,5435.39
703925,NV407089,2026-04-20,ETF,SIP,2289.32
703926,NV407094,2026-04-06,Direct Stocks,SIP,4519.76
703927,NV407095,2026-05-02,Mutual Fund - Equity,Lumpsum,10359.74
703928,NV407095,2026-06-11,ETF,SIP,2525.44
703929,NV407096,2026-04-30,Mutual Fund - Hybrid,Lumpsum,11525.79
703930,NV407096,2026-07-08,Mutual Fund - Debt,Lumpsum,4466.5
703931,NV407101,2026-04-12,Direct Stocks,SIP,1742.67
703932,NV407103,2026-04-15,Direct Stocks,SIP,2868.7
703933,NV407107,2026-04-06,Mutual Fund - Equity,Lumpsum,13877.11
703934,NV407112,2026-04-21,Mutual Fund - Equity,SIP,1482.41
703935,NV407117,2026-04-29,Mutual Fund - Equity,Lumpsum,40209.56
703936,NV407117,2026-06-05,Mutual Fund - Debt,Lumpsum,3406.59
703937,NV407122,2026-04-03,Mutual Fund - Debt,SIP,4345.28
703938,NV407127,2026-04-08,Mutual Fund - Equity,SIP,3694.84
703939,NV407127,2026-05-06,Mutual Fund - Hybrid,SIP,5596.91
703940,NV407128,2026-04-19,Mutual Fund - Debt,Lumpsum,11342.76
703941,NV407135,2026-05-03,Direct Stocks,Lumpsum,24289.57
703942,NV407135,2026-06-14,Mutual Fund - Equity,SIP,2437.69
703943,NV407136,2026-04-13,ETF,Lumpsum,31487.53
703944,NV407138,2026-04-15,Mutual Fund - Equity,SIP,4177.54
703945,NV407140,2026-04-29,Mutual Fund - Equity,Lumpsum,19965.16
703946,NV407144,2026-04-21,Direct Stocks,SIP,4969.73
703947,NV407144,2026-07-14,ETF,SIP,4162.13
703948,NV407148,2026-05-03,Mutual Fund - Debt,SIP,4506.2
703949,NV407150,2026-04-09,Mutual Fund - Equity,SIP,10494.64
703950,NV407151,2026-04-09,Mutual Fund - Equity,Lumpsum,15967.67
703951,NV407153,2026-04-23,Mutual Fund - Debt,SIP,2390.77
703952,NV407155,2026-04-04,Mutual Fund - Equity,SIP,5831.37
703953,NV407159,2026-04-03,Direct Stocks,SIP,6690.68
703954,NV407163,2026-04-19,Mutual Fund - Equity,Lumpsum,8457.42
703955,NV407170,2026-04-16,Direct Stocks,SIP,1108.35
703956,NV407170,2026-06-24,ETF,SIP,945.52
703957,NV407171,2026-04-22,ETF,Lumpsum,14410.43
703958,NV407175,2026-04-29,Mutual Fund - Hybrid,Lumpsum,13692.4
703959,NV407176,2026-04-23,Mutual Fund - Equity,SIP,1814.47
703960,NV407176,2026-07-16,Direct Stocks,Lumpsum,4956.95
703961,NV407177,2026-04-16,Direct Stocks,Lumpsum,16691.96
703962,NV407179,2026-05-01,Direct Stocks,Lumpsum,16608.97
703963,NV407183,2026-04-28,Mutual Fund - Equity,SIP,5784.17
703964,NV407184,2026-04-26,Mutual Fund - Equity,SIP,3603.79
703965,NV407185,2026-04-19,Direct Stocks,Lumpsum,5549.69
703966,NV407185,2026-06-22,Mutual Fund - Debt,Lumpsum,13172.4
703967,NV407187,2026-04-10,Mutual Fund - Equity,SIP,2764.34
703968,NV407187,2026-06-10,Mutual Fund - Debt,Lumpsum,11591.37
703969,NV407188,2026-04-06,Mutual Fund - Debt,Lumpsum,9080.69
703970,NV407188,2026-06-24,Mutual Fund - Hybrid,Lumpsum,24182.51
703971,NV407191,2026-04-11,Mutual Fund - Equity,SIP,1635.01
703972,NV407192,2026-04-16,Mutual Fund - Hybrid,SIP,1448.49
703973,NV407192,2026-06-01,ETF,SIP,5632.98
703974,NV407194,2026-04-04,Direct Stocks,SIP,2183.78
703975,NV407195,2026-04-05,Mutual Fund - Equity,SIP,1742.74
703976,NV407195,2026-06-22,Direct Stocks,Lumpsum,5093.37
703977,NV407196,2026-04-23,Mutual Fund - Equity,Lumpsum,27105.53
703978,NV407197,2026-04-19,Direct Stocks,Lumpsum,8739.09
703979,NV407198,2026-04-27,Mutual Fund - Equity,SIP,1617.3
703980,NV407198,2026-07-25,Mutual Fund - Hybrid,Lumpsum,4320.35
703981,NV407199,2026-04-20,Mutual Fund - Debt,Lumpsum,9325.29
703982,NV407199,2026-06-03,Mutual Fund - Equity,SIP,3193.31
703983,NV407201,2026-04-11,Mutual Fund - Debt,Lumpsum,10263.53
703984,NV407202,2026-04-01,ETF,SIP,2909.99
703985,NV407202,2026-07-26,Mutual Fund - Debt,SIP,2260.74
703986,NV407203,2026-04-11,Mutual Fund - Debt,Lumpsum,14639.92
703987,NV407205,2026-04-19,Direct Stocks,SIP,4780.32
703988,NV407205,2026-05-12,Mutual Fund - Equity,SIP,843.48
703989,NV407212,2026-04-29,Mutual Fund - Equity,SIP,2722.71
703990,NV407212,2026-06-27,ETF,Lumpsum,19838.18
703991,NV407215,2026-04-14,Mutual Fund - Debt,SIP,7021.99
703992,NV407216,2026-04-28,Direct Stocks,SIP,1209.43
703993,NV407218,2026-04-20,Mutual Fund - Equity,Lumpsum,14064.43
703994,NV407219,2026-04-06,Mutual Fund - Debt,SIP,2710.34
703995,NV407221,2026-04-04,Mutual Fund - Debt,SIP,6126.81
703996,NV407227,2026-04-13,Mutual Fund - Equity,SIP,5346.58
703997,NV407227,2026-05-21,Mutual Fund - Hybrid,SIP,2580.06
703998,NV407229,2026-04-17,Direct Stocks,Lumpsum,9908.52
703999,NV407229,2026-06-12,ETF,SIP,4100.78
704000,NV407234,2026-04-20,Mutual Fund - Equity,SIP,2057.83
704001,NV407235,2026-04-03,Mutual Fund - Equity,SIP,4318.18
704002,NV407235,2026-06-05,ETF,SIP,1524.85
704003,NV407239,2026-04-15,Direct Stocks,Lumpsum,11144.76
704004,NV407242,2026-04-11,Mutual Fund - Equity,SIP,2807.09
704005,NV407242,2026-06-28,Mutual Fund - Debt,SIP,3946.12
704006,NV407250,2026-04-26,Direct Stocks,SIP,4072.2
704007,NV407251,2026-04-15,Direct Stocks,Lumpsum,16256.04
704008,NV407258,2026-04-14,ETF,Lumpsum,8185.39
704009,NV407263,2026-04-05,Mutual Fund - Debt,Lumpsum,4383.97
704010,NV407263,2026-05-07,Mutual Fund - Hybrid,Lumpsum,3672.85
704011,NV407265,2026-04-29,Direct Stocks,Lumpsum,25113.91
704012,NV407269,2026-05-01,Mutual Fund - Hybrid,SIP,997.11
704013,NV407276,2026-04-27,Direct Stocks,SIP,3864.78
704014,NV407276,2026-05-25,Mutual Fund - Hybrid,SIP,1973.98
704015,NV407280,2026-04-25,Mutual Fund - Debt,SIP,2826.9
704016,NV407280,2026-07-01,Mutual Fund - Equity,Lumpsum,15633.79
704017,NV407282,2026-04-19,Direct Stocks,SIP,1178.6
704018,NV407283,2026-04-11,Mutual Fund - Debt,SIP,2236.55
704019,NV407288,2026-04-02,Direct Stocks,SIP,1916.38
704020,NV407288,2026-06-10,Mutual Fund - Equity,SIP,869.4
704021,NV407289,2026-04-11,Mutual Fund - Equity,SIP,2255.17
704022,NV407293,2026-04-22,Mutual Fund - Equity,Lumpsum,11946.93
704023,NV407300,2026-05-01,ETF,SIP,2313.36
704024,NV407305,2026-04-02,Mutual Fund - Equity,SIP,10172.78
704025,NV407305,2026-05-09,Mutual Fund - Debt,SIP,4511.29
704026,NV407309,2026-04-11,Mutual Fund - Equity,SIP,6459.27
704027,NV407310,2026-04-28,Mutual Fund - Equity,SIP,2000.83
704028,NV407312,2026-04-17,Mutual Fund - Equity,SIP,3379.97
704029,NV407313,2026-04-12,Direct Stocks,SIP,1591.05
704030,NV407320,2026-04-08,Mutual Fund - Equity,SIP,2910.87
704031,NV407321,2026-04-10,Mutual Fund - Equity,SIP,1933.69
704032,NV407322,2026-05-03,Mutual Fund - Equity,Lumpsum,11667.67
704033,NV407322,2026-06-23,Mutual Fund - Hybrid,Lumpsum,27381.84
704034,NV407323,2026-04-18,ETF,Lumpsum,10154.65
704035,NV407323,2026-06-13,Mutual Fund - Equity,Lumpsum,9540.97
704036,NV407326,2026-04-09,Mutual Fund - Debt,SIP,3149.12
704037,NV407326,2026-06-07,Direct Stocks,SIP,2319.6
704038,NV407328,2026-04-27,Mutual Fund - Equity,SIP,2988.49
704039,NV407330,2026-04-14,Mutual Fund - Equity,SIP,2525.59
704040,NV407331,2026-04-04,Mutual Fund - Equity,SIP,2643.31
704041,NV407332,2026-05-01,Mutual Fund - Debt,SIP,3055.68
704042,NV407332,2026-06-23,Direct Stocks,SIP,2931.68
704043,NV407334,2026-04-16,Mutual Fund - Debt,SIP,2242.44
704044,NV407336,2026-04-30,Mutual Fund - Equity,SIP,7546.0
704045,NV407341,2026-04-09,ETF,Lumpsum,11619.71
704046,NV407341,2026-05-20,Mutual Fund - Debt,Lumpsum,11431.09
704047,NV407343,2026-04-26,Mutual Fund - Debt,Lumpsum,13472.08
704048,NV407345,2026-04-13,Direct Stocks,Lumpsum,4940.87
704049,NV407345,2026-05-04,Mutual Fund - Hybrid,SIP,1705.07
704050,NV407347,2026-04-18,Mutual Fund - Equity,SIP,7148.78
704051,NV407347,2026-05-29,Mutual Fund - Debt,Lumpsum,13255.65
704052,NV407348,2026-04-05,Mutual Fund - Equity,SIP,2855.67
704053,NV407348,2026-06-26,Direct Stocks,SIP,919.15
704054,NV407351,2026-04-30,ETF,Lumpsum,13563.52
704055,NV407351,2026-07-25,Mutual Fund - Hybrid,SIP,4227.56
704056,NV407355,2026-04-09,ETF,Lumpsum,22815.21
704057,NV407356,2026-04-28,Mutual Fund - Equity,Lumpsum,11311.23
704058,NV407356,2026-07-13,Mutual Fund - Debt,SIP,2232.94
704059,NV407369,2026-04-13,Mutual Fund - Debt,SIP,1096.7
704060,NV407370,2026-05-01,Mutual Fund - Debt,SIP,1721.77
704061,NV407371,2026-04-23,Direct Stocks,SIP,2720.0
704062,NV407373,2026-04-27,ETF,Lumpsum,17789.35
704063,NV407375,2026-04-21,Mutual Fund - Debt,SIP,903.43
704064,NV407378,2026-04-27,Mutual Fund - Equity,SIP,2050.57
704065,NV407378,2026-06-30,Mutual Fund - Debt,Lumpsum,32638.76
704066,NV407379,2026-04-04,Mutual Fund - Debt,SIP,2658.61
704067,NV407380,2026-04-26,Mutual Fund - Equity,SIP,1636.12
704068,NV407382,2026-04-23,Mutual Fund - Equity,SIP,2874.55
704069,NV407385,2026-04-09,ETF,Lumpsum,12299.82
704070,NV407385,2026-05-22,Direct Stocks,Lumpsum,8625.67
704071,NV407387,2026-04-25,Mutual Fund - Equity,Lumpsum,7955.57
704072,NV407389,2026-04-17,Direct Stocks,Lumpsum,4734.51
704073,NV407389,2026-05-13,Mutual Fund - Hybrid,Lumpsum,6158.31
704074,NV407394,2026-04-11,Direct Stocks,SIP,2446.43
704075,NV407396,2026-04-20,Mutual Fund - Hybrid,SIP,972.77
704076,NV407396,2026-05-31,Mutual Fund - Debt,SIP,2100.72
704077,NV407397,2026-04-30,Direct Stocks,Lumpsum,18794.53
704078,NV407397,2026-07-04,Mutual Fund - Debt,Lumpsum,3245.64
704079,NV407405,2026-04-18,Mutual Fund - Equity,SIP,3047.77
704080,NV407406,2026-04-05,Mutual Fund - Hybrid,SIP,3498.18
704081,NV407406,2026-05-09,ETF,Lumpsum,32615.54
704082,NV407407,2026-04-04,ETF,Lumpsum,5823.65
704083,NV407408,2026-04-04,Mutual Fund - Debt,SIP,2230.47
704084,NV407408,2026-06-08,Direct Stocks,SIP,4445.32
704085,NV407414,2026-04-20,Mutual Fund - Equity,SIP,3284.63
704086,NV407414,2026-06-30,Direct Stocks,SIP,5220.49
704087,NV407415,2026-04-08,Mutual Fund - Hybrid,Lumpsum,7106.11
704088,NV407418,2026-04-30,Mutual Fund - Equity,Lumpsum,19785.55
704089,NV407422,2026-04-03,Mutual Fund - Hybrid,SIP,1629.16
704090,NV407424,2026-04-12,Direct Stocks,Lumpsum,2372.0
704091,NV407425,2026-04-28,Mutual Fund - Equity,SIP,3581.62
704092,NV407425,2026-07-23,Mutual Fund - Debt,Lumpsum,14058.65
704093,NV407432,2026-04-05,Mutual Fund - Debt,SIP,2904.95
704094,NV407435,2026-04-12,Mutual Fund - Hybrid,SIP,2795.49
704095,NV407435,2026-05-18,Direct Stocks,SIP,4524.76
704096,NV407437,2026-04-10,ETF,SIP,3211.73
704097,NV407439,2026-04-21,Mutual Fund - Equity,Lumpsum,15365.67
704098,NV407440,2026-04-05,Mutual Fund - Equity,Lumpsum,14779.91
704099,NV407440,2026-05-31,Mutual Fund - Debt,Lumpsum,9494.83
704100,NV407449,2026-04-24,ETF,SIP,881.21
704101,NV407450,2026-05-02,Mutual Fund - Debt,Lumpsum,27287.92
704102,NV407453,2026-04-30,Mutual Fund - Equity,Lumpsum,6639.54
704103,NV407453,2026-07-16,ETF,Lumpsum,14141.06
704104,NV407454,2026-04-27,Mutual Fund - Equity,SIP,3141.65
704105,NV407454,2026-06-30,Direct Stocks,SIP,1070.71
704106,NV407455,2026-04-19,Mutual Fund - Equity,Lumpsum,25762.38
704107,NV407459,2026-04-10,Direct Stocks,SIP,7288.08
704108,NV407462,2026-04-26,Mutual Fund - Equity,SIP,2979.15
704109,NV407463,2026-04-14,Mutual Fund - Equity,Lumpsum,17161.9
704110,NV407465,2026-04-19,Mutual Fund - Equity,Lumpsum,11236.5
704111,NV407467,2026-04-26,Direct Stocks,Lumpsum,12433.42
704112,NV407467,2026-07-15,Mutual Fund - Hybrid,Lumpsum,5773.24
704113,NV407472,2026-04-07,ETF,SIP,699.23
704114,NV407474,2026-04-10,Mutual Fund - Debt,SIP,2579.83
704115,NV407477,2026-04-13,Mutual Fund - Equity,SIP,5042.93
704116,NV407477,2026-05-21,Mutual Fund - Debt,SIP,3565.91
704117,NV407481,2026-04-15,Mutual Fund - Hybrid,Lumpsum,26268.6
704118,NV407489,2026-04-04,Mutual Fund - Equity,Lumpsum,22039.92
704119,NV407491,2026-04-16,Mutual Fund - Hybrid,Lumpsum,10150.95
704120,NV407492,2026-04-06,Mutual Fund - Equity,SIP,1466.99
704121,NV407494,2026-04-20,Mutual Fund - Equity,Lumpsum,13625.98
704122,NV407500,2026-04-27,Direct Stocks,Lumpsum,12221.78
704123,NV407502,2026-04-04,ETF,Lumpsum,15018.3
704124,NV407505,2026-04-22,Mutual Fund - Hybrid,SIP,2339.63
704125,NV407505,2026-05-28,Direct Stocks,SIP,1880.13
704126,NV407507,2026-04-10,Mutual Fund - Equity,SIP,1121.66
704127,NV407510,2026-04-18,Direct Stocks,SIP,5318.06
704128,NV407510,2026-06-20,Mutual Fund - Debt,Lumpsum,4568.34
704129,NV407512,2026-04-15,Mutual Fund - Equity,SIP,3667.87
704130,NV407514,2026-04-21,Mutual Fund - Debt,Lumpsum,4027.58
704131,NV407515,2026-04-04,Mutual Fund - Equity,Lumpsum,10070.79
704132,NV407516,2026-04-15,Direct Stocks,SIP,2458.91
704133,NV407517,2026-04-12,Direct Stocks,Lumpsum,18106.16
704134,NV407519,2026-04-09,Mutual Fund - Equity,SIP,2355.47
704135,NV407519,2026-06-13,Mutual Fund - Hybrid,SIP,2063.66
704136,NV407524,2026-04-21,Mutual Fund - Equity,SIP,3940.44
704137,NV407524,2026-05-20,ETF,Lumpsum,6576.97
704138,NV407526,2026-04-10,Mutual Fund - Equity,SIP,1864.18
704139,NV407526,2026-07-07,Direct Stocks,SIP,3352.39
704140,NV407527,2026-04-23,Mutual Fund - Equity,SIP,1231.69
704141,NV407529,2026-04-05,Mutual Fund - Equity,SIP,5636.05
704142,NV407529,2026-07-02,Direct Stocks,SIP,893.54
704143,NV407530,2026-04-23,Mutual Fund - Hybrid,SIP,1557.64
704144,NV407530,2026-06-07,ETF,SIP,6158.04
704145,NV407532,2026-04-26,Mutual Fund - Hybrid,SIP,1220.5
704146,NV407532,2026-07-08,Mutual Fund - Debt,SIP,8067.3
704147,NV407540,2026-04-12,Mutual Fund - Equity,SIP,4636.37
704148,NV407543,2026-04-28,Mutual Fund - Equity,SIP,2600.75
704149,NV407544,2026-04-24,Mutual Fund - Equity,SIP,3462.53
704150,NV407546,2026-04-21,Mutual Fund - Equity,Lumpsum,6047.8
704151,NV407546,2026-06-22,ETF,Lumpsum,14596.23
704152,NV407547,2026-04-07,Mutual Fund - Equity,SIP,7588.71
704153,NV407547,2026-05-31,Direct Stocks,Lumpsum,5990.94
704154,NV407549,2026-04-18,Mutual Fund - Hybrid,SIP,6946.48
704155,NV407549,2026-07-02,Mutual Fund - Debt,Lumpsum,8261.8
704156,NV407556,2026-04-03,ETF,SIP,901.27
704157,NV407562,2026-04-20,Mutual Fund - Equity,SIP,2978.28
704158,NV407569,2026-04-21,Direct Stocks,SIP,1758.18
704159,NV407572,2026-04-27,Mutual Fund - Equity,Lumpsum,8864.09
704160,NV407573,2026-04-16,Mutual Fund - Hybrid,SIP,3378.37
704161,NV407574,2026-04-20,Mutual Fund - Equity,SIP,2969.26
704162,NV407574,2026-06-02,Mutual Fund - Hybrid,Lumpsum,9595.73
704163,NV407576,2026-04-27,Mutual Fund - Equity,Lumpsum,33808.51
704164,NV407582,2026-04-09,Mutual Fund - Hybrid,SIP,1060.1
704165,NV407585,2026-04-15,Mutual Fund - Equity,SIP,4250.91
704166,NV407585,2026-05-15,ETF,Lumpsum,4410.12
704167,NV407586,2026-04-15,Mutual Fund - Equity,SIP,2092.46
704168,NV407586,2026-05-15,ETF,SIP,3118.43
704169,NV407587,2026-04-20,Mutual Fund - Equity,SIP,4294.89
704170,NV407589,2026-04-07,Direct Stocks,SIP,2845.82
704171,NV407590,2026-05-01,Mutual Fund - Debt,Lumpsum,12983.14
704172,NV407592,2026-04-16,Mutual Fund - Hybrid,SIP,3791.08
704173,NV407594,2026-04-24,Mutual Fund - Equity,SIP,3583.09
704174,NV407595,2026-04-23,Mutual Fund - Equity,SIP,5156.82
704175,NV407596,2026-04-05,Mutual Fund - Hybrid,Lumpsum,7099.41
704176,NV407599,2026-04-24,Direct Stocks,SIP,1833.28
704177,NV407600,2026-04-30,Mutual Fund - Equity,Lumpsum,12528.38
704178,NV407601,2026-04-27,Mutual Fund - Equity,SIP,1770.86
704179,NV407602,2026-04-20,Mutual Fund - Equity,SIP,1190.16
704180,NV407603,2026-04-13,Mutual Fund - Equity,SIP,2240.53
704181,NV407608,2026-04-27,Direct Stocks,Lumpsum,4182.57
704182,NV407608,2026-07-08,Mutual Fund - Equity,SIP,670.54
704183,NV407609,2026-04-22,ETF,Lumpsum,31769.23
704184,NV407610,2026-04-27,Mutual Fund - Equity,Lumpsum,12179.11
704185,NV407610,2026-06-29,ETF,SIP,2583.48
704186,NV407616,2026-04-06,Mutual Fund - Hybrid,Lumpsum,10910.27
704187,NV407618,2026-04-25,Mutual Fund - Equity,SIP,1682.72
704188,NV407618,2026-06-13,Mutual Fund - Debt,SIP,1300.89
704189,NV407619,2026-04-26,Direct Stocks,SIP,2768.67
704190,NV407621,2026-04-12,Mutual Fund - Equity,SIP,9636.4
704191,NV407627,2026-04-20,Mutual Fund - Equity,SIP,6988.79
704192,NV407633,2026-04-06,Mutual Fund - Equity,Lumpsum,12855.23
704193,NV407634,2026-04-11,Mutual Fund - Equity,Lumpsum,18851.33
704194,NV407634,2026-06-21,ETF,SIP,1616.41
704195,NV407635,2026-05-01,Mutual Fund - Equity,SIP,3595.56
704196,NV407637,2026-05-02,Mutual Fund - Equity,SIP,1775.2
704197,NV407639,2026-04-27,Mutual Fund - Equity,SIP,4361.48
704198,NV407639,2026-05-23,Mutual Fund - Hybrid,Lumpsum,10653.5
704199,NV407640,2026-04-26,Mutual Fund - Hybrid,SIP,3209.38
704200,NV407644,2026-04-04,Mutual Fund - Hybrid,SIP,1595.81
704201,NV407646,2026-04-18,Mutual Fund - Debt,SIP,10320.34
704202,NV407646,2026-07-08,Direct Stocks,SIP,1130.39
704203,NV407649,2026-04-15,Mutual Fund - Equity,SIP,2664.57
704204,NV407650,2026-04-08,Mutual Fund - Equity,SIP,1228.42
704205,NV407654,2026-04-26,Mutual Fund - Equity,SIP,3046.51
704206,NV407659,2026-04-11,Mutual Fund - Equity,SIP,6742.37
704207,NV407659,2026-06-24,Mutual Fund - Debt,SIP,1916.27
704208,NV407660,2026-05-01,Mutual Fund - Debt,Lumpsum,26770.82
704209,NV407664,2026-04-17,Mutual Fund - Equity,Lumpsum,9773.02
704210,NV407665,2026-04-19,Mutual Fund - Debt,Lumpsum,8291.72
704211,NV407665,2026-06-05,Mutual Fund - Hybrid,SIP,1339.08
704212,NV407667,2026-04-04,Mutual Fund - Equity,SIP,3215.37
704213,NV407667,2026-05-17,Direct Stocks,SIP,4154.39
704214,NV407668,2026-04-08,Direct Stocks,SIP,4432.72
704215,NV407668,2026-05-30,Mutual Fund - Debt,Lumpsum,2455.76
704216,NV407671,2026-04-18,Mutual Fund - Equity,SIP,8481.04
704217,NV407673,2026-04-04,ETF,Lumpsum,9260.94
704218,NV407679,2026-04-28,Mutual Fund - Debt,SIP,2877.13
704219,NV407679,2026-06-16,ETF,SIP,3016.93
704220,NV407680,2026-04-12,Mutual Fund - Equity,SIP,1840.66
704221,NV407681,2026-04-01,Direct Stocks,SIP,2944.42
704222,NV407685,2026-04-23,Mutual Fund - Equity,SIP,1922.33
704223,NV407685,2026-05-26,Mutual Fund - Debt,Lumpsum,9507.84
704224,NV407688,2026-04-03,Mutual Fund - Equity,SIP,1237.76
704225,NV407689,2026-04-07,Mutual Fund - Hybrid,SIP,1270.91
704226,NV407695,2026-04-05,Mutual Fund - Equity,SIP,2863.51
704227,NV407697,2026-04-14,Mutual Fund - Equity,Lumpsum,17344.99
704228,NV407700,2026-04-26,Direct Stocks,SIP,4925.3
704229,NV407700,2026-06-28,Mutual Fund - Debt,Lumpsum,8391.82
704230,NV407710,2026-04-05,Mutual Fund - Equity,SIP,2641.07
704231,NV407712,2026-04-09,Mutual Fund - Equity,SIP,4503.23
704232,NV407718,2026-04-28,Mutual Fund - Equity,SIP,2162.14
704233,NV407720,2026-04-12,Mutual Fund - Hybrid,SIP,2789.19
704234,NV407721,2026-04-26,Mutual Fund - Equity,Lumpsum,23951.91
704235,NV407721,2026-05-25,ETF,SIP,4567.89
704236,NV407723,2026-04-21,Mutual Fund - Equity,Lumpsum,5524.49
704237,NV407725,2026-04-14,Direct Stocks,SIP,1748.77
704238,NV407727,2026-04-07,Mutual Fund - Hybrid,SIP,5092.75
704239,NV407731,2026-04-20,Mutual Fund - Equity,SIP,1691.21
704240,NV407732,2026-04-14,Direct Stocks,SIP,4438.59
704241,NV407734,2026-04-19,Mutual Fund - Debt,Lumpsum,29855.96
704242,NV407734,2026-07-14,Direct Stocks,Lumpsum,6850.24
704243,NV407739,2026-04-12,Mutual Fund - Hybrid,SIP,3950.66
704244,NV407739,2026-05-08,Mutual Fund - Equity,Lumpsum,5844.51
704245,NV407740,2026-04-16,Mutual Fund - Equity,Lumpsum,12586.7
704246,NV407740,2026-07-10,Mutual Fund - Debt,Lumpsum,6186.77
704247,NV407747,2026-04-29,Mutual Fund - Equity,Lumpsum,4284.28
704248,NV407747,2026-06-24,Direct Stocks,SIP,2734.69
704249,NV407749,2026-04-10,Mutual Fund - Equity,Lumpsum,18049.08
704250,NV407752,2026-04-22,Mutual Fund - Equity,SIP,12485.12
704251,NV407754,2026-04-12,Mutual Fund - Equity,SIP,2648.36
704252,NV407755,2026-04-10,Mutual Fund - Equity,SIP,3733.17
704253,NV407757,2026-04-11,Mutual Fund - Equity,SIP,728.79
704254,NV407758,2026-04-30,Mutual Fund - Equity,SIP,2497.46
704255,NV407758,2026-06-29,ETF,Lumpsum,10608.8
704256,NV407761,2026-04-23,Mutual Fund - Equity,Lumpsum,12560.06
704257,NV407761,2026-07-02,ETF,SIP,1457.07
704258,NV407764,2026-04-23,Mutual Fund - Equity,SIP,4065.74
704259,NV407764,2026-05-31,Direct Stocks,Lumpsum,9122.16
704260,NV407766,2026-04-01,Mutual Fund - Hybrid,Lumpsum,10254.81
704261,NV407766,2026-05-27,Mutual Fund - Equity,Lumpsum,5152.74
704262,NV407768,2026-04-16,Mutual Fund - Equity,SIP,2118.43
704263,NV407773,2026-04-28,Mutual Fund - Equity,SIP,8711.37
704264,NV407773,2026-06-22,Mutual Fund - Debt,Lumpsum,10062.11
704265,NV407774,2026-04-21,Mutual Fund - Equity,SIP,3201.74
704266,NV407775,2026-04-17,ETF,Lumpsum,32297.99
704267,NV407776,2026-04-22,Mutual Fund - Hybrid,SIP,6311.87
704268,NV407783,2026-04-29,Mutual Fund - Equity,SIP,1422.25
704269,NV407789,2026-04-10,Mutual Fund - Hybrid,Lumpsum,4342.49
704270,NV407790,2026-04-29,Mutual Fund - Equity,Lumpsum,12262.72
704271,NV407794,2026-04-29,Mutual Fund - Equity,SIP,2698.59
704272,NV407794,2026-05-20,ETF,SIP,4676.17
704273,NV407796,2026-04-22,ETF,Lumpsum,13732.03
704274,NV407799,2026-04-26,Mutual Fund - Equity,SIP,5747.35
704275,NV407800,2026-04-12,Mutual Fund - Equity,Lumpsum,8609.81
704276,NV407804,2026-04-16,Direct Stocks,Lumpsum,27760.56
704277,NV407805,2026-04-27,Mutual Fund - Equity,SIP,1992.85
704278,NV407806,2026-04-10,Mutual Fund - Debt,Lumpsum,17019.26
704279,NV407808,2026-04-07,Mutual Fund - Equity,SIP,1756.04
704280,NV407810,2026-04-28,Direct Stocks,Lumpsum,49320.78
704281,NV407810,2026-06-29,Mutual Fund - Equity,SIP,2324.54
704282,NV407811,2026-04-28,Mutual Fund - Hybrid,Lumpsum,8044.87
704283,NV407812,2026-05-04,Mutual Fund - Equity,SIP,1858.06
704284,NV407815,2026-04-13,Mutual Fund - Equity,SIP,3526.08
704285,NV407816,2026-04-23,Direct Stocks,SIP,2649.73
704286,NV407818,2026-04-10,Mutual Fund - Equity,SIP,3778.92
704287,NV407819,2026-04-16,Mutual Fund - Debt,SIP,2063.99
704288,NV407819,2026-06-19,Direct Stocks,SIP,4122.11
704289,NV407821,2026-04-28,Mutual Fund - Equity,SIP,1604.81
704290,NV407822,2026-04-25,Mutual Fund - Equity,SIP,3650.8
704291,NV407822,2026-05-15,ETF,SIP,5596.14
704292,NV407824,2026-04-20,ETF,SIP,3070.86
704293,NV407829,2026-04-22,Mutual Fund - Equity,SIP,2640.28
704294,NV407834,2026-04-17,Mutual Fund - Hybrid,Lumpsum,28445.74
704295,NV407836,2026-04-23,Mutual Fund - Equity,Lumpsum,7035.15
704296,NV407836,2026-07-16,Direct Stocks,Lumpsum,9167.61
704297,NV407837,2026-04-21,Mutual Fund - Equity,SIP,3020.0
704298,NV407837,2026-05-24,ETF,Lumpsum,4715.17
704299,NV407839,2026-04-15,Mutual Fund - Debt,SIP,963.01
704300,NV407845,2026-04-24,Direct Stocks,SIP,4163.05
704301,NV407853,2026-04-04,Mutual Fund - Equity,Lumpsum,10916.24
704302,NV407855,2026-04-11,Mutual Fund - Equity,SIP,5619.03
704303,NV407855,2026-07-09,Direct Stocks,SIP,1689.7
704304,NV407856,2026-04-29,Direct Stocks,SIP,5179.87
704305,NV407859,2026-04-04,Mutual Fund - Equity,Lumpsum,4700.32
704306,NV407860,2026-04-11,Mutual Fund - Equity,SIP,3780.44
704307,NV407866,2026-04-18,Mutual Fund - Debt,SIP,3311.45
704308,NV407868,2026-04-17,Mutual Fund - Equity,Lumpsum,23707.03
704309,NV407868,2026-06-26,ETF,SIP,1228.32
704310,NV407870,2026-04-28,Mutual Fund - Hybrid,SIP,1381.31
704311,NV407872,2026-04-12,Mutual Fund - Debt,Lumpsum,13113.63
704312,NV407872,2026-06-07,Mutual Fund - Hybrid,Lumpsum,7166.77
704313,NV407874,2026-04-16,Mutual Fund - Debt,Lumpsum,20040.57
704314,NV407875,2026-04-01,Direct Stocks,SIP,2304.02
704315,NV407875,2026-07-21,Mutual Fund - Hybrid,SIP,1495.04
704316,NV407876,2026-04-28,Mutual Fund - Debt,SIP,1802.27
704317,NV407876,2026-07-05,Mutual Fund - Equity,SIP,1024.61
704318,NV407881,2026-04-07,Direct Stocks,SIP,4613.93
704319,NV407884,2026-04-24,Mutual Fund - Equity,Lumpsum,12445.4
704320,NV407884,2026-06-04,Mutual Fund - Debt,Lumpsum,12875.27
704321,NV407886,2026-04-14,Mutual Fund - Equity,SIP,3391.04
704322,NV407895,2026-04-23,Mutual Fund - Hybrid,SIP,3397.93
704323,NV407898,2026-04-06,Mutual Fund - Debt,SIP,3952.88
704324,NV407898,2026-06-21,Direct Stocks,Lumpsum,6095.95
704325,NV407899,2026-04-21,Mutual Fund - Equity,SIP,1693.72
704326,NV407899,2026-07-15,Mutual Fund - Hybrid,Lumpsum,6790.53
704327,NV407901,2026-04-12,Direct Stocks,SIP,1618.17
704328,NV407902,2026-04-08,Mutual Fund - Equity,Lumpsum,29994.03
704329,NV407902,2026-05-07,ETF,Lumpsum,7188.4
704330,NV407904,2026-04-12,Direct Stocks,SIP,3632.46
704331,NV407904,2026-05-28,Mutual Fund - Debt,SIP,2194.02
704332,NV407905,2026-04-20,ETF,Lumpsum,5350.37
704333,NV407908,2026-04-23,Mutual Fund - Debt,Lumpsum,18572.12
704334,NV407908,2026-06-13,Mutual Fund - Equity,Lumpsum,11281.35
704335,NV407920,2026-04-26,Mutual Fund - Equity,SIP,2737.25
704336,NV407920,2026-07-08,ETF,Lumpsum,61134.76
704337,NV407921,2026-05-01,Mutual Fund - Debt,SIP,1938.7
704338,NV407922,2026-05-02,Mutual Fund - Equity,SIP,5222.92
704339,NV407925,2026-04-18,Mutual Fund - Equity,SIP,2760.64
704340,NV407927,2026-04-26,Mutual Fund - Hybrid,Lumpsum,17913.3
704341,NV407927,2026-06-19,Mutual Fund - Debt,SIP,2639.78
704342,NV407930,2026-04-24,Mutual Fund - Hybrid,Lumpsum,4480.91
704343,NV407941,2026-04-11,Mutual Fund - Equity,Lumpsum,14721.46
704344,NV407942,2026-04-05,Mutual Fund - Equity,Lumpsum,14240.47
704345,NV407944,2026-04-23,ETF,Lumpsum,19031.26
704346,NV407944,2026-06-15,Mutual Fund - Hybrid,SIP,1357.14
704347,NV407946,2026-04-16,Direct Stocks,SIP,1386.97
704348,NV407948,2026-04-04,Mutual Fund - Debt,SIP,1513.32
704349,NV407948,2026-06-11,Mutual Fund - Hybrid,SIP,706.95
704350,NV407949,2026-04-30,Direct Stocks,Lumpsum,9588.98
704351,NV407952,2026-05-11,ETF,SIP,2732.33
704352,NV407953,2026-05-21,Mutual Fund - Equity,Lumpsum,8891.73
704353,NV407953,2026-06-16,Mutual Fund - Debt,Lumpsum,3795.98
704354,NV407955,2026-05-06,Mutual Fund - Debt,SIP,3849.74
704355,NV407957,2026-05-28,Direct Stocks,SIP,1708.51
704356,NV407957,2026-07-08,Mutual Fund - Debt,SIP,1568.06
704357,NV407958,2026-05-28,Direct Stocks,Lumpsum,11057.1
704358,NV407958,2026-07-22,Mutual Fund - Equity,SIP,3535.11
704359,NV407960,2026-05-13,Direct Stocks,Lumpsum,10435.53
704360,NV407960,2026-07-03,Mutual Fund - Equity,Lumpsum,14419.7
704361,NV407963,2026-05-24,Mutual Fund - Equity,SIP,3097.21
704362,NV407967,2026-05-18,Mutual Fund - Hybrid,Lumpsum,13624.88
704363,NV407967,2026-06-18,Direct Stocks,SIP,2772.81
704364,NV407970,2026-05-22,Mutual Fund - Hybrid,SIP,1560.49
704365,NV407971,2026-05-27,Mutual Fund - Equity,Lumpsum,5651.06
704366,NV407972,2026-05-02,Mutual Fund - Equity,Lumpsum,6852.42
704367,NV407973,2026-06-01,Mutual Fund - Equity,Lumpsum,22168.52
704368,NV407973,2026-06-26,Mutual Fund - Debt,SIP,1796.36
704369,NV407974,2026-05-02,Direct Stocks,Lumpsum,19353.25
704370,NV407974,2026-06-16,Mutual Fund - Hybrid,Lumpsum,24123.19
704371,NV407978,2026-05-30,Mutual Fund - Hybrid,SIP,2199.37
704372,NV407978,2026-07-06,ETF,Lumpsum,5468.87
704373,NV407979,2026-05-13,Mutual Fund - Hybrid,Lumpsum,17638.4
704374,NV407983,2026-05-13,Mutual Fund - Hybrid,SIP,2278.57
704375,NV407984,2026-05-19,Mutual Fund - Equity,Lumpsum,9903.6
704376,NV407985,2026-05-17,Mutual Fund - Debt,SIP,2614.89
704377,NV407985,2026-06-27,Mutual Fund - Equity,Lumpsum,12501.51
704378,NV407990,2026-05-08,Mutual Fund - Debt,SIP,1240.02
704379,NV407991,2026-05-28,Mutual Fund - Equity,SIP,1670.02
704380,NV407996,2026-05-22,Direct Stocks,SIP,2233.81
704381,NV407996,2026-06-11,Mutual Fund - Hybrid,Lumpsum,9639.09
704382,NV407999,2026-05-03,Mutual Fund - Equity,SIP,1973.23
704383,NV407999,2026-06-10,Mutual Fund - Debt,Lumpsum,6689.18
704384,NV408002,2026-05-24,Mutual Fund - Hybrid,SIP,2167.18
704385,NV408004,2026-05-03,Direct Stocks,SIP,1274.62
704386,NV408004,2026-06-29,Mutual Fund - Hybrid,Lumpsum,4886.48
704387,NV408005,2026-05-26,Mutual Fund - Equity,Lumpsum,11892.17
704388,NV408005,2026-07-02,Mutual Fund - Hybrid,SIP,1848.85
704389,NV408006,2026-05-24,Direct Stocks,SIP,6838.55
704390,NV408007,2026-06-02,ETF,Lumpsum,12662.59
704391,NV408007,2026-06-22,Mutual Fund - Debt,SIP,1184.74
704392,NV408013,2026-05-20,Direct Stocks,Lumpsum,5654.23
704393,NV408014,2026-05-15,Mutual Fund - Debt,SIP,2399.49
704394,NV408015,2026-05-10,Direct Stocks,SIP,4724.13
704395,NV408016,2026-05-10,ETF,SIP,3647.49
704396,NV408016,2026-06-23,Mutual Fund - Debt,SIP,3718.24
704397,NV408019,2026-05-19,Mutual Fund - Equity,SIP,1527.66
704398,NV408019,2026-07-13,Mutual Fund - Debt,SIP,954.42
704399,NV408021,2026-05-24,Mutual Fund - Debt,SIP,1229.4
704400,NV408026,2026-05-04,Mutual Fund - Equity,SIP,3540.31
704401,NV408028,2026-05-02,Mutual Fund - Equity,SIP,2459.9
704402,NV408029,2026-05-26,Mutual Fund - Equity,SIP,2900.82
704403,NV408029,2026-06-30,ETF,SIP,3653.11
704404,NV408034,2026-05-16,Mutual Fund - Equity,SIP,3031.37
704405,NV408036,2026-05-25,Mutual Fund - Equity,Lumpsum,5089.75
704406,NV408036,2026-06-29,Direct Stocks,SIP,8389.2
704407,NV408037,2026-05-22,Mutual Fund - Equity,SIP,899.58
704408,NV408040,2026-05-15,Mutual Fund - Debt,SIP,2401.83
704409,NV408045,2026-05-14,Mutual Fund - Hybrid,Lumpsum,3031.88
704410,NV408047,2026-05-26,Mutual Fund - Equity,Lumpsum,9642.31
704411,NV408047,2026-07-11,Mutual Fund - Hybrid,Lumpsum,4922.1
704412,NV408050,2026-05-31,Mutual Fund - Equity,SIP,4656.79
704413,NV408051,2026-05-03,Direct Stocks,SIP,2563.76
704414,NV408052,2026-05-18,Mutual Fund - Equity,Lumpsum,5993.75
704415,NV408053,2026-05-21,Mutual Fund - Hybrid,SIP,1706.59
704416,NV408054,2026-05-11,Mutual Fund - Hybrid,Lumpsum,26815.85
704417,NV408057,2026-05-21,Direct Stocks,Lumpsum,6330.17
704418,NV408058,2026-05-11,Mutual Fund - Hybrid,SIP,3771.5
704419,NV408060,2026-05-09,Mutual Fund - Hybrid,SIP,2168.93
704420,NV408061,2026-05-24,Mutual Fund - Hybrid,SIP,3276.07
704421,NV408061,2026-06-24,Mutual Fund - Debt,SIP,3474.07
704422,NV408064,2026-05-19,Mutual Fund - Hybrid,Lumpsum,12601.49
704423,NV408066,2026-05-07,ETF,Lumpsum,10144.02
704424,NV408066,2026-06-02,Mutual Fund - Hybrid,SIP,5306.3
704425,NV408067,2026-05-11,Mutual Fund - Equity,SIP,3383.64
704426,NV408072,2026-05-21,Direct Stocks,SIP,1751.61
704427,NV408072,2026-07-15,Mutual Fund - Equity,Lumpsum,4601.91
704428,NV408075,2026-05-30,Mutual Fund - Hybrid,SIP,4771.14
704429,NV408075,2026-07-24,Direct Stocks,SIP,1654.74
704430,NV408076,2026-05-25,Mutual Fund - Equity,Lumpsum,36620.78
704431,NV408080,2026-05-15,Direct Stocks,SIP,1420.24
704432,NV408080,2026-06-26,Mutual Fund - Hybrid,Lumpsum,6571.45
704433,NV408081,2026-05-22,Mutual Fund - Equity,SIP,1420.17
704434,NV408082,2026-05-27,Mutual Fund - Debt,Lumpsum,20056.25
704435,NV408089,2026-05-29,Mutual Fund - Equity,SIP,2118.86
704436,NV408099,2026-05-17,Mutual Fund - Equity,SIP,649.45
704437,NV408102,2026-05-19,Mutual Fund - Equity,SIP,1090.79
704438,NV408111,2026-05-15,Mutual Fund - Equity,Lumpsum,40973.03
704439,NV408114,2026-05-28,Mutual Fund - Equity,SIP,1898.58
704440,NV408114,2026-07-21,Mutual Fund - Debt,SIP,1965.96
704441,NV408116,2026-05-03,Mutual Fund - Equity,SIP,3354.19
704442,NV408118,2026-05-19,ETF,SIP,7336.68
704443,NV408120,2026-05-17,Mutual Fund - Equity,Lumpsum,11887.73
704444,NV408126,2026-05-26,Mutual Fund - Hybrid,SIP,2083.95
704445,NV408128,2026-05-15,Mutual Fund - Equity,SIP,1851.66
704446,NV408132,2026-05-28,Mutual Fund - Equity,Lumpsum,17121.87
704447,NV408134,2026-05-21,Mutual Fund - Equity,Lumpsum,5318.2
704448,NV408136,2026-05-11,Mutual Fund - Equity,SIP,5884.96
704449,NV408138,2026-05-30,Mutual Fund - Equity,Lumpsum,18679.65
704450,NV408141,2026-05-17,Mutual Fund - Equity,SIP,1175.77
704451,NV408144,2026-05-28,Mutual Fund - Equity,SIP,930.54
704452,NV408144,2026-07-03,ETF,Lumpsum,29604.39
704453,NV408148,2026-05-17,Direct Stocks,SIP,4455.53
704454,NV408150,2026-05-17,Mutual Fund - Equity,SIP,2111.13
704455,NV408151,2026-05-06,Mutual Fund - Hybrid,Lumpsum,6891.35
704456,NV408152,2026-05-15,Mutual Fund - Equity,Lumpsum,21922.95
704457,NV408155,2026-05-24,Mutual Fund - Equity,Lumpsum,15245.07
704458,NV408155,2026-06-17,Mutual Fund - Debt,SIP,1229.06
704459,NV408156,2026-05-05,ETF,Lumpsum,9751.55
704460,NV408156,2026-05-29,Mutual Fund - Debt,Lumpsum,13113.56
704461,NV408157,2026-05-23,Mutual Fund - Equity,Lumpsum,11544.56
704462,NV408157,2026-06-14,ETF,SIP,1384.5
704463,NV408160,2026-05-04,Mutual Fund - Equity,Lumpsum,13614.53
704464,NV408161,2026-06-01,Mutual Fund - Debt,SIP,4835.38
704465,NV408161,2026-06-27,Mutual Fund - Hybrid,SIP,5507.79
704466,NV408162,2026-05-11,Direct Stocks,Lumpsum,10673.63
704467,NV408166,2026-05-29,Mutual Fund - Hybrid,Lumpsum,15355.31
704468,NV408167,2026-05-05,Mutual Fund - Debt,Lumpsum,11810.04
704469,NV408171,2026-05-25,Direct Stocks,SIP,2942.5
704470,NV408174,2026-05-21,ETF,Lumpsum,9427.31
704471,NV408174,2026-07-01,Direct Stocks,SIP,2977.73
704472,NV408178,2026-05-13,Mutual Fund - Equity,SIP,2113.57
704473,NV408178,2026-06-15,ETF,SIP,1971.14
704474,NV408180,2026-05-08,Direct Stocks,SIP,1528.18
704475,NV408188,2026-05-20,Mutual Fund - Equity,SIP,1677.26
704476,NV408188,2026-07-16,ETF,Lumpsum,14591.65
704477,NV408189,2026-05-30,Mutual Fund - Debt,SIP,6780.73
704478,NV408190,2026-05-15,Mutual Fund - Equity,Lumpsum,6330.63
704479,NV408194,2026-05-15,Mutual Fund - Equity,SIP,2685.75
704480,NV408194,2026-06-13,Direct Stocks,Lumpsum,6334.94
704481,NV408197,2026-05-09,ETF,SIP,1755.44
704482,NV408199,2026-05-15,Mutual Fund - Equity,SIP,2402.6
704483,NV408200,2026-05-03,ETF,SIP,1491.45
704484,NV408202,2026-05-29,Mutual Fund - Hybrid,Lumpsum,31595.48
704485,NV408206,2026-05-15,Mutual Fund - Equity,Lumpsum,7584.66
704486,NV408206,2026-06-09,Direct Stocks,SIP,5011.87
704487,NV408210,2026-05-27,Mutual Fund - Equity,SIP,3976.69
704488,NV408211,2026-05-12,Mutual Fund - Equity,SIP,2614.19
704489,NV408214,2026-05-15,Mutual Fund - Hybrid,Lumpsum,4145.88
704490,NV408216,2026-05-28,ETF,SIP,1444.54
704491,NV408216,2026-07-19,Mutual Fund - Equity,SIP,1047.78
704492,NV408217,2026-05-30,Mutual Fund - Equity,SIP,3194.8
704493,NV408218,2026-05-05,Direct Stocks,SIP,1816.4
704494,NV408219,2026-05-03,Mutual Fund - Debt,Lumpsum,10540.59
704495,NV408221,2026-05-10,Mutual Fund - Equity,Lumpsum,33645.36
704496,NV408221,2026-06-13,Mutual Fund - Hybrid,SIP,2398.42
704497,NV408223,2026-05-27,Mutual Fund - Debt,SIP,3726.89
704498,NV408223,2026-06-17,ETF,SIP,1526.06
704499,NV408225,2026-05-31,Mutual Fund - Debt,Lumpsum,9589.4
704500,NV408227,2026-05-25,Mutual Fund - Equity,SIP,1455.09
704501,NV408235,2026-05-29,Mutual Fund - Equity,SIP,2116.16
704502,NV408241,2026-05-26,Mutual Fund - Debt,SIP,868.19
704503,NV408245,2026-05-15,Mutual Fund - Debt,SIP,1492.93
704504,NV408245,2026-06-06,ETF,SIP,5467.12
704505,NV408246,2026-05-23,Direct Stocks,Lumpsum,15563.44
704506,NV408248,2026-05-04,Direct Stocks,SIP,3469.58
704507,NV408249,2026-05-04,Direct Stocks,Lumpsum,12119.57
704508,NV408249,2026-06-12,Mutual Fund - Debt,SIP,5486.41
704509,NV408251,2026-05-27,Direct Stocks,SIP,7957.11
704510,NV408252,2026-05-19,Mutual Fund - Debt,SIP,3290.73
704511,NV408253,2026-05-08,Mutual Fund - Equity,SIP,1367.16
704512,NV408253,2026-07-05,Mutual Fund - Hybrid,Lumpsum,5702.0
704513,NV408259,2026-05-26,Mutual Fund - Hybrid,Lumpsum,18513.93
704514,NV408263,2026-05-04,Mutual Fund - Debt,SIP,3104.16
704515,NV408268,2026-05-19,Mutual Fund - Hybrid,SIP,500.0
704516,NV408268,2026-07-02,ETF,SIP,1598.85
704517,NV408269,2026-05-01,Mutual Fund - Hybrid,Lumpsum,37991.58
704518,NV408271,2026-05-04,Direct Stocks,Lumpsum,14973.67
704519,NV408272,2026-05-22,Mutual Fund - Equity,Lumpsum,8592.9
704520,NV408272,2026-06-12,Mutual Fund - Debt,Lumpsum,11247.9
704521,NV408274,2026-05-08,Mutual Fund - Equity,SIP,2606.71
704522,NV408276,2026-05-11,Mutual Fund - Hybrid,SIP,2276.11
704523,NV408277,2026-05-13,Mutual Fund - Equity,SIP,2700.95
704524,NV408278,2026-05-30,Mutual Fund - Equity,Lumpsum,4350.44
704525,NV408281,2026-05-19,Mutual Fund - Equity,Lumpsum,11720.27
704526,NV408284,2026-05-05,Direct Stocks,SIP,2664.53
704527,NV408287,2026-05-14,Mutual Fund - Equity,SIP,2816.52
704528,NV408289,2026-05-19,Direct Stocks,Lumpsum,15755.6
704529,NV408290,2026-05-29,Mutual Fund - Equity,SIP,5040.2
704530,NV408295,2026-05-07,Mutual Fund - Debt,SIP,3107.74
704531,NV408296,2026-05-26,ETF,Lumpsum,10716.11
704532,NV408296,2026-06-22,Mutual Fund - Equity,SIP,1670.45
704533,NV408297,2026-05-06,Mutual Fund - Debt,SIP,8318.81
704534,NV408298,2026-05-29,Mutual Fund - Hybrid,Lumpsum,5224.01
704535,NV408302,2026-06-04,Mutual Fund - Equity,Lumpsum,4622.48
704536,NV408302,2026-06-25,ETF,Lumpsum,10160.57
704537,NV408303,2026-05-09,Mutual Fund - Equity,Lumpsum,9311.79
704538,NV408305,2026-05-10,Mutual Fund - Debt,SIP,4234.62
704539,NV408311,2026-05-15,Direct Stocks,SIP,8798.52
704540,NV408312,2026-05-23,Direct Stocks,Lumpsum,30601.47
704541,NV408313,2026-05-19,Mutual Fund - Debt,SIP,2791.16
704542,NV408315,2026-05-14,Direct Stocks,SIP,1002.53
704543,NV408315,2026-06-13,Mutual Fund - Hybrid,SIP,1218.57
704544,NV408317,2026-05-13,Mutual Fund - Equity,Lumpsum,6788.82
704545,NV408320,2026-05-14,Mutual Fund - Equity,SIP,4398.47
704546,NV408320,2026-06-21,Mutual Fund - Debt,Lumpsum,5382.66
704547,NV408328,2026-05-13,Direct Stocks,SIP,1429.17
704548,NV408328,2026-06-06,ETF,Lumpsum,4765.34
704549,NV408330,2026-06-03,Direct Stocks,SIP,8982.15
704550,NV408334,2026-05-16,Mutual Fund - Equity,Lumpsum,20310.93
704551,NV408335,2026-05-20,Mutual Fund - Hybrid,SIP,5759.36
704552,NV408337,2026-05-19,ETF,SIP,3345.32
704553,NV408340,2026-05-21,Mutual Fund - Debt,Lumpsum,16545.53
704554,NV408340,2026-06-30,ETF,Lumpsum,21378.32
704555,NV408348,2026-05-08,Mutual Fund - Equity,Lumpsum,8359.45
704556,NV408353,2026-05-03,Mutual Fund - Hybrid,SIP,2190.97
704557,NV408356,2026-05-25,Direct Stocks,SIP,6638.78
704558,NV408356,2026-07-23,Mutual Fund - Hybrid,SIP,2186.48
704559,NV408363,2026-05-04,Direct Stocks,Lumpsum,15610.35
704560,NV408365,2026-05-16,Mutual Fund - Equity,Lumpsum,16433.93
704561,NV408365,2026-06-26,Mutual Fund - Hybrid,Lumpsum,16576.8
704562,NV408369,2026-05-04,Mutual Fund - Debt,SIP,3154.45
704563,NV408372,2026-05-30,Direct Stocks,SIP,5154.07
704564,NV408372,2026-07-27,ETF,Lumpsum,4637.9
704565,NV408379,2026-05-06,Mutual Fund - Debt,SIP,2488.92
704566,NV408381,2026-05-22,Mutual Fund - Equity,SIP,4035.19
704567,NV408381,2026-07-08,Mutual Fund - Hybrid,Lumpsum,10312.06
704568,NV408382,2026-05-31,ETF,Lumpsum,12386.59
704569,NV408382,2026-07-04,Mutual Fund - Hybrid,Lumpsum,3664.82
704570,NV408384,2026-05-31,ETF,SIP,2336.23
704571,NV408385,2026-05-12,ETF,Lumpsum,8339.47
704572,NV408386,2026-05-29,Mutual Fund - Equity,SIP,2727.59
704573,NV408387,2026-05-04,Mutual Fund - Equity,Lumpsum,34395.36
704574,NV408387,2026-06-10,Mutual Fund - Hybrid,Lumpsum,3538.07
704575,NV408388,2026-05-25,Mutual Fund - Debt,SIP,4330.39
704576,NV408389,2026-05-10,Mutual Fund - Equity,SIP,5760.06
704577,NV408389,2026-06-13,Mutual Fund - Debt,Lumpsum,3807.39
704578,NV408392,2026-05-26,Mutual Fund - Equity,Lumpsum,8182.63
704579,NV408392,2026-07-17,ETF,SIP,5827.73
704580,NV408393,2026-05-10,Mutual Fund - Equity,SIP,2951.33
704581,NV408399,2026-05-25,Mutual Fund - Equity,SIP,1600.66
704582,NV408406,2026-05-12,Mutual Fund - Debt,Lumpsum,17460.27
704583,NV408406,2026-07-01,Mutual Fund - Hybrid,Lumpsum,8277.69
704584,NV408409,2026-05-18,Direct Stocks,SIP,2399.62
704585,NV408410,2026-05-25,Mutual Fund - Equity,Lumpsum,13022.44
704586,NV408413,2026-05-12,Direct Stocks,SIP,4444.93
704587,NV408415,2026-05-13,Mutual Fund - Equity,Lumpsum,6433.86
704588,NV408419,2026-05-18,Mutual Fund - Equity,Lumpsum,6643.38
704589,NV408419,2026-07-14,Mutual Fund - Hybrid,SIP,1617.44
704590,NV408426,2026-06-05,Mutual Fund - Equity,Lumpsum,24312.7
704591,NV408427,2026-05-03,Mutual Fund - Debt,SIP,1083.15
704592,NV408432,2026-05-06,Direct Stocks,Lumpsum,39357.33
704593,NV408438,2026-05-13,Mutual Fund - Equity,SIP,525.6
704594,NV408444,2026-05-18,Mutual Fund - Debt,SIP,3401.06
704595,NV408445,2026-05-22,Mutual Fund - Equity,Lumpsum,10922.27
704596,NV408447,2026-05-01,Mutual Fund - Equity,Lumpsum,16769.59
704597,NV408448,2026-05-06,Mutual Fund - Debt,Lumpsum,7979.28
704598,NV408448,2026-07-02,ETF,SIP,3089.52
704599,NV408453,2026-05-27,Mutual Fund - Debt,Lumpsum,16115.64
704600,NV408456,2026-05-13,Mutual Fund - Equity,Lumpsum,12439.41
704601,NV408456,2026-07-05,ETF,SIP,1687.25
704602,NV408457,2026-05-10,Direct Stocks,Lumpsum,10050.66
704603,NV408457,2026-06-23,ETF,SIP,1527.42
704604,NV408463,2026-05-28,Mutual Fund - Equity,SIP,4561.75
704605,NV408467,2026-05-23,Direct Stocks,Lumpsum,23179.98
704606,NV408472,2026-05-31,Mutual Fund - Equity,SIP,3902.86
704607,NV408472,2026-07-29,Mutual Fund - Debt,Lumpsum,3916.6
704608,NV408473,2026-05-19,Mutual Fund - Equity,SIP,3600.41
704609,NV408475,2026-05-20,Mutual Fund - Equity,SIP,918.95
704610,NV408475,2026-06-15,Direct Stocks,SIP,4223.1
704611,NV408476,2026-05-20,Mutual Fund - Debt,SIP,4954.91
704612,NV408476,2026-07-17,Mutual Fund - Equity,SIP,500.0
704613,NV408477,2026-05-06,Mutual Fund - Equity,Lumpsum,14542.69
704614,NV408480,2026-05-17,Mutual Fund - Equity,Lumpsum,9354.15
704615,NV408480,2026-06-16,Mutual Fund - Hybrid,SIP,1691.6
704616,NV408485,2026-05-13,Mutual Fund - Debt,Lumpsum,13223.11
704617,NV408487,2026-05-06,Mutual Fund - Equity,SIP,2158.71
704618,NV408487,2026-06-02,ETF,Lumpsum,5978.44
704619,NV408488,2026-05-28,Direct Stocks,Lumpsum,13050.4
704620,NV408491,2026-05-29,Mutual Fund - Hybrid,SIP,2530.8
704621,NV408491,2026-07-05,Mutual Fund - Debt,Lumpsum,13981.98
704622,NV408492,2026-06-03,Mutual Fund - Equity,SIP,2647.85
704623,NV408492,2026-06-23,Mutual Fund - Hybrid,SIP,1793.66
704624,NV408493,2026-05-21,Mutual Fund - Hybrid,SIP,2488.02
704625,NV408494,2026-05-22,Direct Stocks,SIP,2423.85
704626,NV408497,2026-05-20,Mutual Fund - Equity,SIP,6000.99
704627,NV408497,2026-06-13,Direct Stocks,Lumpsum,11040.65
704628,NV408499,2026-05-07,Mutual Fund - Debt,SIP,1314.59
704629,NV408499,2026-06-24,Mutual Fund - Hybrid,SIP,4096.78
704630,NV408503,2026-05-15,Direct Stocks,SIP,1105.48
704631,NV408504,2026-05-16,Mutual Fund - Equity,SIP,9393.43
704632,NV408505,2026-05-14,ETF,Lumpsum,12565.72
704633,NV408505,2026-06-27,Mutual Fund - Debt,Lumpsum,10953.29
704634,NV408506,2026-05-26,Mutual Fund - Equity,SIP,1505.89
704635,NV408506,2026-07-24,Mutual Fund - Debt,Lumpsum,6620.91
704636,NV408507,2026-05-23,Direct Stocks,Lumpsum,47468.49
704637,NV408508,2026-05-08,Mutual Fund - Equity,Lumpsum,11748.27
704638,NV408508,2026-07-04,Mutual Fund - Debt,Lumpsum,15405.53
704639,NV408509,2026-05-14,Mutual Fund - Hybrid,Lumpsum,16938.09
704640,NV408513,2026-05-22,Mutual Fund - Hybrid,Lumpsum,5671.84
704641,NV408514,2026-05-28,Mutual Fund - Debt,Lumpsum,4790.92
704642,NV408520,2026-05-23,Mutual Fund - Equity,SIP,9273.44
704643,NV408520,2026-07-07,Direct Stocks,SIP,1419.44
704644,NV408523,2026-05-12,Mutual Fund - Hybrid,Lumpsum,7665.52
704645,NV408526,2026-05-22,Mutual Fund - Equity,SIP,3588.55
704646,NV408526,2026-07-10,Mutual Fund - Hybrid,SIP,1335.05
704647,NV408529,2026-05-25,Mutual Fund - Equity,Lumpsum,7236.06
704648,NV408530,2026-05-22,ETF,SIP,7100.1
704649,NV408533,2026-05-12,Mutual Fund - Equity,Lumpsum,14640.37
704650,NV408536,2026-05-26,Mutual Fund - Hybrid,Lumpsum,4263.51
704651,NV408536,2026-07-12,ETF,Lumpsum,6842.36
704652,NV408538,2026-05-04,Mutual Fund - Equity,Lumpsum,12444.66
704653,NV408538,2026-06-30,Mutual Fund - Hybrid,SIP,2587.87
704654,NV408539,2026-05-09,Mutual Fund - Equity,SIP,1166.13
704655,NV408541,2026-05-17,Mutual Fund - Equity,Lumpsum,3818.01
704656,NV408542,2026-05-29,Mutual Fund - Debt,Lumpsum,5204.32
704657,NV408542,2026-07-02,ETF,SIP,2388.71
704658,NV408544,2026-05-08,Mutual Fund - Equity,SIP,7972.19
704659,NV408546,2026-05-21,Mutual Fund - Equity,SIP,2674.36
704660,NV408547,2026-05-09,Mutual Fund - Equity,SIP,5271.04
704661,NV408548,2026-05-22,Direct Stocks,SIP,3107.43
704662,NV408548,2026-07-03,Mutual Fund - Equity,SIP,2270.58
704663,NV408550,2026-05-11,Mutual Fund - Debt,SIP,10967.26
704664,NV408551,2026-05-26,Mutual Fund - Debt,Lumpsum,5500.58
704665,NV408557,2026-05-20,Direct Stocks,Lumpsum,16251.19
704666,NV408558,2026-05-22,ETF,SIP,2113.14
704667,NV408558,2026-07-15,Mutual Fund - Debt,Lumpsum,14556.79
704668,NV408561,2026-05-25,Direct Stocks,SIP,3191.51
704669,NV408567,2026-05-17,Mutual Fund - Debt,Lumpsum,13494.13
704670,NV408567,2026-06-06,Mutual Fund - Equity,SIP,4879.17
704671,NV408573,2026-05-27,Mutual Fund - Equity,SIP,1812.62
704672,NV408583,2026-05-04,Mutual Fund - Equity,SIP,2139.54
704673,NV408589,2026-05-31,Mutual Fund - Equity,SIP,2297.84
704674,NV408591,2026-05-14,Mutual Fund - Equity,SIP,4305.78
704675,NV408593,2026-05-17,Mutual Fund - Equity,SIP,2345.82
704676,NV408593,2026-06-19,Direct Stocks,SIP,2515.31
704677,NV408594,2026-05-08,Mutual Fund - Hybrid,Lumpsum,6475.17
704678,NV408594,2026-06-27,ETF,SIP,3159.85
704679,NV408599,2026-05-16,Direct Stocks,SIP,3019.69
704680,NV408599,2026-06-27,Mutual Fund - Equity,Lumpsum,11080.58
704681,NV408604,2026-05-27,Direct Stocks,SIP,6693.95
704682,NV408604,2026-06-21,ETF,Lumpsum,11021.96
704683,NV408612,2026-05-11,Mutual Fund - Equity,Lumpsum,9028.25
704684,NV408612,2026-07-04,Mutual Fund - Hybrid,SIP,2012.48
704685,NV408620,2026-05-03,Mutual Fund - Debt,SIP,2483.74
704686,NV408625,2026-05-07,Mutual Fund - Equity,Lumpsum,11804.24
704687,NV408628,2026-05-20,Mutual Fund - Equity,Lumpsum,7093.51
704688,NV408629,2026-05-17,Mutual Fund - Debt,SIP,4010.9
704689,NV408629,2026-06-19,Mutual Fund - Equity,SIP,3482.22
704690,NV408631,2026-05-30,ETF,SIP,1722.33
704691,NV408636,2026-05-28,Mutual Fund - Hybrid,SIP,5803.5
704692,NV408638,2026-05-14,Mutual Fund - Equity,SIP,4620.48
704693,NV408638,2026-06-18,Direct Stocks,SIP,1268.15
704694,NV408641,2026-05-12,Mutual Fund - Equity,SIP,2840.36
704695,NV408642,2026-05-21,Mutual Fund - Debt,Lumpsum,9774.73
704696,NV408644,2026-05-31,Mutual Fund - Equity,SIP,3551.11
704697,NV408645,2026-05-28,Direct Stocks,Lumpsum,8128.89
704698,NV408649,2026-05-07,Mutual Fund - Equity,SIP,2055.92
704699,NV408650,2026-05-09,Mutual Fund - Equity,SIP,1487.77
704700,NV408650,2026-06-09,Direct Stocks,Lumpsum,4687.64
704701,NV408652,2026-05-04,Mutual Fund - Debt,SIP,3489.25
704702,NV408656,2026-05-23,Mutual Fund - Equity,SIP,2497.31
704703,NV408658,2026-05-16,Mutual Fund - Hybrid,Lumpsum,9579.22
704704,NV408662,2026-05-19,Mutual Fund - Debt,SIP,4016.6
704705,NV408662,2026-06-15,Mutual Fund - Equity,SIP,853.48
704706,NV408665,2026-05-19,Mutual Fund - Hybrid,SIP,1810.81
704707,NV408666,2026-05-11,Direct Stocks,Lumpsum,8365.8
704708,NV408667,2026-05-16,Mutual Fund - Debt,SIP,1637.96
704709,NV408669,2026-05-07,Mutual Fund - Debt,Lumpsum,8249.96
704710,NV408673,2026-05-26,Direct Stocks,Lumpsum,10815.25
704711,NV408673,2026-06-24,ETF,SIP,1842.6
704712,NV408674,2026-05-25,ETF,SIP,3324.47
704713,NV408675,2026-05-21,Mutual Fund - Equity,Lumpsum,19441.37
704714,NV408677,2026-05-02,Mutual Fund - Debt,SIP,1826.91
704715,NV408679,2026-05-20,Mutual Fund - Equity,SIP,7348.77
704716,NV408679,2026-06-30,Mutual Fund - Hybrid,Lumpsum,8375.7
704717,NV408680,2026-05-29,Mutual Fund - Debt,SIP,1939.99
704718,NV408681,2026-05-21,Direct Stocks,Lumpsum,27134.83
704719,NV408681,2026-06-10,Mutual Fund - Equity,Lumpsum,3021.36
704720,NV408683,2026-05-27,Mutual Fund - Debt,Lumpsum,10523.74
704721,NV408691,2026-05-24,Direct Stocks,Lumpsum,19066.88
704722,NV408691,2026-06-14,Mutual Fund - Hybrid,SIP,1674.33
704723,NV408696,2026-05-08,Mutual Fund - Equity,SIP,2299.86
704724,NV408696,2026-07-02,Mutual Fund - Debt,SIP,5385.41
704725,NV408698,2026-05-26,Mutual Fund - Hybrid,SIP,3018.93
704726,NV408699,2026-05-17,Mutual Fund - Equity,SIP,1237.93
704727,NV408700,2026-05-12,Direct Stocks,Lumpsum,19023.33
704728,NV408700,2026-06-10,Mutual Fund - Equity,SIP,2724.72
704729,NV408701,2026-05-24,Mutual Fund - Equity,SIP,2265.54
704730,NV408701,2026-06-18,ETF,SIP,1483.0
704731,NV408710,2026-05-22,Direct Stocks,SIP,5057.98
704732,NV408710,2026-07-11,Mutual Fund - Hybrid,Lumpsum,11890.48
704733,NV408713,2026-05-03,Mutual Fund - Equity,SIP,1976.03
704734,NV408716,2026-05-08,Mutual Fund - Equity,SIP,5457.65
704735,NV408716,2026-06-07,Mutual Fund - Hybrid,Lumpsum,24476.44
704736,NV408717,2026-05-15,Mutual Fund - Debt,Lumpsum,12044.81
704737,NV408718,2026-05-09,Mutual Fund - Equity,SIP,5727.46
704738,NV408720,2026-05-25,Mutual Fund - Equity,SIP,3624.55
704739,NV408720,2026-07-17,ETF,SIP,4810.35
704740,NV408723,2026-05-07,Mutual Fund - Hybrid,Lumpsum,7791.74
704741,NV408725,2026-05-24,Mutual Fund - Equity,SIP,3403.84
704742,NV408734,2026-05-16,Mutual Fund - Equity,Lumpsum,11318.06
704743,NV408734,2026-06-12,Direct Stocks,SIP,3948.99
704744,NV408736,2026-05-03,Mutual Fund - Debt,SIP,4443.84
704745,NV408736,2026-06-25,Mutual Fund - Equity,Lumpsum,5885.77
704746,NV408737,2026-05-20,ETF,SIP,7208.01
704747,NV408739,2026-05-23,Direct Stocks,Lumpsum,4395.64
704748,NV408740,2026-05-25,Mutual Fund - Equity,SIP,3910.34
704749,NV408743,2026-05-30,Direct Stocks,SIP,3330.16
704750,NV408747,2026-05-07,Direct Stocks,SIP,3318.84
704751,NV408748,2026-05-13,Mutual Fund - Hybrid,SIP,4722.01
704752,NV408753,2026-05-24,Mutual Fund - Equity,SIP,2139.94
704753,NV408756,2026-05-22,Mutual Fund - Equity,SIP,1879.64
704754,NV408757,2026-05-26,Mutual Fund - Debt,SIP,4040.09
704755,NV408759,2026-05-10,Mutual Fund - Hybrid,SIP,2112.35
704756,NV408759,2026-06-27,Mutual Fund - Equity,SIP,1045.92
704757,NV408763,2026-05-29,Mutual Fund - Hybrid,Lumpsum,25787.36
704758,NV408765,2026-05-13,Mutual Fund - Equity,Lumpsum,17948.23
704759,NV408765,2026-06-07,ETF,SIP,4740.99
704760,NV408766,2026-05-28,Mutual Fund - Hybrid,SIP,4106.92
704761,NV408766,2026-07-21,Direct Stocks,SIP,2872.37
704762,NV408768,2026-05-22,Mutual Fund - Equity,SIP,3069.65
704763,NV408770,2026-05-11,Mutual Fund - Equity,Lumpsum,6175.54
704764,NV408774,2026-05-31,Mutual Fund - Debt,Lumpsum,11587.73
704765,NV408775,2026-05-25,Direct Stocks,SIP,2777.38
704766,NV408775,2026-07-05,ETF,SIP,3171.88
704767,NV408776,2026-05-30,ETF,SIP,5836.26
704768,NV408777,2026-05-09,Mutual Fund - Equity,SIP,7133.09
704769,NV408777,2026-06-02,Mutual Fund - Debt,SIP,4388.4
704770,NV408778,2026-05-28,Direct Stocks,SIP,4915.48
704771,NV408778,2026-07-08,Mutual Fund - Debt,SIP,2159.87
704772,NV408781,2026-05-23,Direct Stocks,SIP,4300.88
704773,NV408781,2026-06-25,Mutual Fund - Equity,SIP,2836.85
704774,NV408782,2026-05-03,Mutual Fund - Equity,Lumpsum,9179.8
704775,NV408782,2026-06-08,Direct Stocks,SIP,1301.67
704776,NV408783,2026-05-12,Mutual Fund - Debt,SIP,1123.15
704777,NV408784,2026-05-27,Direct Stocks,Lumpsum,18331.35
704778,NV408784,2026-06-16,Mutual Fund - Debt,Lumpsum,29815.18
704779,NV408788,2026-05-26,Mutual Fund - Equity,SIP,2060.65
704780,NV408788,2026-07-03,Mutual Fund - Debt,Lumpsum,10623.0
704781,NV408789,2026-05-28,Mutual Fund - Equity,Lumpsum,19760.59
704782,NV408790,2026-05-17,Mutual Fund - Equity,Lumpsum,13229.24
704783,NV408793,2026-05-30,Direct Stocks,Lumpsum,23995.04
704784,NV408794,2026-06-01,Mutual Fund - Hybrid,SIP,977.64
704785,NV408796,2026-05-10,Direct Stocks,SIP,3605.77
704786,NV408797,2026-05-11,Mutual Fund - Equity,SIP,1887.54
704787,NV408801,2026-05-21,ETF,SIP,3970.45
704788,NV408803,2026-05-09,Mutual Fund - Equity,Lumpsum,22742.74
704789,NV408804,2026-05-03,Mutual Fund - Equity,SIP,1638.17
704790,NV408805,2026-05-08,Mutual Fund - Debt,Lumpsum,12926.55
704791,NV408807,2026-05-15,ETF,SIP,1921.27
704792,NV408807,2026-06-15,Mutual Fund - Hybrid,SIP,3722.97
704793,NV408808,2026-05-06,Direct Stocks,SIP,2979.79
704794,NV408808,2026-06-17,ETF,SIP,1299.66
704795,NV408810,2026-05-18,ETF,Lumpsum,8377.14
704796,NV408811,2026-05-18,Mutual Fund - Equity,Lumpsum,27839.83
704797,NV408812,2026-05-23,Mutual Fund - Hybrid,SIP,1882.88
704798,NV408813,2026-05-22,Direct Stocks,SIP,12234.24
704799,NV408813,2026-06-24,Mutual Fund - Debt,SIP,5132.41
704800,NV408814,2026-05-21,Mutual Fund - Debt,Lumpsum,18087.74
704801,NV408815,2026-05-29,Mutual Fund - Hybrid,SIP,2725.15
704802,NV408816,2026-05-06,Mutual Fund - Debt,SIP,5157.33
704803,NV408824,2026-05-14,Mutual Fund - Equity,Lumpsum,15270.48
704804,NV408825,2026-05-12,Direct Stocks,SIP,2948.13
704805,NV408826,2026-05-27,Mutual Fund - Hybrid,SIP,2164.36
704806,NV408829,2026-05-24,Direct Stocks,SIP,2370.83
704807,NV408832,2026-06-03,Mutual Fund - Hybrid,SIP,3202.45
704808,NV408832,2026-06-27,Mutual Fund - Debt,Lumpsum,2670.2
704809,NV408833,2026-05-13,Mutual Fund - Equity,SIP,4425.43
704810,NV408835,2026-05-28,Direct Stocks,Lumpsum,12887.88
704811,NV408836,2026-05-17,Mutual Fund - Equity,SIP,3627.64
704812,NV408837,2026-05-13,Mutual Fund - Equity,SIP,1744.3
704813,NV408837,2026-06-14,ETF,Lumpsum,7580.9
704814,NV408838,2026-05-13,Mutual Fund - Debt,SIP,2959.82
704815,NV408839,2026-05-19,Direct Stocks,SIP,1669.59
704816,NV408841,2026-05-08,Mutual Fund - Equity,SIP,1866.15
704817,NV408842,2026-05-03,Mutual Fund - Hybrid,SIP,2997.9
704818,NV408842,2026-05-25,Mutual Fund - Debt,Lumpsum,9846.02
704819,NV408844,2026-05-27,Mutual Fund - Equity,SIP,2838.52
704820,NV408844,2026-06-17,ETF,SIP,3282.22
704821,NV408847,2026-05-15,Mutual Fund - Equity,SIP,3227.36
704822,NV408847,2026-06-08,Direct Stocks,SIP,1790.24
704823,NV408852,2026-05-10,Mutual Fund - Hybrid,SIP,3991.35
704824,NV408854,2026-06-02,Mutual Fund - Equity,Lumpsum,15217.4
704825,NV408854,2026-06-24,Mutual Fund - Hybrid,SIP,3426.19
704826,NV408856,2026-05-04,Direct Stocks,Lumpsum,21681.7
704827,NV408858,2026-05-16,Mutual Fund - Hybrid,SIP,2411.1
704828,NV408858,2026-06-05,Direct Stocks,SIP,1056.69
704829,NV408859,2026-05-06,Mutual Fund - Equity,SIP,4830.38
704830,NV408861,2026-05-02,ETF,SIP,912.29
704831,NV408864,2026-05-31,Mutual Fund - Equity,SIP,2720.09
704832,NV408865,2026-05-12,Mutual Fund - Debt,SIP,2990.29
704833,NV408870,2026-05-19,Mutual Fund - Debt,Lumpsum,6119.55
704834,NV408874,2026-05-19,Mutual Fund - Equity,SIP,2427.91
704835,NV408874,2026-07-02,ETF,SIP,11826.22
704836,NV408875,2026-05-29,Mutual Fund - Equity,SIP,3320.45
704837,NV408875,2026-06-24,Mutual Fund - Hybrid,Lumpsum,5693.43
704838,NV408879,2026-05-15,Direct Stocks,Lumpsum,8834.04
704839,NV408880,2026-05-29,Mutual Fund - Debt,SIP,4460.13
704840,NV408881,2026-05-28,Mutual Fund - Hybrid,Lumpsum,17461.1
704841,NV408883,2026-05-06,Mutual Fund - Equity,SIP,3470.93
704842,NV408883,2026-06-20,ETF,Lumpsum,2938.07
704843,NV408884,2026-05-11,Mutual Fund - Debt,SIP,1052.42
704844,NV408886,2026-05-02,Direct Stocks,SIP,842.97
704845,NV408887,2026-05-10,Mutual Fund - Hybrid,Lumpsum,10272.86
704846,NV408887,2026-06-14,Direct Stocks,SIP,1836.74
704847,NV408888,2026-05-02,Mutual Fund - Equity,Lumpsum,25013.97
704848,NV408888,2026-06-12,ETF,Lumpsum,10976.01
704849,NV408891,2026-05-09,Mutual Fund - Equity,Lumpsum,10009.44
704850,NV408893,2026-05-17,Direct Stocks,SIP,3799.0
704851,NV408893,2026-06-29,Mutual Fund - Debt,Lumpsum,10386.14
704852,NV408900,2026-05-12,Mutual Fund - Hybrid,SIP,4158.93
704853,NV408901,2026-05-17,Direct Stocks,SIP,2165.3
704854,NV408902,2026-06-04,Mutual Fund - Equity,SIP,2200.89
704855,NV408902,2026-07-02,ETF,SIP,1638.32
704856,NV408903,2026-05-01,Mutual Fund - Equity,SIP,5974.78
704857,NV408903,2026-06-17,ETF,SIP,2219.3
704858,NV408904,2026-05-10,ETF,SIP,2240.06
704859,NV408904,2026-07-03,Direct Stocks,Lumpsum,4779.99
704860,NV408906,2026-05-11,Mutual Fund - Equity,Lumpsum,6645.4
704861,NV408906,2026-07-09,ETF,SIP,3121.63
704862,NV408908,2026-05-04,Mutual Fund - Debt,SIP,5131.9
704863,NV408908,2026-06-09,Mutual Fund - Equity,SIP,1804.03
704864,NV408910,2026-05-02,Mutual Fund - Hybrid,Lumpsum,19352.15
704865,NV408913,2026-05-26,ETF,SIP,2558.29
704866,NV408914,2026-05-18,Mutual Fund - Equity,Lumpsum,13181.12
704867,NV408917,2026-05-21,Mutual Fund - Equity,SIP,2441.64
704868,NV408919,2026-05-11,Direct Stocks,SIP,1230.08
704869,NV408919,2026-06-03,Mutual Fund - Hybrid,SIP,4763.3
704870,NV408925,2026-05-13,ETF,Lumpsum,9376.16
704871,NV408926,2026-05-06,Mutual Fund - Equity,SIP,5115.6
704872,NV408927,2026-06-02,Mutual Fund - Equity,SIP,2914.61
704873,NV408928,2026-05-16,Direct Stocks,Lumpsum,7861.28
704874,NV408929,2026-05-06,Mutual Fund - Hybrid,Lumpsum,5999.63
704875,NV408931,2026-05-06,Mutual Fund - Equity,SIP,2837.89
704876,NV408934,2026-05-03,Mutual Fund - Debt,Lumpsum,23798.63
704877,NV408934,2026-05-25,Mutual Fund - Equity,SIP,3246.73
704878,NV408935,2026-05-20,Mutual Fund - Debt,SIP,2900.69
704879,NV408935,2026-07-08,ETF,SIP,614.92
704880,NV408936,2026-05-17,Mutual Fund - Equity,SIP,4633.95
704881,NV408945,2026-05-28,ETF,Lumpsum,8613.26
704882,NV408946,2026-05-12,Mutual Fund - Debt,Lumpsum,13207.12
704883,NV408949,2026-05-07,ETF,Lumpsum,7685.05
704884,NV408956,2026-05-17,Mutual Fund - Equity,SIP,5548.87
704885,NV408961,2026-05-05,Direct Stocks,SIP,5320.75
704886,NV408964,2026-05-31,Mutual Fund - Equity,SIP,5853.94
704887,NV408966,2026-05-04,Direct Stocks,Lumpsum,28128.86
704888,NV408968,2026-05-08,Mutual Fund - Debt,Lumpsum,15607.98
704889,NV408971,2026-05-25,Mutual Fund - Equity,SIP,1007.82
704890,NV408972,2026-05-13,Mutual Fund - Equity,Lumpsum,19546.86
704891,NV408974,2026-05-20,Mutual Fund - Hybrid,SIP,2866.65
704892,NV408979,2026-05-23,ETF,SIP,3719.01
704893,NV408980,2026-06-02,Mutual Fund - Equity,SIP,4417.6
704894,NV408982,2026-05-28,Mutual Fund - Equity,SIP,3890.32
704895,NV408983,2026-05-10,Mutual Fund - Equity,SIP,12991.83
704896,NV408985,2026-05-07,Direct Stocks,Lumpsum,46164.32
704897,NV408988,2026-05-08,Direct Stocks,SIP,2637.03
704898,NV408995,2026-05-09,Mutual Fund - Equity,SIP,3056.97
704899,NV408998,2026-05-26,Mutual Fund - Equity,SIP,2529.17
704900,NV408998,2026-06-20,ETF,Lumpsum,6516.83
704901,NV409000,2026-05-19,Mutual Fund - Equity,Lumpsum,22861.14
704902,NV409003,2026-05-25,Mutual Fund - Hybrid,SIP,4002.74
704903,NV409004,2026-05-21,Mutual Fund - Hybrid,Lumpsum,26089.38
704904,NV409009,2026-05-17,Direct Stocks,SIP,1117.36
704905,NV409013,2026-05-14,Mutual Fund - Equity,SIP,2778.75
704906,NV409017,2026-05-22,Mutual Fund - Equity,Lumpsum,12792.1
704907,NV409018,2026-05-30,Mutual Fund - Equity,Lumpsum,18736.37
704908,NV409018,2026-06-22,Direct Stocks,SIP,3166.67
704909,NV409019,2026-05-10,Mutual Fund - Equity,SIP,2286.39
704910,NV409020,2026-05-06,Mutual Fund - Hybrid,SIP,2888.71
704911,NV409024,2026-05-14,ETF,SIP,5372.25
704912,NV409029,2026-05-05,Mutual Fund - Debt,SIP,1833.29
704913,NV409029,2026-06-12,Direct Stocks,SIP,2604.13
704914,NV409032,2026-05-26,Direct Stocks,SIP,3853.61
704915,NV409032,2026-07-10,Mutual Fund - Debt,Lumpsum,5530.39
704916,NV409033,2026-05-14,Mutual Fund - Hybrid,SIP,1343.0
704917,NV409034,2026-05-16,Mutual Fund - Debt,SIP,6042.77
704918,NV409036,2026-05-16,Mutual Fund - Debt,SIP,6245.98
704919,NV409036,2026-06-17,ETF,SIP,3265.32
704920,NV409037,2026-05-21,Mutual Fund - Equity,SIP,4086.26
704921,NV409038,2026-05-11,Mutual Fund - Equity,SIP,2307.74
704922,NV409041,2026-05-07,ETF,SIP,3210.43
704923,NV409043,2026-05-06,ETF,SIP,4967.98
704924,NV409045,2026-05-12,ETF,SIP,601.55
704925,NV409045,2026-06-27,Mutual Fund - Hybrid,Lumpsum,9206.85
704926,NV409049,2026-05-13,Direct Stocks,Lumpsum,13136.57
704927,NV409051,2026-05-11,ETF,SIP,2660.97
704928,NV409053,2026-05-04,Mutual Fund - Equity,SIP,4113.54
704929,NV409053,2026-06-25,ETF,SIP,5815.75
704930,NV409055,2026-05-07,Mutual Fund - Equity,SIP,5871.81
704931,NV409056,2026-05-22,Mutual Fund - Debt,SIP,5321.35
704932,NV409056,2026-06-14,Direct Stocks,Lumpsum,28730.57
704933,NV409057,2026-05-15,Mutual Fund - Equity,SIP,1119.72
704934,NV409057,2026-06-12,Mutual Fund - Hybrid,Lumpsum,12933.94
704935,NV409058,2026-05-16,Direct Stocks,SIP,1617.45
704936,NV409059,2026-05-25,Direct Stocks,SIP,1865.61
704937,NV409059,2026-06-20,Mutual Fund - Equity,Lumpsum,3149.81
704938,NV409060,2026-05-05,Mutual Fund - Debt,SIP,3610.71
704939,NV409065,2026-05-28,Mutual Fund - Debt,Lumpsum,9095.91
704940,NV409067,2026-06-04,Mutual Fund - Equity,Lumpsum,13247.73
704941,NV409069,2026-05-04,Direct Stocks,Lumpsum,9078.48
704942,NV409069,2026-06-18,Mutual Fund - Hybrid,SIP,855.37
704943,NV409071,2026-05-13,Mutual Fund - Equity,Lumpsum,67792.37
704944,NV409072,2026-05-25,Mutual Fund - Equity,Lumpsum,11340.24
704945,NV409073,2026-05-21,Mutual Fund - Equity,SIP,4704.54
704946,NV409077,2026-06-01,Direct Stocks,Lumpsum,23953.86
704947,NV409079,2026-05-26,Mutual Fund - Equity,SIP,1700.7
704948,NV409080,2026-05-17,Mutual Fund - Equity,Lumpsum,7822.29
704949,NV409081,2026-05-09,Direct Stocks,SIP,2104.31
704950,NV409083,2026-05-08,Mutual Fund - Equity,SIP,1961.62
704951,NV409088,2026-05-17,Mutual Fund - Debt,SIP,4477.65
704952,NV409088,2026-07-02,Mutual Fund - Equity,SIP,3009.4
704953,NV409091,2026-05-07,Mutual Fund - Hybrid,SIP,3223.78
704954,NV409092,2026-05-13,Direct Stocks,SIP,3747.77
704955,NV409092,2026-07-10,ETF,SIP,2110.49
704956,NV409093,2026-05-06,Mutual Fund - Debt,Lumpsum,29123.97
704957,NV409093,2026-06-30,Direct Stocks,SIP,4063.63
704958,NV409096,2026-05-12,Mutual Fund - Equity,SIP,2255.75
704959,NV409104,2026-05-28,Mutual Fund - Hybrid,Lumpsum,12887.41
704960,NV409107,2026-05-05,Direct Stocks,Lumpsum,2898.97
704961,NV409107,2026-06-19,Mutual Fund - Equity,SIP,3564.06
704962,NV409110,2026-05-19,Mutual Fund - Equity,SIP,3515.54
704963,NV409113,2026-05-07,Direct Stocks,Lumpsum,8020.71
704964,NV409114,2026-05-11,Mutual Fund - Equity,SIP,1951.72
704965,NV409115,2026-05-20,Mutual Fund - Equity,Lumpsum,29922.01
704966,NV409118,2026-05-15,Mutual Fund - Equity,SIP,3766.31
704967,NV409118,2026-06-16,Direct Stocks,SIP,2875.06
704968,NV409122,2026-05-09,Direct Stocks,SIP,4025.47
704969,NV409122,2026-06-04,Mutual Fund - Debt,Lumpsum,3931.85
704970,NV409126,2026-05-06,Mutual Fund - Equity,Lumpsum,31456.69
704971,NV409130,2026-05-02,Mutual Fund - Equity,SIP,875.76
704972,NV409131,2026-05-24,Mutual Fund - Equity,Lumpsum,24464.85
704973,NV409131,2026-06-26,Mutual Fund - Hybrid,SIP,1759.98
704974,NV409133,2026-05-28,Mutual Fund - Equity,Lumpsum,28076.8
704975,NV409133,2026-07-08,Direct Stocks,Lumpsum,20073.06
704976,NV409135,2026-05-03,Mutual Fund - Equity,Lumpsum,8360.01
704977,NV409137,2026-05-24,Direct Stocks,Lumpsum,14749.52
704978,NV409140,2026-05-31,Direct Stocks,Lumpsum,7127.35
704979,NV409142,2026-05-22,Mutual Fund - Equity,Lumpsum,14804.96
704980,NV409143,2026-05-06,Mutual Fund - Equity,SIP,1432.97
704981,NV409146,2026-05-22,Direct Stocks,SIP,5300.29
704982,NV409146,2026-06-17,Mutual Fund - Hybrid,SIP,1051.11
704983,NV409150,2026-05-19,Mutual Fund - Equity,SIP,5491.74
704984,NV409150,2026-07-09,Mutual Fund - Hybrid,SIP,4551.77
704985,NV409151,2026-05-25,Mutual Fund - Equity,SIP,2926.22
704986,NV409151,2026-06-29,Mutual Fund - Hybrid,Lumpsum,15513.9
704987,NV409152,2026-05-03,Direct Stocks,Lumpsum,5108.0
704988,NV409152,2026-06-25,ETF,Lumpsum,3474.96
704989,NV409153,2026-05-16,Mutual Fund - Debt,SIP,825.21
704990,NV409155,2026-05-26,Mutual Fund - Equity,SIP,1992.78
704991,NV409155,2026-06-24,Direct Stocks,SIP,3495.2
704992,NV409163,2026-05-16,Direct Stocks,Lumpsum,14812.99
704993,NV409163,2026-06-28,Mutual Fund - Hybrid,SIP,1764.52
704994,NV409164,2026-05-29,Mutual Fund - Equity,SIP,5564.96
704995,NV409164,2026-07-21,Direct Stocks,SIP,2013.63
704996,NV409165,2026-05-16,Mutual Fund - Debt,SIP,2605.12
704997,NV409166,2026-05-15,Mutual Fund - Equity,SIP,5335.43
704998,NV409169,2026-05-25,Mutual Fund - Hybrid,SIP,2489.82
704999,NV409169,2026-07-11,Mutual Fund - Equity,SIP,8154.56
705000,NV409173,2026-05-27,Mutual Fund - Equity,SIP,2834.52
705001,NV409174,2026-05-21,Mutual Fund - Equity,Lumpsum,11426.47
705002,NV409174,2026-06-16,Mutual Fund - Debt,SIP,1169.63
705003,NV409180,2026-05-09,Mutual Fund - Hybrid,SIP,1741.59
705004,NV409183,2026-05-23,Mutual Fund - Debt,SIP,4241.57
705005,NV409184,2026-05-19,Mutual Fund - Equity,Lumpsum,8187.29
705006,NV409184,2026-06-26,Mutual Fund - Hybrid,Lumpsum,7308.88
705007,NV409186,2026-05-09,Direct Stocks,SIP,3949.05
705008,NV409192,2026-05-22,Mutual Fund - Debt,SIP,3325.93
705009,NV409194,2026-05-05,Direct Stocks,Lumpsum,9165.63
705010,NV409197,2026-05-13,Mutual Fund - Hybrid,Lumpsum,3764.12
705011,NV409197,2026-06-21,Mutual Fund - Equity,SIP,3902.98
705012,NV409198,2026-05-17,Direct Stocks,SIP,3572.13
705013,NV409198,2026-06-12,Mutual Fund - Equity,SIP,1244.48
705014,NV409201,2026-05-21,Mutual Fund - Equity,SIP,6692.48
705015,NV409202,2026-05-09,Direct Stocks,SIP,2629.55
705016,NV409205,2026-05-03,Mutual Fund - Equity,SIP,3410.24
705017,NV409205,2026-06-04,Mutual Fund - Hybrid,SIP,2117.01
705018,NV409206,2026-05-15,Direct Stocks,SIP,1543.63
705019,NV409208,2026-05-26,Mutual Fund - Debt,Lumpsum,17923.85
705020,NV409212,2026-05-30,Mutual Fund - Equity,SIP,3304.46
705021,NV409213,2026-05-30,Mutual Fund - Debt,SIP,2733.65
705022,NV409214,2026-05-13,Direct Stocks,SIP,6981.98
705023,NV409215,2026-05-19,Mutual Fund - Equity,Lumpsum,6079.09
705024,NV409215,2026-06-19,Direct Stocks,SIP,2169.27
705025,NV409218,2026-05-26,Mutual Fund - Equity,Lumpsum,12221.64
705026,NV409222,2026-05-08,Mutual Fund - Equity,SIP,3903.52
705027,NV409222,2026-07-04,Mutual Fund - Debt,SIP,2800.55
705028,NV409230,2026-05-19,Mutual Fund - Equity,SIP,1153.79
705029,NV409235,2026-05-27,Mutual Fund - Equity,SIP,2302.1
705030,NV409236,2026-05-31,Direct Stocks,SIP,3255.55
705031,NV409240,2026-05-09,Mutual Fund - Hybrid,SIP,19941.29
705032,NV409240,2026-05-31,Mutual Fund - Debt,SIP,2355.49
705033,NV409243,2026-05-15,Mutual Fund - Equity,SIP,1540.7
705034,NV409243,2026-07-08,ETF,Lumpsum,15452.87
705035,NV409244,2026-05-12,Direct Stocks,Lumpsum,46682.41
705036,NV409247,2026-05-13,ETF,Lumpsum,24713.34
705037,NV409253,2026-05-22,Mutual Fund - Equity,Lumpsum,11889.48
705038,NV409255,2026-05-05,Direct Stocks,Lumpsum,7605.25
705039,NV409256,2026-05-28,Direct Stocks,SIP,6995.31
705040,NV409257,2026-05-27,Mutual Fund - Equity,SIP,1192.38
705041,NV409257,2026-07-13,Mutual Fund - Hybrid,Lumpsum,3150.97
705042,NV409258,2026-05-12,Mutual Fund - Equity,Lumpsum,4460.58
705043,NV409258,2026-06-22,Mutual Fund - Hybrid,SIP,3452.05
705044,NV409261,2026-05-24,Mutual Fund - Hybrid,Lumpsum,19497.5
705045,NV409261,2026-06-29,Mutual Fund - Equity,SIP,2220.31
705046,NV409262,2026-05-09,Mutual Fund - Equity,SIP,2622.38
705047,NV409266,2026-05-05,ETF,SIP,2327.05
705048,NV409267,2026-05-18,Mutual Fund - Equity,Lumpsum,11766.18
705049,NV409267,2026-07-01,Mutual Fund - Hybrid,Lumpsum,4289.81
705050,NV409268,2026-05-19,Mutual Fund - Equity,SIP,7894.74
705051,NV409269,2026-05-14,Mutual Fund - Equity,SIP,9538.73
705052,NV409269,2026-06-16,Direct Stocks,SIP,2055.81
705053,NV409272,2026-05-22,Mutual Fund - Equity,Lumpsum,32499.53
705054,NV409273,2026-05-29,Mutual Fund - Hybrid,SIP,2554.63
705055,NV409275,2026-05-03,Direct Stocks,SIP,2516.06
705056,NV409276,2026-05-23,Mutual Fund - Hybrid,SIP,7626.0
705057,NV409279,2026-05-05,ETF,SIP,3752.41
705058,NV409279,2026-05-30,Mutual Fund - Equity,Lumpsum,10163.45
705059,NV409282,2026-05-30,Mutual Fund - Equity,SIP,1596.57
705060,NV409285,2026-05-30,Mutual Fund - Equity,SIP,4493.87
705061,NV409286,2026-05-19,Mutual Fund - Debt,SIP,3055.11
705062,NV409287,2026-05-15,Mutual Fund - Hybrid,SIP,1658.18
705063,NV409288,2026-05-23,Mutual Fund - Equity,SIP,2789.47
705064,NV409292,2026-05-20,ETF,SIP,1189.18
705065,NV409295,2026-05-05,Mutual Fund - Equity,Lumpsum,24656.29
705066,NV409296,2026-05-15,Mutual Fund - Equity,Lumpsum,23615.6
705067,NV409296,2026-06-21,Mutual Fund - Debt,Lumpsum,3186.79
705068,NV409297,2026-05-30,Mutual Fund - Debt,SIP,1575.08
705069,NV409297,2026-07-04,Mutual Fund - Hybrid,SIP,10932.04
705070,NV409298,2026-05-23,Mutual Fund - Equity,SIP,3957.9
705071,NV409298,2026-06-18,Mutual Fund - Debt,SIP,6606.86
705072,NV409300,2026-05-27,ETF,SIP,2150.0
705073,NV409301,2026-05-12,Mutual Fund - Debt,SIP,960.69
705074,NV409301,2026-07-04,ETF,SIP,6714.48
705075,NV409305,2026-05-18,Mutual Fund - Hybrid,Lumpsum,15642.5
705076,NV409306,2026-05-16,Direct Stocks,Lumpsum,7395.82
705077,NV409307,2026-05-27,Mutual Fund - Debt,SIP,6721.24
705078,NV409310,2026-05-02,Mutual Fund - Equity,Lumpsum,8141.08
705079,NV409314,2026-06-02,Mutual Fund - Equity,Lumpsum,5951.74
705080,NV409318,2026-05-17,Mutual Fund - Equity,SIP,6324.93
705081,NV409319,2026-05-05,Mutual Fund - Hybrid,Lumpsum,7704.48
705082,NV409324,2026-05-13,Mutual Fund - Equity,SIP,1673.67
705083,NV409326,2026-05-03,Mutual Fund - Equity,SIP,2257.81
705084,NV409328,2026-05-12,Direct Stocks,SIP,2111.84
705085,NV409329,2026-05-28,ETF,SIP,1891.02
705086,NV409331,2026-05-29,Mutual Fund - Equity,Lumpsum,12029.11
705087,NV409332,2026-05-15,Mutual Fund - Equity,SIP,2478.05
705088,NV409333,2026-05-27,Mutual Fund - Equity,SIP,1606.57
705089,NV409333,2026-07-08,Mutual Fund - Debt,Lumpsum,4103.72
705090,NV409334,2026-05-29,Mutual Fund - Hybrid,SIP,4389.99
705091,NV409346,2026-05-13,Mutual Fund - Equity,Lumpsum,5445.26
705092,NV409352,2026-05-12,ETF,Lumpsum,22415.42
705093,NV409355,2026-05-21,Mutual Fund - Equity,SIP,5185.11
705094,NV409360,2026-05-18,Direct Stocks,SIP,3870.22
705095,NV409360,2026-06-08,Mutual Fund - Equity,SIP,2021.71
705096,NV409364,2026-05-29,Mutual Fund - Equity,SIP,2823.57
705097,NV409366,2026-05-03,Mutual Fund - Equity,SIP,1765.48
705098,NV409369,2026-05-06,Mutual Fund - Equity,SIP,4494.07
705099,NV409369,2026-07-02,Direct Stocks,Lumpsum,6970.62
705100,NV409371,2026-05-23,ETF,SIP,4001.94
705101,NV409372,2026-05-15,Direct Stocks,SIP,6603.46
705102,NV409376,2026-05-03,Mutual Fund - Equity,SIP,2390.53
705103,NV409380,2026-05-20,Direct Stocks,SIP,7784.23
705104,NV409380,2026-07-17,Mutual Fund - Debt,Lumpsum,13441.2
705105,NV409381,2026-05-15,Mutual Fund - Equity,SIP,2459.96
705106,NV409383,2026-05-07,Mutual Fund - Debt,SIP,3141.29
705107,NV409384,2026-05-23,Mutual Fund - Hybrid,Lumpsum,27455.88
705108,NV409387,2026-05-18,Direct Stocks,SIP,7674.32
705109,NV409387,2026-06-21,Mutual Fund - Equity,SIP,2701.97
705110,NV409388,2026-05-13,Mutual Fund - Hybrid,SIP,3873.85
705111,NV409390,2026-05-15,ETF,SIP,4521.78
705112,NV409392,2026-05-07,ETF,SIP,2316.53
705113,NV409396,2026-05-22,Mutual Fund - Debt,SIP,2755.03
705114,NV409400,2026-06-05,Mutual Fund - Hybrid,Lumpsum,12254.27
705115,NV409400,2026-06-30,ETF,SIP,1276.67
705116,NV409402,2026-05-10,Direct Stocks,Lumpsum,12122.33
705117,NV409402,2026-07-05,ETF,SIP,3430.93
705118,NV409403,2026-05-18,Mutual Fund - Equity,SIP,4876.53
705119,NV409404,2026-05-09,ETF,Lumpsum,5236.6
705120,NV409405,2026-05-21,Mutual Fund - Equity,SIP,5884.58
705121,NV409406,2026-05-19,Mutual Fund - Equity,SIP,2538.75
705122,NV409407,2026-05-27,Direct Stocks,Lumpsum,25368.57
705123,NV409407,2026-07-24,Mutual Fund - Hybrid,Lumpsum,12387.46
705124,NV409408,2026-05-13,Direct Stocks,SIP,5343.67
705125,NV409408,2026-06-18,Mutual Fund - Hybrid,Lumpsum,19204.45
705126,NV409409,2026-05-06,Mutual Fund - Equity,Lumpsum,5724.76
705127,NV409412,2026-05-07,Mutual Fund - Hybrid,SIP,2799.87
705128,NV409412,2026-06-03,ETF,SIP,3319.04
705129,NV409413,2026-05-27,Mutual Fund - Hybrid,SIP,1311.53
705130,NV409414,2026-05-29,Mutual Fund - Equity,Lumpsum,13761.47
705131,NV409416,2026-05-09,Mutual Fund - Equity,SIP,1662.33
705132,NV409416,2026-06-06,ETF,SIP,2107.0
705133,NV409426,2026-05-14,Mutual Fund - Hybrid,SIP,1319.26
705134,NV409427,2026-05-21,Mutual Fund - Hybrid,SIP,1822.42
705135,NV409428,2026-05-09,Direct Stocks,SIP,4975.2
705136,NV409431,2026-05-16,Direct Stocks,SIP,2575.27
705137,NV409433,2026-05-13,Mutual Fund - Equity,SIP,5881.11
705138,NV409433,2026-07-09,Direct Stocks,SIP,1084.93
705139,NV409435,2026-05-29,Mutual Fund - Equity,SIP,1587.71
705140,NV409436,2026-05-27,Mutual Fund - Equity,SIP,3646.52
705141,NV409436,2026-07-20,Mutual Fund - Debt,Lumpsum,17137.05
705142,NV409439,2026-05-19,Mutual Fund - Debt,SIP,2457.57
705143,NV409440,2026-05-10,ETF,Lumpsum,14877.94
705144,NV409443,2026-05-27,Mutual Fund - Equity,Lumpsum,8738.93
705145,NV409446,2026-05-31,Mutual Fund - Equity,Lumpsum,14661.1
705146,NV409448,2026-06-01,Direct Stocks,SIP,2244.2
705147,NV409450,2026-05-24,Mutual Fund - Equity,SIP,1038.19
705148,NV409452,2026-05-02,ETF,Lumpsum,18687.93
705149,NV409452,2026-05-31,Mutual Fund - Debt,SIP,7121.4
705150,NV409456,2026-05-07,Mutual Fund - Equity,SIP,5746.55
705151,NV409456,2026-06-21,Direct Stocks,SIP,2491.53
705152,NV409459,2026-05-10,Mutual Fund - Hybrid,SIP,3777.27
705153,NV409459,2026-06-29,Direct Stocks,SIP,1291.29
705154,NV409462,2026-05-04,ETF,Lumpsum,10342.51
705155,NV409463,2026-05-25,Mutual Fund - Equity,SIP,2119.1
705156,NV409465,2026-05-02,ETF,SIP,3957.26
705157,NV409468,2026-05-12,Mutual Fund - Equity,Lumpsum,9453.9
705158,NV409469,2026-05-17,Mutual Fund - Equity,SIP,1956.7
705159,NV409469,2026-06-27,Mutual Fund - Hybrid,Lumpsum,5440.64
705160,NV409470,2026-05-23,Mutual Fund - Equity,Lumpsum,11519.92
705161,NV409472,2026-05-19,Mutual Fund - Equity,Lumpsum,26263.62
705162,NV409473,2026-05-20,Mutual Fund - Hybrid,Lumpsum,8058.73
705163,NV409474,2026-05-23,Mutual Fund - Equity,SIP,3482.09
705164,NV409476,2026-05-09,Mutual Fund - Equity,SIP,3074.32
705165,NV409477,2026-05-20,Direct Stocks,Lumpsum,18359.12
705166,NV409477,2026-07-05,ETF,Lumpsum,4158.57
705167,NV409479,2026-05-15,Mutual Fund - Equity,SIP,2414.53
705168,NV409480,2026-05-08,ETF,SIP,1621.78
705169,NV409481,2026-05-19,Mutual Fund - Debt,SIP,2139.54
705170,NV409481,2026-06-28,Mutual Fund - Equity,SIP,2117.82
705171,NV409482,2026-05-22,Direct Stocks,SIP,3176.51
705172,NV409487,2026-05-26,Mutual Fund - Equity,SIP,2947.21
705173,NV409490,2026-05-26,Mutual Fund - Equity,Lumpsum,20977.7
705174,NV409491,2026-05-07,Mutual Fund - Equity,Lumpsum,11841.67
705175,NV409492,2026-05-24,Mutual Fund - Debt,SIP,4591.54
705176,NV409492,2026-06-26,Direct Stocks,SIP,2414.85
705177,NV409493,2026-05-08,ETF,Lumpsum,19042.94
705178,NV409495,2026-05-07,Mutual Fund - Equity,Lumpsum,7328.89
705179,NV409498,2026-05-27,Direct Stocks,SIP,4762.67
705180,NV409498,2026-07-06,ETF,SIP,2375.84
705181,NV409501,2026-05-30,Mutual Fund - Debt,Lumpsum,6066.09
705182,NV409501,2026-07-21,Mutual Fund - Equity,SIP,3786.81
705183,NV409502,2026-05-08,Mutual Fund - Debt,Lumpsum,11641.27
705184,NV409505,2026-05-09,Mutual Fund - Equity,Lumpsum,8540.82
705185,NV409506,2026-05-12,Mutual Fund - Debt,Lumpsum,13861.16
705186,NV409508,2026-05-15,Mutual Fund - Debt,SIP,3428.42
705187,NV409509,2026-05-05,Mutual Fund - Hybrid,Lumpsum,8988.01
705188,NV409509,2026-06-06,Mutual Fund - Debt,Lumpsum,6902.67
705189,NV409511,2026-05-08,Mutual Fund - Debt,Lumpsum,8211.49
705190,NV409514,2026-05-27,Mutual Fund - Hybrid,Lumpsum,29615.52
705191,NV409519,2026-05-07,Mutual Fund - Hybrid,Lumpsum,23496.75
705192,NV409521,2026-05-25,Mutual Fund - Equity,SIP,2011.0
705193,NV409521,2026-07-18,ETF,SIP,1076.93
705194,NV409526,2026-05-30,Direct Stocks,Lumpsum,7181.8
705195,NV409531,2026-05-18,Direct Stocks,SIP,2684.99
705196,NV409532,2026-05-28,Direct Stocks,SIP,2611.31
705197,NV409533,2026-05-29,Direct Stocks,SIP,2399.43
705198,NV409533,2026-07-08,Mutual Fund - Equity,Lumpsum,49147.91
705199,NV409534,2026-05-16,Direct Stocks,Lumpsum,20187.13
705200,NV409534,2026-06-22,Mutual Fund - Equity,SIP,1845.16
705201,NV409535,2026-05-12,Mutual Fund - Equity,SIP,5630.79
705202,NV409537,2026-05-11,Mutual Fund - Equity,Lumpsum,17518.31
705203,NV409538,2026-05-23,Mutual Fund - Debt,SIP,5203.79
705204,NV409539,2026-05-13,Mutual Fund - Hybrid,Lumpsum,12841.53
705205,NV409539,2026-06-26,Mutual Fund - Equity,Lumpsum,21320.22
705206,NV409546,2026-05-14,Direct Stocks,SIP,5396.22
705207,NV409548,2026-05-23,Direct Stocks,SIP,5516.12
705208,NV409550,2026-05-22,Direct Stocks,Lumpsum,15632.73
705209,NV409558,2026-06-01,Mutual Fund - Equity,Lumpsum,10205.99
705210,NV409559,2026-05-26,Direct Stocks,SIP,3934.75
705211,NV409562,2026-05-24,Mutual Fund - Hybrid,Lumpsum,12793.67
705212,NV409567,2026-05-19,Direct Stocks,SIP,1028.39
705213,NV409569,2026-05-12,Mutual Fund - Hybrid,SIP,1620.26
705214,NV409569,2026-06-05,ETF,SIP,1667.08
705215,NV409575,2026-05-09,Mutual Fund - Equity,Lumpsum,14175.9
705216,NV409575,2026-06-04,Mutual Fund - Debt,SIP,2106.42
705217,NV409576,2026-05-25,Mutual Fund - Debt,Lumpsum,14282.47
705218,NV409579,2026-05-05,Mutual Fund - Equity,SIP,3659.74
705219,NV409580,2026-05-14,Mutual Fund - Equity,Lumpsum,4841.54
705220,NV409582,2026-05-22,Mutual Fund - Equity,SIP,1619.19
705221,NV409584,2026-05-30,Direct Stocks,Lumpsum,10370.97
705222,NV409584,2026-07-27,Mutual Fund - Equity,SIP,6234.38
705223,NV409585,2026-05-22,Mutual Fund - Debt,SIP,1308.63
705224,NV409585,2026-06-22,Mutual Fund - Equity,SIP,1850.7
705225,NV409590,2026-05-11,Mutual Fund - Debt,Lumpsum,3423.7
