sip_id,user_id,month,risk_profile,status,amount_inr
900000,NV400002,2026-01,Conservative,Active,3190.46
900000,NV400002,2026-02,Conservative,Active,3190.46
900000,NV400002,2026-03,Conservative,Active,3190.46
900000,NV400002,2026-04,Conservative,Active,3190.46
900000,NV400002,2026-05,Conservative,Active,3190.46
900000,NV400002,2026-06,Conservative,Paused,0.0
900000,NV400002,2026-07,Conservative,Cancelled,0.0
900001,NV400008,2026-01,Moderate,Active,4121.47
900001,NV400008,2026-02,Moderate,Active,4121.47
900001,NV400008,2026-03,Moderate,Active,4121.47
900001,NV400008,2026-04,Moderate,Active,4121.47
900001,NV400008,2026-05,Moderate,Active,4121.47
900001,NV400008,2026-06,Moderate,Active,4121.47
900001,NV400008,2026-07,Moderate,Active,4121.47
900002,NV400010,2026-01,Aggressive,Active,4269.8
900002,NV400010,2026-02,Aggressive,Active,4269.8
900002,NV400010,2026-03,Aggressive,Active,4269.8
900002,NV400010,2026-04,Aggressive,Active,4269.8
900002,NV400010,2026-05,Aggressive,Active,4269.8
900002,NV400010,2026-06,Aggressive,Active,4269.8
900002,NV400010,2026-07,Aggressive,Active,4269.8
900003,NV400011,2026-01,Moderate,Active,1828.76
900003,NV400011,2026-02,Moderate,Active,1828.76
900003,NV400011,2026-03,Moderate,Active,1828.76
900003,NV400011,2026-04,Moderate,Active,1828.76
900003,NV400011,2026-05,Moderate,Active,1828.76
900003,NV400011,2026-06,Moderate,Cancelled,0.0
900004,NV400012,2026-01,Aggressive,Active,4930.42
900004,NV400012,2026-02,Aggressive,Active,4930.42
900004,NV400012,2026-03,Aggressive,Active,4930.42
900004,NV400012,2026-04,Aggressive,Active,4930.42
900004,NV400012,2026-05,Aggressive,Paused,0.0
900004,NV400012,2026-06,Aggressive,Active,4930.42
900004,NV400012,2026-07,Aggressive,Active,4930.42
900005,NV400014,2026-01,Moderate,Paused,0.0
900005,NV400014,2026-02,Moderate,Active,3724.47
900005,NV400014,2026-03,Moderate,Active,3724.47
900005,NV400014,2026-04,Moderate,Active,3724.47
900005,NV400014,2026-05,Moderate,Active,3724.47
900005,NV400014,2026-06,Moderate,Active,3724.47
900005,NV400014,2026-07,Moderate,Active,3724.47
900006,NV400014,2026-06,Moderate,Active,2428.87
900006,NV400014,2026-07,Moderate,Active,2428.87
900007,NV400016,2026-01,Moderate,Active,1815.8
900007,NV400016,2026-02,Moderate,Active,1815.8
900007,NV400016,2026-03,Moderate,Active,1815.8
900007,NV400016,2026-04,Moderate,Active,1815.8
900007,NV400016,2026-05,Moderate,Active,1815.8
900007,NV400016,2026-06,Moderate,Active,1815.8
900007,NV400016,2026-07,Moderate,Active,1815.8
900008,NV400022,2026-01,Moderate,Active,1912.5
900008,NV400022,2026-02,Moderate,Active,1912.5
900008,NV400022,2026-03,Moderate,Active,1912.5
900008,NV400022,2026-04,Moderate,Active,1912.5
900008,NV400022,2026-05,Moderate,Active,1912.5
900008,NV400022,2026-06,Moderate,Active,1912.5
900008,NV400022,2026-07,Moderate,Active,1912.5
900009,NV400023,2026-01,Moderate,Active,2783.43
900009,NV400023,2026-02,Moderate,Active,2783.43
900009,NV400023,2026-03,Moderate,Active,2783.43
900009,NV400023,2026-04,Moderate,Paused,0.0
900009,NV400023,2026-05,Moderate,Active,2783.43
900009,NV400023,2026-06,Moderate,Active,2783.43
900009,NV400023,2026-07,Moderate,Active,2783.43
900010,NV400032,2026-01,Moderate,Active,1466.36
900010,NV400032,2026-02,Moderate,Active,1466.36
900010,NV400032,2026-03,Moderate,Active,1466.36
900010,NV400032,2026-04,Moderate,Active,1466.36
900010,NV400032,2026-05,Moderate,Active,1466.36
900010,NV400032,2026-06,Moderate,Active,1466.36
900010,NV400032,2026-07,Moderate,Active,1466.36
900011,NV400033,2026-01,Moderate,Active,3849.59
900011,NV400033,2026-02,Moderate,Paused,0.0
900011,NV400033,2026-03,Moderate,Active,3849.59
900011,NV400033,2026-04,Moderate,Active,3849.59
900011,NV400033,2026-05,Moderate,Active,3849.59
900011,NV400033,2026-06,Moderate,Active,3849.59
900011,NV400033,2026-07,Moderate,Active,3849.59
900012,NV400039,2026-01,Aggressive,Active,5181.51
900012,NV400039,2026-02,Aggressive,Active,5181.51
900012,NV400039,2026-03,Aggressive,Active,5181.51
900012,NV400039,2026-04,Aggressive,Active,5181.51
900012,NV400039,2026-05,Aggressive,Active,5181.51
900012,NV400039,2026-06,Aggressive,Active,5181.51
900012,NV400039,2026-07,Aggressive,Active,5181.51
900013,NV400040,2026-01,Conservative,Active,6826.41
900013,NV400040,2026-02,Conservative,Active,6826.41
900013,NV400040,2026-03,Conservative,Active,6826.41
900013,NV400040,2026-04,Conservative,Active,6826.41
900013,NV400040,2026-05,Conservative,Cancelled,0.0
900014,NV400051,2026-02,Aggressive,Active,2412.11
900014,NV400051,2026-03,Aggressive,Active,2412.11
900014,NV400051,2026-04,Aggressive,Active,2412.11
900014,NV400051,2026-05,Aggressive,Active,2412.11
900014,NV400051,2026-06,Aggressive,Active,2412.11
900014,NV400051,2026-07,Aggressive,Active,2412.11
900015,NV400053,2026-01,Aggressive,Active,1658.69
900015,NV400053,2026-02,Aggressive,Active,1658.69
900015,NV400053,2026-03,Aggressive,Active,1658.69
900015,NV400053,2026-04,Aggressive,Paused,0.0
900015,NV400053,2026-05,Aggressive,Cancelled,0.0
900016,NV400053,2026-05,Aggressive,Active,1418.42
900016,NV400053,2026-06,Aggressive,Active,1418.42
900016,NV400053,2026-07,Aggressive,Active,1418.42
900017,NV400054,2026-01,Conservative,Active,1799.74
900017,NV400054,2026-02,Conservative,Active,1799.74
900017,NV400054,2026-03,Conservative,Active,1799.74
900017,NV400054,2026-04,Conservative,Active,1799.74
900017,NV400054,2026-05,Conservative,Active,1799.74
900017,NV400054,2026-06,Conservative,Active,1799.74
900017,NV400054,2026-07,Conservative,Active,1799.74
900018,NV400062,2026-01,Moderate,Active,5567.11
900018,NV400062,2026-02,Moderate,Active,5567.11
900018,NV400062,2026-03,Moderate,Active,5567.11
900018,NV400062,2026-04,Moderate,Active,5567.11
900018,NV400062,2026-05,Moderate,Active,5567.11
900018,NV400062,2026-06,Moderate,Active,5567.11
900018,NV400062,2026-07,Moderate,Active,5567.11
900019,NV400069,2026-01,Conservative,Paused,0.0
900019,NV400069,2026-02,Conservative,Active,3553.78
900019,NV400069,2026-03,Conservative,Active,3553.78
900019,NV400069,2026-04,Conservative,Active,3553.78
900019,NV400069,2026-05,Conservative,Active,3553.78
900019,NV400069,2026-06,Conservative,Paused,0.0
900019,NV400069,2026-07,Conservative,Active,3553.78
900020,NV400072,2026-04,Moderate,Active,1603.09
900020,NV400072,2026-05,Moderate,Active,1603.09
900020,NV400072,2026-06,Moderate,Paused,0.0
900020,NV400072,2026-07,Moderate,Active,1603.09
900021,NV400073,2026-01,Moderate,Active,6394.63
900021,NV400073,2026-02,Moderate,Active,6394.63
900021,NV400073,2026-03,Moderate,Active,6394.63
900021,NV400073,2026-04,Moderate,Active,6394.63
900021,NV400073,2026-05,Moderate,Active,6394.63
900021,NV400073,2026-06,Moderate,Active,6394.63
900021,NV400073,2026-07,Moderate,Active,6394.63
900022,NV400074,2026-01,Aggressive,Active,5615.92
900022,NV400074,2026-02,Aggressive,Active,5615.92
900022,NV400074,2026-03,Aggressive,Active,5615.92
900022,NV400074,2026-04,Aggressive,Active,5615.92
900022,NV400074,2026-05,Aggressive,Active,5615.92
900022,NV400074,2026-06,Aggressive,Active,5615.92
900022,NV400074,2026-07,Aggressive,Active,5615.92
900023,NV400075,2026-01,Moderate,Active,2835.89
900023,NV400075,2026-02,Moderate,Active,2835.89
900023,NV400075,2026-03,Moderate,Active,2835.89
900023,NV400075,2026-04,Moderate,Active,2835.89
900023,NV400075,2026-05,Moderate,Active,2835.89
900023,NV400075,2026-06,Moderate,Active,2835.89
900023,NV400075,2026-07,Moderate,Active,2835.89
900024,NV400081,2026-01,Moderate,Active,3295.75
900024,NV400081,2026-02,Moderate,Active,3295.75
900024,NV400081,2026-03,Moderate,Paused,0.0
900024,NV400081,2026-04,Moderate,Active,3295.75
900024,NV400081,2026-05,Moderate,Cancelled,0.0
900025,NV400083,2026-01,Conservative,Active,6024.04
900025,NV400083,2026-02,Conservative,Active,6024.04
900025,NV400083,2026-03,Conservative,Active,6024.04
900025,NV400083,2026-04,Conservative,Active,6024.04
900025,NV400083,2026-05,Conservative,Active,6024.04
900025,NV400083,2026-06,Conservative,Active,6024.04
900025,NV400083,2026-07,Conservative,Active,6024.04
900026,NV400083,2026-03,Conservative,Active,985.22
900026,NV400083,2026-04,Conservative,Active,985.22
900026,NV400083,2026-05,Conservative,Active,985.22
900026,NV400083,2026-06,Conservative,Active,985.22
900026,NV400083,2026-07,Conservative,Active,985.22
900027,NV400084,2026-01,Aggressive,Active,2085.66
900027,NV400084,2026-02,Aggressive,Active,2085.66
900027,NV400084,2026-03,Aggressive,Active,2085.66
900027,NV400084,2026-04,Aggressive,Active,2085.66
900027,NV400084,2026-05,Aggressive,Paused,0.0
900027,NV400084,2026-06,Aggressive,Paused,0.0
900027,NV400084,2026-07,Aggressive,Active,2085.66
900028,NV400084,2026-05,Aggressive,Active,1880.82
900028,NV400084,2026-06,Aggressive,Active,1880.82
900028,NV400084,2026-07,Aggressive,Active,1880.82
900029,NV400086,2026-02,Moderate,Active,3718.91
900029,NV400086,2026-03,Moderate,Active,3718.91
900029,NV400086,2026-04,Moderate,Active,3718.91
900029,NV400086,2026-05,Moderate,Paused,0.0
900029,NV400086,2026-06,Moderate,Paused,0.0
900029,NV400086,2026-07,Moderate,Active,3718.91
900030,NV400087,2026-01,Conservative,Active,2458.5
900030,NV400087,2026-02,Conservative,Active,2458.5
900030,NV400087,2026-03,Conservative,Active,2458.5
900030,NV400087,2026-04,Conservative,Active,2458.5
900030,NV400087,2026-05,Conservative,Active,2458.5
900030,NV400087,2026-06,Conservative,Active,2458.5
900030,NV400087,2026-07,Conservative,Active,2458.5
900031,NV400088,2026-01,Conservative,Active,4277.51
900031,NV400088,2026-02,Conservative,Active,4277.51
900031,NV400088,2026-03,Conservative,Paused,0.0
900031,NV400088,2026-04,Conservative,Active,4277.51
900031,NV400088,2026-05,Conservative,Active,4277.51
900031,NV400088,2026-06,Conservative,Active,4277.51
900031,NV400088,2026-07,Conservative,Active,4277.51
900032,NV400090,2026-01,Moderate,Active,2311.13
900032,NV400090,2026-02,Moderate,Active,2311.13
900032,NV400090,2026-03,Moderate,Active,2311.13
900032,NV400090,2026-04,Moderate,Active,2311.13
900032,NV400090,2026-05,Moderate,Active,2311.13
900032,NV400090,2026-06,Moderate,Active,2311.13
900032,NV400090,2026-07,Moderate,Cancelled,0.0
900033,NV400090,2026-05,Moderate,Cancelled,0.0
900034,NV400095,2026-01,Moderate,Active,2709.78
900034,NV400095,2026-02,Moderate,Active,2709.78
900034,NV400095,2026-03,Moderate,Active,2709.78
900034,NV400095,2026-04,Moderate,Active,2709.78
900034,NV400095,2026-05,Moderate,Paused,0.0
900034,NV400095,2026-06,Moderate,Paused,0.0
900034,NV400095,2026-07,Moderate,Active,2709.78
900035,NV400098,2026-01,Aggressive,Active,3097.23
900035,NV400098,2026-02,Aggressive,Active,3097.23
900035,NV400098,2026-03,Aggressive,Active,3097.23
900035,NV400098,2026-04,Aggressive,Active,3097.23
900035,NV400098,2026-05,Aggressive,Active,3097.23
900035,NV400098,2026-06,Aggressive,Active,3097.23
900035,NV400098,2026-07,Aggressive,Active,3097.23
900036,NV400099,2026-01,Conservative,Active,1837.66
900036,NV400099,2026-02,Conservative,Active,1837.66
900036,NV400099,2026-03,Conservative,Active,1837.66
900036,NV400099,2026-04,Conservative,Active,1837.66
900036,NV400099,2026-05,Conservative,Active,1837.66
900036,NV400099,2026-06,Conservative,Active,1837.66
900036,NV400099,2026-07,Conservative,Active,1837.66
900037,NV400108,2026-01,Moderate,Active,3558.83
900037,NV400108,2026-02,Moderate,Active,3558.83
900037,NV400108,2026-03,Moderate,Active,3558.83
900037,NV400108,2026-04,Moderate,Active,3558.83
900037,NV400108,2026-05,Moderate,Active,3558.83
900037,NV400108,2026-06,Moderate,Active,3558.83
900037,NV400108,2026-07,Moderate,Active,3558.83
900038,NV400108,2026-05,Moderate,Active,1698.82
900038,NV400108,2026-06,Moderate,Active,1698.82
900038,NV400108,2026-07,Moderate,Active,1698.82
900039,NV400109,2026-01,Moderate,Active,2054.74
900039,NV400109,2026-02,Moderate,Active,2054.74
900039,NV400109,2026-03,Moderate,Active,2054.74
900039,NV400109,2026-04,Moderate,Active,2054.74
900039,NV400109,2026-05,Moderate,Active,2054.74
900039,NV400109,2026-06,Moderate,Active,2054.74
900039,NV400109,2026-07,Moderate,Active,2054.74
900040,NV400111,2026-01,Moderate,Active,4722.71
900040,NV400111,2026-02,Moderate,Active,4722.71
900040,NV400111,2026-03,Moderate,Active,4722.71
900040,NV400111,2026-04,Moderate,Active,4722.71
900040,NV400111,2026-05,Moderate,Active,4722.71
900040,NV400111,2026-06,Moderate,Active,4722.71
900040,NV400111,2026-07,Moderate,Active,4722.71
900041,NV400111,2026-06,Moderate,Active,2905.6
900041,NV400111,2026-07,Moderate,Active,2905.6
900042,NV400112,2026-01,Moderate,Active,1737.29
900042,NV400112,2026-02,Moderate,Active,1737.29
900042,NV400112,2026-03,Moderate,Active,1737.29
900042,NV400112,2026-04,Moderate,Active,1737.29
900042,NV400112,2026-05,Moderate,Active,1737.29
900042,NV400112,2026-06,Moderate,Active,1737.29
900042,NV400112,2026-07,Moderate,Active,1737.29
900043,NV400114,2026-01,Aggressive,Active,3329.93
900043,NV400114,2026-02,Aggressive,Active,3329.93
900043,NV400114,2026-03,Aggressive,Paused,0.0
900043,NV400114,2026-04,Aggressive,Active,3329.93
900043,NV400114,2026-05,Aggressive,Active,3329.93
900043,NV400114,2026-06,Aggressive,Active,3329.93
900043,NV400114,2026-07,Aggressive,Active,3329.93
900044,NV400115,2026-01,Conservative,Active,6527.25
900044,NV400115,2026-02,Conservative,Active,6527.25
900044,NV400115,2026-03,Conservative,Active,6527.25
900044,NV400115,2026-04,Conservative,Active,6527.25
900044,NV400115,2026-05,Conservative,Active,6527.25
900044,NV400115,2026-06,Conservative,Active,6527.25
900044,NV400115,2026-07,Conservative,Active,6527.25
900045,NV400117,2026-01,Moderate,Active,1050.71
900045,NV400117,2026-02,Moderate,Active,1050.71
900045,NV400117,2026-03,Moderate,Active,1050.71
900045,NV400117,2026-04,Moderate,Active,1050.71
900045,NV400117,2026-05,Moderate,Active,1050.71
900045,NV400117,2026-06,Moderate,Active,1050.71
900045,NV400117,2026-07,Moderate,Active,1050.71
900046,NV400124,2026-01,Moderate,Active,2561.2
900046,NV400124,2026-02,Moderate,Active,2561.2
900046,NV400124,2026-03,Moderate,Active,2561.2
900046,NV400124,2026-04,Moderate,Active,2561.2
900046,NV400124,2026-05,Moderate,Active,2561.2
900046,NV400124,2026-06,Moderate,Active,2561.2
900046,NV400124,2026-07,Moderate,Active,2561.2
900047,NV400125,2026-01,Conservative,Active,2965.59
900047,NV400125,2026-02,Conservative,Active,2965.59
900047,NV400125,2026-03,Conservative,Active,2965.59
900047,NV400125,2026-04,Conservative,Active,2965.59
900047,NV400125,2026-05,Conservative,Cancelled,0.0
900048,NV400130,2026-01,Conservative,Active,3656.54
900048,NV400130,2026-02,Conservative,Active,3656.54
900048,NV400130,2026-03,Conservative,Active,3656.54
900048,NV400130,2026-04,Conservative,Active,3656.54
900048,NV400130,2026-05,Conservative,Paused,0.0
900048,NV400130,2026-06,Conservative,Paused,0.0
900048,NV400130,2026-07,Conservative,Active,3656.54
900049,NV400130,2026-05,Conservative,Cancelled,0.0
900050,NV400140,2026-01,Aggressive,Active,8637.33
900050,NV400140,2026-02,Aggressive,Active,8637.33
900050,NV400140,2026-03,Aggressive,Active,8637.33
900050,NV400140,2026-04,Aggressive,Active,8637.33
900050,NV400140,2026-05,Aggressive,Active,8637.33
900050,NV400140,2026-06,Aggressive,Active,8637.33
900050,NV400140,2026-07,Aggressive,Active,8637.33
900051,NV400148,2026-01,Conservative,Active,4274.24
900051,NV400148,2026-02,Conservative,Active,4274.24
900051,NV400148,2026-03,Conservative,Active,4274.24
900051,NV400148,2026-04,Conservative,Active,4274.24
900051,NV400148,2026-05,Conservative,Active,4274.24
900051,NV400148,2026-06,Conservative,Active,4274.24
900051,NV400148,2026-07,Conservative,Active,4274.24
900052,NV400152,2026-01,Aggressive,Active,1745.43
900052,NV400152,2026-02,Aggressive,Active,1745.43
900052,NV400152,2026-03,Aggressive,Active,1745.43
900052,NV400152,2026-04,Aggressive,Cancelled,0.0
900053,NV400157,2026-01,Conservative,Active,3380.19
900053,NV400157,2026-02,Conservative,Active,3380.19
900053,NV400157,2026-03,Conservative,Active,3380.19
900053,NV400157,2026-04,Conservative,Active,3380.19
900053,NV400157,2026-05,Conservative,Active,3380.19
900053,NV400157,2026-06,Conservative,Active,3380.19
900053,NV400157,2026-07,Conservative,Active,3380.19
900054,NV400158,2026-01,Conservative,Active,5847.75
900054,NV400158,2026-02,Conservative,Active,5847.75
900054,NV400158,2026-03,Conservative,Active,5847.75
900054,NV400158,2026-04,Conservative,Active,5847.75
900054,NV400158,2026-05,Conservative,Active,5847.75
900054,NV400158,2026-06,Conservative,Active,5847.75
900054,NV400158,2026-07,Conservative,Active,5847.75
900055,NV400159,2026-01,Conservative,Active,3496.51
900055,NV400159,2026-02,Conservative,Active,3496.51
900055,NV400159,2026-03,Conservative,Active,3496.51
900055,NV400159,2026-04,Conservative,Active,3496.51
900055,NV400159,2026-05,Conservative,Active,3496.51
900055,NV400159,2026-06,Conservative,Active,3496.51
900055,NV400159,2026-07,Conservative,Active,3496.51
900056,NV400159,2026-02,Conservative,Active,4507.55
900056,NV400159,2026-03,Conservative,Active,4507.55
900056,NV400159,2026-04,Conservative,Active,4507.55
900056,NV400159,2026-05,Conservative,Active,4507.55
900056,NV400159,2026-06,Conservative,Active,4507.55
900056,NV400159,2026-07,Conservative,Active,4507.55
900057,NV400160,2026-02,Moderate,Active,1862.55
900057,NV400160,2026-03,Moderate,Active,1862.55
900057,NV400160,2026-04,Moderate,Active,1862.55
900057,NV400160,2026-05,Moderate,Active,1862.55
900057,NV400160,2026-06,Moderate,Paused,0.0
900057,NV400160,2026-07,Moderate,Active,1862.55
900058,NV400160,2026-05,Moderate,Active,4311.58
900058,NV400160,2026-06,Moderate,Paused,0.0
900058,NV400160,2026-07,Moderate,Cancelled,0.0
900059,NV400161,2026-01,Conservative,Active,5382.78
900059,NV400161,2026-02,Conservative,Active,5382.78
900059,NV400161,2026-03,Conservative,Active,5382.78
900059,NV400161,2026-04,Conservative,Active,5382.78
900059,NV400161,2026-05,Conservative,Active,5382.78
900059,NV400161,2026-06,Conservative,Active,5382.78
900059,NV400161,2026-07,Conservative,Active,5382.78
900060,NV400163,2026-01,Moderate,Active,4205.69
900060,NV400163,2026-02,Moderate,Active,4205.69
900060,NV400163,2026-03,Moderate,Active,4205.69
900060,NV400163,2026-04,Moderate,Active,4205.69
900060,NV400163,2026-05,Moderate,Active,4205.69
900060,NV400163,2026-06,Moderate,Active,4205.69
900060,NV400163,2026-07,Moderate,Active,4205.69
900061,NV400164,2026-01,Moderate,Active,2098.53
900061,NV400164,2026-02,Moderate,Active,2098.53
900061,NV400164,2026-03,Moderate,Active,2098.53
900061,NV400164,2026-04,Moderate,Active,2098.53
900061,NV400164,2026-05,Moderate,Active,2098.53
900061,NV400164,2026-06,Moderate,Active,2098.53
900061,NV400164,2026-07,Moderate,Active,2098.53
900062,NV400164,2026-04,Moderate,Active,2642.43
900062,NV400164,2026-05,Moderate,Active,2642.43
900062,NV400164,2026-06,Moderate,Active,2642.43
900062,NV400164,2026-07,Moderate,Active,2642.43
900063,NV400166,2026-01,Conservative,Active,2502.12
900063,NV400166,2026-02,Conservative,Active,2502.12
900063,NV400166,2026-03,Conservative,Active,2502.12
900063,NV400166,2026-04,Conservative,Active,2502.12
900063,NV400166,2026-05,Conservative,Active,2502.12
900063,NV400166,2026-06,Conservative,Active,2502.12
900063,NV400166,2026-07,Conservative,Active,2502.12
900064,NV400167,2026-01,Moderate,Active,1785.16
900064,NV400167,2026-02,Moderate,Active,1785.16
900064,NV400167,2026-03,Moderate,Paused,0.0
900064,NV400167,2026-04,Moderate,Active,1785.16
900064,NV400167,2026-05,Moderate,Paused,0.0
900064,NV400167,2026-06,Moderate,Active,1785.16
900064,NV400167,2026-07,Moderate,Active,1785.16
900065,NV400168,2026-01,Aggressive,Active,1620.35
900065,NV400168,2026-02,Aggressive,Active,1620.35
900065,NV400168,2026-03,Aggressive,Active,1620.35
900065,NV400168,2026-04,Aggressive,Active,1620.35
900065,NV400168,2026-05,Aggressive,Active,1620.35
900065,NV400168,2026-06,Aggressive,Active,1620.35
900065,NV400168,2026-07,Aggressive,Active,1620.35
900066,NV400168,2026-07,Aggressive,Active,1972.41
900067,NV400169,2026-01,Conservative,Active,4935.37
900067,NV400169,2026-02,Conservative,Active,4935.37
900067,NV400169,2026-03,Conservative,Active,4935.37
900067,NV400169,2026-04,Conservative,Active,4935.37
900067,NV400169,2026-05,Conservative,Active,4935.37
900067,NV400169,2026-06,Conservative,Active,4935.37
900067,NV400169,2026-07,Conservative,Active,4935.37
900068,NV400172,2026-01,Moderate,Active,905.39
900068,NV400172,2026-02,Moderate,Active,905.39
900068,NV400172,2026-03,Moderate,Active,905.39
900068,NV400172,2026-04,Moderate,Active,905.39
900068,NV400172,2026-05,Moderate,Paused,0.0
900068,NV400172,2026-06,Moderate,Paused,0.0
900068,NV400172,2026-07,Moderate,Active,905.39
900069,NV400184,2026-01,Moderate,Paused,0.0
900069,NV400184,2026-02,Moderate,Active,2092.6
900069,NV400184,2026-03,Moderate,Active,2092.6
900069,NV400184,2026-04,Moderate,Active,2092.6
900069,NV400184,2026-05,Moderate,Paused,0.0
900069,NV400184,2026-06,Moderate,Active,2092.6
900069,NV400184,2026-07,Moderate,Active,2092.6
900070,NV400185,2026-04,Aggressive,Active,6951.31
900070,NV400185,2026-05,Aggressive,Active,6951.31
900070,NV400185,2026-06,Aggressive,Active,6951.31
900070,NV400185,2026-07,Aggressive,Active,6951.31
900071,NV400187,2026-01,Aggressive,Active,1623.29
900071,NV400187,2026-02,Aggressive,Active,1623.29
900071,NV400187,2026-03,Aggressive,Active,1623.29
900071,NV400187,2026-04,Aggressive,Active,1623.29
900071,NV400187,2026-05,Aggressive,Cancelled,0.0
900072,NV400188,2026-01,Moderate,Active,2307.69
900072,NV400188,2026-02,Moderate,Active,2307.69
900072,NV400188,2026-03,Moderate,Active,2307.69
900072,NV400188,2026-04,Moderate,Active,2307.69
900072,NV400188,2026-05,Moderate,Active,2307.69
900072,NV400188,2026-06,Moderate,Active,2307.69
900072,NV400188,2026-07,Moderate,Active,2307.69
900073,NV400197,2026-01,Moderate,Active,1261.01
900073,NV400197,2026-02,Moderate,Active,1261.01
900073,NV400197,2026-03,Moderate,Active,1261.01
900073,NV400197,2026-04,Moderate,Active,1261.01
900073,NV400197,2026-05,Moderate,Active,1261.01
900073,NV400197,2026-06,Moderate,Active,1261.01
900073,NV400197,2026-07,Moderate,Active,1261.01
900074,NV400198,2026-01,Conservative,Active,2321.73
900074,NV400198,2026-02,Conservative,Active,2321.73
900074,NV400198,2026-03,Conservative,Active,2321.73
900074,NV400198,2026-04,Conservative,Active,2321.73
900074,NV400198,2026-05,Conservative,Cancelled,0.0
900075,NV400199,2026-01,Moderate,Active,1553.84
900075,NV400199,2026-02,Moderate,Active,1553.84
900075,NV400199,2026-03,Moderate,Active,1553.84
900075,NV400199,2026-04,Moderate,Active,1553.84
900075,NV400199,2026-05,Moderate,Active,1553.84
900075,NV400199,2026-06,Moderate,Active,1553.84
900075,NV400199,2026-07,Moderate,Active,1553.84
900076,NV400200,2026-01,Conservative,Active,2981.62
900076,NV400200,2026-02,Conservative,Active,2981.62
900076,NV400200,2026-03,Conservative,Active,2981.62
900076,NV400200,2026-04,Conservative,Active,2981.62
900076,NV400200,2026-05,Conservative,Active,2981.62
900076,NV400200,2026-06,Conservative,Active,2981.62
900076,NV400200,2026-07,Conservative,Active,2981.62
900077,NV400208,2026-01,Conservative,Active,2813.25
900077,NV400208,2026-02,Conservative,Active,2813.25
900077,NV400208,2026-03,Conservative,Active,2813.25
900077,NV400208,2026-04,Conservative,Active,2813.25
900077,NV400208,2026-05,Conservative,Active,2813.25
900077,NV400208,2026-06,Conservative,Active,2813.25
900077,NV400208,2026-07,Conservative,Active,2813.25
900078,NV400211,2026-01,Aggressive,Active,2199.57
900078,NV400211,2026-02,Aggressive,Active,2199.57
900078,NV400211,2026-03,Aggressive,Active,2199.57
900078,NV400211,2026-04,Aggressive,Active,2199.57
900078,NV400211,2026-05,Aggressive,Active,2199.57
900078,NV400211,2026-06,Aggressive,Active,2199.57
900078,NV400211,2026-07,Aggressive,Active,2199.57
900079,NV400211,2026-05,Aggressive,Active,1655.17
900079,NV400211,2026-06,Aggressive,Paused,0.0
900079,NV400211,2026-07,Aggressive,Active,1655.17
900080,NV400220,2026-01,Moderate,Active,5993.77
900080,NV400220,2026-02,Moderate,Active,5993.77
900080,NV400220,2026-03,Moderate,Active,5993.77
900080,NV400220,2026-04,Moderate,Active,5993.77
900080,NV400220,2026-05,Moderate,Active,5993.77
900080,NV400220,2026-06,Moderate,Active,5993.77
900080,NV400220,2026-07,Moderate,Active,5993.77
900081,NV400222,2026-05,Aggressive,Active,4316.65
900081,NV400222,2026-06,Aggressive,Active,4316.65
900081,NV400222,2026-07,Aggressive,Active,4316.65
900082,NV400224,2026-01,Moderate,Active,2578.85
900082,NV400224,2026-02,Moderate,Active,2578.85
900082,NV400224,2026-03,Moderate,Active,2578.85
900082,NV400224,2026-04,Moderate,Active,2578.85
900082,NV400224,2026-05,Moderate,Active,2578.85
900082,NV400224,2026-06,Moderate,Active,2578.85
900082,NV400224,2026-07,Moderate,Active,2578.85
900083,NV400227,2026-02,Conservative,Active,2333.99
900083,NV400227,2026-03,Conservative,Active,2333.99
900083,NV400227,2026-04,Conservative,Active,2333.99
900083,NV400227,2026-05,Conservative,Active,2333.99
900083,NV400227,2026-06,Conservative,Active,2333.99
900083,NV400227,2026-07,Conservative,Active,2333.99
900084,NV400234,2026-05,Conservative,Active,2310.99
900084,NV400234,2026-06,Conservative,Active,2310.99
900084,NV400234,2026-07,Conservative,Active,2310.99
900085,NV400235,2026-01,Moderate,Active,2114.43
900085,NV400235,2026-02,Moderate,Active,2114.43
900085,NV400235,2026-03,Moderate,Active,2114.43
900085,NV400235,2026-04,Moderate,Active,2114.43
900085,NV400235,2026-05,Moderate,Active,2114.43
900085,NV400235,2026-06,Moderate,Active,2114.43
900085,NV400235,2026-07,Moderate,Active,2114.43
900086,NV400237,2026-01,Moderate,Active,5718.0
900086,NV400237,2026-02,Moderate,Active,5718.0
900086,NV400237,2026-03,Moderate,Active,5718.0
900086,NV400237,2026-04,Moderate,Active,5718.0
900086,NV400237,2026-05,Moderate,Active,5718.0
900086,NV400237,2026-06,Moderate,Active,5718.0
900086,NV400237,2026-07,Moderate,Active,5718.0
900087,NV400237,2026-02,Moderate,Active,2501.57
900087,NV400237,2026-03,Moderate,Active,2501.57
900087,NV400237,2026-04,Moderate,Active,2501.57
900087,NV400237,2026-05,Moderate,Active,2501.57
900087,NV400237,2026-06,Moderate,Paused,0.0
900087,NV400237,2026-07,Moderate,Active,2501.57
900088,NV400242,2026-01,Conservative,Active,3619.35
900088,NV400242,2026-02,Conservative,Active,3619.35
900088,NV400242,2026-03,Conservative,Active,3619.35
900088,NV400242,2026-04,Conservative,Active,3619.35
900088,NV400242,2026-05,Conservative,Active,3619.35
900088,NV400242,2026-06,Conservative,Active,3619.35
900088,NV400242,2026-07,Conservative,Active,3619.35
900089,NV400244,2026-01,Conservative,Active,2365.22
900089,NV400244,2026-02,Conservative,Active,2365.22
900089,NV400244,2026-03,Conservative,Active,2365.22
900089,NV400244,2026-04,Conservative,Active,2365.22
900089,NV400244,2026-05,Conservative,Active,2365.22
900089,NV400244,2026-06,Conservative,Active,2365.22
900089,NV400244,2026-07,Conservative,Active,2365.22
900090,NV400246,2026-01,Moderate,Active,1410.14
900090,NV400246,2026-02,Moderate,Active,1410.14
900090,NV400246,2026-03,Moderate,Active,1410.14
900090,NV400246,2026-04,Moderate,Active,1410.14
900090,NV400246,2026-05,Moderate,Active,1410.14
900090,NV400246,2026-06,Moderate,Active,1410.14
900090,NV400246,2026-07,Moderate,Active,1410.14
900091,NV400257,2026-01,Moderate,Active,5406.21
900091,NV400257,2026-02,Moderate,Active,5406.21
900091,NV400257,2026-03,Moderate,Active,5406.21
900091,NV400257,2026-04,Moderate,Active,5406.21
900091,NV400257,2026-05,Moderate,Active,5406.21
900091,NV400257,2026-06,Moderate,Active,5406.21
900091,NV400257,2026-07,Moderate,Active,5406.21
900092,NV400264,2026-01,Moderate,Active,1452.08
900092,NV400264,2026-02,Moderate,Active,1452.08
900092,NV400264,2026-03,Moderate,Active,1452.08
900092,NV400264,2026-04,Moderate,Active,1452.08
900092,NV400264,2026-05,Moderate,Active,1452.08
900092,NV400264,2026-06,Moderate,Active,1452.08
900092,NV400264,2026-07,Moderate,Active,1452.08
900093,NV400266,2026-07,Moderate,Active,1904.48
900094,NV400267,2026-01,Conservative,Active,5213.62
900094,NV400267,2026-02,Conservative,Active,5213.62
900094,NV400267,2026-03,Conservative,Active,5213.62
900094,NV400267,2026-04,Conservative,Active,5213.62
900094,NV400267,2026-05,Conservative,Active,5213.62
900094,NV400267,2026-06,Conservative,Active,5213.62
900094,NV400267,2026-07,Conservative,Active,5213.62
900095,NV400271,2026-01,Moderate,Active,3367.54
900095,NV400271,2026-02,Moderate,Active,3367.54
900095,NV400271,2026-03,Moderate,Active,3367.54
900095,NV400271,2026-04,Moderate,Active,3367.54
900095,NV400271,2026-05,Moderate,Cancelled,0.0
900096,NV400277,2026-01,Conservative,Active,10301.86
900096,NV400277,2026-02,Conservative,Cancelled,0.0
900097,NV400278,2026-05,Moderate,Active,1562.52
900097,NV400278,2026-06,Moderate,Active,1562.52
900097,NV400278,2026-07,Moderate,Active,1562.52
900098,NV400281,2026-01,Moderate,Active,3729.1
900098,NV400281,2026-02,Moderate,Active,3729.1
900098,NV400281,2026-03,Moderate,Active,3729.1
900098,NV400281,2026-04,Moderate,Active,3729.1
900098,NV400281,2026-05,Moderate,Active,3729.1
900098,NV400281,2026-06,Moderate,Active,3729.1
900098,NV400281,2026-07,Moderate,Active,3729.1
900099,NV400281,2026-07,Moderate,Active,1366.9
900100,NV400282,2026-01,Moderate,Active,3116.32
900100,NV400282,2026-02,Moderate,Active,3116.32
900100,NV400282,2026-03,Moderate,Active,3116.32
900100,NV400282,2026-04,Moderate,Active,3116.32
900100,NV400282,2026-05,Moderate,Active,3116.32
900100,NV400282,2026-06,Moderate,Active,3116.32
900100,NV400282,2026-07,Moderate,Active,3116.32
900101,NV400283,2026-02,Conservative,Paused,0.0
900101,NV400283,2026-03,Conservative,Active,4080.63
900101,NV400283,2026-04,Conservative,Active,4080.63
900101,NV400283,2026-05,Conservative,Active,4080.63
900101,NV400283,2026-06,Conservative,Cancelled,0.0
900102,NV400286,2026-01,Moderate,Active,4773.42
900102,NV400286,2026-02,Moderate,Active,4773.42
900102,NV400286,2026-03,Moderate,Active,4773.42
900102,NV400286,2026-04,Moderate,Active,4773.42
900102,NV400286,2026-05,Moderate,Cancelled,0.0
900103,NV400286,2026-02,Moderate,Active,2340.08
900103,NV400286,2026-03,Moderate,Active,2340.08
900103,NV400286,2026-04,Moderate,Active,2340.08
900103,NV400286,2026-05,Moderate,Active,2340.08
900103,NV400286,2026-06,Moderate,Active,2340.08
900103,NV400286,2026-07,Moderate,Active,2340.08
900104,NV400288,2026-01,Moderate,Active,1452.62
900104,NV400288,2026-02,Moderate,Active,1452.62
900104,NV400288,2026-03,Moderate,Active,1452.62
900104,NV400288,2026-04,Moderate,Active,1452.62
900104,NV400288,2026-05,Moderate,Active,1452.62
900104,NV400288,2026-06,Moderate,Active,1452.62
900104,NV400288,2026-07,Moderate,Active,1452.62
900105,NV400290,2026-01,Moderate,Active,2251.11
900105,NV400290,2026-02,Moderate,Active,2251.11
900105,NV400290,2026-03,Moderate,Active,2251.11
900105,NV400290,2026-04,Moderate,Active,2251.11
900105,NV400290,2026-05,Moderate,Active,2251.11
900105,NV400290,2026-06,Moderate,Active,2251.11
900105,NV400290,2026-07,Moderate,Active,2251.11
900106,NV400297,2026-02,Moderate,Active,12666.16
900106,NV400297,2026-03,Moderate,Paused,0.0
900106,NV400297,2026-04,Moderate,Active,12666.16
900106,NV400297,2026-05,Moderate,Active,12666.16
900106,NV400297,2026-06,Moderate,Active,12666.16
900106,NV400297,2026-07,Moderate,Active,12666.16
900107,NV400302,2026-01,Aggressive,Active,3427.41
900107,NV400302,2026-02,Aggressive,Active,3427.41
900107,NV400302,2026-03,Aggressive,Active,3427.41
900107,NV400302,2026-04,Aggressive,Active,3427.41
900107,NV400302,2026-05,Aggressive,Active,3427.41
900107,NV400302,2026-06,Aggressive,Active,3427.41
900107,NV400302,2026-07,Aggressive,Active,3427.41
900108,NV400310,2026-01,Moderate,Active,2331.36
900108,NV400310,2026-02,Moderate,Active,2331.36
900108,NV400310,2026-03,Moderate,Active,2331.36
900108,NV400310,2026-04,Moderate,Active,2331.36
900108,NV400310,2026-05,Moderate,Active,2331.36
900108,NV400310,2026-06,Moderate,Active,2331.36
900108,NV400310,2026-07,Moderate,Active,2331.36
900109,NV400314,2026-01,Conservative,Active,7640.2
900109,NV400314,2026-02,Conservative,Active,7640.2
900109,NV400314,2026-03,Conservative,Active,7640.2
900109,NV400314,2026-04,Conservative,Active,7640.2
900109,NV400314,2026-05,Conservative,Active,7640.2
900109,NV400314,2026-06,Conservative,Active,7640.2
900109,NV400314,2026-07,Conservative,Active,7640.2
900110,NV400315,2026-01,Conservative,Active,3156.01
900110,NV400315,2026-02,Conservative,Active,3156.01
900110,NV400315,2026-03,Conservative,Active,3156.01
900110,NV400315,2026-04,Conservative,Active,3156.01
900110,NV400315,2026-05,Conservative,Active,3156.01
900110,NV400315,2026-06,Conservative,Active,3156.01
900110,NV400315,2026-07,Conservative,Active,3156.01
900111,NV400316,2026-01,Conservative,Active,2844.93
900111,NV400316,2026-02,Conservative,Active,2844.93
900111,NV400316,2026-03,Conservative,Active,2844.93
900111,NV400316,2026-04,Conservative,Active,2844.93
900111,NV400316,2026-05,Conservative,Paused,0.0
900111,NV400316,2026-06,Conservative,Active,2844.93
900111,NV400316,2026-07,Conservative,Active,2844.93
900112,NV400320,2026-01,Moderate,Active,3583.32
900112,NV400320,2026-02,Moderate,Active,3583.32
900112,NV400320,2026-03,Moderate,Active,3583.32
900112,NV400320,2026-04,Moderate,Active,3583.32
900112,NV400320,2026-05,Moderate,Active,3583.32
900112,NV400320,2026-06,Moderate,Active,3583.32
900112,NV400320,2026-07,Moderate,Active,3583.32
900113,NV400326,2026-01,Conservative,Active,3874.44
900113,NV400326,2026-02,Conservative,Active,3874.44
900113,NV400326,2026-03,Conservative,Active,3874.44
900113,NV400326,2026-04,Conservative,Active,3874.44
900113,NV400326,2026-05,Conservative,Active,3874.44
900113,NV400326,2026-06,Conservative,Active,3874.44
900113,NV400326,2026-07,Conservative,Active,3874.44
900114,NV400326,2026-01,Conservative,Active,5533.33
900114,NV400326,2026-02,Conservative,Active,5533.33
900114,NV400326,2026-03,Conservative,Active,5533.33
900114,NV400326,2026-04,Conservative,Active,5533.33
900114,NV400326,2026-05,Conservative,Paused,0.0
900114,NV400326,2026-06,Conservative,Paused,0.0
900114,NV400326,2026-07,Conservative,Cancelled,0.0
900115,NV400328,2026-01,Moderate,Active,1591.98
900115,NV400328,2026-02,Moderate,Active,1591.98
900115,NV400328,2026-03,Moderate,Active,1591.98
900115,NV400328,2026-04,Moderate,Active,1591.98
900115,NV400328,2026-05,Moderate,Active,1591.98
900115,NV400328,2026-06,Moderate,Active,1591.98
900115,NV400328,2026-07,Moderate,Active,1591.98
900116,NV400335,2026-01,Aggressive,Active,2581.25
900116,NV400335,2026-02,Aggressive,Active,2581.25
900116,NV400335,2026-03,Aggressive,Active,2581.25
900116,NV400335,2026-04,Aggressive,Active,2581.25
900116,NV400335,2026-05,Aggressive,Active,2581.25
900116,NV400335,2026-06,Aggressive,Active,2581.25
900116,NV400335,2026-07,Aggressive,Active,2581.25
900117,NV400337,2026-01,Conservative,Active,1973.07
900117,NV400337,2026-02,Conservative,Active,1973.07
900117,NV400337,2026-03,Conservative,Active,1973.07
900117,NV400337,2026-04,Conservative,Active,1973.07
900117,NV400337,2026-05,Conservative,Active,1973.07
900117,NV400337,2026-06,Conservative,Active,1973.07
900117,NV400337,2026-07,Conservative,Active,1973.07
900118,NV400344,2026-01,Conservative,Active,2566.23
900118,NV400344,2026-02,Conservative,Active,2566.23
900118,NV400344,2026-03,Conservative,Active,2566.23
900118,NV400344,2026-04,Conservative,Active,2566.23
900118,NV400344,2026-05,Conservative,Active,2566.23
900118,NV400344,2026-06,Conservative,Active,2566.23
900118,NV400344,2026-07,Conservative,Active,2566.23
900119,NV400348,2026-01,Aggressive,Active,10089.72
900119,NV400348,2026-02,Aggressive,Active,10089.72
900119,NV400348,2026-03,Aggressive,Active,10089.72
900119,NV400348,2026-04,Aggressive,Paused,0.0
900119,NV400348,2026-05,Aggressive,Active,10089.72
900119,NV400348,2026-06,Aggressive,Active,10089.72
900119,NV400348,2026-07,Aggressive,Active,10089.72
900120,NV400349,2026-02,Aggressive,Active,1838.35
900120,NV400349,2026-03,Aggressive,Active,1838.35
900120,NV400349,2026-04,Aggressive,Paused,0.0
900120,NV400349,2026-05,Aggressive,Active,1838.35
900120,NV400349,2026-06,Aggressive,Active,1838.35
900120,NV400349,2026-07,Aggressive,Active,1838.35
900121,NV400353,2026-01,Moderate,Active,5447.19
900121,NV400353,2026-02,Moderate,Active,5447.19
900121,NV400353,2026-03,Moderate,Active,5447.19
900121,NV400353,2026-04,Moderate,Active,5447.19
900121,NV400353,2026-05,Moderate,Active,5447.19
900121,NV400353,2026-06,Moderate,Active,5447.19
900121,NV400353,2026-07,Moderate,Active,5447.19
900122,NV400354,2026-01,Conservative,Active,2038.74
900122,NV400354,2026-02,Conservative,Active,2038.74
900122,NV400354,2026-03,Conservative,Active,2038.74
900122,NV400354,2026-04,Conservative,Active,2038.74
900122,NV400354,2026-05,Conservative,Active,2038.74
900122,NV400354,2026-06,Conservative,Active,2038.74
900122,NV400354,2026-07,Conservative,Active,2038.74
900123,NV400354,2026-02,Conservative,Active,2259.35
900123,NV400354,2026-03,Conservative,Active,2259.35
900123,NV400354,2026-04,Conservative,Active,2259.35
900123,NV400354,2026-05,Conservative,Paused,0.0
900123,NV400354,2026-06,Conservative,Active,2259.35
900123,NV400354,2026-07,Conservative,Active,2259.35
900124,NV400355,2026-01,Moderate,Active,2777.65
900124,NV400355,2026-02,Moderate,Active,2777.65
900124,NV400355,2026-03,Moderate,Active,2777.65
900124,NV400355,2026-04,Moderate,Active,2777.65
900124,NV400355,2026-05,Moderate,Active,2777.65
900124,NV400355,2026-06,Moderate,Active,2777.65
900124,NV400355,2026-07,Moderate,Active,2777.65
900125,NV400357,2026-02,Aggressive,Active,2972.65
900125,NV400357,2026-03,Aggressive,Active,2972.65
900125,NV400357,2026-04,Aggressive,Active,2972.65
900125,NV400357,2026-05,Aggressive,Active,2972.65
900125,NV400357,2026-06,Aggressive,Active,2972.65
900125,NV400357,2026-07,Aggressive,Active,2972.65
900126,NV400357,2026-06,Aggressive,Active,3021.16
900126,NV400357,2026-07,Aggressive,Active,3021.16
900127,NV400361,2026-01,Conservative,Active,1504.54
900127,NV400361,2026-02,Conservative,Active,1504.54
900127,NV400361,2026-03,Conservative,Active,1504.54
900127,NV400361,2026-04,Conservative,Active,1504.54
900127,NV400361,2026-05,Conservative,Paused,0.0
900127,NV400361,2026-06,Conservative,Cancelled,0.0
900128,NV400366,2026-02,Aggressive,Active,4140.03
900128,NV400366,2026-03,Aggressive,Active,4140.03
900128,NV400366,2026-04,Aggressive,Active,4140.03
900128,NV400366,2026-05,Aggressive,Active,4140.03
900128,NV400366,2026-06,Aggressive,Active,4140.03
900128,NV400366,2026-07,Aggressive,Active,4140.03
900129,NV400366,2026-03,Aggressive,Active,6785.36
900129,NV400366,2026-04,Aggressive,Active,6785.36
900129,NV400366,2026-05,Aggressive,Active,6785.36
900129,NV400366,2026-06,Aggressive,Active,6785.36
900129,NV400366,2026-07,Aggressive,Active,6785.36
900130,NV400367,2026-01,Moderate,Active,4284.27
900130,NV400367,2026-02,Moderate,Active,4284.27
900130,NV400367,2026-03,Moderate,Active,4284.27
900130,NV400367,2026-04,Moderate,Active,4284.27
900130,NV400367,2026-05,Moderate,Active,4284.27
900130,NV400367,2026-06,Moderate,Active,4284.27
900130,NV400367,2026-07,Moderate,Active,4284.27
900131,NV400368,2026-01,Moderate,Active,2872.78
900131,NV400368,2026-02,Moderate,Active,2872.78
900131,NV400368,2026-03,Moderate,Active,2872.78
900131,NV400368,2026-04,Moderate,Active,2872.78
900131,NV400368,2026-05,Moderate,Active,2872.78
900131,NV400368,2026-06,Moderate,Active,2872.78
900131,NV400368,2026-07,Moderate,Active,2872.78
900132,NV400372,2026-01,Moderate,Active,1735.93
900132,NV400372,2026-02,Moderate,Active,1735.93
900132,NV400372,2026-03,Moderate,Active,1735.93
900132,NV400372,2026-04,Moderate,Active,1735.93
900132,NV400372,2026-05,Moderate,Active,1735.93
900132,NV400372,2026-06,Moderate,Active,1735.93
900132,NV400372,2026-07,Moderate,Active,1735.93
900133,NV400373,2026-01,Conservative,Active,2868.32
900133,NV400373,2026-02,Conservative,Active,2868.32
900133,NV400373,2026-03,Conservative,Active,2868.32
900133,NV400373,2026-04,Conservative,Active,2868.32
900133,NV400373,2026-05,Conservative,Active,2868.32
900133,NV400373,2026-06,Conservative,Active,2868.32
900133,NV400373,2026-07,Conservative,Active,2868.32
900134,NV400375,2026-01,Moderate,Active,3319.21
900134,NV400375,2026-02,Moderate,Active,3319.21
900134,NV400375,2026-03,Moderate,Active,3319.21
900134,NV400375,2026-04,Moderate,Active,3319.21
900134,NV400375,2026-05,Moderate,Active,3319.21
900134,NV400375,2026-06,Moderate,Active,3319.21
900134,NV400375,2026-07,Moderate,Active,3319.21
900135,NV400376,2026-01,Moderate,Active,762.08
900135,NV400376,2026-02,Moderate,Active,762.08
900135,NV400376,2026-03,Moderate,Active,762.08
900135,NV400376,2026-04,Moderate,Active,762.08
900135,NV400376,2026-05,Moderate,Active,762.08
900135,NV400376,2026-06,Moderate,Active,762.08
900135,NV400376,2026-07,Moderate,Active,762.08
900136,NV400376,2026-05,Moderate,Active,3895.03
900136,NV400376,2026-06,Moderate,Active,3895.03
900136,NV400376,2026-07,Moderate,Active,3895.03
900137,NV400378,2026-01,Moderate,Active,3765.21
900137,NV400378,2026-02,Moderate,Active,3765.21
900137,NV400378,2026-03,Moderate,Active,3765.21
900137,NV400378,2026-04,Moderate,Active,3765.21
900137,NV400378,2026-05,Moderate,Active,3765.21
900137,NV400378,2026-06,Moderate,Active,3765.21
900137,NV400378,2026-07,Moderate,Active,3765.21
900138,NV400384,2026-01,Moderate,Active,6896.14
900138,NV400384,2026-02,Moderate,Active,6896.14
900138,NV400384,2026-03,Moderate,Active,6896.14
900138,NV400384,2026-04,Moderate,Active,6896.14
900138,NV400384,2026-05,Moderate,Active,6896.14
900138,NV400384,2026-06,Moderate,Active,6896.14
900138,NV400384,2026-07,Moderate,Active,6896.14
900139,NV400387,2026-01,Aggressive,Active,3956.64
900139,NV400387,2026-02,Aggressive,Active,3956.64
900139,NV400387,2026-03,Aggressive,Active,3956.64
900139,NV400387,2026-04,Aggressive,Active,3956.64
900139,NV400387,2026-05,Aggressive,Active,3956.64
900139,NV400387,2026-06,Aggressive,Active,3956.64
900139,NV400387,2026-07,Aggressive,Active,3956.64
900140,NV400387,2026-03,Aggressive,Active,1943.42
900140,NV400387,2026-04,Aggressive,Active,1943.42
900140,NV400387,2026-05,Aggressive,Active,1943.42
900140,NV400387,2026-06,Aggressive,Active,1943.42
900140,NV400387,2026-07,Aggressive,Active,1943.42
900141,NV400394,2026-07,Moderate,Active,5118.81
900142,NV400396,2026-01,Moderate,Active,1471.08
900142,NV400396,2026-02,Moderate,Active,1471.08
900142,NV400396,2026-03,Moderate,Active,1471.08
900142,NV400396,2026-04,Moderate,Active,1471.08
900142,NV400396,2026-05,Moderate,Active,1471.08
900142,NV400396,2026-06,Moderate,Active,1471.08
900142,NV400396,2026-07,Moderate,Active,1471.08
900143,NV400400,2026-01,Aggressive,Active,2666.91
900143,NV400400,2026-02,Aggressive,Active,2666.91
900143,NV400400,2026-03,Aggressive,Cancelled,0.0
900144,NV400400,2026-04,Aggressive,Active,2047.51
900144,NV400400,2026-05,Aggressive,Active,2047.51
900144,NV400400,2026-06,Aggressive,Active,2047.51
900144,NV400400,2026-07,Aggressive,Active,2047.51
900145,NV400405,2026-01,Conservative,Active,1441.57
900145,NV400405,2026-02,Conservative,Active,1441.57
900145,NV400405,2026-03,Conservative,Active,1441.57
900145,NV400405,2026-04,Conservative,Active,1441.57
900145,NV400405,2026-05,Conservative,Active,1441.57
900145,NV400405,2026-06,Conservative,Active,1441.57
900145,NV400405,2026-07,Conservative,Active,1441.57
900146,NV400405,2026-03,Conservative,Active,1096.53
900146,NV400405,2026-04,Conservative,Active,1096.53
900146,NV400405,2026-05,Conservative,Active,1096.53
900146,NV400405,2026-06,Conservative,Active,1096.53
900146,NV400405,2026-07,Conservative,Active,1096.53
900147,NV400412,2026-01,Moderate,Active,1407.43
900147,NV400412,2026-02,Moderate,Active,1407.43
900147,NV400412,2026-03,Moderate,Active,1407.43
900147,NV400412,2026-04,Moderate,Active,1407.43
900147,NV400412,2026-05,Moderate,Active,1407.43
900147,NV400412,2026-06,Moderate,Active,1407.43
900147,NV400412,2026-07,Moderate,Active,1407.43
900148,NV400412,2026-04,Moderate,Active,3591.81
900148,NV400412,2026-05,Moderate,Active,3591.81
900148,NV400412,2026-06,Moderate,Active,3591.81
900148,NV400412,2026-07,Moderate,Active,3591.81
900149,NV400414,2026-01,Conservative,Active,1354.99
900149,NV400414,2026-02,Conservative,Active,1354.99
900149,NV400414,2026-03,Conservative,Active,1354.99
900149,NV400414,2026-04,Conservative,Active,1354.99
900149,NV400414,2026-05,Conservative,Active,1354.99
900149,NV400414,2026-06,Conservative,Active,1354.99
900149,NV400414,2026-07,Conservative,Paused,0.0
900150,NV400419,2026-01,Conservative,Active,1172.34
900150,NV400419,2026-02,Conservative,Cancelled,0.0
900151,NV400425,2026-01,Moderate,Active,4884.22
900151,NV400425,2026-02,Moderate,Active,4884.22
900151,NV400425,2026-03,Moderate,Paused,0.0
900151,NV400425,2026-04,Moderate,Cancelled,0.0
900152,NV400427,2026-01,Aggressive,Active,3087.43
900152,NV400427,2026-02,Aggressive,Active,3087.43
900152,NV400427,2026-03,Aggressive,Active,3087.43
900152,NV400427,2026-04,Aggressive,Active,3087.43
900152,NV400427,2026-05,Aggressive,Active,3087.43
900152,NV400427,2026-06,Aggressive,Active,3087.43
900152,NV400427,2026-07,Aggressive,Active,3087.43
900153,NV400433,2026-01,Conservative,Active,3957.08
900153,NV400433,2026-02,Conservative,Active,3957.08
900153,NV400433,2026-03,Conservative,Active,3957.08
900153,NV400433,2026-04,Conservative,Active,3957.08
900153,NV400433,2026-05,Conservative,Active,3957.08
900153,NV400433,2026-06,Conservative,Paused,0.0
900153,NV400433,2026-07,Conservative,Cancelled,0.0
900154,NV400434,2026-01,Conservative,Active,2808.2
900154,NV400434,2026-02,Conservative,Active,2808.2
900154,NV400434,2026-03,Conservative,Active,2808.2
900154,NV400434,2026-04,Conservative,Active,2808.2
900154,NV400434,2026-05,Conservative,Active,2808.2
900154,NV400434,2026-06,Conservative,Active,2808.2
900154,NV400434,2026-07,Conservative,Active,2808.2
900155,NV400438,2026-01,Aggressive,Active,5843.95
900155,NV400438,2026-02,Aggressive,Active,5843.95
900155,NV400438,2026-03,Aggressive,Active,5843.95
900155,NV400438,2026-04,Aggressive,Active,5843.95
900155,NV400438,2026-05,Aggressive,Active,5843.95
900155,NV400438,2026-06,Aggressive,Active,5843.95
900155,NV400438,2026-07,Aggressive,Active,5843.95
900156,NV400440,2026-01,Moderate,Active,3828.97
900156,NV400440,2026-02,Moderate,Active,3828.97
900156,NV400440,2026-03,Moderate,Active,3828.97
900156,NV400440,2026-04,Moderate,Active,3828.97
900156,NV400440,2026-05,Moderate,Paused,0.0
900156,NV400440,2026-06,Moderate,Active,3828.97
900156,NV400440,2026-07,Moderate,Active,3828.97
900157,NV400444,2026-01,Aggressive,Active,2229.36
900157,NV400444,2026-02,Aggressive,Active,2229.36
900157,NV400444,2026-03,Aggressive,Active,2229.36
900157,NV400444,2026-04,Aggressive,Active,2229.36
900157,NV400444,2026-05,Aggressive,Active,2229.36
900157,NV400444,2026-06,Aggressive,Active,2229.36
900157,NV400444,2026-07,Aggressive,Active,2229.36
900158,NV400457,2026-01,Aggressive,Active,6140.03
900158,NV400457,2026-02,Aggressive,Active,6140.03
900158,NV400457,2026-03,Aggressive,Active,6140.03
900158,NV400457,2026-04,Aggressive,Active,6140.03
900158,NV400457,2026-05,Aggressive,Active,6140.03
900158,NV400457,2026-06,Aggressive,Active,6140.03
900158,NV400457,2026-07,Aggressive,Active,6140.03
900159,NV400460,2026-01,Moderate,Active,1178.76
900159,NV400460,2026-02,Moderate,Paused,0.0
900159,NV400460,2026-03,Moderate,Cancelled,0.0
900160,NV400461,2026-01,Conservative,Active,6512.57
900160,NV400461,2026-02,Conservative,Active,6512.57
900160,NV400461,2026-03,Conservative,Active,6512.57
900160,NV400461,2026-04,Conservative,Cancelled,0.0
900161,NV400466,2026-01,Conservative,Active,4460.08
900161,NV400466,2026-02,Conservative,Active,4460.08
900161,NV400466,2026-03,Conservative,Active,4460.08
900161,NV400466,2026-04,Conservative,Active,4460.08
900161,NV400466,2026-05,Conservative,Cancelled,0.0
900162,NV400467,2026-01,Moderate,Active,3030.23
900162,NV400467,2026-02,Moderate,Active,3030.23
900162,NV400467,2026-03,Moderate,Active,3030.23
900162,NV400467,2026-04,Moderate,Active,3030.23
900162,NV400467,2026-05,Moderate,Active,3030.23
900162,NV400467,2026-06,Moderate,Active,3030.23
900162,NV400467,2026-07,Moderate,Active,3030.23
900163,NV400468,2026-01,Conservative,Active,1367.09
900163,NV400468,2026-02,Conservative,Active,1367.09
900163,NV400468,2026-03,Conservative,Active,1367.09
900163,NV400468,2026-04,Conservative,Active,1367.09
900163,NV400468,2026-05,Conservative,Active,1367.09
900163,NV400468,2026-06,Conservative,Active,1367.09
900163,NV400468,2026-07,Conservative,Active,1367.09
900164,NV400475,2026-01,Conservative,Active,2242.37
900164,NV400475,2026-02,Conservative,Active,2242.37
900164,NV400475,2026-03,Conservative,Active,2242.37
900164,NV400475,2026-04,Conservative,Active,2242.37
900164,NV400475,2026-05,Conservative,Paused,0.0
900164,NV400475,2026-06,Conservative,Cancelled,0.0
900165,NV400476,2026-01,Moderate,Active,2539.88
900165,NV400476,2026-02,Moderate,Active,2539.88
900165,NV400476,2026-03,Moderate,Active,2539.88
900165,NV400476,2026-04,Moderate,Active,2539.88
900165,NV400476,2026-05,Moderate,Active,2539.88
900165,NV400476,2026-06,Moderate,Active,2539.88
900165,NV400476,2026-07,Moderate,Active,2539.88
900166,NV400481,2026-03,Conservative,Active,4148.78
900166,NV400481,2026-04,Conservative,Active,4148.78
900166,NV400481,2026-05,Conservative,Active,4148.78
900166,NV400481,2026-06,Conservative,Active,4148.78
900166,NV400481,2026-07,Conservative,Active,4148.78
900167,NV400483,2026-01,Conservative,Active,2329.16
900167,NV400483,2026-02,Conservative,Active,2329.16
900167,NV400483,2026-03,Conservative,Active,2329.16
900167,NV400483,2026-04,Conservative,Active,2329.16
900167,NV400483,2026-05,Conservative,Active,2329.16
900167,NV400483,2026-06,Conservative,Active,2329.16
900167,NV400483,2026-07,Conservative,Active,2329.16
900168,NV400486,2026-01,Aggressive,Active,3057.38
900168,NV400486,2026-02,Aggressive,Active,3057.38
900168,NV400486,2026-03,Aggressive,Active,3057.38
900168,NV400486,2026-04,Aggressive,Active,3057.38
900168,NV400486,2026-05,Aggressive,Active,3057.38
900168,NV400486,2026-06,Aggressive,Active,3057.38
900168,NV400486,2026-07,Aggressive,Active,3057.38
900169,NV400493,2026-01,Conservative,Active,4425.24
900169,NV400493,2026-02,Conservative,Active,4425.24
900169,NV400493,2026-03,Conservative,Active,4425.24
900169,NV400493,2026-04,Conservative,Active,4425.24
900169,NV400493,2026-05,Conservative,Active,4425.24
900169,NV400493,2026-06,Conservative,Active,4425.24
900169,NV400493,2026-07,Conservative,Active,4425.24
900170,NV400493,2026-07,Conservative,Active,2204.09
900171,NV400495,2026-01,Conservative,Active,4827.73
900171,NV400495,2026-02,Conservative,Active,4827.73
900171,NV400495,2026-03,Conservative,Active,4827.73
900171,NV400495,2026-04,Conservative,Active,4827.73
900171,NV400495,2026-05,Conservative,Cancelled,0.0
900172,NV400497,2026-01,Aggressive,Active,4746.21
900172,NV400497,2026-02,Aggressive,Active,4746.21
900172,NV400497,2026-03,Aggressive,Cancelled,0.0
900173,NV400504,2026-01,Conservative,Active,4789.93
900173,NV400504,2026-02,Conservative,Active,4789.93
900173,NV400504,2026-03,Conservative,Active,4789.93
900173,NV400504,2026-04,Conservative,Active,4789.93
900173,NV400504,2026-05,Conservative,Active,4789.93
900173,NV400504,2026-06,Conservative,Active,4789.93
900173,NV400504,2026-07,Conservative,Active,4789.93
900174,NV400507,2026-01,Aggressive,Active,3883.98
900174,NV400507,2026-02,Aggressive,Active,3883.98
900174,NV400507,2026-03,Aggressive,Active,3883.98
900174,NV400507,2026-04,Aggressive,Active,3883.98
900174,NV400507,2026-05,Aggressive,Active,3883.98
900174,NV400507,2026-06,Aggressive,Active,3883.98
900174,NV400507,2026-07,Aggressive,Active,3883.98
900175,NV400513,2026-04,Moderate,Active,1508.62
900175,NV400513,2026-05,Moderate,Active,1508.62
900175,NV400513,2026-06,Moderate,Active,1508.62
900175,NV400513,2026-07,Moderate,Active,1508.62
900176,NV400514,2026-01,Moderate,Active,3881.15
900176,NV400514,2026-02,Moderate,Active,3881.15
900176,NV400514,2026-03,Moderate,Active,3881.15
900176,NV400514,2026-04,Moderate,Active,3881.15
900176,NV400514,2026-05,Moderate,Active,3881.15
900176,NV400514,2026-06,Moderate,Cancelled,0.0
900177,NV400515,2026-03,Aggressive,Active,3796.38
900177,NV400515,2026-04,Aggressive,Active,3796.38
900177,NV400515,2026-05,Aggressive,Active,3796.38
900177,NV400515,2026-06,Aggressive,Active,3796.38
900177,NV400515,2026-07,Aggressive,Active,3796.38
900178,NV400519,2026-01,Moderate,Paused,0.0
900178,NV400519,2026-02,Moderate,Active,1730.26
900178,NV400519,2026-03,Moderate,Active,1730.26
900178,NV400519,2026-04,Moderate,Active,1730.26
900178,NV400519,2026-05,Moderate,Active,1730.26
900178,NV400519,2026-06,Moderate,Active,1730.26
900178,NV400519,2026-07,Moderate,Active,1730.26
900179,NV400519,2026-06,Moderate,Active,876.77
900179,NV400519,2026-07,Moderate,Active,876.77
900180,NV400522,2026-01,Moderate,Active,4901.07
900180,NV400522,2026-02,Moderate,Active,4901.07
900180,NV400522,2026-03,Moderate,Active,4901.07
900180,NV400522,2026-04,Moderate,Active,4901.07
900180,NV400522,2026-05,Moderate,Active,4901.07
900180,NV400522,2026-06,Moderate,Active,4901.07
900180,NV400522,2026-07,Moderate,Active,4901.07
900181,NV400525,2026-04,Moderate,Active,1241.59
900181,NV400525,2026-05,Moderate,Active,1241.59
900181,NV400525,2026-06,Moderate,Active,1241.59
900181,NV400525,2026-07,Moderate,Active,1241.59
900182,NV400526,2026-01,Conservative,Active,4027.27
900182,NV400526,2026-02,Conservative,Active,4027.27
900182,NV400526,2026-03,Conservative,Active,4027.27
900182,NV400526,2026-04,Conservative,Active,4027.27
900182,NV400526,2026-05,Conservative,Active,4027.27
900182,NV400526,2026-06,Conservative,Active,4027.27
900182,NV400526,2026-07,Conservative,Active,4027.27
900183,NV400527,2026-01,Conservative,Active,2789.5
900183,NV400527,2026-02,Conservative,Active,2789.5
900183,NV400527,2026-03,Conservative,Active,2789.5
900183,NV400527,2026-04,Conservative,Active,2789.5
900183,NV400527,2026-05,Conservative,Active,2789.5
900183,NV400527,2026-06,Conservative,Active,2789.5
900183,NV400527,2026-07,Conservative,Active,2789.5
900184,NV400529,2026-01,Moderate,Active,2533.75
900184,NV400529,2026-02,Moderate,Active,2533.75
900184,NV400529,2026-03,Moderate,Active,2533.75
900184,NV400529,2026-04,Moderate,Active,2533.75
900184,NV400529,2026-05,Moderate,Active,2533.75
900184,NV400529,2026-06,Moderate,Active,2533.75
900184,NV400529,2026-07,Moderate,Active,2533.75
900185,NV400529,2026-03,Moderate,Active,2817.53
900185,NV400529,2026-04,Moderate,Active,2817.53
900185,NV400529,2026-05,Moderate,Active,2817.53
900185,NV400529,2026-06,Moderate,Active,2817.53
900185,NV400529,2026-07,Moderate,Active,2817.53
900186,NV400534,2026-04,Moderate,Active,1386.95
900186,NV400534,2026-05,Moderate,Active,1386.95
900186,NV400534,2026-06,Moderate,Active,1386.95
900186,NV400534,2026-07,Moderate,Active,1386.95
900187,NV400535,2026-01,Aggressive,Active,1125.84
900187,NV400535,2026-02,Aggressive,Active,1125.84
900187,NV400535,2026-03,Aggressive,Active,1125.84
900187,NV400535,2026-04,Aggressive,Active,1125.84
900187,NV400535,2026-05,Aggressive,Active,1125.84
900187,NV400535,2026-06,Aggressive,Active,1125.84
900187,NV400535,2026-07,Aggressive,Active,1125.84
900188,NV400535,2026-03,Aggressive,Active,2410.21
900188,NV400535,2026-04,Aggressive,Active,2410.21
900188,NV400535,2026-05,Aggressive,Active,2410.21
900188,NV400535,2026-06,Aggressive,Active,2410.21
900188,NV400535,2026-07,Aggressive,Active,2410.21
900189,NV400541,2026-01,Moderate,Active,1563.99
900189,NV400541,2026-02,Moderate,Active,1563.99
900189,NV400541,2026-03,Moderate,Active,1563.99
900189,NV400541,2026-04,Moderate,Active,1563.99
900189,NV400541,2026-05,Moderate,Active,1563.99
900189,NV400541,2026-06,Moderate,Active,1563.99
900189,NV400541,2026-07,Moderate,Active,1563.99
900190,NV400549,2026-01,Aggressive,Active,1789.05
900190,NV400549,2026-02,Aggressive,Active,1789.05
900190,NV400549,2026-03,Aggressive,Active,1789.05
900190,NV400549,2026-04,Aggressive,Active,1789.05
900190,NV400549,2026-05,Aggressive,Active,1789.05
900190,NV400549,2026-06,Aggressive,Active,1789.05
900190,NV400549,2026-07,Aggressive,Active,1789.05
900191,NV400553,2026-01,Moderate,Cancelled,0.0
900192,NV400553,2026-05,Moderate,Active,2559.25
900192,NV400553,2026-06,Moderate,Active,2559.25
900192,NV400553,2026-07,Moderate,Active,2559.25
900193,NV400555,2026-01,Moderate,Active,3549.78
900193,NV400555,2026-02,Moderate,Active,3549.78
900193,NV400555,2026-03,Moderate,Active,3549.78
900193,NV400555,2026-04,Moderate,Active,3549.78
900193,NV400555,2026-05,Moderate,Active,3549.78
900193,NV400555,2026-06,Moderate,Active,3549.78
900193,NV400555,2026-07,Moderate,Active,3549.78
900194,NV400564,2026-01,Moderate,Active,3000.65
900194,NV400564,2026-02,Moderate,Active,3000.65
900194,NV400564,2026-03,Moderate,Active,3000.65
900194,NV400564,2026-04,Moderate,Active,3000.65
900194,NV400564,2026-05,Moderate,Active,3000.65
900194,NV400564,2026-06,Moderate,Active,3000.65
900194,NV400564,2026-07,Moderate,Active,3000.65
900195,NV400565,2026-01,Moderate,Active,2110.23
900195,NV400565,2026-02,Moderate,Active,2110.23
900195,NV400565,2026-03,Moderate,Active,2110.23
900195,NV400565,2026-04,Moderate,Active,2110.23
900195,NV400565,2026-05,Moderate,Active,2110.23
900195,NV400565,2026-06,Moderate,Active,2110.23
900195,NV400565,2026-07,Moderate,Active,2110.23
900196,NV400572,2026-01,Aggressive,Active,3137.71
900196,NV400572,2026-02,Aggressive,Active,3137.71
900196,NV400572,2026-03,Aggressive,Active,3137.71
900196,NV400572,2026-04,Aggressive,Paused,0.0
900196,NV400572,2026-05,Aggressive,Active,3137.71
900196,NV400572,2026-06,Aggressive,Active,3137.71
900196,NV400572,2026-07,Aggressive,Active,3137.71
900197,NV400583,2026-01,Moderate,Active,2490.36
900197,NV400583,2026-02,Moderate,Active,2490.36
900197,NV400583,2026-03,Moderate,Active,2490.36
900197,NV400583,2026-04,Moderate,Active,2490.36
900197,NV400583,2026-05,Moderate,Paused,0.0
900197,NV400583,2026-06,Moderate,Active,2490.36
900197,NV400583,2026-07,Moderate,Active,2490.36
900198,NV400596,2026-01,Moderate,Active,6661.65
900198,NV400596,2026-02,Moderate,Active,6661.65
900198,NV400596,2026-03,Moderate,Active,6661.65
900198,NV400596,2026-04,Moderate,Paused,0.0
900198,NV400596,2026-05,Moderate,Cancelled,0.0
900199,NV400598,2026-01,Aggressive,Active,3362.05
900199,NV400598,2026-02,Aggressive,Active,3362.05
900199,NV400598,2026-03,Aggressive,Active,3362.05
900199,NV400598,2026-04,Aggressive,Active,3362.05
900199,NV400598,2026-05,Aggressive,Active,3362.05
900199,NV400598,2026-06,Aggressive,Active,3362.05
900199,NV400598,2026-07,Aggressive,Active,3362.05
900200,NV400599,2026-06,Moderate,Active,3290.12
900200,NV400599,2026-07,Moderate,Active,3290.12
900201,NV400607,2026-01,Moderate,Active,1378.56
900201,NV400607,2026-02,Moderate,Active,1378.56
900201,NV400607,2026-03,Moderate,Active,1378.56
900201,NV400607,2026-04,Moderate,Active,1378.56
900201,NV400607,2026-05,Moderate,Active,1378.56
900201,NV400607,2026-06,Moderate,Active,1378.56
900201,NV400607,2026-07,Moderate,Active,1378.56
900202,NV400607,2026-03,Moderate,Active,5675.12
900202,NV400607,2026-04,Moderate,Active,5675.12
900202,NV400607,2026-05,Moderate,Active,5675.12
900202,NV400607,2026-06,Moderate,Active,5675.12
900202,NV400607,2026-07,Moderate,Active,5675.12
900203,NV400611,2026-01,Conservative,Active,919.55
900203,NV400611,2026-02,Conservative,Active,919.55
900203,NV400611,2026-03,Conservative,Active,919.55
900203,NV400611,2026-04,Conservative,Active,919.55
900203,NV400611,2026-05,Conservative,Active,919.55
900203,NV400611,2026-06,Conservative,Active,919.55
900203,NV400611,2026-07,Conservative,Paused,0.0
900204,NV400613,2026-01,Conservative,Active,1650.49
900204,NV400613,2026-02,Conservative,Active,1650.49
900204,NV400613,2026-03,Conservative,Active,1650.49
900204,NV400613,2026-04,Conservative,Active,1650.49
900204,NV400613,2026-05,Conservative,Active,1650.49
900204,NV400613,2026-06,Conservative,Active,1650.49
900204,NV400613,2026-07,Conservative,Active,1650.49
900205,NV400614,2026-01,Conservative,Active,4044.95
900205,NV400614,2026-02,Conservative,Active,4044.95
900205,NV400614,2026-03,Conservative,Active,4044.95
900205,NV400614,2026-04,Conservative,Active,4044.95
900205,NV400614,2026-05,Conservative,Active,4044.95
900205,NV400614,2026-06,Conservative,Active,4044.95
900205,NV400614,2026-07,Conservative,Active,4044.95
900206,NV400620,2026-01,Moderate,Active,4860.86
900206,NV400620,2026-02,Moderate,Active,4860.86
900206,NV400620,2026-03,Moderate,Active,4860.86
900206,NV400620,2026-04,Moderate,Active,4860.86
900206,NV400620,2026-05,Moderate,Active,4860.86
900206,NV400620,2026-06,Moderate,Active,4860.86
900206,NV400620,2026-07,Moderate,Cancelled,0.0
900207,NV400621,2026-04,Aggressive,Active,3027.78
900207,NV400621,2026-05,Aggressive,Active,3027.78
900207,NV400621,2026-06,Aggressive,Active,3027.78
900207,NV400621,2026-07,Aggressive,Active,3027.78
900208,NV400622,2026-01,Aggressive,Active,4474.64
900208,NV400622,2026-02,Aggressive,Active,4474.64
900208,NV400622,2026-03,Aggressive,Active,4474.64
900208,NV400622,2026-04,Aggressive,Active,4474.64
900208,NV400622,2026-05,Aggressive,Active,4474.64
900208,NV400622,2026-06,Aggressive,Active,4474.64
900208,NV400622,2026-07,Aggressive,Active,4474.64
900209,NV400626,2026-01,Conservative,Active,3320.81
900209,NV400626,2026-02,Conservative,Active,3320.81
900209,NV400626,2026-03,Conservative,Active,3320.81
900209,NV400626,2026-04,Conservative,Active,3320.81
900209,NV400626,2026-05,Conservative,Active,3320.81
900209,NV400626,2026-06,Conservative,Cancelled,0.0
900210,NV400632,2026-01,Moderate,Active,2585.32
900210,NV400632,2026-02,Moderate,Active,2585.32
900210,NV400632,2026-03,Moderate,Active,2585.32
900210,NV400632,2026-04,Moderate,Cancelled,0.0
900211,NV400633,2026-01,Moderate,Active,2285.81
900211,NV400633,2026-02,Moderate,Active,2285.81
900211,NV400633,2026-03,Moderate,Active,2285.81
900211,NV400633,2026-04,Moderate,Active,2285.81
900211,NV400633,2026-05,Moderate,Active,2285.81
900211,NV400633,2026-06,Moderate,Active,2285.81
900211,NV400633,2026-07,Moderate,Active,2285.81
900212,NV400638,2026-01,Aggressive,Active,3515.56
900212,NV400638,2026-02,Aggressive,Active,3515.56
900212,NV400638,2026-03,Aggressive,Active,3515.56
900212,NV400638,2026-04,Aggressive,Active,3515.56
900212,NV400638,2026-05,Aggressive,Active,3515.56
900212,NV400638,2026-06,Aggressive,Active,3515.56
900212,NV400638,2026-07,Aggressive,Active,3515.56
900213,NV400646,2026-01,Conservative,Active,2838.62
900213,NV400646,2026-02,Conservative,Active,2838.62
900213,NV400646,2026-03,Conservative,Active,2838.62
900213,NV400646,2026-04,Conservative,Active,2838.62
900213,NV400646,2026-05,Conservative,Active,2838.62
900213,NV400646,2026-06,Conservative,Active,2838.62
900213,NV400646,2026-07,Conservative,Active,2838.62
900214,NV400654,2026-01,Conservative,Active,1731.2
900214,NV400654,2026-02,Conservative,Active,1731.2
900214,NV400654,2026-03,Conservative,Active,1731.2
900214,NV400654,2026-04,Conservative,Active,1731.2
900214,NV400654,2026-05,Conservative,Active,1731.2
900214,NV400654,2026-06,Conservative,Active,1731.2
900214,NV400654,2026-07,Conservative,Active,1731.2
900215,NV400657,2026-01,Moderate,Active,2404.5
900215,NV400657,2026-02,Moderate,Active,2404.5
900215,NV400657,2026-03,Moderate,Active,2404.5
900215,NV400657,2026-04,Moderate,Active,2404.5
900215,NV400657,2026-05,Moderate,Active,2404.5
900215,NV400657,2026-06,Moderate,Active,2404.5
900215,NV400657,2026-07,Moderate,Active,2404.5
900216,NV400658,2026-01,Moderate,Active,798.66
900216,NV400658,2026-02,Moderate,Active,798.66
900216,NV400658,2026-03,Moderate,Active,798.66
900216,NV400658,2026-04,Moderate,Active,798.66
900216,NV400658,2026-05,Moderate,Cancelled,0.0
900217,NV400660,2026-01,Moderate,Active,1217.19
900217,NV400660,2026-02,Moderate,Active,1217.19
900217,NV400660,2026-03,Moderate,Active,1217.19
900217,NV400660,2026-04,Moderate,Active,1217.19
900217,NV400660,2026-05,Moderate,Paused,0.0
900217,NV400660,2026-06,Moderate,Paused,0.0
900217,NV400660,2026-07,Moderate,Cancelled,0.0
900218,NV400661,2026-01,Moderate,Active,7309.23
900218,NV400661,2026-02,Moderate,Cancelled,0.0
900219,NV400661,2026-03,Moderate,Active,1385.57
900219,NV400661,2026-04,Moderate,Active,1385.57
900219,NV400661,2026-05,Moderate,Active,1385.57
900219,NV400661,2026-06,Moderate,Active,1385.57
900219,NV400661,2026-07,Moderate,Active,1385.57
900220,NV400665,2026-01,Aggressive,Active,1607.63
900220,NV400665,2026-02,Aggressive,Active,1607.63
900220,NV400665,2026-03,Aggressive,Active,1607.63
900220,NV400665,2026-04,Aggressive,Active,1607.63
900220,NV400665,2026-05,Aggressive,Active,1607.63
900220,NV400665,2026-06,Aggressive,Active,1607.63
900220,NV400665,2026-07,Aggressive,Active,1607.63
900221,NV400668,2026-01,Moderate,Active,2138.84
900221,NV400668,2026-02,Moderate,Active,2138.84
900221,NV400668,2026-03,Moderate,Active,2138.84
900221,NV400668,2026-04,Moderate,Active,2138.84
900221,NV400668,2026-05,Moderate,Active,2138.84
900221,NV400668,2026-06,Moderate,Active,2138.84
900221,NV400668,2026-07,Moderate,Active,2138.84
900222,NV400668,2026-03,Moderate,Active,810.75
900222,NV400668,2026-04,Moderate,Active,810.75
900222,NV400668,2026-05,Moderate,Active,810.75
900222,NV400668,2026-06,Moderate,Paused,0.0
900222,NV400668,2026-07,Moderate,Cancelled,0.0
900223,NV400675,2026-01,Moderate,Active,3140.77
900223,NV400675,2026-02,Moderate,Active,3140.77
900223,NV400675,2026-03,Moderate,Active,3140.77
900223,NV400675,2026-04,Moderate,Active,3140.77
900223,NV400675,2026-05,Moderate,Active,3140.77
900223,NV400675,2026-06,Moderate,Active,3140.77
900223,NV400675,2026-07,Moderate,Active,3140.77
900224,NV400678,2026-04,Moderate,Active,4813.92
900224,NV400678,2026-05,Moderate,Active,4813.92
900224,NV400678,2026-06,Moderate,Active,4813.92
900224,NV400678,2026-07,Moderate,Active,4813.92
900225,NV400679,2026-01,Conservative,Active,2645.29
900225,NV400679,2026-02,Conservative,Active,2645.29
900225,NV400679,2026-03,Conservative,Active,2645.29
900225,NV400679,2026-04,Conservative,Active,2645.29
900225,NV400679,2026-05,Conservative,Cancelled,0.0
900226,NV400680,2026-01,Moderate,Active,1094.27
900226,NV400680,2026-02,Moderate,Active,1094.27
900226,NV400680,2026-03,Moderate,Active,1094.27
900226,NV400680,2026-04,Moderate,Active,1094.27
900226,NV400680,2026-05,Moderate,Active,1094.27
900226,NV400680,2026-06,Moderate,Active,1094.27
900226,NV400680,2026-07,Moderate,Active,1094.27
900227,NV400682,2026-03,Moderate,Active,4764.01
900227,NV400682,2026-04,Moderate,Active,4764.01
900227,NV400682,2026-05,Moderate,Active,4764.01
900227,NV400682,2026-06,Moderate,Active,4764.01
900227,NV400682,2026-07,Moderate,Active,4764.01
900228,NV400684,2026-01,Moderate,Active,3513.49
900228,NV400684,2026-02,Moderate,Active,3513.49
900228,NV400684,2026-03,Moderate,Active,3513.49
900228,NV400684,2026-04,Moderate,Active,3513.49
900228,NV400684,2026-05,Moderate,Active,3513.49
900228,NV400684,2026-06,Moderate,Active,3513.49
900228,NV400684,2026-07,Moderate,Active,3513.49
900229,NV400688,2026-01,Conservative,Active,4397.71
900229,NV400688,2026-02,Conservative,Active,4397.71
900229,NV400688,2026-03,Conservative,Active,4397.71
900229,NV400688,2026-04,Conservative,Active,4397.71
900229,NV400688,2026-05,Conservative,Active,4397.71
900229,NV400688,2026-06,Conservative,Active,4397.71
900229,NV400688,2026-07,Conservative,Active,4397.71
900230,NV400689,2026-01,Moderate,Active,2245.13
900230,NV400689,2026-02,Moderate,Active,2245.13
900230,NV400689,2026-03,Moderate,Active,2245.13
900230,NV400689,2026-04,Moderate,Active,2245.13
900230,NV400689,2026-05,Moderate,Active,2245.13
900230,NV400689,2026-06,Moderate,Active,2245.13
900230,NV400689,2026-07,Moderate,Active,2245.13
900231,NV400689,2026-06,Moderate,Active,1709.65
900231,NV400689,2026-07,Moderate,Active,1709.65
900232,NV400691,2026-01,Moderate,Active,4645.82
900232,NV400691,2026-02,Moderate,Active,4645.82
900232,NV400691,2026-03,Moderate,Active,4645.82
900232,NV400691,2026-04,Moderate,Active,4645.82
900232,NV400691,2026-05,Moderate,Active,4645.82
900232,NV400691,2026-06,Moderate,Active,4645.82
900232,NV400691,2026-07,Moderate,Active,4645.82
900233,NV400694,2026-01,Conservative,Active,1239.09
900233,NV400694,2026-02,Conservative,Active,1239.09
900233,NV400694,2026-03,Conservative,Active,1239.09
900233,NV400694,2026-04,Conservative,Active,1239.09
900233,NV400694,2026-05,Conservative,Active,1239.09
900233,NV400694,2026-06,Conservative,Active,1239.09
900233,NV400694,2026-07,Conservative,Active,1239.09
900234,NV400695,2026-01,Aggressive,Active,1306.16
900234,NV400695,2026-02,Aggressive,Paused,0.0
900234,NV400695,2026-03,Aggressive,Active,1306.16
900234,NV400695,2026-04,Aggressive,Active,1306.16
900234,NV400695,2026-05,Aggressive,Active,1306.16
900234,NV400695,2026-06,Aggressive,Active,1306.16
900234,NV400695,2026-07,Aggressive,Active,1306.16
900235,NV400699,2026-01,Conservative,Active,4762.23
900235,NV400699,2026-02,Conservative,Active,4762.23
900235,NV400699,2026-03,Conservative,Active,4762.23
900235,NV400699,2026-04,Conservative,Active,4762.23
900235,NV400699,2026-05,Conservative,Paused,0.0
900235,NV400699,2026-06,Conservative,Active,4762.23
900235,NV400699,2026-07,Conservative,Active,4762.23
900236,NV400706,2026-01,Moderate,Active,19452.27
900236,NV400706,2026-02,Moderate,Active,19452.27
900236,NV400706,2026-03,Moderate,Active,19452.27
900236,NV400706,2026-04,Moderate,Active,19452.27
900236,NV400706,2026-05,Moderate,Active,19452.27
900236,NV400706,2026-06,Moderate,Active,19452.27
900236,NV400706,2026-07,Moderate,Active,19452.27
900237,NV400708,2026-01,Moderate,Active,6418.84
900237,NV400708,2026-02,Moderate,Active,6418.84
900237,NV400708,2026-03,Moderate,Active,6418.84
900237,NV400708,2026-04,Moderate,Active,6418.84
900237,NV400708,2026-05,Moderate,Active,6418.84
900237,NV400708,2026-06,Moderate,Active,6418.84
900237,NV400708,2026-07,Moderate,Paused,0.0
900238,NV400709,2026-01,Moderate,Active,2512.56
900238,NV400709,2026-02,Moderate,Active,2512.56
900238,NV400709,2026-03,Moderate,Active,2512.56
900238,NV400709,2026-04,Moderate,Active,2512.56
900238,NV400709,2026-05,Moderate,Active,2512.56
900238,NV400709,2026-06,Moderate,Active,2512.56
900238,NV400709,2026-07,Moderate,Active,2512.56
900239,NV400717,2026-01,Moderate,Active,4742.88
900239,NV400717,2026-02,Moderate,Active,4742.88
900239,NV400717,2026-03,Moderate,Active,4742.88
900239,NV400717,2026-04,Moderate,Active,4742.88
900239,NV400717,2026-05,Moderate,Active,4742.88
900239,NV400717,2026-06,Moderate,Active,4742.88
900239,NV400717,2026-07,Moderate,Active,4742.88
900240,NV400725,2026-01,Aggressive,Active,4636.28
900240,NV400725,2026-02,Aggressive,Active,4636.28
900240,NV400725,2026-03,Aggressive,Active,4636.28
900240,NV400725,2026-04,Aggressive,Active,4636.28
900240,NV400725,2026-05,Aggressive,Active,4636.28
900240,NV400725,2026-06,Aggressive,Active,4636.28
900240,NV400725,2026-07,Aggressive,Active,4636.28
900241,NV400727,2026-01,Moderate,Active,1769.7
900241,NV400727,2026-02,Moderate,Active,1769.7
900241,NV400727,2026-03,Moderate,Paused,0.0
900241,NV400727,2026-04,Moderate,Active,1769.7
900241,NV400727,2026-05,Moderate,Active,1769.7
900241,NV400727,2026-06,Moderate,Active,1769.7
900241,NV400727,2026-07,Moderate,Active,1769.7
900242,NV400729,2026-01,Moderate,Active,2241.32
900242,NV400729,2026-02,Moderate,Active,2241.32
900242,NV400729,2026-03,Moderate,Active,2241.32
900242,NV400729,2026-04,Moderate,Active,2241.32
900242,NV400729,2026-05,Moderate,Active,2241.32
900242,NV400729,2026-06,Moderate,Active,2241.32
900242,NV400729,2026-07,Moderate,Active,2241.32
900243,NV400732,2026-01,Moderate,Active,2226.85
900243,NV400732,2026-02,Moderate,Active,2226.85
900243,NV400732,2026-03,Moderate,Active,2226.85
900243,NV400732,2026-04,Moderate,Active,2226.85
900243,NV400732,2026-05,Moderate,Active,2226.85
900243,NV400732,2026-06,Moderate,Active,2226.85
900243,NV400732,2026-07,Moderate,Active,2226.85
900244,NV400733,2026-01,Moderate,Active,1694.59
900244,NV400733,2026-02,Moderate,Active,1694.59
900244,NV400733,2026-03,Moderate,Active,1694.59
900244,NV400733,2026-04,Moderate,Active,1694.59
900244,NV400733,2026-05,Moderate,Active,1694.59
900244,NV400733,2026-06,Moderate,Active,1694.59
900244,NV400733,2026-07,Moderate,Active,1694.59
900245,NV400733,2026-04,Moderate,Active,5429.45
900245,NV400733,2026-05,Moderate,Active,5429.45
900245,NV400733,2026-06,Moderate,Active,5429.45
900245,NV400733,2026-07,Moderate,Active,5429.45
900246,NV400735,2026-01,Aggressive,Active,2954.28
900246,NV400735,2026-02,Aggressive,Active,2954.28
900246,NV400735,2026-03,Aggressive,Active,2954.28
900246,NV400735,2026-04,Aggressive,Active,2954.28
900246,NV400735,2026-05,Aggressive,Active,2954.28
900246,NV400735,2026-06,Aggressive,Active,2954.28
900246,NV400735,2026-07,Aggressive,Active,2954.28
900247,NV400736,2026-01,Moderate,Active,2321.09
900247,NV400736,2026-02,Moderate,Active,2321.09
900247,NV400736,2026-03,Moderate,Active,2321.09
900247,NV400736,2026-04,Moderate,Active,2321.09
900247,NV400736,2026-05,Moderate,Active,2321.09
900247,NV400736,2026-06,Moderate,Active,2321.09
900247,NV400736,2026-07,Moderate,Active,2321.09
900248,NV400736,2026-07,Moderate,Active,2916.56
900249,NV400742,2026-01,Conservative,Active,3055.09
900249,NV400742,2026-02,Conservative,Active,3055.09
900249,NV400742,2026-03,Conservative,Active,3055.09
900249,NV400742,2026-04,Conservative,Paused,0.0
900249,NV400742,2026-05,Conservative,Paused,0.0
900249,NV400742,2026-06,Conservative,Paused,0.0
900249,NV400742,2026-07,Conservative,Active,3055.09
900250,NV400742,2026-06,Conservative,Active,988.67
900250,NV400742,2026-07,Conservative,Active,988.67
900251,NV400745,2026-01,Aggressive,Active,4183.85
900251,NV400745,2026-02,Aggressive,Active,4183.85
900251,NV400745,2026-03,Aggressive,Active,4183.85
900251,NV400745,2026-04,Aggressive,Active,4183.85
900251,NV400745,2026-05,Aggressive,Paused,0.0
900251,NV400745,2026-06,Aggressive,Active,4183.85
900251,NV400745,2026-07,Aggressive,Active,4183.85
900252,NV400748,2026-03,Moderate,Active,1070.44
900252,NV400748,2026-04,Moderate,Active,1070.44
900252,NV400748,2026-05,Moderate,Active,1070.44
900252,NV400748,2026-06,Moderate,Active,1070.44
900252,NV400748,2026-07,Moderate,Active,1070.44
900253,NV400750,2026-01,Moderate,Active,4626.19
900253,NV400750,2026-02,Moderate,Active,4626.19
900253,NV400750,2026-03,Moderate,Active,4626.19
900253,NV400750,2026-04,Moderate,Active,4626.19
900253,NV400750,2026-05,Moderate,Active,4626.19
900253,NV400750,2026-06,Moderate,Active,4626.19
900253,NV400750,2026-07,Moderate,Active,4626.19
900254,NV400753,2026-01,Conservative,Active,11152.72
900254,NV400753,2026-02,Conservative,Active,11152.72
900254,NV400753,2026-03,Conservative,Active,11152.72
900254,NV400753,2026-04,Conservative,Active,11152.72
900254,NV400753,2026-05,Conservative,Paused,0.0
900254,NV400753,2026-06,Conservative,Active,11152.72
900254,NV400753,2026-07,Conservative,Active,11152.72
900255,NV400759,2026-06,Moderate,Active,5578.16
900255,NV400759,2026-07,Moderate,Active,5578.16
900256,NV400760,2026-01,Moderate,Active,3786.24
900256,NV400760,2026-02,Moderate,Active,3786.24
900256,NV400760,2026-03,Moderate,Active,3786.24
900256,NV400760,2026-04,Moderate,Active,3786.24
900256,NV400760,2026-05,Moderate,Active,3786.24
900256,NV400760,2026-06,Moderate,Active,3786.24
900256,NV400760,2026-07,Moderate,Active,3786.24
900257,NV400769,2026-01,Aggressive,Active,2626.1
900257,NV400769,2026-02,Aggressive,Active,2626.1
900257,NV400769,2026-03,Aggressive,Active,2626.1
900257,NV400769,2026-04,Aggressive,Active,2626.1
900257,NV400769,2026-05,Aggressive,Active,2626.1
900257,NV400769,2026-06,Aggressive,Active,2626.1
900257,NV400769,2026-07,Aggressive,Active,2626.1
900258,NV400771,2026-01,Conservative,Active,4184.31
900258,NV400771,2026-02,Conservative,Active,4184.31
900258,NV400771,2026-03,Conservative,Active,4184.31
900258,NV400771,2026-04,Conservative,Paused,0.0
900258,NV400771,2026-05,Conservative,Paused,0.0
900258,NV400771,2026-06,Conservative,Active,4184.31
900258,NV400771,2026-07,Conservative,Active,4184.31
900259,NV400772,2026-01,Aggressive,Active,7177.17
900259,NV400772,2026-02,Aggressive,Active,7177.17
900259,NV400772,2026-03,Aggressive,Active,7177.17
900259,NV400772,2026-04,Aggressive,Active,7177.17
900259,NV400772,2026-05,Aggressive,Active,7177.17
900259,NV400772,2026-06,Aggressive,Active,7177.17
900259,NV400772,2026-07,Aggressive,Active,7177.17
900260,NV400773,2026-01,Conservative,Active,2596.78
900260,NV400773,2026-02,Conservative,Active,2596.78
900260,NV400773,2026-03,Conservative,Active,2596.78
900260,NV400773,2026-04,Conservative,Active,2596.78
900260,NV400773,2026-05,Conservative,Paused,0.0
900260,NV400773,2026-06,Conservative,Active,2596.78
900260,NV400773,2026-07,Conservative,Active,2596.78
900261,NV400782,2026-01,Aggressive,Active,3165.83
900261,NV400782,2026-02,Aggressive,Active,3165.83
900261,NV400782,2026-03,Aggressive,Active,3165.83
900261,NV400782,2026-04,Aggressive,Active,3165.83
900261,NV400782,2026-05,Aggressive,Active,3165.83
900261,NV400782,2026-06,Aggressive,Active,3165.83
900261,NV400782,2026-07,Aggressive,Active,3165.83
900262,NV400787,2026-01,Moderate,Active,1017.62
900262,NV400787,2026-02,Moderate,Active,1017.62
900262,NV400787,2026-03,Moderate,Active,1017.62
900262,NV400787,2026-04,Moderate,Active,1017.62
900262,NV400787,2026-05,Moderate,Active,1017.62
900262,NV400787,2026-06,Moderate,Active,1017.62
900262,NV400787,2026-07,Moderate,Active,1017.62
900263,NV400791,2026-01,Moderate,Active,2835.26
900263,NV400791,2026-02,Moderate,Paused,0.0
900263,NV400791,2026-03,Moderate,Active,2835.26
900263,NV400791,2026-04,Moderate,Active,2835.26
900263,NV400791,2026-05,Moderate,Active,2835.26
900263,NV400791,2026-06,Moderate,Active,2835.26
900263,NV400791,2026-07,Moderate,Active,2835.26
900264,NV400801,2026-01,Conservative,Active,2235.31
900264,NV400801,2026-02,Conservative,Active,2235.31
900264,NV400801,2026-03,Conservative,Active,2235.31
900264,NV400801,2026-04,Conservative,Active,2235.31
900264,NV400801,2026-05,Conservative,Cancelled,0.0
900265,NV400808,2026-01,Aggressive,Paused,0.0
900265,NV400808,2026-02,Aggressive,Active,1576.09
900265,NV400808,2026-03,Aggressive,Active,1576.09
900265,NV400808,2026-04,Aggressive,Active,1576.09
900265,NV400808,2026-05,Aggressive,Active,1576.09
900265,NV400808,2026-06,Aggressive,Active,1576.09
900265,NV400808,2026-07,Aggressive,Active,1576.09
900266,NV400812,2026-01,Aggressive,Active,2498.82
900266,NV400812,2026-02,Aggressive,Active,2498.82
900266,NV400812,2026-03,Aggressive,Active,2498.82
900266,NV400812,2026-04,Aggressive,Paused,0.0
900266,NV400812,2026-05,Aggressive,Paused,0.0
900266,NV400812,2026-06,Aggressive,Paused,0.0
900266,NV400812,2026-07,Aggressive,Active,2498.82
900267,NV400812,2026-07,Aggressive,Active,2882.25
900268,NV400815,2026-01,Aggressive,Active,2964.37
900268,NV400815,2026-02,Aggressive,Active,2964.37
900268,NV400815,2026-03,Aggressive,Active,2964.37
900268,NV400815,2026-04,Aggressive,Active,2964.37
900268,NV400815,2026-05,Aggressive,Active,2964.37
900268,NV400815,2026-06,Aggressive,Active,2964.37
900268,NV400815,2026-07,Aggressive,Active,2964.37
900269,NV400823,2026-01,Moderate,Active,4240.71
900269,NV400823,2026-02,Moderate,Active,4240.71
900269,NV400823,2026-03,Moderate,Active,4240.71
900269,NV400823,2026-04,Moderate,Active,4240.71
900269,NV400823,2026-05,Moderate,Active,4240.71
900269,NV400823,2026-06,Moderate,Active,4240.71
900269,NV400823,2026-07,Moderate,Active,4240.71
900270,NV400823,2026-05,Moderate,Paused,0.0
900270,NV400823,2026-06,Moderate,Active,1299.58
900270,NV400823,2026-07,Moderate,Active,1299.58
900271,NV400825,2026-01,Aggressive,Active,946.22
900271,NV400825,2026-02,Aggressive,Active,946.22
900271,NV400825,2026-03,Aggressive,Active,946.22
900271,NV400825,2026-04,Aggressive,Active,946.22
900271,NV400825,2026-05,Aggressive,Active,946.22
900271,NV400825,2026-06,Aggressive,Active,946.22
900271,NV400825,2026-07,Aggressive,Active,946.22
900272,NV400826,2026-01,Moderate,Paused,0.0
900272,NV400826,2026-02,Moderate,Active,2121.8
900272,NV400826,2026-03,Moderate,Active,2121.8
900272,NV400826,2026-04,Moderate,Active,2121.8
900272,NV400826,2026-05,Moderate,Active,2121.8
900272,NV400826,2026-06,Moderate,Active,2121.8
900272,NV400826,2026-07,Moderate,Active,2121.8
900273,NV400826,2026-04,Moderate,Active,3144.2
900273,NV400826,2026-05,Moderate,Active,3144.2
900273,NV400826,2026-06,Moderate,Active,3144.2
900273,NV400826,2026-07,Moderate,Active,3144.2
900274,NV400827,2026-01,Conservative,Active,3519.2
900274,NV400827,2026-02,Conservative,Active,3519.2
900274,NV400827,2026-03,Conservative,Active,3519.2
900274,NV400827,2026-04,Conservative,Active,3519.2
900274,NV400827,2026-05,Conservative,Active,3519.2
900274,NV400827,2026-06,Conservative,Paused,0.0
900274,NV400827,2026-07,Conservative,Active,3519.2
900275,NV400836,2026-01,Aggressive,Active,1969.95
900275,NV400836,2026-02,Aggressive,Paused,0.0
900275,NV400836,2026-03,Aggressive,Active,1969.95
900275,NV400836,2026-04,Aggressive,Active,1969.95
900275,NV400836,2026-05,Aggressive,Active,1969.95
900275,NV400836,2026-06,Aggressive,Active,1969.95
900275,NV400836,2026-07,Aggressive,Active,1969.95
900276,NV400841,2026-01,Moderate,Active,2441.79
900276,NV400841,2026-02,Moderate,Active,2441.79
900276,NV400841,2026-03,Moderate,Paused,0.0
900276,NV400841,2026-04,Moderate,Active,2441.79
900276,NV400841,2026-05,Moderate,Active,2441.79
900276,NV400841,2026-06,Moderate,Active,2441.79
900276,NV400841,2026-07,Moderate,Active,2441.79
900277,NV400842,2026-01,Moderate,Active,629.24
900277,NV400842,2026-02,Moderate,Active,629.24
900277,NV400842,2026-03,Moderate,Active,629.24
900277,NV400842,2026-04,Moderate,Active,629.24
900277,NV400842,2026-05,Moderate,Active,629.24
900277,NV400842,2026-06,Moderate,Active,629.24
900277,NV400842,2026-07,Moderate,Active,629.24
900278,NV400843,2026-01,Moderate,Active,1339.38
900278,NV400843,2026-02,Moderate,Active,1339.38
900278,NV400843,2026-03,Moderate,Active,1339.38
900278,NV400843,2026-04,Moderate,Active,1339.38
900278,NV400843,2026-05,Moderate,Active,1339.38
900278,NV400843,2026-06,Moderate,Active,1339.38
900278,NV400843,2026-07,Moderate,Active,1339.38
900279,NV400853,2026-01,Aggressive,Active,1378.47
900279,NV400853,2026-02,Aggressive,Active,1378.47
900279,NV400853,2026-03,Aggressive,Active,1378.47
900279,NV400853,2026-04,Aggressive,Active,1378.47
900279,NV400853,2026-05,Aggressive,Active,1378.47
900279,NV400853,2026-06,Aggressive,Active,1378.47
900279,NV400853,2026-07,Aggressive,Active,1378.47
900280,NV400853,2026-02,Aggressive,Active,3718.19
900280,NV400853,2026-03,Aggressive,Active,3718.19
900280,NV400853,2026-04,Aggressive,Active,3718.19
900280,NV400853,2026-05,Aggressive,Active,3718.19
900280,NV400853,2026-06,Aggressive,Active,3718.19
900280,NV400853,2026-07,Aggressive,Active,3718.19
900281,NV400854,2026-01,Moderate,Active,2816.5
900281,NV400854,2026-02,Moderate,Active,2816.5
900281,NV400854,2026-03,Moderate,Active,2816.5
900281,NV400854,2026-04,Moderate,Active,2816.5
900281,NV400854,2026-05,Moderate,Active,2816.5
900281,NV400854,2026-06,Moderate,Active,2816.5
900281,NV400854,2026-07,Moderate,Active,2816.5
900282,NV400862,2026-01,Moderate,Active,1327.44
900282,NV400862,2026-02,Moderate,Active,1327.44
900282,NV400862,2026-03,Moderate,Active,1327.44
900282,NV400862,2026-04,Moderate,Active,1327.44
900282,NV400862,2026-05,Moderate,Active,1327.44
900282,NV400862,2026-06,Moderate,Active,1327.44
900282,NV400862,2026-07,Moderate,Active,1327.44
900283,NV400865,2026-01,Conservative,Active,1397.96
900283,NV400865,2026-02,Conservative,Active,1397.96
900283,NV400865,2026-03,Conservative,Active,1397.96
900283,NV400865,2026-04,Conservative,Active,1397.96
900283,NV400865,2026-05,Conservative,Active,1397.96
900283,NV400865,2026-06,Conservative,Active,1397.96
900283,NV400865,2026-07,Conservative,Paused,0.0
900284,NV400870,2026-01,Moderate,Active,3866.07
900284,NV400870,2026-02,Moderate,Active,3866.07
900284,NV400870,2026-03,Moderate,Active,3866.07
900284,NV400870,2026-04,Moderate,Active,3866.07
900284,NV400870,2026-05,Moderate,Active,3866.07
900284,NV400870,2026-06,Moderate,Active,3866.07
900284,NV400870,2026-07,Moderate,Active,3866.07
900285,NV400870,2026-06,Moderate,Paused,0.0
900285,NV400870,2026-07,Moderate,Cancelled,0.0
900286,NV400871,2026-01,Moderate,Active,4571.68
900286,NV400871,2026-02,Moderate,Active,4571.68
900286,NV400871,2026-03,Moderate,Active,4571.68
900286,NV400871,2026-04,Moderate,Paused,0.0
900286,NV400871,2026-05,Moderate,Active,4571.68
900286,NV400871,2026-06,Moderate,Active,4571.68
900286,NV400871,2026-07,Moderate,Active,4571.68
900287,NV400887,2026-01,Conservative,Active,3233.82
900287,NV400887,2026-02,Conservative,Active,3233.82
900287,NV400887,2026-03,Conservative,Active,3233.82
900287,NV400887,2026-04,Conservative,Active,3233.82
900287,NV400887,2026-05,Conservative,Active,3233.82
900287,NV400887,2026-06,Conservative,Active,3233.82
900287,NV400887,2026-07,Conservative,Active,3233.82
900288,NV400888,2026-01,Conservative,Active,2658.15
900288,NV400888,2026-02,Conservative,Active,2658.15
900288,NV400888,2026-03,Conservative,Active,2658.15
900288,NV400888,2026-04,Conservative,Active,2658.15
900288,NV400888,2026-05,Conservative,Active,2658.15
900288,NV400888,2026-06,Conservative,Paused,0.0
900288,NV400888,2026-07,Conservative,Active,2658.15
900289,NV400894,2026-02,Moderate,Cancelled,0.0
900290,NV400899,2026-01,Conservative,Active,3152.84
900290,NV400899,2026-02,Conservative,Active,3152.84
900290,NV400899,2026-03,Conservative,Active,3152.84
900290,NV400899,2026-04,Conservative,Active,3152.84
900290,NV400899,2026-05,Conservative,Active,3152.84
900290,NV400899,2026-06,Conservative,Active,3152.84
900290,NV400899,2026-07,Conservative,Active,3152.84
900291,NV400904,2026-01,Conservative,Active,910.86
900291,NV400904,2026-02,Conservative,Active,910.86
900291,NV400904,2026-03,Conservative,Active,910.86
900291,NV400904,2026-04,Conservative,Active,910.86
900291,NV400904,2026-05,Conservative,Cancelled,0.0
900292,NV400910,2026-01,Moderate,Active,5459.73
900292,NV400910,2026-02,Moderate,Active,5459.73
900292,NV400910,2026-03,Moderate,Active,5459.73
900292,NV400910,2026-04,Moderate,Active,5459.73
900292,NV400910,2026-05,Moderate,Active,5459.73
900292,NV400910,2026-06,Moderate,Active,5459.73
900292,NV400910,2026-07,Moderate,Active,5459.73
900293,NV400919,2026-01,Moderate,Paused,0.0
900293,NV400919,2026-02,Moderate,Cancelled,0.0
900294,NV400922,2026-01,Moderate,Active,1908.17
900294,NV400922,2026-02,Moderate,Active,1908.17
900294,NV400922,2026-03,Moderate,Active,1908.17
900294,NV400922,2026-04,Moderate,Active,1908.17
900294,NV400922,2026-05,Moderate,Active,1908.17
900294,NV400922,2026-06,Moderate,Active,1908.17
900294,NV400922,2026-07,Moderate,Active,1908.17
900295,NV400926,2026-01,Aggressive,Active,2593.9
900295,NV400926,2026-02,Aggressive,Active,2593.9
900295,NV400926,2026-03,Aggressive,Active,2593.9
900295,NV400926,2026-04,Aggressive,Active,2593.9
900295,NV400926,2026-05,Aggressive,Active,2593.9
900295,NV400926,2026-06,Aggressive,Active,2593.9
900295,NV400926,2026-07,Aggressive,Active,2593.9
900296,NV400930,2026-01,Aggressive,Active,3440.65
900296,NV400930,2026-02,Aggressive,Active,3440.65
900296,NV400930,2026-03,Aggressive,Active,3440.65
900296,NV400930,2026-04,Aggressive,Active,3440.65
900296,NV400930,2026-05,Aggressive,Active,3440.65
900296,NV400930,2026-06,Aggressive,Active,3440.65
900296,NV400930,2026-07,Aggressive,Active,3440.65
900297,NV400932,2026-01,Aggressive,Active,2409.17
900297,NV400932,2026-02,Aggressive,Active,2409.17
900297,NV400932,2026-03,Aggressive,Active,2409.17
900297,NV400932,2026-04,Aggressive,Paused,0.0
900297,NV400932,2026-05,Aggressive,Active,2409.17
900297,NV400932,2026-06,Aggressive,Active,2409.17
900297,NV400932,2026-07,Aggressive,Active,2409.17
900298,NV400935,2026-04,Moderate,Active,1386.78
900298,NV400935,2026-05,Moderate,Active,1386.78
900298,NV400935,2026-06,Moderate,Active,1386.78
900298,NV400935,2026-07,Moderate,Active,1386.78
900299,NV400942,2026-01,Conservative,Active,1301.62
900299,NV400942,2026-02,Conservative,Active,1301.62
900299,NV400942,2026-03,Conservative,Active,1301.62
900299,NV400942,2026-04,Conservative,Active,1301.62
900299,NV400942,2026-05,Conservative,Active,1301.62
900299,NV400942,2026-06,Conservative,Active,1301.62
900299,NV400942,2026-07,Conservative,Active,1301.62
900300,NV400945,2026-01,Aggressive,Active,8258.46
900300,NV400945,2026-02,Aggressive,Active,8258.46
900300,NV400945,2026-03,Aggressive,Active,8258.46
900300,NV400945,2026-04,Aggressive,Active,8258.46
900300,NV400945,2026-05,Aggressive,Active,8258.46
900300,NV400945,2026-06,Aggressive,Active,8258.46
900300,NV400945,2026-07,Aggressive,Active,8258.46
900301,NV400949,2026-01,Moderate,Active,1938.76
900301,NV400949,2026-02,Moderate,Active,1938.76
900301,NV400949,2026-03,Moderate,Active,1938.76
900301,NV400949,2026-04,Moderate,Cancelled,0.0
900302,NV400951,2026-05,Moderate,Paused,0.0
900302,NV400951,2026-06,Moderate,Active,2005.71
900302,NV400951,2026-07,Moderate,Active,2005.71
900303,NV400954,2026-01,Moderate,Active,1218.89
900303,NV400954,2026-02,Moderate,Active,1218.89
900303,NV400954,2026-03,Moderate,Active,1218.89
900303,NV400954,2026-04,Moderate,Active,1218.89
900303,NV400954,2026-05,Moderate,Active,1218.89
900303,NV400954,2026-06,Moderate,Active,1218.89
900303,NV400954,2026-07,Moderate,Paused,0.0
900304,NV400956,2026-01,Conservative,Active,818.47
900304,NV400956,2026-02,Conservative,Active,818.47
900304,NV400956,2026-03,Conservative,Active,818.47
900304,NV400956,2026-04,Conservative,Active,818.47
900304,NV400956,2026-05,Conservative,Paused,0.0
900304,NV400956,2026-06,Conservative,Active,818.47
900304,NV400956,2026-07,Conservative,Active,818.47
900305,NV400964,2026-01,Moderate,Active,4220.14
900305,NV400964,2026-02,Moderate,Paused,0.0
900305,NV400964,2026-03,Moderate,Active,4220.14
900305,NV400964,2026-04,Moderate,Active,4220.14
900305,NV400964,2026-05,Moderate,Active,4220.14
900305,NV400964,2026-06,Moderate,Paused,0.0
900305,NV400964,2026-07,Moderate,Cancelled,0.0
900306,NV400965,2026-01,Aggressive,Active,3249.26
900306,NV400965,2026-02,Aggressive,Active,3249.26
900306,NV400965,2026-03,Aggressive,Active,3249.26
900306,NV400965,2026-04,Aggressive,Active,3249.26
900306,NV400965,2026-05,Aggressive,Active,3249.26
900306,NV400965,2026-06,Aggressive,Paused,0.0
900306,NV400965,2026-07,Aggressive,Cancelled,0.0
900307,NV400968,2026-01,Aggressive,Active,2479.36
900307,NV400968,2026-02,Aggressive,Active,2479.36
900307,NV400968,2026-03,Aggressive,Active,2479.36
900307,NV400968,2026-04,Aggressive,Active,2479.36
900307,NV400968,2026-05,Aggressive,Active,2479.36
900307,NV400968,2026-06,Aggressive,Active,2479.36
900307,NV400968,2026-07,Aggressive,Active,2479.36
900308,NV400970,2026-01,Aggressive,Active,3364.7
900308,NV400970,2026-02,Aggressive,Active,3364.7
900308,NV400970,2026-03,Aggressive,Paused,0.0
900308,NV400970,2026-04,Aggressive,Active,3364.7
900308,NV400970,2026-05,Aggressive,Active,3364.7
900308,NV400970,2026-06,Aggressive,Active,3364.7
900308,NV400970,2026-07,Aggressive,Active,3364.7
900309,NV400972,2026-01,Aggressive,Active,5999.76
900309,NV400972,2026-02,Aggressive,Active,5999.76
900309,NV400972,2026-03,Aggressive,Active,5999.76
900309,NV400972,2026-04,Aggressive,Active,5999.76
900309,NV400972,2026-05,Aggressive,Active,5999.76
900309,NV400972,2026-06,Aggressive,Active,5999.76
900309,NV400972,2026-07,Aggressive,Active,5999.76
900310,NV400972,2026-06,Aggressive,Active,5972.61
900310,NV400972,2026-07,Aggressive,Active,5972.61
900311,NV400978,2026-01,Aggressive,Active,1877.08
900311,NV400978,2026-02,Aggressive,Active,1877.08
900311,NV400978,2026-03,Aggressive,Active,1877.08
900311,NV400978,2026-04,Aggressive,Active,1877.08
900311,NV400978,2026-05,Aggressive,Active,1877.08
900311,NV400978,2026-06,Aggressive,Active,1877.08
900311,NV400978,2026-07,Aggressive,Active,1877.08
900312,NV400978,2026-04,Aggressive,Active,3129.37
900312,NV400978,2026-05,Aggressive,Active,3129.37
900312,NV400978,2026-06,Aggressive,Active,3129.37
900312,NV400978,2026-07,Aggressive,Active,3129.37
900313,NV400979,2026-01,Moderate,Active,3254.91
900313,NV400979,2026-02,Moderate,Active,3254.91
900313,NV400979,2026-03,Moderate,Active,3254.91
900313,NV400979,2026-04,Moderate,Active,3254.91
900313,NV400979,2026-05,Moderate,Active,3254.91
900313,NV400979,2026-06,Moderate,Active,3254.91
900313,NV400979,2026-07,Moderate,Active,3254.91
900314,NV400981,2026-01,Conservative,Active,2148.71
900314,NV400981,2026-02,Conservative,Active,2148.71
900314,NV400981,2026-03,Conservative,Active,2148.71
900314,NV400981,2026-04,Conservative,Active,2148.71
900314,NV400981,2026-05,Conservative,Active,2148.71
900314,NV400981,2026-06,Conservative,Active,2148.71
900314,NV400981,2026-07,Conservative,Active,2148.71
900315,NV400985,2026-01,Conservative,Active,2495.06
900315,NV400985,2026-02,Conservative,Active,2495.06
900315,NV400985,2026-03,Conservative,Active,2495.06
900315,NV400985,2026-04,Conservative,Cancelled,0.0
900316,NV400985,2026-02,Conservative,Active,2612.15
900316,NV400985,2026-03,Conservative,Active,2612.15
900316,NV400985,2026-04,Conservative,Active,2612.15
900316,NV400985,2026-05,Conservative,Active,2612.15
900316,NV400985,2026-06,Conservative,Active,2612.15
900316,NV400985,2026-07,Conservative,Active,2612.15
900317,NV400987,2026-01,Moderate,Active,1796.38
900317,NV400987,2026-02,Moderate,Active,1796.38
900317,NV400987,2026-03,Moderate,Active,1796.38
900317,NV400987,2026-04,Moderate,Active,1796.38
900317,NV400987,2026-05,Moderate,Active,1796.38
900317,NV400987,2026-06,Moderate,Active,1796.38
900317,NV400987,2026-07,Moderate,Active,1796.38
900318,NV400995,2026-01,Moderate,Cancelled,0.0
900319,NV401005,2026-01,Conservative,Paused,0.0
900319,NV401005,2026-02,Conservative,Active,3468.76
900319,NV401005,2026-03,Conservative,Active,3468.76
900319,NV401005,2026-04,Conservative,Paused,0.0
900319,NV401005,2026-05,Conservative,Active,3468.76
900319,NV401005,2026-06,Conservative,Paused,0.0
900319,NV401005,2026-07,Conservative,Active,3468.76
900320,NV401005,2026-04,Conservative,Active,3169.04
900320,NV401005,2026-05,Conservative,Active,3169.04
900320,NV401005,2026-06,Conservative,Cancelled,0.0
900321,NV401009,2026-01,Moderate,Active,2097.21
900321,NV401009,2026-02,Moderate,Active,2097.21
900321,NV401009,2026-03,Moderate,Active,2097.21
900321,NV401009,2026-04,Moderate,Active,2097.21
900321,NV401009,2026-05,Moderate,Active,2097.21
900321,NV401009,2026-06,Moderate,Active,2097.21
900321,NV401009,2026-07,Moderate,Active,2097.21
900322,NV401010,2026-01,Conservative,Active,4540.31
900322,NV401010,2026-02,Conservative,Active,4540.31
900322,NV401010,2026-03,Conservative,Paused,0.0
900322,NV401010,2026-04,Conservative,Active,4540.31
900322,NV401010,2026-05,Conservative,Active,4540.31
900322,NV401010,2026-06,Conservative,Active,4540.31
900322,NV401010,2026-07,Conservative,Active,4540.31
900323,NV401015,2026-01,Conservative,Active,2228.37
900323,NV401015,2026-02,Conservative,Active,2228.37
900323,NV401015,2026-03,Conservative,Active,2228.37
900323,NV401015,2026-04,Conservative,Active,2228.37
900323,NV401015,2026-05,Conservative,Active,2228.37
900323,NV401015,2026-06,Conservative,Active,2228.37
900323,NV401015,2026-07,Conservative,Active,2228.37
900324,NV401016,2026-02,Aggressive,Active,2227.57
900324,NV401016,2026-03,Aggressive,Active,2227.57
900324,NV401016,2026-04,Aggressive,Active,2227.57
900324,NV401016,2026-05,Aggressive,Active,2227.57
900324,NV401016,2026-06,Aggressive,Active,2227.57
900324,NV401016,2026-07,Aggressive,Active,2227.57
900325,NV401022,2026-01,Moderate,Active,2492.66
900325,NV401022,2026-02,Moderate,Paused,0.0
900325,NV401022,2026-03,Moderate,Active,2492.66
900325,NV401022,2026-04,Moderate,Active,2492.66
900325,NV401022,2026-05,Moderate,Active,2492.66
900325,NV401022,2026-06,Moderate,Active,2492.66
900325,NV401022,2026-07,Moderate,Active,2492.66
900326,NV401026,2026-01,Conservative,Active,3915.76
900326,NV401026,2026-02,Conservative,Paused,0.0
900326,NV401026,2026-03,Conservative,Cancelled,0.0
900327,NV401034,2026-01,Aggressive,Active,2417.91
900327,NV401034,2026-02,Aggressive,Active,2417.91
900327,NV401034,2026-03,Aggressive,Active,2417.91
900327,NV401034,2026-04,Aggressive,Active,2417.91
900327,NV401034,2026-05,Aggressive,Active,2417.91
900327,NV401034,2026-06,Aggressive,Paused,0.0
900327,NV401034,2026-07,Aggressive,Active,2417.91
900328,NV401034,2026-06,Aggressive,Active,3152.11
900328,NV401034,2026-07,Aggressive,Active,3152.11
900329,NV401037,2026-02,Moderate,Active,3928.33
900329,NV401037,2026-03,Moderate,Active,3928.33
900329,NV401037,2026-04,Moderate,Active,3928.33
900329,NV401037,2026-05,Moderate,Active,3928.33
900329,NV401037,2026-06,Moderate,Active,3928.33
900329,NV401037,2026-07,Moderate,Active,3928.33
900330,NV401040,2026-01,Conservative,Active,2913.51
900330,NV401040,2026-02,Conservative,Active,2913.51
900330,NV401040,2026-03,Conservative,Active,2913.51
900330,NV401040,2026-04,Conservative,Active,2913.51
900330,NV401040,2026-05,Conservative,Paused,0.0
900330,NV401040,2026-06,Conservative,Active,2913.51
900330,NV401040,2026-07,Conservative,Active,2913.51
900331,NV401042,2026-01,Conservative,Active,1718.46
900331,NV401042,2026-02,Conservative,Active,1718.46
900331,NV401042,2026-03,Conservative,Active,1718.46
900331,NV401042,2026-04,Conservative,Active,1718.46
900331,NV401042,2026-05,Conservative,Active,1718.46
900331,NV401042,2026-06,Conservative,Active,1718.46
900331,NV401042,2026-07,Conservative,Active,1718.46
900332,NV401056,2026-01,Moderate,Active,6536.06
900332,NV401056,2026-02,Moderate,Active,6536.06
900332,NV401056,2026-03,Moderate,Active,6536.06
900332,NV401056,2026-04,Moderate,Active,6536.06
900332,NV401056,2026-05,Moderate,Active,6536.06
900332,NV401056,2026-06,Moderate,Active,6536.06
900332,NV401056,2026-07,Moderate,Active,6536.06
900333,NV401061,2026-01,Moderate,Active,3377.88
900333,NV401061,2026-02,Moderate,Active,3377.88
900333,NV401061,2026-03,Moderate,Active,3377.88
900333,NV401061,2026-04,Moderate,Active,3377.88
900333,NV401061,2026-05,Moderate,Active,3377.88
900333,NV401061,2026-06,Moderate,Active,3377.88
900333,NV401061,2026-07,Moderate,Active,3377.88
900334,NV401066,2026-01,Conservative,Active,1398.97
900334,NV401066,2026-02,Conservative,Active,1398.97
900334,NV401066,2026-03,Conservative,Active,1398.97
900334,NV401066,2026-04,Conservative,Active,1398.97
900334,NV401066,2026-05,Conservative,Active,1398.97
900334,NV401066,2026-06,Conservative,Active,1398.97
900334,NV401066,2026-07,Conservative,Active,1398.97
900335,NV401067,2026-01,Aggressive,Active,3418.96
900335,NV401067,2026-02,Aggressive,Active,3418.96
900335,NV401067,2026-03,Aggressive,Active,3418.96
900335,NV401067,2026-04,Aggressive,Active,3418.96
900335,NV401067,2026-05,Aggressive,Active,3418.96
900335,NV401067,2026-06,Aggressive,Active,3418.96
900335,NV401067,2026-07,Aggressive,Active,3418.96
900336,NV401067,2026-06,Aggressive,Active,1058.5
900336,NV401067,2026-07,Aggressive,Active,1058.5
900337,NV401072,2026-02,Aggressive,Paused,0.0
900337,NV401072,2026-03,Aggressive,Active,1772.03
900337,NV401072,2026-04,Aggressive,Active,1772.03
900337,NV401072,2026-05,Aggressive,Active,1772.03
900337,NV401072,2026-06,Aggressive,Active,1772.03
900337,NV401072,2026-07,Aggressive,Active,1772.03
900338,NV401078,2026-01,Conservative,Cancelled,0.0
900339,NV401078,2026-06,Conservative,Active,1966.91
900339,NV401078,2026-07,Conservative,Active,1966.91
900340,NV401079,2026-01,Moderate,Active,3845.74
900340,NV401079,2026-02,Moderate,Active,3845.74
900340,NV401079,2026-03,Moderate,Active,3845.74
900340,NV401079,2026-04,Moderate,Active,3845.74
900340,NV401079,2026-05,Moderate,Active,3845.74
900340,NV401079,2026-06,Moderate,Active,3845.74
900340,NV401079,2026-07,Moderate,Active,3845.74
900341,NV401085,2026-01,Aggressive,Active,1577.33
900341,NV401085,2026-02,Aggressive,Active,1577.33
900341,NV401085,2026-03,Aggressive,Active,1577.33
900341,NV401085,2026-04,Aggressive,Active,1577.33
900341,NV401085,2026-05,Aggressive,Active,1577.33
900341,NV401085,2026-06,Aggressive,Active,1577.33
900341,NV401085,2026-07,Aggressive,Active,1577.33
900342,NV401086,2026-06,Moderate,Active,1744.06
900342,NV401086,2026-07,Moderate,Active,1744.06
900343,NV401093,2026-01,Moderate,Cancelled,0.0
900344,NV401093,2026-03,Moderate,Active,1494.55
900344,NV401093,2026-04,Moderate,Active,1494.55
900344,NV401093,2026-05,Moderate,Active,1494.55
900344,NV401093,2026-06,Moderate,Active,1494.55
900344,NV401093,2026-07,Moderate,Active,1494.55
900345,NV401100,2026-01,Conservative,Active,1909.63
900345,NV401100,2026-02,Conservative,Active,1909.63
900345,NV401100,2026-03,Conservative,Active,1909.63
900345,NV401100,2026-04,Conservative,Active,1909.63
900345,NV401100,2026-05,Conservative,Paused,0.0
900345,NV401100,2026-06,Conservative,Active,1909.63
900345,NV401100,2026-07,Conservative,Active,1909.63
900346,NV401103,2026-01,Moderate,Active,2436.73
900346,NV401103,2026-02,Moderate,Active,2436.73
900346,NV401103,2026-03,Moderate,Active,2436.73
900346,NV401103,2026-04,Moderate,Active,2436.73
900346,NV401103,2026-05,Moderate,Paused,0.0
900346,NV401103,2026-06,Moderate,Cancelled,0.0
900347,NV401104,2026-02,Conservative,Active,2974.76
900347,NV401104,2026-03,Conservative,Active,2974.76
900347,NV401104,2026-04,Conservative,Active,2974.76
900347,NV401104,2026-05,Conservative,Active,2974.76
900347,NV401104,2026-06,Conservative,Active,2974.76
900347,NV401104,2026-07,Conservative,Paused,0.0
900348,NV401108,2026-01,Moderate,Active,3114.73
900348,NV401108,2026-02,Moderate,Active,3114.73
900348,NV401108,2026-03,Moderate,Active,3114.73
900348,NV401108,2026-04,Moderate,Active,3114.73
900348,NV401108,2026-05,Moderate,Active,3114.73
900348,NV401108,2026-06,Moderate,Active,3114.73
900348,NV401108,2026-07,Moderate,Active,3114.73
900349,NV401110,2026-01,Moderate,Active,2084.93
900349,NV401110,2026-02,Moderate,Active,2084.93
900349,NV401110,2026-03,Moderate,Active,2084.93
900349,NV401110,2026-04,Moderate,Active,2084.93
900349,NV401110,2026-05,Moderate,Active,2084.93
900349,NV401110,2026-06,Moderate,Active,2084.93
900349,NV401110,2026-07,Moderate,Active,2084.93
900350,NV401110,2026-04,Moderate,Active,6324.59
900350,NV401110,2026-05,Moderate,Active,6324.59
900350,NV401110,2026-06,Moderate,Active,6324.59
900350,NV401110,2026-07,Moderate,Active,6324.59
900351,NV401111,2026-01,Moderate,Active,1632.8
900351,NV401111,2026-02,Moderate,Active,1632.8
900351,NV401111,2026-03,Moderate,Active,1632.8
900351,NV401111,2026-04,Moderate,Active,1632.8
900351,NV401111,2026-05,Moderate,Active,1632.8
900351,NV401111,2026-06,Moderate,Active,1632.8
900351,NV401111,2026-07,Moderate,Active,1632.8
900352,NV401113,2026-01,Moderate,Active,1858.28
900352,NV401113,2026-02,Moderate,Active,1858.28
900352,NV401113,2026-03,Moderate,Active,1858.28
900352,NV401113,2026-04,Moderate,Active,1858.28
900352,NV401113,2026-05,Moderate,Active,1858.28
900352,NV401113,2026-06,Moderate,Active,1858.28
900352,NV401113,2026-07,Moderate,Active,1858.28
900353,NV401113,2026-03,Moderate,Active,4557.6
900353,NV401113,2026-04,Moderate,Cancelled,0.0
900354,NV401124,2026-01,Moderate,Active,3054.83
900354,NV401124,2026-02,Moderate,Active,3054.83
900354,NV401124,2026-03,Moderate,Active,3054.83
900354,NV401124,2026-04,Moderate,Active,3054.83
900354,NV401124,2026-05,Moderate,Active,3054.83
900354,NV401124,2026-06,Moderate,Active,3054.83
900354,NV401124,2026-07,Moderate,Paused,0.0
900355,NV401132,2026-01,Conservative,Active,1484.68
900355,NV401132,2026-02,Conservative,Active,1484.68
900355,NV401132,2026-03,Conservative,Active,1484.68
900355,NV401132,2026-04,Conservative,Active,1484.68
900355,NV401132,2026-05,Conservative,Active,1484.68
900355,NV401132,2026-06,Conservative,Active,1484.68
900355,NV401132,2026-07,Conservative,Active,1484.68
900356,NV401135,2026-01,Aggressive,Active,7788.33
900356,NV401135,2026-02,Aggressive,Active,7788.33
900356,NV401135,2026-03,Aggressive,Active,7788.33
900356,NV401135,2026-04,Aggressive,Paused,0.0
900356,NV401135,2026-05,Aggressive,Active,7788.33
900356,NV401135,2026-06,Aggressive,Active,7788.33
900356,NV401135,2026-07,Aggressive,Paused,0.0
900357,NV401136,2026-03,Moderate,Active,2052.38
900357,NV401136,2026-04,Moderate,Active,2052.38
900357,NV401136,2026-05,Moderate,Active,2052.38
900357,NV401136,2026-06,Moderate,Active,2052.38
900357,NV401136,2026-07,Moderate,Active,2052.38
900358,NV401142,2026-01,Moderate,Active,4434.99
900358,NV401142,2026-02,Moderate,Active,4434.99
900358,NV401142,2026-03,Moderate,Active,4434.99
900358,NV401142,2026-04,Moderate,Active,4434.99
900358,NV401142,2026-05,Moderate,Paused,0.0
900358,NV401142,2026-06,Moderate,Paused,0.0
900358,NV401142,2026-07,Moderate,Active,4434.99
900359,NV401143,2026-01,Moderate,Active,1414.48
900359,NV401143,2026-02,Moderate,Paused,0.0
900359,NV401143,2026-03,Moderate,Active,1414.48
900359,NV401143,2026-04,Moderate,Active,1414.48
900359,NV401143,2026-05,Moderate,Active,1414.48
900359,NV401143,2026-06,Moderate,Active,1414.48
900359,NV401143,2026-07,Moderate,Active,1414.48
900360,NV401145,2026-01,Aggressive,Active,2358.01
900360,NV401145,2026-02,Aggressive,Active,2358.01
900360,NV401145,2026-03,Aggressive,Active,2358.01
900360,NV401145,2026-04,Aggressive,Paused,0.0
900360,NV401145,2026-05,Aggressive,Paused,0.0
900360,NV401145,2026-06,Aggressive,Paused,0.0
900360,NV401145,2026-07,Aggressive,Active,2358.01
900361,NV401151,2026-01,Aggressive,Active,2227.29
900361,NV401151,2026-02,Aggressive,Active,2227.29
900361,NV401151,2026-03,Aggressive,Active,2227.29
900361,NV401151,2026-04,Aggressive,Cancelled,0.0
900362,NV401153,2026-01,Moderate,Active,3402.67
900362,NV401153,2026-02,Moderate,Active,3402.67
900362,NV401153,2026-03,Moderate,Active,3402.67
900362,NV401153,2026-04,Moderate,Active,3402.67
900362,NV401153,2026-05,Moderate,Active,3402.67
900362,NV401153,2026-06,Moderate,Active,3402.67
900362,NV401153,2026-07,Moderate,Active,3402.67
900363,NV401167,2026-01,Conservative,Active,1893.67
900363,NV401167,2026-02,Conservative,Active,1893.67
900363,NV401167,2026-03,Conservative,Active,1893.67
900363,NV401167,2026-04,Conservative,Active,1893.67
900363,NV401167,2026-05,Conservative,Active,1893.67
900363,NV401167,2026-06,Conservative,Active,1893.67
900363,NV401167,2026-07,Conservative,Active,1893.67
900364,NV401171,2026-01,Conservative,Active,3794.79
900364,NV401171,2026-02,Conservative,Active,3794.79
900364,NV401171,2026-03,Conservative,Active,3794.79
900364,NV401171,2026-04,Conservative,Active,3794.79
900364,NV401171,2026-05,Conservative,Active,3794.79
900364,NV401171,2026-06,Conservative,Active,3794.79
900364,NV401171,2026-07,Conservative,Active,3794.79
900365,NV401171,2026-07,Conservative,Active,1380.65
900366,NV401176,2026-01,Conservative,Active,3998.84
900366,NV401176,2026-02,Conservative,Active,3998.84
900366,NV401176,2026-03,Conservative,Active,3998.84
900366,NV401176,2026-04,Conservative,Active,3998.84
900366,NV401176,2026-05,Conservative,Active,3998.84
900366,NV401176,2026-06,Conservative,Active,3998.84
900366,NV401176,2026-07,Conservative,Active,3998.84
900367,NV401177,2026-01,Moderate,Paused,0.0
900367,NV401177,2026-02,Moderate,Active,5647.47
900367,NV401177,2026-03,Moderate,Active,5647.47
900367,NV401177,2026-04,Moderate,Paused,0.0
900367,NV401177,2026-05,Moderate,Paused,0.0
900367,NV401177,2026-06,Moderate,Paused,0.0
900367,NV401177,2026-07,Moderate,Active,5647.47
900368,NV401177,2026-03,Moderate,Active,3421.53
900368,NV401177,2026-04,Moderate,Active,3421.53
900368,NV401177,2026-05,Moderate,Active,3421.53
900368,NV401177,2026-06,Moderate,Active,3421.53
900368,NV401177,2026-07,Moderate,Active,3421.53
900369,NV401183,2026-01,Moderate,Active,1167.26
900369,NV401183,2026-02,Moderate,Active,1167.26
900369,NV401183,2026-03,Moderate,Active,1167.26
900369,NV401183,2026-04,Moderate,Active,1167.26
900369,NV401183,2026-05,Moderate,Active,1167.26
900369,NV401183,2026-06,Moderate,Cancelled,0.0
900370,NV401186,2026-06,Moderate,Active,2863.73
900370,NV401186,2026-07,Moderate,Active,2863.73
900371,NV401188,2026-01,Aggressive,Active,2282.98
900371,NV401188,2026-02,Aggressive,Active,2282.98
900371,NV401188,2026-03,Aggressive,Active,2282.98
900371,NV401188,2026-04,Aggressive,Active,2282.98
900371,NV401188,2026-05,Aggressive,Paused,0.0
900371,NV401188,2026-06,Aggressive,Active,2282.98
900371,NV401188,2026-07,Aggressive,Active,2282.98
900372,NV401190,2026-01,Moderate,Active,1153.15
900372,NV401190,2026-02,Moderate,Active,1153.15
900372,NV401190,2026-03,Moderate,Active,1153.15
900372,NV401190,2026-04,Moderate,Active,1153.15
900372,NV401190,2026-05,Moderate,Paused,0.0
900372,NV401190,2026-06,Moderate,Active,1153.15
900372,NV401190,2026-07,Moderate,Active,1153.15
900373,NV401195,2026-01,Moderate,Active,2840.7
900373,NV401195,2026-02,Moderate,Active,2840.7
900373,NV401195,2026-03,Moderate,Active,2840.7
900373,NV401195,2026-04,Moderate,Cancelled,0.0
900374,NV401195,2026-05,Moderate,Active,867.7
900374,NV401195,2026-06,Moderate,Paused,0.0
900374,NV401195,2026-07,Moderate,Active,867.7
900375,NV401196,2026-01,Moderate,Active,3031.47
900375,NV401196,2026-02,Moderate,Active,3031.47
900375,NV401196,2026-03,Moderate,Active,3031.47
900375,NV401196,2026-04,Moderate,Active,3031.47
900375,NV401196,2026-05,Moderate,Active,3031.47
900375,NV401196,2026-06,Moderate,Active,3031.47
900375,NV401196,2026-07,Moderate,Active,3031.47
900376,NV401203,2026-01,Conservative,Active,988.57
900376,NV401203,2026-02,Conservative,Active,988.57
900376,NV401203,2026-03,Conservative,Active,988.57
900376,NV401203,2026-04,Conservative,Active,988.57
900376,NV401203,2026-05,Conservative,Paused,0.0
900376,NV401203,2026-06,Conservative,Active,988.57
900376,NV401203,2026-07,Conservative,Active,988.57
900377,NV401205,2026-03,Moderate,Active,5430.65
900377,NV401205,2026-04,Moderate,Active,5430.65
900377,NV401205,2026-05,Moderate,Active,5430.65
900377,NV401205,2026-06,Moderate,Active,5430.65
900377,NV401205,2026-07,Moderate,Active,5430.65
900378,NV401206,2026-01,Moderate,Active,3043.57
900378,NV401206,2026-02,Moderate,Active,3043.57
900378,NV401206,2026-03,Moderate,Active,3043.57
900378,NV401206,2026-04,Moderate,Active,3043.57
900378,NV401206,2026-05,Moderate,Active,3043.57
900378,NV401206,2026-06,Moderate,Active,3043.57
900378,NV401206,2026-07,Moderate,Active,3043.57
900379,NV401209,2026-01,Conservative,Active,1992.24
900379,NV401209,2026-02,Conservative,Active,1992.24
900379,NV401209,2026-03,Conservative,Cancelled,0.0
900380,NV401212,2026-01,Aggressive,Active,6615.64
900380,NV401212,2026-02,Aggressive,Active,6615.64
900380,NV401212,2026-03,Aggressive,Active,6615.64
900380,NV401212,2026-04,Aggressive,Cancelled,0.0
900381,NV401214,2026-01,Conservative,Active,2066.01
900381,NV401214,2026-02,Conservative,Active,2066.01
900381,NV401214,2026-03,Conservative,Active,2066.01
900381,NV401214,2026-04,Conservative,Active,2066.01
900381,NV401214,2026-05,Conservative,Active,2066.01
900381,NV401214,2026-06,Conservative,Active,2066.01
900381,NV401214,2026-07,Conservative,Active,2066.01
900382,NV401217,2026-01,Moderate,Active,1501.22
900382,NV401217,2026-02,Moderate,Active,1501.22
900382,NV401217,2026-03,Moderate,Active,1501.22
900382,NV401217,2026-04,Moderate,Active,1501.22
900382,NV401217,2026-05,Moderate,Active,1501.22
900382,NV401217,2026-06,Moderate,Active,1501.22
900382,NV401217,2026-07,Moderate,Active,1501.22
900383,NV401220,2026-01,Moderate,Active,4810.31
900383,NV401220,2026-02,Moderate,Active,4810.31
900383,NV401220,2026-03,Moderate,Active,4810.31
900383,NV401220,2026-04,Moderate,Active,4810.31
900383,NV401220,2026-05,Moderate,Active,4810.31
900383,NV401220,2026-06,Moderate,Active,4810.31
900383,NV401220,2026-07,Moderate,Active,4810.31
900384,NV401223,2026-01,Moderate,Paused,0.0
900384,NV401223,2026-02,Moderate,Active,5898.14
900384,NV401223,2026-03,Moderate,Active,5898.14
900384,NV401223,2026-04,Moderate,Active,5898.14
900384,NV401223,2026-05,Moderate,Active,5898.14
900384,NV401223,2026-06,Moderate,Active,5898.14
900384,NV401223,2026-07,Moderate,Active,5898.14
900385,NV401234,2026-01,Conservative,Active,984.47
900385,NV401234,2026-02,Conservative,Active,984.47
900385,NV401234,2026-03,Conservative,Active,984.47
900385,NV401234,2026-04,Conservative,Active,984.47
900385,NV401234,2026-05,Conservative,Active,984.47
900385,NV401234,2026-06,Conservative,Active,984.47
900385,NV401234,2026-07,Conservative,Active,984.47
900386,NV401236,2026-01,Aggressive,Active,1331.2
900386,NV401236,2026-02,Aggressive,Active,1331.2
900386,NV401236,2026-03,Aggressive,Active,1331.2
900386,NV401236,2026-04,Aggressive,Active,1331.2
900386,NV401236,2026-05,Aggressive,Active,1331.2
900386,NV401236,2026-06,Aggressive,Active,1331.2
900386,NV401236,2026-07,Aggressive,Active,1331.2
900387,NV401240,2026-01,Moderate,Active,10176.26
900387,NV401240,2026-02,Moderate,Active,10176.26
900387,NV401240,2026-03,Moderate,Active,10176.26
900387,NV401240,2026-04,Moderate,Active,10176.26
900387,NV401240,2026-05,Moderate,Active,10176.26
900387,NV401240,2026-06,Moderate,Active,10176.26
900387,NV401240,2026-07,Moderate,Active,10176.26
900388,NV401242,2026-01,Conservative,Active,5192.62
900388,NV401242,2026-02,Conservative,Active,5192.62
900388,NV401242,2026-03,Conservative,Active,5192.62
900388,NV401242,2026-04,Conservative,Active,5192.62
900388,NV401242,2026-05,Conservative,Active,5192.62
900388,NV401242,2026-06,Conservative,Active,5192.62
900388,NV401242,2026-07,Conservative,Active,5192.62
900389,NV401243,2026-01,Conservative,Active,2918.7
900389,NV401243,2026-02,Conservative,Active,2918.7
900389,NV401243,2026-03,Conservative,Paused,0.0
900389,NV401243,2026-04,Conservative,Active,2918.7
900389,NV401243,2026-05,Conservative,Active,2918.7
900389,NV401243,2026-06,Conservative,Active,2918.7
900389,NV401243,2026-07,Conservative,Cancelled,0.0
900390,NV401244,2026-01,Moderate,Active,2008.12
900390,NV401244,2026-02,Moderate,Active,2008.12
900390,NV401244,2026-03,Moderate,Cancelled,0.0
900391,NV401244,2026-03,Moderate,Active,1082.67
900391,NV401244,2026-04,Moderate,Active,1082.67
900391,NV401244,2026-05,Moderate,Active,1082.67
900391,NV401244,2026-06,Moderate,Active,1082.67
900391,NV401244,2026-07,Moderate,Active,1082.67
900392,NV401247,2026-01,Conservative,Active,1426.08
900392,NV401247,2026-02,Conservative,Active,1426.08
900392,NV401247,2026-03,Conservative,Active,1426.08
900392,NV401247,2026-04,Conservative,Active,1426.08
900392,NV401247,2026-05,Conservative,Active,1426.08
900392,NV401247,2026-06,Conservative,Active,1426.08
900392,NV401247,2026-07,Conservative,Active,1426.08
900393,NV401251,2026-01,Moderate,Active,1454.03
900393,NV401251,2026-02,Moderate,Active,1454.03
900393,NV401251,2026-03,Moderate,Active,1454.03
900393,NV401251,2026-04,Moderate,Active,1454.03
900393,NV401251,2026-05,Moderate,Active,1454.03
900393,NV401251,2026-06,Moderate,Cancelled,0.0
900394,NV401258,2026-01,Conservative,Active,2375.18
900394,NV401258,2026-02,Conservative,Active,2375.18
900394,NV401258,2026-03,Conservative,Active,2375.18
900394,NV401258,2026-04,Conservative,Active,2375.18
900394,NV401258,2026-05,Conservative,Paused,0.0
900394,NV401258,2026-06,Conservative,Paused,0.0
900394,NV401258,2026-07,Conservative,Active,2375.18
900395,NV401262,2026-01,Aggressive,Active,1484.81
900395,NV401262,2026-02,Aggressive,Paused,0.0
900395,NV401262,2026-03,Aggressive,Active,1484.81
900395,NV401262,2026-04,Aggressive,Active,1484.81
900395,NV401262,2026-05,Aggressive,Active,1484.81
900395,NV401262,2026-06,Aggressive,Active,1484.81
900395,NV401262,2026-07,Aggressive,Active,1484.81
900396,NV401262,2026-02,Aggressive,Active,3649.3
900396,NV401262,2026-03,Aggressive,Active,3649.3
900396,NV401262,2026-04,Aggressive,Active,3649.3
900396,NV401262,2026-05,Aggressive,Active,3649.3
900396,NV401262,2026-06,Aggressive,Active,3649.3
900396,NV401262,2026-07,Aggressive,Active,3649.3
900397,NV401265,2026-01,Conservative,Active,2587.03
900397,NV401265,2026-02,Conservative,Active,2587.03
900397,NV401265,2026-03,Conservative,Active,2587.03
900397,NV401265,2026-04,Conservative,Paused,0.0
900397,NV401265,2026-05,Conservative,Paused,0.0
900397,NV401265,2026-06,Conservative,Active,2587.03
900397,NV401265,2026-07,Conservative,Active,2587.03
900398,NV401266,2026-01,Conservative,Active,1907.61
900398,NV401266,2026-02,Conservative,Active,1907.61
900398,NV401266,2026-03,Conservative,Active,1907.61
900398,NV401266,2026-04,Conservative,Active,1907.61
900398,NV401266,2026-05,Conservative,Active,1907.61
900398,NV401266,2026-06,Conservative,Active,1907.61
900398,NV401266,2026-07,Conservative,Active,1907.61
900399,NV401271,2026-01,Moderate,Active,3421.45
900399,NV401271,2026-02,Moderate,Active,3421.45
900399,NV401271,2026-03,Moderate,Active,3421.45
900399,NV401271,2026-04,Moderate,Active,3421.45
900399,NV401271,2026-05,Moderate,Active,3421.45
900399,NV401271,2026-06,Moderate,Active,3421.45
900399,NV401271,2026-07,Moderate,Active,3421.45
900400,NV401275,2026-01,Aggressive,Paused,0.0
900400,NV401275,2026-02,Aggressive,Active,6733.56
900400,NV401275,2026-03,Aggressive,Active,6733.56
900400,NV401275,2026-04,Aggressive,Active,6733.56
900400,NV401275,2026-05,Aggressive,Active,6733.56
900400,NV401275,2026-06,Aggressive,Active,6733.56
900400,NV401275,2026-07,Aggressive,Active,6733.56
900401,NV401275,2026-03,Aggressive,Active,1117.01
900401,NV401275,2026-04,Aggressive,Active,1117.01
900401,NV401275,2026-05,Aggressive,Active,1117.01
900401,NV401275,2026-06,Aggressive,Active,1117.01
900401,NV401275,2026-07,Aggressive,Active,1117.01
900402,NV401277,2026-01,Moderate,Cancelled,0.0
900403,NV401291,2026-01,Moderate,Active,5616.61
900403,NV401291,2026-02,Moderate,Active,5616.61
900403,NV401291,2026-03,Moderate,Active,5616.61
900403,NV401291,2026-04,Moderate,Active,5616.61
900403,NV401291,2026-05,Moderate,Active,5616.61
900403,NV401291,2026-06,Moderate,Active,5616.61
900403,NV401291,2026-07,Moderate,Active,5616.61
900404,NV401293,2026-01,Conservative,Active,1861.74
900404,NV401293,2026-02,Conservative,Active,1861.74
900404,NV401293,2026-03,Conservative,Active,1861.74
900404,NV401293,2026-04,Conservative,Active,1861.74
900404,NV401293,2026-05,Conservative,Paused,0.0
900404,NV401293,2026-06,Conservative,Active,1861.74
900404,NV401293,2026-07,Conservative,Active,1861.74
900405,NV401293,2026-04,Conservative,Active,2045.1
900405,NV401293,2026-05,Conservative,Active,2045.1
900405,NV401293,2026-06,Conservative,Paused,0.0
900405,NV401293,2026-07,Conservative,Active,2045.1
900406,NV401294,2026-01,Moderate,Active,2014.19
900406,NV401294,2026-02,Moderate,Active,2014.19
900406,NV401294,2026-03,Moderate,Active,2014.19
900406,NV401294,2026-04,Moderate,Active,2014.19
900406,NV401294,2026-05,Moderate,Active,2014.19
900406,NV401294,2026-06,Moderate,Active,2014.19
900406,NV401294,2026-07,Moderate,Paused,0.0
900407,NV401299,2026-01,Moderate,Active,2222.66
900407,NV401299,2026-02,Moderate,Active,2222.66
900407,NV401299,2026-03,Moderate,Active,2222.66
900407,NV401299,2026-04,Moderate,Active,2222.66
900407,NV401299,2026-05,Moderate,Active,2222.66
900407,NV401299,2026-06,Moderate,Active,2222.66
900407,NV401299,2026-07,Moderate,Active,2222.66
900408,NV401300,2026-01,Moderate,Active,2891.54
900408,NV401300,2026-02,Moderate,Active,2891.54
900408,NV401300,2026-03,Moderate,Active,2891.54
900408,NV401300,2026-04,Moderate,Active,2891.54
900408,NV401300,2026-05,Moderate,Active,2891.54
900408,NV401300,2026-06,Moderate,Active,2891.54
900408,NV401300,2026-07,Moderate,Active,2891.54
900409,NV401301,2026-01,Aggressive,Active,3229.78
900409,NV401301,2026-02,Aggressive,Active,3229.78
900409,NV401301,2026-03,Aggressive,Active,3229.78
900409,NV401301,2026-04,Aggressive,Paused,0.0
900409,NV401301,2026-05,Aggressive,Paused,0.0
900409,NV401301,2026-06,Aggressive,Active,3229.78
900409,NV401301,2026-07,Aggressive,Active,3229.78
900410,NV401305,2026-01,Moderate,Active,4169.68
900410,NV401305,2026-02,Moderate,Active,4169.68
900410,NV401305,2026-03,Moderate,Active,4169.68
900410,NV401305,2026-04,Moderate,Active,4169.68
900410,NV401305,2026-05,Moderate,Active,4169.68
900410,NV401305,2026-06,Moderate,Active,4169.68
900410,NV401305,2026-07,Moderate,Active,4169.68
900411,NV401308,2026-01,Aggressive,Active,3518.46
900411,NV401308,2026-02,Aggressive,Paused,0.0
900411,NV401308,2026-03,Aggressive,Active,3518.46
900411,NV401308,2026-04,Aggressive,Active,3518.46
900411,NV401308,2026-05,Aggressive,Active,3518.46
900411,NV401308,2026-06,Aggressive,Active,3518.46
900411,NV401308,2026-07,Aggressive,Active,3518.46
900412,NV401309,2026-01,Moderate,Active,2485.89
900412,NV401309,2026-02,Moderate,Active,2485.89
900412,NV401309,2026-03,Moderate,Active,2485.89
900412,NV401309,2026-04,Moderate,Active,2485.89
900412,NV401309,2026-05,Moderate,Active,2485.89
900412,NV401309,2026-06,Moderate,Active,2485.89
900412,NV401309,2026-07,Moderate,Active,2485.89
900413,NV401310,2026-01,Aggressive,Active,5945.18
900413,NV401310,2026-02,Aggressive,Active,5945.18
900413,NV401310,2026-03,Aggressive,Active,5945.18
900413,NV401310,2026-04,Aggressive,Active,5945.18
900413,NV401310,2026-05,Aggressive,Active,5945.18
900413,NV401310,2026-06,Aggressive,Active,5945.18
900413,NV401310,2026-07,Aggressive,Active,5945.18
900414,NV401316,2026-01,Moderate,Active,1154.57
900414,NV401316,2026-02,Moderate,Active,1154.57
900414,NV401316,2026-03,Moderate,Active,1154.57
900414,NV401316,2026-04,Moderate,Active,1154.57
900414,NV401316,2026-05,Moderate,Active,1154.57
900414,NV401316,2026-06,Moderate,Active,1154.57
900414,NV401316,2026-07,Moderate,Active,1154.57
900415,NV401321,2026-01,Moderate,Active,2452.25
900415,NV401321,2026-02,Moderate,Active,2452.25
900415,NV401321,2026-03,Moderate,Active,2452.25
900415,NV401321,2026-04,Moderate,Active,2452.25
900415,NV401321,2026-05,Moderate,Active,2452.25
900415,NV401321,2026-06,Moderate,Active,2452.25
900415,NV401321,2026-07,Moderate,Active,2452.25
900416,NV401323,2026-01,Conservative,Active,1880.08
900416,NV401323,2026-02,Conservative,Active,1880.08
900416,NV401323,2026-03,Conservative,Active,1880.08
900416,NV401323,2026-04,Conservative,Active,1880.08
900416,NV401323,2026-05,Conservative,Active,1880.08
900416,NV401323,2026-06,Conservative,Paused,0.0
900416,NV401323,2026-07,Conservative,Active,1880.08
900417,NV401327,2026-01,Moderate,Active,1482.21
900417,NV401327,2026-02,Moderate,Active,1482.21
900417,NV401327,2026-03,Moderate,Active,1482.21
900417,NV401327,2026-04,Moderate,Active,1482.21
900417,NV401327,2026-05,Moderate,Active,1482.21
900417,NV401327,2026-06,Moderate,Active,1482.21
900417,NV401327,2026-07,Moderate,Active,1482.21
900418,NV401327,2026-03,Moderate,Active,1096.51
900418,NV401327,2026-04,Moderate,Active,1096.51
900418,NV401327,2026-05,Moderate,Active,1096.51
900418,NV401327,2026-06,Moderate,Active,1096.51
900418,NV401327,2026-07,Moderate,Active,1096.51
900419,NV401328,2026-01,Conservative,Active,4216.94
900419,NV401328,2026-02,Conservative,Active,4216.94
900419,NV401328,2026-03,Conservative,Active,4216.94
900419,NV401328,2026-04,Conservative,Active,4216.94
900419,NV401328,2026-05,Conservative,Active,4216.94
900419,NV401328,2026-06,Conservative,Active,4216.94
900419,NV401328,2026-07,Conservative,Active,4216.94
900420,NV401329,2026-01,Moderate,Active,3066.7
900420,NV401329,2026-02,Moderate,Active,3066.7
900420,NV401329,2026-03,Moderate,Active,3066.7
900420,NV401329,2026-04,Moderate,Active,3066.7
900420,NV401329,2026-05,Moderate,Paused,0.0
900420,NV401329,2026-06,Moderate,Paused,0.0
900420,NV401329,2026-07,Moderate,Cancelled,0.0
900421,NV401330,2026-01,Moderate,Active,3931.3
900421,NV401330,2026-02,Moderate,Active,3931.3
900421,NV401330,2026-03,Moderate,Active,3931.3
900421,NV401330,2026-04,Moderate,Active,3931.3
900421,NV401330,2026-05,Moderate,Active,3931.3
900421,NV401330,2026-06,Moderate,Active,3931.3
900421,NV401330,2026-07,Moderate,Active,3931.3
900422,NV401331,2026-01,Moderate,Active,3776.46
900422,NV401331,2026-02,Moderate,Active,3776.46
900422,NV401331,2026-03,Moderate,Active,3776.46
900422,NV401331,2026-04,Moderate,Active,3776.46
900422,NV401331,2026-05,Moderate,Active,3776.46
900422,NV401331,2026-06,Moderate,Cancelled,0.0
900423,NV401332,2026-02,Moderate,Active,2272.14
900423,NV401332,2026-03,Moderate,Active,2272.14
900423,NV401332,2026-04,Moderate,Active,2272.14
900423,NV401332,2026-05,Moderate,Active,2272.14
900423,NV401332,2026-06,Moderate,Active,2272.14
900423,NV401332,2026-07,Moderate,Active,2272.14
900424,NV401336,2026-01,Moderate,Active,3435.57
900424,NV401336,2026-02,Moderate,Active,3435.57
900424,NV401336,2026-03,Moderate,Active,3435.57
900424,NV401336,2026-04,Moderate,Active,3435.57
900424,NV401336,2026-05,Moderate,Active,3435.57
900424,NV401336,2026-06,Moderate,Active,3435.57
900424,NV401336,2026-07,Moderate,Active,3435.57
900425,NV401337,2026-05,Conservative,Active,2261.16
900425,NV401337,2026-06,Conservative,Active,2261.16
900425,NV401337,2026-07,Conservative,Active,2261.16
900426,NV401345,2026-01,Conservative,Active,5001.77
900426,NV401345,2026-02,Conservative,Active,5001.77
900426,NV401345,2026-03,Conservative,Active,5001.77
900426,NV401345,2026-04,Conservative,Active,5001.77
900426,NV401345,2026-05,Conservative,Active,5001.77
900426,NV401345,2026-06,Conservative,Active,5001.77
900426,NV401345,2026-07,Conservative,Active,5001.77
900427,NV401350,2026-01,Moderate,Active,1950.22
900427,NV401350,2026-02,Moderate,Active,1950.22
900427,NV401350,2026-03,Moderate,Active,1950.22
900427,NV401350,2026-04,Moderate,Cancelled,0.0
900428,NV401357,2026-01,Aggressive,Active,4245.81
900428,NV401357,2026-02,Aggressive,Active,4245.81
900428,NV401357,2026-03,Aggressive,Active,4245.81
900428,NV401357,2026-04,Aggressive,Active,4245.81
900428,NV401357,2026-05,Aggressive,Active,4245.81
900428,NV401357,2026-06,Aggressive,Active,4245.81
900428,NV401357,2026-07,Aggressive,Active,4245.81
900429,NV401360,2026-01,Moderate,Active,2985.02
900429,NV401360,2026-02,Moderate,Active,2985.02
900429,NV401360,2026-03,Moderate,Active,2985.02
900429,NV401360,2026-04,Moderate,Cancelled,0.0
900430,NV401364,2026-01,Conservative,Active,3013.72
900430,NV401364,2026-02,Conservative,Active,3013.72
900430,NV401364,2026-03,Conservative,Active,3013.72
900430,NV401364,2026-04,Conservative,Active,3013.72
900430,NV401364,2026-05,Conservative,Active,3013.72
900430,NV401364,2026-06,Conservative,Active,3013.72
900430,NV401364,2026-07,Conservative,Active,3013.72
900431,NV401367,2026-01,Moderate,Active,786.18
900431,NV401367,2026-02,Moderate,Active,786.18
900431,NV401367,2026-03,Moderate,Active,786.18
900431,NV401367,2026-04,Moderate,Active,786.18
900431,NV401367,2026-05,Moderate,Active,786.18
900431,NV401367,2026-06,Moderate,Active,786.18
900431,NV401367,2026-07,Moderate,Active,786.18
900432,NV401370,2026-03,Aggressive,Active,1742.99
900432,NV401370,2026-04,Aggressive,Active,1742.99
900432,NV401370,2026-05,Aggressive,Active,1742.99
900432,NV401370,2026-06,Aggressive,Active,1742.99
900432,NV401370,2026-07,Aggressive,Active,1742.99
900433,NV401377,2026-01,Conservative,Active,1542.61
900433,NV401377,2026-02,Conservative,Active,1542.61
900433,NV401377,2026-03,Conservative,Active,1542.61
900433,NV401377,2026-04,Conservative,Paused,0.0
900433,NV401377,2026-05,Conservative,Paused,0.0
900433,NV401377,2026-06,Conservative,Active,1542.61
900433,NV401377,2026-07,Conservative,Active,1542.61
900434,NV401382,2026-01,Moderate,Active,2859.23
900434,NV401382,2026-02,Moderate,Active,2859.23
900434,NV401382,2026-03,Moderate,Cancelled,0.0
900435,NV401383,2026-01,Conservative,Active,2201.94
900435,NV401383,2026-02,Conservative,Active,2201.94
900435,NV401383,2026-03,Conservative,Active,2201.94
900435,NV401383,2026-04,Conservative,Active,2201.94
900435,NV401383,2026-05,Conservative,Active,2201.94
900435,NV401383,2026-06,Conservative,Active,2201.94
900435,NV401383,2026-07,Conservative,Active,2201.94
900436,NV401385,2026-01,Moderate,Active,6469.43
900436,NV401385,2026-02,Moderate,Paused,0.0
900436,NV401385,2026-03,Moderate,Active,6469.43
900436,NV401385,2026-04,Moderate,Active,6469.43
900436,NV401385,2026-05,Moderate,Cancelled,0.0
900437,NV401388,2026-01,Conservative,Active,1482.04
900437,NV401388,2026-02,Conservative,Active,1482.04
900437,NV401388,2026-03,Conservative,Active,1482.04
900437,NV401388,2026-04,Conservative,Active,1482.04
900437,NV401388,2026-05,Conservative,Active,1482.04
900437,NV401388,2026-06,Conservative,Active,1482.04
900437,NV401388,2026-07,Conservative,Active,1482.04
900438,NV401392,2026-01,Moderate,Active,4576.94
900438,NV401392,2026-02,Moderate,Active,4576.94
900438,NV401392,2026-03,Moderate,Active,4576.94
900438,NV401392,2026-04,Moderate,Paused,0.0
900438,NV401392,2026-05,Moderate,Active,4576.94
900438,NV401392,2026-06,Moderate,Active,4576.94
900438,NV401392,2026-07,Moderate,Active,4576.94
900439,NV401394,2026-01,Moderate,Active,7437.79
900439,NV401394,2026-02,Moderate,Cancelled,0.0
900440,NV401398,2026-01,Aggressive,Active,5592.45
900440,NV401398,2026-02,Aggressive,Active,5592.45
900440,NV401398,2026-03,Aggressive,Active,5592.45
900440,NV401398,2026-04,Aggressive,Active,5592.45
900440,NV401398,2026-05,Aggressive,Active,5592.45
900440,NV401398,2026-06,Aggressive,Active,5592.45
900440,NV401398,2026-07,Aggressive,Active,5592.45
900441,NV401406,2026-01,Conservative,Active,1789.04
900441,NV401406,2026-02,Conservative,Active,1789.04
900441,NV401406,2026-03,Conservative,Active,1789.04
900441,NV401406,2026-04,Conservative,Active,1789.04
900441,NV401406,2026-05,Conservative,Active,1789.04
900441,NV401406,2026-06,Conservative,Active,1789.04
900441,NV401406,2026-07,Conservative,Active,1789.04
900442,NV401414,2026-01,Moderate,Active,8146.68
900442,NV401414,2026-02,Moderate,Active,8146.68
900442,NV401414,2026-03,Moderate,Active,8146.68
900442,NV401414,2026-04,Moderate,Active,8146.68
900442,NV401414,2026-05,Moderate,Active,8146.68
900442,NV401414,2026-06,Moderate,Paused,0.0
900442,NV401414,2026-07,Moderate,Active,8146.68
900443,NV401414,2026-05,Moderate,Active,1268.15
900443,NV401414,2026-06,Moderate,Active,1268.15
900443,NV401414,2026-07,Moderate,Active,1268.15
900444,NV401415,2026-01,Moderate,Active,6718.64
900444,NV401415,2026-02,Moderate,Active,6718.64
900444,NV401415,2026-03,Moderate,Active,6718.64
900444,NV401415,2026-04,Moderate,Active,6718.64
900444,NV401415,2026-05,Moderate,Active,6718.64
900444,NV401415,2026-06,Moderate,Active,6718.64
900444,NV401415,2026-07,Moderate,Active,6718.64
900445,NV401415,2026-04,Moderate,Active,3452.33
900445,NV401415,2026-05,Moderate,Active,3452.33
900445,NV401415,2026-06,Moderate,Paused,0.0
900445,NV401415,2026-07,Moderate,Active,3452.33
900446,NV401416,2026-04,Conservative,Active,5778.2
900446,NV401416,2026-05,Conservative,Active,5778.2
900446,NV401416,2026-06,Conservative,Active,5778.2
900446,NV401416,2026-07,Conservative,Active,5778.2
900447,NV401418,2026-01,Conservative,Active,2855.47
900447,NV401418,2026-02,Conservative,Active,2855.47
900447,NV401418,2026-03,Conservative,Active,2855.47
900447,NV401418,2026-04,Conservative,Active,2855.47
900447,NV401418,2026-05,Conservative,Active,2855.47
900447,NV401418,2026-06,Conservative,Active,2855.47
900447,NV401418,2026-07,Conservative,Active,2855.47
900448,NV401421,2026-01,Conservative,Active,6363.44
900448,NV401421,2026-02,Conservative,Active,6363.44
900448,NV401421,2026-03,Conservative,Active,6363.44
900448,NV401421,2026-04,Conservative,Active,6363.44
900448,NV401421,2026-05,Conservative,Active,6363.44
900448,NV401421,2026-06,Conservative,Active,6363.44
900448,NV401421,2026-07,Conservative,Active,6363.44
900449,NV401428,2026-01,Moderate,Active,3267.23
900449,NV401428,2026-02,Moderate,Active,3267.23
900449,NV401428,2026-03,Moderate,Active,3267.23
900449,NV401428,2026-04,Moderate,Active,3267.23
900449,NV401428,2026-05,Moderate,Active,3267.23
900449,NV401428,2026-06,Moderate,Active,3267.23
900449,NV401428,2026-07,Moderate,Active,3267.23
900450,NV401429,2026-01,Conservative,Active,1705.09
900450,NV401429,2026-02,Conservative,Active,1705.09
900450,NV401429,2026-03,Conservative,Active,1705.09
900450,NV401429,2026-04,Conservative,Active,1705.09
900450,NV401429,2026-05,Conservative,Active,1705.09
900450,NV401429,2026-06,Conservative,Active,1705.09
900450,NV401429,2026-07,Conservative,Active,1705.09
900451,NV401432,2026-01,Aggressive,Active,4462.22
900451,NV401432,2026-02,Aggressive,Active,4462.22
900451,NV401432,2026-03,Aggressive,Active,4462.22
900451,NV401432,2026-04,Aggressive,Active,4462.22
900451,NV401432,2026-05,Aggressive,Paused,0.0
900451,NV401432,2026-06,Aggressive,Paused,0.0
900451,NV401432,2026-07,Aggressive,Active,4462.22
900452,NV401438,2026-01,Conservative,Active,2943.92
900452,NV401438,2026-02,Conservative,Active,2943.92
900452,NV401438,2026-03,Conservative,Active,2943.92
900452,NV401438,2026-04,Conservative,Active,2943.92
900452,NV401438,2026-05,Conservative,Active,2943.92
900452,NV401438,2026-06,Conservative,Active,2943.92
900452,NV401438,2026-07,Conservative,Active,2943.92
900453,NV401442,2026-01,Aggressive,Active,4511.08
900453,NV401442,2026-02,Aggressive,Active,4511.08
900453,NV401442,2026-03,Aggressive,Active,4511.08
900453,NV401442,2026-04,Aggressive,Active,4511.08
900453,NV401442,2026-05,Aggressive,Active,4511.08
900453,NV401442,2026-06,Aggressive,Active,4511.08
900453,NV401442,2026-07,Aggressive,Paused,0.0
900454,NV401443,2026-01,Moderate,Active,1935.8
900454,NV401443,2026-02,Moderate,Active,1935.8
900454,NV401443,2026-03,Moderate,Active,1935.8
900454,NV401443,2026-04,Moderate,Active,1935.8
900454,NV401443,2026-05,Moderate,Active,1935.8
900454,NV401443,2026-06,Moderate,Active,1935.8
900454,NV401443,2026-07,Moderate,Active,1935.8
900455,NV401446,2026-01,Aggressive,Active,2469.86
900455,NV401446,2026-02,Aggressive,Active,2469.86
900455,NV401446,2026-03,Aggressive,Active,2469.86
900455,NV401446,2026-04,Aggressive,Active,2469.86
900455,NV401446,2026-05,Aggressive,Cancelled,0.0
900456,NV401447,2026-01,Conservative,Active,3644.35
900456,NV401447,2026-02,Conservative,Active,3644.35
900456,NV401447,2026-03,Conservative,Active,3644.35
900456,NV401447,2026-04,Conservative,Active,3644.35
900456,NV401447,2026-05,Conservative,Active,3644.35
900456,NV401447,2026-06,Conservative,Active,3644.35
900456,NV401447,2026-07,Conservative,Active,3644.35
900457,NV401451,2026-01,Moderate,Active,2557.75
900457,NV401451,2026-02,Moderate,Active,2557.75
900457,NV401451,2026-03,Moderate,Active,2557.75
900457,NV401451,2026-04,Moderate,Active,2557.75
900457,NV401451,2026-05,Moderate,Active,2557.75
900457,NV401451,2026-06,Moderate,Active,2557.75
900457,NV401451,2026-07,Moderate,Active,2557.75
900458,NV401457,2026-01,Conservative,Active,1428.06
900458,NV401457,2026-02,Conservative,Active,1428.06
900458,NV401457,2026-03,Conservative,Active,1428.06
900458,NV401457,2026-04,Conservative,Active,1428.06
900458,NV401457,2026-05,Conservative,Active,1428.06
900458,NV401457,2026-06,Conservative,Active,1428.06
900458,NV401457,2026-07,Conservative,Active,1428.06
900459,NV401459,2026-01,Conservative,Active,3347.94
900459,NV401459,2026-02,Conservative,Active,3347.94
900459,NV401459,2026-03,Conservative,Active,3347.94
900459,NV401459,2026-04,Conservative,Active,3347.94
900459,NV401459,2026-05,Conservative,Cancelled,0.0
900460,NV401465,2026-01,Moderate,Active,5489.99
900460,NV401465,2026-02,Moderate,Active,5489.99
900460,NV401465,2026-03,Moderate,Active,5489.99
900460,NV401465,2026-04,Moderate,Active,5489.99
900460,NV401465,2026-05,Moderate,Active,5489.99
900460,NV401465,2026-06,Moderate,Active,5489.99
900460,NV401465,2026-07,Moderate,Active,5489.99
900461,NV401468,2026-04,Moderate,Paused,0.0
900461,NV401468,2026-05,Moderate,Paused,0.0
900461,NV401468,2026-06,Moderate,Paused,0.0
900461,NV401468,2026-07,Moderate,Cancelled,0.0
900462,NV401471,2026-06,Conservative,Active,3643.83
900462,NV401471,2026-07,Conservative,Active,3643.83
900463,NV401472,2026-01,Aggressive,Active,4148.3
900463,NV401472,2026-02,Aggressive,Active,4148.3
900463,NV401472,2026-03,Aggressive,Active,4148.3
900463,NV401472,2026-04,Aggressive,Active,4148.3
900463,NV401472,2026-05,Aggressive,Active,4148.3
900463,NV401472,2026-06,Aggressive,Active,4148.3
900463,NV401472,2026-07,Aggressive,Active,4148.3
900464,NV401473,2026-01,Moderate,Active,2049.92
900464,NV401473,2026-02,Moderate,Active,2049.92
900464,NV401473,2026-03,Moderate,Active,2049.92
900464,NV401473,2026-04,Moderate,Active,2049.92
900464,NV401473,2026-05,Moderate,Active,2049.92
900464,NV401473,2026-06,Moderate,Active,2049.92
900464,NV401473,2026-07,Moderate,Active,2049.92
900465,NV401473,2026-05,Moderate,Active,3691.53
900465,NV401473,2026-06,Moderate,Active,3691.53
900465,NV401473,2026-07,Moderate,Active,3691.53
900466,NV401474,2026-01,Moderate,Active,6638.72
900466,NV401474,2026-02,Moderate,Active,6638.72
900466,NV401474,2026-03,Moderate,Active,6638.72
900466,NV401474,2026-04,Moderate,Active,6638.72
900466,NV401474,2026-05,Moderate,Active,6638.72
900466,NV401474,2026-06,Moderate,Active,6638.72
900466,NV401474,2026-07,Moderate,Active,6638.72
900467,NV401477,2026-01,Conservative,Active,2604.69
900467,NV401477,2026-02,Conservative,Active,2604.69
900467,NV401477,2026-03,Conservative,Active,2604.69
900467,NV401477,2026-04,Conservative,Active,2604.69
900467,NV401477,2026-05,Conservative,Active,2604.69
900467,NV401477,2026-06,Conservative,Active,2604.69
900467,NV401477,2026-07,Conservative,Active,2604.69
900468,NV401479,2026-01,Moderate,Active,3534.87
900468,NV401479,2026-02,Moderate,Active,3534.87
900468,NV401479,2026-03,Moderate,Active,3534.87
900468,NV401479,2026-04,Moderate,Active,3534.87
900468,NV401479,2026-05,Moderate,Active,3534.87
900468,NV401479,2026-06,Moderate,Active,3534.87
900468,NV401479,2026-07,Moderate,Active,3534.87
900469,NV401482,2026-01,Conservative,Active,2695.47
900469,NV401482,2026-02,Conservative,Active,2695.47
900469,NV401482,2026-03,Conservative,Active,2695.47
900469,NV401482,2026-04,Conservative,Active,2695.47
900469,NV401482,2026-05,Conservative,Active,2695.47
900469,NV401482,2026-06,Conservative,Active,2695.47
900469,NV401482,2026-07,Conservative,Active,2695.47
900470,NV401484,2026-01,Aggressive,Active,6042.33
900470,NV401484,2026-02,Aggressive,Active,6042.33
900470,NV401484,2026-03,Aggressive,Active,6042.33
900470,NV401484,2026-04,Aggressive,Active,6042.33
900470,NV401484,2026-05,Aggressive,Active,6042.33
900470,NV401484,2026-06,Aggressive,Active,6042.33
900470,NV401484,2026-07,Aggressive,Active,6042.33
900471,NV401484,2026-05,Aggressive,Active,3826.67
900471,NV401484,2026-06,Aggressive,Active,3826.67
900471,NV401484,2026-07,Aggressive,Active,3826.67
900472,NV401489,2026-01,Conservative,Active,1634.96
900472,NV401489,2026-02,Conservative,Active,1634.96
900472,NV401489,2026-03,Conservative,Paused,0.0
900472,NV401489,2026-04,Conservative,Active,1634.96
900472,NV401489,2026-05,Conservative,Active,1634.96
900472,NV401489,2026-06,Conservative,Active,1634.96
900472,NV401489,2026-07,Conservative,Active,1634.96
900473,NV401491,2026-01,Aggressive,Active,3199.22
900473,NV401491,2026-02,Aggressive,Active,3199.22
900473,NV401491,2026-03,Aggressive,Active,3199.22
900473,NV401491,2026-04,Aggressive,Active,3199.22
900473,NV401491,2026-05,Aggressive,Cancelled,0.0
900474,NV401494,2026-02,Moderate,Active,3326.84
900474,NV401494,2026-03,Moderate,Active,3326.84
900474,NV401494,2026-04,Moderate,Active,3326.84
900474,NV401494,2026-05,Moderate,Active,3326.84
900474,NV401494,2026-06,Moderate,Active,3326.84
900474,NV401494,2026-07,Moderate,Active,3326.84
900475,NV401495,2026-01,Moderate,Active,9053.07
900475,NV401495,2026-02,Moderate,Active,9053.07
900475,NV401495,2026-03,Moderate,Active,9053.07
900475,NV401495,2026-04,Moderate,Active,9053.07
900475,NV401495,2026-05,Moderate,Active,9053.07
900475,NV401495,2026-06,Moderate,Active,9053.07
900475,NV401495,2026-07,Moderate,Active,9053.07
900476,NV401501,2026-01,Moderate,Active,2447.8
900476,NV401501,2026-02,Moderate,Active,2447.8
900476,NV401501,2026-03,Moderate,Active,2447.8
900476,NV401501,2026-04,Moderate,Active,2447.8
900476,NV401501,2026-05,Moderate,Active,2447.8
900476,NV401501,2026-06,Moderate,Active,2447.8
900476,NV401501,2026-07,Moderate,Active,2447.8
900477,NV401501,2026-05,Moderate,Paused,0.0
900477,NV401501,2026-06,Moderate,Paused,0.0
900477,NV401501,2026-07,Moderate,Active,5708.54
900478,NV401504,2026-01,Moderate,Active,1208.7
900478,NV401504,2026-02,Moderate,Active,1208.7
900478,NV401504,2026-03,Moderate,Active,1208.7
900478,NV401504,2026-04,Moderate,Cancelled,0.0
900479,NV401507,2026-01,Aggressive,Active,1646.71
900479,NV401507,2026-02,Aggressive,Active,1646.71
900479,NV401507,2026-03,Aggressive,Active,1646.71
900479,NV401507,2026-04,Aggressive,Active,1646.71
900479,NV401507,2026-05,Aggressive,Active,1646.71
900479,NV401507,2026-06,Aggressive,Active,1646.71
900479,NV401507,2026-07,Aggressive,Active,1646.71
900480,NV401515,2026-01,Moderate,Active,8054.43
900480,NV401515,2026-02,Moderate,Active,8054.43
900480,NV401515,2026-03,Moderate,Active,8054.43
900480,NV401515,2026-04,Moderate,Active,8054.43
900480,NV401515,2026-05,Moderate,Active,8054.43
900480,NV401515,2026-06,Moderate,Active,8054.43
900480,NV401515,2026-07,Moderate,Paused,0.0
900481,NV401518,2026-01,Conservative,Active,3715.16
900481,NV401518,2026-02,Conservative,Active,3715.16
900481,NV401518,2026-03,Conservative,Active,3715.16
900481,NV401518,2026-04,Conservative,Active,3715.16
900481,NV401518,2026-05,Conservative,Paused,0.0
900481,NV401518,2026-06,Conservative,Paused,0.0
900481,NV401518,2026-07,Conservative,Active,3715.16
900482,NV401521,2026-01,Conservative,Active,2710.12
900482,NV401521,2026-02,Conservative,Active,2710.12
900482,NV401521,2026-03,Conservative,Active,2710.12
900482,NV401521,2026-04,Conservative,Active,2710.12
900482,NV401521,2026-05,Conservative,Paused,0.0
900482,NV401521,2026-06,Conservative,Active,2710.12
900482,NV401521,2026-07,Conservative,Active,2710.12
900483,NV401522,2026-01,Conservative,Active,1128.15
900483,NV401522,2026-02,Conservative,Active,1128.15
900483,NV401522,2026-03,Conservative,Active,1128.15
900483,NV401522,2026-04,Conservative,Active,1128.15
900483,NV401522,2026-05,Conservative,Cancelled,0.0
900484,NV401524,2026-01,Moderate,Active,2258.81
900484,NV401524,2026-02,Moderate,Active,2258.81
900484,NV401524,2026-03,Moderate,Active,2258.81
900484,NV401524,2026-04,Moderate,Active,2258.81
900484,NV401524,2026-05,Moderate,Active,2258.81
900484,NV401524,2026-06,Moderate,Active,2258.81
900484,NV401524,2026-07,Moderate,Active,2258.81
900485,NV401535,2026-01,Conservative,Paused,0.0
900485,NV401535,2026-02,Conservative,Active,2107.23
900485,NV401535,2026-03,Conservative,Active,2107.23
900485,NV401535,2026-04,Conservative,Cancelled,0.0
900486,NV401543,2026-01,Moderate,Active,1860.46
900486,NV401543,2026-02,Moderate,Active,1860.46
900486,NV401543,2026-03,Moderate,Active,1860.46
900486,NV401543,2026-04,Moderate,Active,1860.46
900486,NV401543,2026-05,Moderate,Active,1860.46
900486,NV401543,2026-06,Moderate,Active,1860.46
900486,NV401543,2026-07,Moderate,Active,1860.46
900487,NV401543,2026-04,Moderate,Active,7025.85
900487,NV401543,2026-05,Moderate,Active,7025.85
900487,NV401543,2026-06,Moderate,Active,7025.85
900487,NV401543,2026-07,Moderate,Active,7025.85
900488,NV401551,2026-02,Aggressive,Active,2251.7
900488,NV401551,2026-03,Aggressive,Active,2251.7
900488,NV401551,2026-04,Aggressive,Active,2251.7
900488,NV401551,2026-05,Aggressive,Active,2251.7
900488,NV401551,2026-06,Aggressive,Active,2251.7
900488,NV401551,2026-07,Aggressive,Active,2251.7
900489,NV401552,2026-01,Aggressive,Cancelled,0.0
900490,NV401552,2026-04,Aggressive,Active,3823.22
900490,NV401552,2026-05,Aggressive,Active,3823.22
900490,NV401552,2026-06,Aggressive,Active,3823.22
900490,NV401552,2026-07,Aggressive,Active,3823.22
900491,NV401555,2026-02,Aggressive,Active,8673.01
900491,NV401555,2026-03,Aggressive,Active,8673.01
900491,NV401555,2026-04,Aggressive,Active,8673.01
900491,NV401555,2026-05,Aggressive,Active,8673.01
900491,NV401555,2026-06,Aggressive,Active,8673.01
900491,NV401555,2026-07,Aggressive,Active,8673.01
900492,NV401558,2026-01,Conservative,Active,1642.63
900492,NV401558,2026-02,Conservative,Active,1642.63
900492,NV401558,2026-03,Conservative,Active,1642.63
900492,NV401558,2026-04,Conservative,Active,1642.63
900492,NV401558,2026-05,Conservative,Active,1642.63
900492,NV401558,2026-06,Conservative,Active,1642.63
900492,NV401558,2026-07,Conservative,Active,1642.63
900493,NV401558,2026-05,Conservative,Active,1263.27
900493,NV401558,2026-06,Conservative,Active,1263.27
900493,NV401558,2026-07,Conservative,Active,1263.27
900494,NV401563,2026-01,Moderate,Active,1772.62
900494,NV401563,2026-02,Moderate,Active,1772.62
900494,NV401563,2026-03,Moderate,Active,1772.62
900494,NV401563,2026-04,Moderate,Active,1772.62
900494,NV401563,2026-05,Moderate,Active,1772.62
900494,NV401563,2026-06,Moderate,Active,1772.62
900494,NV401563,2026-07,Moderate,Active,1772.62
900495,NV401563,2026-03,Moderate,Active,15982.08
900495,NV401563,2026-04,Moderate,Active,15982.08
900495,NV401563,2026-05,Moderate,Active,15982.08
900495,NV401563,2026-06,Moderate,Active,15982.08
900495,NV401563,2026-07,Moderate,Active,15982.08
900496,NV401567,2026-01,Moderate,Active,1210.52
900496,NV401567,2026-02,Moderate,Active,1210.52
900496,NV401567,2026-03,Moderate,Active,1210.52
900496,NV401567,2026-04,Moderate,Active,1210.52
900496,NV401567,2026-05,Moderate,Active,1210.52
900496,NV401567,2026-06,Moderate,Active,1210.52
900496,NV401567,2026-07,Moderate,Active,1210.52
900497,NV401570,2026-01,Aggressive,Active,1194.45
900497,NV401570,2026-02,Aggressive,Active,1194.45
900497,NV401570,2026-03,Aggressive,Active,1194.45
900497,NV401570,2026-04,Aggressive,Active,1194.45
900497,NV401570,2026-05,Aggressive,Active,1194.45
900497,NV401570,2026-06,Aggressive,Active,1194.45
900497,NV401570,2026-07,Aggressive,Active,1194.45
900498,NV401570,2026-02,Aggressive,Active,1148.45
900498,NV401570,2026-03,Aggressive,Active,1148.45
900498,NV401570,2026-04,Aggressive,Active,1148.45
900498,NV401570,2026-05,Aggressive,Active,1148.45
900498,NV401570,2026-06,Aggressive,Active,1148.45
900498,NV401570,2026-07,Aggressive,Active,1148.45
900499,NV401573,2026-01,Aggressive,Active,4064.74
900499,NV401573,2026-02,Aggressive,Active,4064.74
900499,NV401573,2026-03,Aggressive,Active,4064.74
900499,NV401573,2026-04,Aggressive,Active,4064.74
900499,NV401573,2026-05,Aggressive,Active,4064.74
900499,NV401573,2026-06,Aggressive,Active,4064.74
900499,NV401573,2026-07,Aggressive,Active,4064.74
900500,NV401573,2026-02,Aggressive,Active,3013.1
900500,NV401573,2026-03,Aggressive,Active,3013.1
900500,NV401573,2026-04,Aggressive,Active,3013.1
900500,NV401573,2026-05,Aggressive,Active,3013.1
900500,NV401573,2026-06,Aggressive,Active,3013.1
900500,NV401573,2026-07,Aggressive,Active,3013.1
900501,NV401581,2026-04,Aggressive,Active,1435.04
900501,NV401581,2026-05,Aggressive,Paused,0.0
900501,NV401581,2026-06,Aggressive,Cancelled,0.0
900502,NV401582,2026-01,Aggressive,Active,3756.32
900502,NV401582,2026-02,Aggressive,Active,3756.32
900502,NV401582,2026-03,Aggressive,Active,3756.32
900502,NV401582,2026-04,Aggressive,Active,3756.32
900502,NV401582,2026-05,Aggressive,Active,3756.32
900502,NV401582,2026-06,Aggressive,Active,3756.32
900502,NV401582,2026-07,Aggressive,Active,3756.32
900503,NV401583,2026-01,Moderate,Active,1302.54
900503,NV401583,2026-02,Moderate,Active,1302.54
900503,NV401583,2026-03,Moderate,Active,1302.54
900503,NV401583,2026-04,Moderate,Active,1302.54
900503,NV401583,2026-05,Moderate,Active,1302.54
900503,NV401583,2026-06,Moderate,Active,1302.54
900503,NV401583,2026-07,Moderate,Active,1302.54
900504,NV401584,2026-06,Moderate,Active,1835.44
900504,NV401584,2026-07,Moderate,Active,1835.44
900505,NV401586,2026-01,Aggressive,Active,2944.7
900505,NV401586,2026-02,Aggressive,Cancelled,0.0
900506,NV401586,2026-06,Aggressive,Paused,0.0
900506,NV401586,2026-07,Aggressive,Active,4032.8
900507,NV401597,2026-02,Moderate,Active,4741.3
900507,NV401597,2026-03,Moderate,Active,4741.3
900507,NV401597,2026-04,Moderate,Active,4741.3
900507,NV401597,2026-05,Moderate,Active,4741.3
900507,NV401597,2026-06,Moderate,Active,4741.3
900507,NV401597,2026-07,Moderate,Active,4741.3
900508,NV401601,2026-01,Moderate,Active,5754.15
900508,NV401601,2026-02,Moderate,Active,5754.15
900508,NV401601,2026-03,Moderate,Active,5754.15
900508,NV401601,2026-04,Moderate,Active,5754.15
900508,NV401601,2026-05,Moderate,Active,5754.15
900508,NV401601,2026-06,Moderate,Active,5754.15
900508,NV401601,2026-07,Moderate,Active,5754.15
900509,NV401603,2026-02,Moderate,Active,8993.51
900509,NV401603,2026-03,Moderate,Active,8993.51
900509,NV401603,2026-04,Moderate,Active,8993.51
900509,NV401603,2026-05,Moderate,Active,8993.51
900509,NV401603,2026-06,Moderate,Active,8993.51
900509,NV401603,2026-07,Moderate,Active,8993.51
900510,NV401604,2026-01,Conservative,Active,3275.98
900510,NV401604,2026-02,Conservative,Active,3275.98
900510,NV401604,2026-03,Conservative,Active,3275.98
900510,NV401604,2026-04,Conservative,Active,3275.98
900510,NV401604,2026-05,Conservative,Active,3275.98
900510,NV401604,2026-06,Conservative,Active,3275.98
900510,NV401604,2026-07,Conservative,Active,3275.98
900511,NV401607,2026-01,Moderate,Active,2084.14
900511,NV401607,2026-02,Moderate,Active,2084.14
900511,NV401607,2026-03,Moderate,Active,2084.14
900511,NV401607,2026-04,Moderate,Active,2084.14
900511,NV401607,2026-05,Moderate,Active,2084.14
900511,NV401607,2026-06,Moderate,Active,2084.14
900511,NV401607,2026-07,Moderate,Active,2084.14
900512,NV401610,2026-01,Aggressive,Active,2018.58
900512,NV401610,2026-02,Aggressive,Active,2018.58
900512,NV401610,2026-03,Aggressive,Active,2018.58
900512,NV401610,2026-04,Aggressive,Active,2018.58
900512,NV401610,2026-05,Aggressive,Active,2018.58
900512,NV401610,2026-06,Aggressive,Active,2018.58
900512,NV401610,2026-07,Aggressive,Active,2018.58
900513,NV401619,2026-01,Moderate,Active,2705.59
900513,NV401619,2026-02,Moderate,Active,2705.59
900513,NV401619,2026-03,Moderate,Active,2705.59
900513,NV401619,2026-04,Moderate,Active,2705.59
900513,NV401619,2026-05,Moderate,Active,2705.59
900513,NV401619,2026-06,Moderate,Active,2705.59
900513,NV401619,2026-07,Moderate,Active,2705.59
900514,NV401622,2026-01,Moderate,Active,1811.73
900514,NV401622,2026-02,Moderate,Active,1811.73
900514,NV401622,2026-03,Moderate,Active,1811.73
900514,NV401622,2026-04,Moderate,Cancelled,0.0
900515,NV401622,2026-05,Moderate,Active,1806.43
900515,NV401622,2026-06,Moderate,Active,1806.43
900515,NV401622,2026-07,Moderate,Active,1806.43
900516,NV401623,2026-01,Moderate,Active,7063.11
900516,NV401623,2026-02,Moderate,Active,7063.11
900516,NV401623,2026-03,Moderate,Paused,0.0
900516,NV401623,2026-04,Moderate,Active,7063.11
900516,NV401623,2026-05,Moderate,Active,7063.11
900516,NV401623,2026-06,Moderate,Active,7063.11
900516,NV401623,2026-07,Moderate,Active,7063.11
900517,NV401625,2026-01,Moderate,Active,3800.43
900517,NV401625,2026-02,Moderate,Active,3800.43
900517,NV401625,2026-03,Moderate,Active,3800.43
900517,NV401625,2026-04,Moderate,Active,3800.43
900517,NV401625,2026-05,Moderate,Active,3800.43
900517,NV401625,2026-06,Moderate,Active,3800.43
900517,NV401625,2026-07,Moderate,Active,3800.43
900518,NV401631,2026-01,Moderate,Active,1217.85
900518,NV401631,2026-02,Moderate,Active,1217.85
900518,NV401631,2026-03,Moderate,Active,1217.85
900518,NV401631,2026-04,Moderate,Active,1217.85
900518,NV401631,2026-05,Moderate,Active,1217.85
900518,NV401631,2026-06,Moderate,Active,1217.85
900518,NV401631,2026-07,Moderate,Active,1217.85
900519,NV401635,2026-01,Moderate,Active,4541.77
900519,NV401635,2026-02,Moderate,Active,4541.77
900519,NV401635,2026-03,Moderate,Active,4541.77
900519,NV401635,2026-04,Moderate,Active,4541.77
900519,NV401635,2026-05,Moderate,Active,4541.77
900519,NV401635,2026-06,Moderate,Active,4541.77
900519,NV401635,2026-07,Moderate,Active,4541.77
900520,NV401636,2026-01,Conservative,Active,1600.8
900520,NV401636,2026-02,Conservative,Active,1600.8
900520,NV401636,2026-03,Conservative,Active,1600.8
900520,NV401636,2026-04,Conservative,Active,1600.8
900520,NV401636,2026-05,Conservative,Paused,0.0
900520,NV401636,2026-06,Conservative,Cancelled,0.0
900521,NV401636,2026-05,Conservative,Active,4360.7
900521,NV401636,2026-06,Conservative,Active,4360.7
900521,NV401636,2026-07,Conservative,Active,4360.7
900522,NV401639,2026-01,Conservative,Paused,0.0
900522,NV401639,2026-02,Conservative,Active,1154.7
900522,NV401639,2026-03,Conservative,Active,1154.7
900522,NV401639,2026-04,Conservative,Active,1154.7
900522,NV401639,2026-05,Conservative,Active,1154.7
900522,NV401639,2026-06,Conservative,Active,1154.7
900522,NV401639,2026-07,Conservative,Active,1154.7
900523,NV401652,2026-01,Aggressive,Active,3197.57
900523,NV401652,2026-02,Aggressive,Active,3197.57
900523,NV401652,2026-03,Aggressive,Active,3197.57
900523,NV401652,2026-04,Aggressive,Active,3197.57
900523,NV401652,2026-05,Aggressive,Active,3197.57
900523,NV401652,2026-06,Aggressive,Active,3197.57
900523,NV401652,2026-07,Aggressive,Active,3197.57
900524,NV401656,2026-01,Moderate,Active,4320.41
900524,NV401656,2026-02,Moderate,Active,4320.41
900524,NV401656,2026-03,Moderate,Active,4320.41
900524,NV401656,2026-04,Moderate,Active,4320.41
900524,NV401656,2026-05,Moderate,Active,4320.41
900524,NV401656,2026-06,Moderate,Active,4320.41
900524,NV401656,2026-07,Moderate,Active,4320.41
900525,NV401663,2026-01,Conservative,Active,3514.91
900525,NV401663,2026-02,Conservative,Active,3514.91
900525,NV401663,2026-03,Conservative,Active,3514.91
900525,NV401663,2026-04,Conservative,Active,3514.91
900525,NV401663,2026-05,Conservative,Paused,0.0
900525,NV401663,2026-06,Conservative,Paused,0.0
900525,NV401663,2026-07,Conservative,Active,3514.91
900526,NV401665,2026-01,Moderate,Active,4673.38
900526,NV401665,2026-02,Moderate,Active,4673.38
900526,NV401665,2026-03,Moderate,Active,4673.38
900526,NV401665,2026-04,Moderate,Cancelled,0.0
900527,NV401665,2026-03,Moderate,Active,3975.32
900527,NV401665,2026-04,Moderate,Active,3975.32
900527,NV401665,2026-05,Moderate,Active,3975.32
900527,NV401665,2026-06,Moderate,Active,3975.32
900527,NV401665,2026-07,Moderate,Active,3975.32
900528,NV401670,2026-01,Moderate,Active,1549.03
900528,NV401670,2026-02,Moderate,Active,1549.03
900528,NV401670,2026-03,Moderate,Active,1549.03
900528,NV401670,2026-04,Moderate,Active,1549.03
900528,NV401670,2026-05,Moderate,Paused,0.0
900528,NV401670,2026-06,Moderate,Paused,0.0
900528,NV401670,2026-07,Moderate,Active,1549.03
900529,NV401671,2026-02,Moderate,Active,1877.43
900529,NV401671,2026-03,Moderate,Active,1877.43
900529,NV401671,2026-04,Moderate,Active,1877.43
900529,NV401671,2026-05,Moderate,Active,1877.43
900529,NV401671,2026-06,Moderate,Active,1877.43
900529,NV401671,2026-07,Moderate,Active,1877.43
900530,NV401672,2026-01,Moderate,Paused,0.0
900530,NV401672,2026-02,Moderate,Active,5112.79
900530,NV401672,2026-03,Moderate,Cancelled,0.0
900531,NV401672,2026-06,Moderate,Active,1851.85
900531,NV401672,2026-07,Moderate,Cancelled,0.0
900532,NV401676,2026-01,Moderate,Cancelled,0.0
900533,NV401681,2026-01,Aggressive,Active,3422.56
900533,NV401681,2026-02,Aggressive,Active,3422.56
900533,NV401681,2026-03,Aggressive,Active,3422.56
900533,NV401681,2026-04,Aggressive,Cancelled,0.0
900534,NV401684,2026-01,Moderate,Active,1297.57
900534,NV401684,2026-02,Moderate,Active,1297.57
900534,NV401684,2026-03,Moderate,Active,1297.57
900534,NV401684,2026-04,Moderate,Active,1297.57
900534,NV401684,2026-05,Moderate,Active,1297.57
900534,NV401684,2026-06,Moderate,Active,1297.57
900534,NV401684,2026-07,Moderate,Active,1297.57
900535,NV401684,2026-05,Moderate,Active,1140.81
900535,NV401684,2026-06,Moderate,Paused,0.0
900535,NV401684,2026-07,Moderate,Active,1140.81
900536,NV401687,2026-01,Moderate,Active,1329.87
900536,NV401687,2026-02,Moderate,Active,1329.87
900536,NV401687,2026-03,Moderate,Active,1329.87
900536,NV401687,2026-04,Moderate,Active,1329.87
900536,NV401687,2026-05,Moderate,Paused,0.0
900536,NV401687,2026-06,Moderate,Paused,0.0
900536,NV401687,2026-07,Moderate,Active,1329.87
900537,NV401692,2026-01,Conservative,Active,4446.21
900537,NV401692,2026-02,Conservative,Active,4446.21
900537,NV401692,2026-03,Conservative,Cancelled,0.0
900538,NV401692,2026-02,Conservative,Active,1849.03
900538,NV401692,2026-03,Conservative,Active,1849.03
900538,NV401692,2026-04,Conservative,Active,1849.03
900538,NV401692,2026-05,Conservative,Active,1849.03
900538,NV401692,2026-06,Conservative,Active,1849.03
900538,NV401692,2026-07,Conservative,Active,1849.03
900539,NV401694,2026-01,Moderate,Active,2367.27
900539,NV401694,2026-02,Moderate,Active,2367.27
900539,NV401694,2026-03,Moderate,Active,2367.27
900539,NV401694,2026-04,Moderate,Active,2367.27
900539,NV401694,2026-05,Moderate,Active,2367.27
900539,NV401694,2026-06,Moderate,Active,2367.27
900539,NV401694,2026-07,Moderate,Active,2367.27
900540,NV401696,2026-01,Conservative,Paused,0.0
900540,NV401696,2026-02,Conservative,Active,1822.0
900540,NV401696,2026-03,Conservative,Active,1822.0
900540,NV401696,2026-04,Conservative,Active,1822.0
900540,NV401696,2026-05,Conservative,Active,1822.0
900540,NV401696,2026-06,Conservative,Active,1822.0
900540,NV401696,2026-07,Conservative,Active,1822.0
900541,NV401697,2026-01,Moderate,Active,3813.67
900541,NV401697,2026-02,Moderate,Active,3813.67
900541,NV401697,2026-03,Moderate,Active,3813.67
900541,NV401697,2026-04,Moderate,Active,3813.67
900541,NV401697,2026-05,Moderate,Active,3813.67
900541,NV401697,2026-06,Moderate,Active,3813.67
900541,NV401697,2026-07,Moderate,Active,3813.67
900542,NV401697,2026-03,Moderate,Active,502.59
900542,NV401697,2026-04,Moderate,Active,502.59
900542,NV401697,2026-05,Moderate,Active,502.59
900542,NV401697,2026-06,Moderate,Active,502.59
900542,NV401697,2026-07,Moderate,Active,502.59
900543,NV401698,2026-02,Aggressive,Active,3036.62
900543,NV401698,2026-03,Aggressive,Active,3036.62
900543,NV401698,2026-04,Aggressive,Active,3036.62
900543,NV401698,2026-05,Aggressive,Active,3036.62
900543,NV401698,2026-06,Aggressive,Active,3036.62
900543,NV401698,2026-07,Aggressive,Active,3036.62
900544,NV401700,2026-01,Aggressive,Active,2776.7
900544,NV401700,2026-02,Aggressive,Active,2776.7
900544,NV401700,2026-03,Aggressive,Active,2776.7
900544,NV401700,2026-04,Aggressive,Active,2776.7
900544,NV401700,2026-05,Aggressive,Active,2776.7
900544,NV401700,2026-06,Aggressive,Active,2776.7
900544,NV401700,2026-07,Aggressive,Active,2776.7
900545,NV401704,2026-01,Conservative,Paused,0.0
900545,NV401704,2026-02,Conservative,Active,3532.94
900545,NV401704,2026-03,Conservative,Active,3532.94
900545,NV401704,2026-04,Conservative,Active,3532.94
900545,NV401704,2026-05,Conservative,Active,3532.94
900545,NV401704,2026-06,Conservative,Active,3532.94
900545,NV401704,2026-07,Conservative,Active,3532.94
900546,NV401709,2026-01,Aggressive,Active,1618.01
900546,NV401709,2026-02,Aggressive,Active,1618.01
900546,NV401709,2026-03,Aggressive,Active,1618.01
900546,NV401709,2026-04,Aggressive,Active,1618.01
900546,NV401709,2026-05,Aggressive,Active,1618.01
900546,NV401709,2026-06,Aggressive,Active,1618.01
900546,NV401709,2026-07,Aggressive,Active,1618.01
900547,NV401714,2026-01,Conservative,Active,7714.68
900547,NV401714,2026-02,Conservative,Active,7714.68
900547,NV401714,2026-03,Conservative,Active,7714.68
900547,NV401714,2026-04,Conservative,Active,7714.68
900547,NV401714,2026-05,Conservative,Active,7714.68
900547,NV401714,2026-06,Conservative,Active,7714.68
900547,NV401714,2026-07,Conservative,Active,7714.68
900548,NV401715,2026-01,Conservative,Active,1792.66
900548,NV401715,2026-02,Conservative,Active,1792.66
900548,NV401715,2026-03,Conservative,Active,1792.66
900548,NV401715,2026-04,Conservative,Active,1792.66
900548,NV401715,2026-05,Conservative,Active,1792.66
900548,NV401715,2026-06,Conservative,Active,1792.66
900548,NV401715,2026-07,Conservative,Active,1792.66
900549,NV401729,2026-04,Aggressive,Active,809.68
900549,NV401729,2026-05,Aggressive,Cancelled,0.0
900550,NV401733,2026-01,Moderate,Active,2053.37
900550,NV401733,2026-02,Moderate,Active,2053.37
900550,NV401733,2026-03,Moderate,Active,2053.37
900550,NV401733,2026-04,Moderate,Active,2053.37
900550,NV401733,2026-05,Moderate,Active,2053.37
900550,NV401733,2026-06,Moderate,Active,2053.37
900550,NV401733,2026-07,Moderate,Active,2053.37
900551,NV401738,2026-01,Aggressive,Active,4186.32
900551,NV401738,2026-02,Aggressive,Active,4186.32
900551,NV401738,2026-03,Aggressive,Active,4186.32
900551,NV401738,2026-04,Aggressive,Active,4186.32
900551,NV401738,2026-05,Aggressive,Paused,0.0
900551,NV401738,2026-06,Aggressive,Active,4186.32
900551,NV401738,2026-07,Aggressive,Active,4186.32
900552,NV401746,2026-01,Conservative,Active,5142.45
900552,NV401746,2026-02,Conservative,Active,5142.45
900552,NV401746,2026-03,Conservative,Active,5142.45
900552,NV401746,2026-04,Conservative,Active,5142.45
900552,NV401746,2026-05,Conservative,Active,5142.45
900552,NV401746,2026-06,Conservative,Active,5142.45
900552,NV401746,2026-07,Conservative,Active,5142.45
900553,NV401747,2026-01,Aggressive,Active,2214.4
900553,NV401747,2026-02,Aggressive,Active,2214.4
900553,NV401747,2026-03,Aggressive,Active,2214.4
900553,NV401747,2026-04,Aggressive,Active,2214.4
900553,NV401747,2026-05,Aggressive,Active,2214.4
900553,NV401747,2026-06,Aggressive,Active,2214.4
900553,NV401747,2026-07,Aggressive,Active,2214.4
900554,NV401749,2026-01,Aggressive,Active,2710.88
900554,NV401749,2026-02,Aggressive,Active,2710.88
900554,NV401749,2026-03,Aggressive,Active,2710.88
900554,NV401749,2026-04,Aggressive,Active,2710.88
900554,NV401749,2026-05,Aggressive,Active,2710.88
900554,NV401749,2026-06,Aggressive,Active,2710.88
900554,NV401749,2026-07,Aggressive,Active,2710.88
900555,NV401749,2026-03,Aggressive,Active,1441.47
900555,NV401749,2026-04,Aggressive,Active,1441.47
900555,NV401749,2026-05,Aggressive,Paused,0.0
900555,NV401749,2026-06,Aggressive,Paused,0.0
900555,NV401749,2026-07,Aggressive,Active,1441.47
900556,NV401755,2026-01,Moderate,Active,8174.86
900556,NV401755,2026-02,Moderate,Active,8174.86
900556,NV401755,2026-03,Moderate,Active,8174.86
900556,NV401755,2026-04,Moderate,Active,8174.86
900556,NV401755,2026-05,Moderate,Active,8174.86
900556,NV401755,2026-06,Moderate,Active,8174.86
900556,NV401755,2026-07,Moderate,Active,8174.86
900557,NV401756,2026-01,Aggressive,Active,2068.31
900557,NV401756,2026-02,Aggressive,Active,2068.31
900557,NV401756,2026-03,Aggressive,Active,2068.31
900557,NV401756,2026-04,Aggressive,Active,2068.31
900557,NV401756,2026-05,Aggressive,Active,2068.31
900557,NV401756,2026-06,Aggressive,Active,2068.31
900557,NV401756,2026-07,Aggressive,Active,2068.31
900558,NV401763,2026-01,Aggressive,Active,1351.13
900558,NV401763,2026-02,Aggressive,Active,1351.13
900558,NV401763,2026-03,Aggressive,Active,1351.13
900558,NV401763,2026-04,Aggressive,Active,1351.13
900558,NV401763,2026-05,Aggressive,Active,1351.13
900558,NV401763,2026-06,Aggressive,Active,1351.13
900558,NV401763,2026-07,Aggressive,Active,1351.13
900559,NV401765,2026-01,Moderate,Active,2414.48
900559,NV401765,2026-02,Moderate,Paused,0.0
900559,NV401765,2026-03,Moderate,Active,2414.48
900559,NV401765,2026-04,Moderate,Active,2414.48
900559,NV401765,2026-05,Moderate,Active,2414.48
900559,NV401765,2026-06,Moderate,Active,2414.48
900559,NV401765,2026-07,Moderate,Active,2414.48
900560,NV401766,2026-01,Moderate,Active,6375.62
900560,NV401766,2026-02,Moderate,Active,6375.62
900560,NV401766,2026-03,Moderate,Active,6375.62
900560,NV401766,2026-04,Moderate,Active,6375.62
900560,NV401766,2026-05,Moderate,Active,6375.62
900560,NV401766,2026-06,Moderate,Active,6375.62
900560,NV401766,2026-07,Moderate,Active,6375.62
900561,NV401767,2026-05,Aggressive,Cancelled,0.0
900562,NV401778,2026-01,Aggressive,Active,2501.1
900562,NV401778,2026-02,Aggressive,Active,2501.1
900562,NV401778,2026-03,Aggressive,Active,2501.1
900562,NV401778,2026-04,Aggressive,Active,2501.1
900562,NV401778,2026-05,Aggressive,Active,2501.1
900562,NV401778,2026-06,Aggressive,Active,2501.1
900562,NV401778,2026-07,Aggressive,Active,2501.1
900563,NV401778,2026-07,Aggressive,Active,1014.61
900564,NV401787,2026-03,Aggressive,Active,4201.46
900564,NV401787,2026-04,Aggressive,Active,4201.46
900564,NV401787,2026-05,Aggressive,Paused,0.0
900564,NV401787,2026-06,Aggressive,Cancelled,0.0
900565,NV401796,2026-02,Moderate,Active,2667.41
900565,NV401796,2026-03,Moderate,Active,2667.41
900565,NV401796,2026-04,Moderate,Active,2667.41
900565,NV401796,2026-05,Moderate,Active,2667.41
900565,NV401796,2026-06,Moderate,Active,2667.41
900565,NV401796,2026-07,Moderate,Paused,0.0
900566,NV401797,2026-02,Conservative,Active,3185.83
900566,NV401797,2026-03,Conservative,Active,3185.83
900566,NV401797,2026-04,Conservative,Active,3185.83
900566,NV401797,2026-05,Conservative,Active,3185.83
900566,NV401797,2026-06,Conservative,Active,3185.83
900566,NV401797,2026-07,Conservative,Active,3185.83
900567,NV401802,2026-02,Aggressive,Active,1484.88
900567,NV401802,2026-03,Aggressive,Active,1484.88
900567,NV401802,2026-04,Aggressive,Active,1484.88
900567,NV401802,2026-05,Aggressive,Active,1484.88
900567,NV401802,2026-06,Aggressive,Active,1484.88
900567,NV401802,2026-07,Aggressive,Active,1484.88
900568,NV401804,2026-02,Moderate,Active,1591.06
900568,NV401804,2026-03,Moderate,Active,1591.06
900568,NV401804,2026-04,Moderate,Active,1591.06
900568,NV401804,2026-05,Moderate,Paused,0.0
900568,NV401804,2026-06,Moderate,Paused,0.0
900568,NV401804,2026-07,Moderate,Active,1591.06
900569,NV401805,2026-02,Conservative,Active,3812.29
900569,NV401805,2026-03,Conservative,Active,3812.29
900569,NV401805,2026-04,Conservative,Active,3812.29
900569,NV401805,2026-05,Conservative,Active,3812.29
900569,NV401805,2026-06,Conservative,Active,3812.29
900569,NV401805,2026-07,Conservative,Active,3812.29
900570,NV401807,2026-02,Moderate,Active,3149.79
900570,NV401807,2026-03,Moderate,Active,3149.79
900570,NV401807,2026-04,Moderate,Active,3149.79
900570,NV401807,2026-05,Moderate,Paused,0.0
900570,NV401807,2026-06,Moderate,Active,3149.79
900570,NV401807,2026-07,Moderate,Active,3149.79
900571,NV401809,2026-02,Aggressive,Active,4577.72
900571,NV401809,2026-03,Aggressive,Active,4577.72
900571,NV401809,2026-04,Aggressive,Active,4577.72
900571,NV401809,2026-05,Aggressive,Active,4577.72
900571,NV401809,2026-06,Aggressive,Active,4577.72
900571,NV401809,2026-07,Aggressive,Active,4577.72
900572,NV401813,2026-02,Aggressive,Active,4944.24
900572,NV401813,2026-03,Aggressive,Active,4944.24
900572,NV401813,2026-04,Aggressive,Active,4944.24
900572,NV401813,2026-05,Aggressive,Active,4944.24
900572,NV401813,2026-06,Aggressive,Active,4944.24
900572,NV401813,2026-07,Aggressive,Active,4944.24
900573,NV401814,2026-02,Aggressive,Active,4299.03
900573,NV401814,2026-03,Aggressive,Active,4299.03
900573,NV401814,2026-04,Aggressive,Active,4299.03
900573,NV401814,2026-05,Aggressive,Active,4299.03
900573,NV401814,2026-06,Aggressive,Active,4299.03
900573,NV401814,2026-07,Aggressive,Active,4299.03
900574,NV401816,2026-02,Moderate,Active,7939.49
900574,NV401816,2026-03,Moderate,Active,7939.49
900574,NV401816,2026-04,Moderate,Active,7939.49
900574,NV401816,2026-05,Moderate,Active,7939.49
900574,NV401816,2026-06,Moderate,Active,7939.49
900574,NV401816,2026-07,Moderate,Active,7939.49
900575,NV401816,2026-05,Moderate,Active,2596.52
900575,NV401816,2026-06,Moderate,Active,2596.52
900575,NV401816,2026-07,Moderate,Active,2596.52
900576,NV401819,2026-02,Conservative,Active,3454.24
900576,NV401819,2026-03,Conservative,Active,3454.24
900576,NV401819,2026-04,Conservative,Active,3454.24
900576,NV401819,2026-05,Conservative,Active,3454.24
900576,NV401819,2026-06,Conservative,Active,3454.24
900576,NV401819,2026-07,Conservative,Active,3454.24
900577,NV401822,2026-02,Moderate,Active,3374.48
900577,NV401822,2026-03,Moderate,Active,3374.48
900577,NV401822,2026-04,Moderate,Active,3374.48
900577,NV401822,2026-05,Moderate,Active,3374.48
900577,NV401822,2026-06,Moderate,Active,3374.48
900577,NV401822,2026-07,Moderate,Active,3374.48
900578,NV401824,2026-02,Moderate,Active,3776.89
900578,NV401824,2026-03,Moderate,Active,3776.89
900578,NV401824,2026-04,Moderate,Active,3776.89
900578,NV401824,2026-05,Moderate,Active,3776.89
900578,NV401824,2026-06,Moderate,Active,3776.89
900578,NV401824,2026-07,Moderate,Active,3776.89
900579,NV401828,2026-02,Aggressive,Active,4725.34
900579,NV401828,2026-03,Aggressive,Active,4725.34
900579,NV401828,2026-04,Aggressive,Active,4725.34
900579,NV401828,2026-05,Aggressive,Active,4725.34
900579,NV401828,2026-06,Aggressive,Active,4725.34
900579,NV401828,2026-07,Aggressive,Active,4725.34
900580,NV401829,2026-02,Aggressive,Active,1879.3
900580,NV401829,2026-03,Aggressive,Active,1879.3
900580,NV401829,2026-04,Aggressive,Active,1879.3
900580,NV401829,2026-05,Aggressive,Active,1879.3
900580,NV401829,2026-06,Aggressive,Active,1879.3
900580,NV401829,2026-07,Aggressive,Active,1879.3
900581,NV401831,2026-02,Aggressive,Active,2748.0
900581,NV401831,2026-03,Aggressive,Active,2748.0
900581,NV401831,2026-04,Aggressive,Active,2748.0
900581,NV401831,2026-05,Aggressive,Active,2748.0
900581,NV401831,2026-06,Aggressive,Active,2748.0
900581,NV401831,2026-07,Aggressive,Active,2748.0
900582,NV401834,2026-02,Aggressive,Active,1602.41
900582,NV401834,2026-03,Aggressive,Active,1602.41
900582,NV401834,2026-04,Aggressive,Active,1602.41
900582,NV401834,2026-05,Aggressive,Active,1602.41
900582,NV401834,2026-06,Aggressive,Active,1602.41
900582,NV401834,2026-07,Aggressive,Active,1602.41
900583,NV401834,2026-03,Aggressive,Active,2987.38
900583,NV401834,2026-04,Aggressive,Active,2987.38
900583,NV401834,2026-05,Aggressive,Active,2987.38
900583,NV401834,2026-06,Aggressive,Active,2987.38
900583,NV401834,2026-07,Aggressive,Active,2987.38
900584,NV401835,2026-02,Aggressive,Active,4003.76
900584,NV401835,2026-03,Aggressive,Active,4003.76
900584,NV401835,2026-04,Aggressive,Active,4003.76
900584,NV401835,2026-05,Aggressive,Active,4003.76
900584,NV401835,2026-06,Aggressive,Active,4003.76
900584,NV401835,2026-07,Aggressive,Active,4003.76
900585,NV401837,2026-02,Moderate,Active,2015.65
900585,NV401837,2026-03,Moderate,Active,2015.65
900585,NV401837,2026-04,Moderate,Active,2015.65
900585,NV401837,2026-05,Moderate,Active,2015.65
900585,NV401837,2026-06,Moderate,Active,2015.65
900585,NV401837,2026-07,Moderate,Active,2015.65
900586,NV401838,2026-02,Conservative,Active,3873.51
900586,NV401838,2026-03,Conservative,Active,3873.51
900586,NV401838,2026-04,Conservative,Active,3873.51
900586,NV401838,2026-05,Conservative,Active,3873.51
900586,NV401838,2026-06,Conservative,Active,3873.51
900586,NV401838,2026-07,Conservative,Active,3873.51
900587,NV401839,2026-03,Conservative,Active,6558.77
900587,NV401839,2026-04,Conservative,Active,6558.77
900587,NV401839,2026-05,Conservative,Active,6558.77
900587,NV401839,2026-06,Conservative,Active,6558.77
900587,NV401839,2026-07,Conservative,Active,6558.77
900588,NV401839,2026-04,Conservative,Active,3495.07
900588,NV401839,2026-05,Conservative,Active,3495.07
900588,NV401839,2026-06,Conservative,Cancelled,0.0
900589,NV401843,2026-02,Moderate,Active,777.65
900589,NV401843,2026-03,Moderate,Active,777.65
900589,NV401843,2026-04,Moderate,Active,777.65
900589,NV401843,2026-05,Moderate,Active,777.65
900589,NV401843,2026-06,Moderate,Active,777.65
900589,NV401843,2026-07,Moderate,Active,777.65
900590,NV401846,2026-02,Conservative,Active,1336.92
900590,NV401846,2026-03,Conservative,Active,1336.92
900590,NV401846,2026-04,Conservative,Active,1336.92
900590,NV401846,2026-05,Conservative,Active,1336.92
900590,NV401846,2026-06,Conservative,Active,1336.92
900590,NV401846,2026-07,Conservative,Active,1336.92
900591,NV401848,2026-02,Aggressive,Active,4500.28
900591,NV401848,2026-03,Aggressive,Active,4500.28
900591,NV401848,2026-04,Aggressive,Active,4500.28
900591,NV401848,2026-05,Aggressive,Active,4500.28
900591,NV401848,2026-06,Aggressive,Active,4500.28
900591,NV401848,2026-07,Aggressive,Active,4500.28
900592,NV401848,2026-06,Aggressive,Active,1561.22
900592,NV401848,2026-07,Aggressive,Active,1561.22
900593,NV401851,2026-05,Moderate,Cancelled,0.0
900594,NV401856,2026-02,Aggressive,Active,3008.64
900594,NV401856,2026-03,Aggressive,Active,3008.64
900594,NV401856,2026-04,Aggressive,Active,3008.64
900594,NV401856,2026-05,Aggressive,Active,3008.64
900594,NV401856,2026-06,Aggressive,Active,3008.64
900594,NV401856,2026-07,Aggressive,Active,3008.64
900595,NV401859,2026-02,Conservative,Cancelled,0.0
900596,NV401859,2026-06,Conservative,Active,3431.66
900596,NV401859,2026-07,Conservative,Active,3431.66
900597,NV401860,2026-02,Conservative,Active,4951.62
900597,NV401860,2026-03,Conservative,Paused,0.0
900597,NV401860,2026-04,Conservative,Cancelled,0.0
900598,NV401863,2026-02,Aggressive,Active,3121.53
900598,NV401863,2026-03,Aggressive,Active,3121.53
900598,NV401863,2026-04,Aggressive,Active,3121.53
900598,NV401863,2026-05,Aggressive,Active,3121.53
900598,NV401863,2026-06,Aggressive,Active,3121.53
900598,NV401863,2026-07,Aggressive,Active,3121.53
900599,NV401866,2026-05,Moderate,Active,4145.03
900599,NV401866,2026-06,Moderate,Paused,0.0
900599,NV401866,2026-07,Moderate,Active,4145.03
900600,NV401868,2026-02,Moderate,Active,2800.37
900600,NV401868,2026-03,Moderate,Paused,0.0
900600,NV401868,2026-04,Moderate,Active,2800.37
900600,NV401868,2026-05,Moderate,Active,2800.37
900600,NV401868,2026-06,Moderate,Active,2800.37
900600,NV401868,2026-07,Moderate,Active,2800.37
900601,NV401876,2026-02,Moderate,Active,987.48
900601,NV401876,2026-03,Moderate,Active,987.48
900601,NV401876,2026-04,Moderate,Active,987.48
900601,NV401876,2026-05,Moderate,Active,987.48
900601,NV401876,2026-06,Moderate,Active,987.48
900601,NV401876,2026-07,Moderate,Paused,0.0
900602,NV401879,2026-02,Moderate,Active,1379.14
900602,NV401879,2026-03,Moderate,Active,1379.14
900602,NV401879,2026-04,Moderate,Active,1379.14
900602,NV401879,2026-05,Moderate,Active,1379.14
900602,NV401879,2026-06,Moderate,Paused,0.0
900602,NV401879,2026-07,Moderate,Cancelled,0.0
900603,NV401882,2026-02,Moderate,Active,2960.49
900603,NV401882,2026-03,Moderate,Active,2960.49
900603,NV401882,2026-04,Moderate,Cancelled,0.0
900604,NV401888,2026-02,Moderate,Active,14062.52
900604,NV401888,2026-03,Moderate,Active,14062.52
900604,NV401888,2026-04,Moderate,Active,14062.52
900604,NV401888,2026-05,Moderate,Active,14062.52
900604,NV401888,2026-06,Moderate,Cancelled,0.0
900605,NV401889,2026-02,Moderate,Active,1225.62
900605,NV401889,2026-03,Moderate,Paused,0.0
900605,NV401889,2026-04,Moderate,Active,1225.62
900605,NV401889,2026-05,Moderate,Active,1225.62
900605,NV401889,2026-06,Moderate,Active,1225.62
900605,NV401889,2026-07,Moderate,Active,1225.62
900606,NV401890,2026-02,Conservative,Active,6097.03
900606,NV401890,2026-03,Conservative,Active,6097.03
900606,NV401890,2026-04,Conservative,Active,6097.03
900606,NV401890,2026-05,Conservative,Active,6097.03
900606,NV401890,2026-06,Conservative,Active,6097.03
900606,NV401890,2026-07,Conservative,Active,6097.03
900607,NV401893,2026-02,Conservative,Paused,0.0
900607,NV401893,2026-03,Conservative,Active,3145.53
900607,NV401893,2026-04,Conservative,Paused,0.0
900607,NV401893,2026-05,Conservative,Active,3145.53
900607,NV401893,2026-06,Conservative,Active,3145.53
900607,NV401893,2026-07,Conservative,Active,3145.53
900608,NV401894,2026-02,Conservative,Active,1929.36
900608,NV401894,2026-03,Conservative,Active,1929.36
900608,NV401894,2026-04,Conservative,Active,1929.36
900608,NV401894,2026-05,Conservative,Active,1929.36
900608,NV401894,2026-06,Conservative,Active,1929.36
900608,NV401894,2026-07,Conservative,Active,1929.36
900609,NV401899,2026-02,Moderate,Active,2070.25
900609,NV401899,2026-03,Moderate,Active,2070.25
900609,NV401899,2026-04,Moderate,Active,2070.25
900609,NV401899,2026-05,Moderate,Active,2070.25
900609,NV401899,2026-06,Moderate,Active,2070.25
900609,NV401899,2026-07,Moderate,Active,2070.25
900610,NV401902,2026-02,Conservative,Active,3428.76
900610,NV401902,2026-03,Conservative,Active,3428.76
900610,NV401902,2026-04,Conservative,Active,3428.76
900610,NV401902,2026-05,Conservative,Active,3428.76
900610,NV401902,2026-06,Conservative,Active,3428.76
900610,NV401902,2026-07,Conservative,Active,3428.76
900611,NV401908,2026-02,Aggressive,Active,4581.74
900611,NV401908,2026-03,Aggressive,Active,4581.74
900611,NV401908,2026-04,Aggressive,Active,4581.74
900611,NV401908,2026-05,Aggressive,Active,4581.74
900611,NV401908,2026-06,Aggressive,Active,4581.74
900611,NV401908,2026-07,Aggressive,Active,4581.74
900612,NV401912,2026-02,Moderate,Active,4189.88
900612,NV401912,2026-03,Moderate,Active,4189.88
900612,NV401912,2026-04,Moderate,Active,4189.88
900612,NV401912,2026-05,Moderate,Paused,0.0
900612,NV401912,2026-06,Moderate,Active,4189.88
900612,NV401912,2026-07,Moderate,Active,4189.88
900613,NV401912,2026-05,Moderate,Cancelled,0.0
900614,NV401924,2026-02,Conservative,Active,5988.59
900614,NV401924,2026-03,Conservative,Active,5988.59
900614,NV401924,2026-04,Conservative,Paused,0.0
900614,NV401924,2026-05,Conservative,Paused,0.0
900614,NV401924,2026-06,Conservative,Paused,0.0
900614,NV401924,2026-07,Conservative,Active,5988.59
900615,NV401926,2026-02,Conservative,Active,4402.02
900615,NV401926,2026-03,Conservative,Active,4402.02
900615,NV401926,2026-04,Conservative,Active,4402.02
900615,NV401926,2026-05,Conservative,Paused,0.0
900615,NV401926,2026-06,Conservative,Active,4402.02
900615,NV401926,2026-07,Conservative,Active,4402.02
900616,NV401930,2026-02,Moderate,Active,2027.48
900616,NV401930,2026-03,Moderate,Active,2027.48
900616,NV401930,2026-04,Moderate,Paused,0.0
900616,NV401930,2026-05,Moderate,Paused,0.0
900616,NV401930,2026-06,Moderate,Paused,0.0
900616,NV401930,2026-07,Moderate,Active,2027.48
900617,NV401930,2026-06,Moderate,Cancelled,0.0
900618,NV401933,2026-02,Moderate,Active,4875.96
900618,NV401933,2026-03,Moderate,Active,4875.96
900618,NV401933,2026-04,Moderate,Active,4875.96
900618,NV401933,2026-05,Moderate,Active,4875.96
900618,NV401933,2026-06,Moderate,Active,4875.96
900618,NV401933,2026-07,Moderate,Active,4875.96
900619,NV401935,2026-03,Moderate,Active,1694.84
900619,NV401935,2026-04,Moderate,Active,1694.84
900619,NV401935,2026-05,Moderate,Active,1694.84
900619,NV401935,2026-06,Moderate,Active,1694.84
900619,NV401935,2026-07,Moderate,Active,1694.84
900620,NV401940,2026-02,Aggressive,Paused,0.0
900620,NV401940,2026-03,Aggressive,Active,1165.81
900620,NV401940,2026-04,Aggressive,Paused,0.0
900620,NV401940,2026-05,Aggressive,Active,1165.81
900620,NV401940,2026-06,Aggressive,Active,1165.81
900620,NV401940,2026-07,Aggressive,Active,1165.81
900621,NV401940,2026-05,Aggressive,Active,4170.25
900621,NV401940,2026-06,Aggressive,Active,4170.25
900621,NV401940,2026-07,Aggressive,Active,4170.25
900622,NV401941,2026-02,Moderate,Active,1914.71
900622,NV401941,2026-03,Moderate,Active,1914.71
900622,NV401941,2026-04,Moderate,Active,1914.71
900622,NV401941,2026-05,Moderate,Active,1914.71
900622,NV401941,2026-06,Moderate,Active,1914.71
900622,NV401941,2026-07,Moderate,Active,1914.71
900623,NV401944,2026-02,Conservative,Active,4370.8
900623,NV401944,2026-03,Conservative,Active,4370.8
900623,NV401944,2026-04,Conservative,Active,4370.8
900623,NV401944,2026-05,Conservative,Active,4370.8
900623,NV401944,2026-06,Conservative,Active,4370.8
900623,NV401944,2026-07,Conservative,Active,4370.8
900624,NV401945,2026-02,Aggressive,Active,6992.39
900624,NV401945,2026-03,Aggressive,Active,6992.39
900624,NV401945,2026-04,Aggressive,Active,6992.39
900624,NV401945,2026-05,Aggressive,Active,6992.39
900624,NV401945,2026-06,Aggressive,Active,6992.39
900624,NV401945,2026-07,Aggressive,Active,6992.39
900625,NV401951,2026-02,Moderate,Paused,0.0
900625,NV401951,2026-03,Moderate,Active,1141.26
900625,NV401951,2026-04,Moderate,Active,1141.26
900625,NV401951,2026-05,Moderate,Active,1141.26
900625,NV401951,2026-06,Moderate,Active,1141.26
900625,NV401951,2026-07,Moderate,Active,1141.26
900626,NV401958,2026-02,Moderate,Cancelled,0.0
900627,NV401960,2026-02,Conservative,Active,1456.78
900627,NV401960,2026-03,Conservative,Active,1456.78
900627,NV401960,2026-04,Conservative,Paused,0.0
900627,NV401960,2026-05,Conservative,Paused,0.0
900627,NV401960,2026-06,Conservative,Active,1456.78
900627,NV401960,2026-07,Conservative,Active,1456.78
900628,NV401964,2026-02,Moderate,Paused,0.0
900628,NV401964,2026-03,Moderate,Active,1351.85
900628,NV401964,2026-04,Moderate,Active,1351.85
900628,NV401964,2026-05,Moderate,Active,1351.85
900628,NV401964,2026-06,Moderate,Paused,0.0
900628,NV401964,2026-07,Moderate,Active,1351.85
900629,NV401965,2026-02,Moderate,Active,1943.16
900629,NV401965,2026-03,Moderate,Active,1943.16
900629,NV401965,2026-04,Moderate,Active,1943.16
900629,NV401965,2026-05,Moderate,Active,1943.16
900629,NV401965,2026-06,Moderate,Paused,0.0
900629,NV401965,2026-07,Moderate,Active,1943.16
900630,NV401966,2026-02,Aggressive,Active,2480.61
900630,NV401966,2026-03,Aggressive,Active,2480.61
900630,NV401966,2026-04,Aggressive,Active,2480.61
900630,NV401966,2026-05,Aggressive,Active,2480.61
900630,NV401966,2026-06,Aggressive,Active,2480.61
900630,NV401966,2026-07,Aggressive,Active,2480.61
900631,NV401966,2026-05,Aggressive,Active,5398.2
900631,NV401966,2026-06,Aggressive,Active,5398.2
900631,NV401966,2026-07,Aggressive,Active,5398.2
900632,NV401970,2026-02,Conservative,Active,1103.6
900632,NV401970,2026-03,Conservative,Active,1103.6
900632,NV401970,2026-04,Conservative,Active,1103.6
900632,NV401970,2026-05,Conservative,Active,1103.6
900632,NV401970,2026-06,Conservative,Active,1103.6
900632,NV401970,2026-07,Conservative,Paused,0.0
900633,NV401976,2026-02,Moderate,Active,1940.93
900633,NV401976,2026-03,Moderate,Active,1940.93
900633,NV401976,2026-04,Moderate,Active,1940.93
900633,NV401976,2026-05,Moderate,Active,1940.93
900633,NV401976,2026-06,Moderate,Active,1940.93
900633,NV401976,2026-07,Moderate,Active,1940.93
900634,NV401982,2026-02,Moderate,Active,7197.54
900634,NV401982,2026-03,Moderate,Active,7197.54
900634,NV401982,2026-04,Moderate,Paused,0.0
900634,NV401982,2026-05,Moderate,Cancelled,0.0
900635,NV401984,2026-02,Moderate,Active,5953.42
900635,NV401984,2026-03,Moderate,Active,5953.42
900635,NV401984,2026-04,Moderate,Active,5953.42
900635,NV401984,2026-05,Moderate,Paused,0.0
900635,NV401984,2026-06,Moderate,Paused,0.0
900635,NV401984,2026-07,Moderate,Active,5953.42
900636,NV401986,2026-03,Moderate,Active,5167.34
900636,NV401986,2026-04,Moderate,Active,5167.34
900636,NV401986,2026-05,Moderate,Active,5167.34
900636,NV401986,2026-06,Moderate,Active,5167.34
900636,NV401986,2026-07,Moderate,Active,5167.34
900637,NV401991,2026-02,Moderate,Active,4439.91
900637,NV401991,2026-03,Moderate,Active,4439.91
900637,NV401991,2026-04,Moderate,Active,4439.91
900637,NV401991,2026-05,Moderate,Active,4439.91
900637,NV401991,2026-06,Moderate,Active,4439.91
900637,NV401991,2026-07,Moderate,Active,4439.91
900638,NV401993,2026-02,Conservative,Active,2813.21
900638,NV401993,2026-03,Conservative,Active,2813.21
900638,NV401993,2026-04,Conservative,Active,2813.21
900638,NV401993,2026-05,Conservative,Active,2813.21
900638,NV401993,2026-06,Conservative,Active,2813.21
900638,NV401993,2026-07,Conservative,Active,2813.21
900639,NV401996,2026-02,Moderate,Active,4035.62
900639,NV401996,2026-03,Moderate,Active,4035.62
900639,NV401996,2026-04,Moderate,Active,4035.62
900639,NV401996,2026-05,Moderate,Active,4035.62
900639,NV401996,2026-06,Moderate,Paused,0.0
900639,NV401996,2026-07,Moderate,Active,4035.62
900640,NV402005,2026-02,Conservative,Active,2936.36
900640,NV402005,2026-03,Conservative,Active,2936.36
900640,NV402005,2026-04,Conservative,Active,2936.36
900640,NV402005,2026-05,Conservative,Active,2936.36
900640,NV402005,2026-06,Conservative,Active,2936.36
900640,NV402005,2026-07,Conservative,Active,2936.36
900641,NV402011,2026-02,Conservative,Active,7124.81
900641,NV402011,2026-03,Conservative,Active,7124.81
900641,NV402011,2026-04,Conservative,Active,7124.81
900641,NV402011,2026-05,Conservative,Paused,0.0
900641,NV402011,2026-06,Conservative,Active,7124.81
900641,NV402011,2026-07,Conservative,Active,7124.81
900642,NV402011,2026-06,Conservative,Active,1076.04
900642,NV402011,2026-07,Conservative,Active,1076.04
900643,NV402015,2026-02,Conservative,Active,2050.91
900643,NV402015,2026-03,Conservative,Active,2050.91
900643,NV402015,2026-04,Conservative,Active,2050.91
900643,NV402015,2026-05,Conservative,Active,2050.91
900643,NV402015,2026-06,Conservative,Active,2050.91
900643,NV402015,2026-07,Conservative,Active,2050.91
900644,NV402018,2026-02,Conservative,Active,994.29
900644,NV402018,2026-03,Conservative,Active,994.29
900644,NV402018,2026-04,Conservative,Active,994.29
900644,NV402018,2026-05,Conservative,Active,994.29
900644,NV402018,2026-06,Conservative,Paused,0.0
900644,NV402018,2026-07,Conservative,Active,994.29
900645,NV402024,2026-02,Moderate,Active,8450.08
900645,NV402024,2026-03,Moderate,Active,8450.08
900645,NV402024,2026-04,Moderate,Active,8450.08
900645,NV402024,2026-05,Moderate,Active,8450.08
900645,NV402024,2026-06,Moderate,Active,8450.08
900645,NV402024,2026-07,Moderate,Active,8450.08
900646,NV402025,2026-02,Conservative,Active,9230.5
900646,NV402025,2026-03,Conservative,Active,9230.5
900646,NV402025,2026-04,Conservative,Active,9230.5
900646,NV402025,2026-05,Conservative,Active,9230.5
900646,NV402025,2026-06,Conservative,Active,9230.5
900646,NV402025,2026-07,Conservative,Active,9230.5
900647,NV402027,2026-02,Moderate,Active,3208.31
900647,NV402027,2026-03,Moderate,Active,3208.31
900647,NV402027,2026-04,Moderate,Active,3208.31
900647,NV402027,2026-05,Moderate,Active,3208.31
900647,NV402027,2026-06,Moderate,Active,3208.31
900647,NV402027,2026-07,Moderate,Active,3208.31
900648,NV402028,2026-02,Moderate,Active,2739.12
900648,NV402028,2026-03,Moderate,Active,2739.12
900648,NV402028,2026-04,Moderate,Active,2739.12
900648,NV402028,2026-05,Moderate,Active,2739.12
900648,NV402028,2026-06,Moderate,Active,2739.12
900648,NV402028,2026-07,Moderate,Active,2739.12
900649,NV402034,2026-02,Aggressive,Active,3698.97
900649,NV402034,2026-03,Aggressive,Active,3698.97
900649,NV402034,2026-04,Aggressive,Active,3698.97
900649,NV402034,2026-05,Aggressive,Active,3698.97
900649,NV402034,2026-06,Aggressive,Active,3698.97
900649,NV402034,2026-07,Aggressive,Active,3698.97
900650,NV402044,2026-02,Aggressive,Active,3400.32
900650,NV402044,2026-03,Aggressive,Active,3400.32
900650,NV402044,2026-04,Aggressive,Active,3400.32
900650,NV402044,2026-05,Aggressive,Active,3400.32
900650,NV402044,2026-06,Aggressive,Active,3400.32
900650,NV402044,2026-07,Aggressive,Active,3400.32
900651,NV402048,2026-02,Conservative,Active,2612.66
900651,NV402048,2026-03,Conservative,Active,2612.66
900651,NV402048,2026-04,Conservative,Active,2612.66
900651,NV402048,2026-05,Conservative,Cancelled,0.0
900652,NV402049,2026-02,Moderate,Active,2838.55
900652,NV402049,2026-03,Moderate,Cancelled,0.0
900653,NV402050,2026-03,Aggressive,Active,2843.97
900653,NV402050,2026-04,Aggressive,Active,2843.97
900653,NV402050,2026-05,Aggressive,Active,2843.97
900653,NV402050,2026-06,Aggressive,Active,2843.97
900653,NV402050,2026-07,Aggressive,Active,2843.97
900654,NV402053,2026-02,Conservative,Active,1442.49
900654,NV402053,2026-03,Conservative,Active,1442.49
900654,NV402053,2026-04,Conservative,Active,1442.49
900654,NV402053,2026-05,Conservative,Active,1442.49
900654,NV402053,2026-06,Conservative,Active,1442.49
900654,NV402053,2026-07,Conservative,Active,1442.49
900655,NV402059,2026-02,Moderate,Active,859.84
900655,NV402059,2026-03,Moderate,Active,859.84
900655,NV402059,2026-04,Moderate,Active,859.84
900655,NV402059,2026-05,Moderate,Active,859.84
900655,NV402059,2026-06,Moderate,Active,859.84
900655,NV402059,2026-07,Moderate,Active,859.84
900656,NV402061,2026-02,Conservative,Active,3832.4
900656,NV402061,2026-03,Conservative,Active,3832.4
900656,NV402061,2026-04,Conservative,Active,3832.4
900656,NV402061,2026-05,Conservative,Active,3832.4
900656,NV402061,2026-06,Conservative,Active,3832.4
900656,NV402061,2026-07,Conservative,Active,3832.4
900657,NV402062,2026-02,Moderate,Active,2746.96
900657,NV402062,2026-03,Moderate,Active,2746.96
900657,NV402062,2026-04,Moderate,Active,2746.96
900657,NV402062,2026-05,Moderate,Active,2746.96
900657,NV402062,2026-06,Moderate,Active,2746.96
900657,NV402062,2026-07,Moderate,Active,2746.96
900658,NV402062,2026-05,Moderate,Active,1278.75
900658,NV402062,2026-06,Moderate,Active,1278.75
900658,NV402062,2026-07,Moderate,Active,1278.75
900659,NV402063,2026-02,Moderate,Active,2277.39
900659,NV402063,2026-03,Moderate,Active,2277.39
900659,NV402063,2026-04,Moderate,Active,2277.39
900659,NV402063,2026-05,Moderate,Active,2277.39
900659,NV402063,2026-06,Moderate,Active,2277.39
900659,NV402063,2026-07,Moderate,Active,2277.39
900660,NV402068,2026-02,Aggressive,Active,2324.68
900660,NV402068,2026-03,Aggressive,Active,2324.68
900660,NV402068,2026-04,Aggressive,Active,2324.68
900660,NV402068,2026-05,Aggressive,Active,2324.68
900660,NV402068,2026-06,Aggressive,Active,2324.68
900660,NV402068,2026-07,Aggressive,Active,2324.68
900661,NV402073,2026-02,Aggressive,Active,2086.4
900661,NV402073,2026-03,Aggressive,Active,2086.4
900661,NV402073,2026-04,Aggressive,Active,2086.4
900661,NV402073,2026-05,Aggressive,Active,2086.4
900661,NV402073,2026-06,Aggressive,Active,2086.4
900661,NV402073,2026-07,Aggressive,Cancelled,0.0
900662,NV402082,2026-02,Moderate,Active,5864.77
900662,NV402082,2026-03,Moderate,Active,5864.77
900662,NV402082,2026-04,Moderate,Active,5864.77
900662,NV402082,2026-05,Moderate,Active,5864.77
900662,NV402082,2026-06,Moderate,Active,5864.77
900662,NV402082,2026-07,Moderate,Active,5864.77
900663,NV402095,2026-02,Moderate,Active,3819.31
900663,NV402095,2026-03,Moderate,Active,3819.31
900663,NV402095,2026-04,Moderate,Active,3819.31
900663,NV402095,2026-05,Moderate,Active,3819.31
900663,NV402095,2026-06,Moderate,Active,3819.31
900663,NV402095,2026-07,Moderate,Active,3819.31
900664,NV402096,2026-02,Moderate,Active,12235.77
900664,NV402096,2026-03,Moderate,Active,12235.77
900664,NV402096,2026-04,Moderate,Active,12235.77
900664,NV402096,2026-05,Moderate,Active,12235.77
900664,NV402096,2026-06,Moderate,Active,12235.77
900664,NV402096,2026-07,Moderate,Active,12235.77
900665,NV402096,2026-06,Moderate,Active,2871.04
900665,NV402096,2026-07,Moderate,Active,2871.04
900666,NV402099,2026-02,Aggressive,Active,6808.98
900666,NV402099,2026-03,Aggressive,Active,6808.98
900666,NV402099,2026-04,Aggressive,Active,6808.98
900666,NV402099,2026-05,Aggressive,Active,6808.98
900666,NV402099,2026-06,Aggressive,Active,6808.98
900666,NV402099,2026-07,Aggressive,Paused,0.0
900667,NV402105,2026-03,Moderate,Active,1769.45
900667,NV402105,2026-04,Moderate,Active,1769.45
900667,NV402105,2026-05,Moderate,Active,1769.45
900667,NV402105,2026-06,Moderate,Active,1769.45
900667,NV402105,2026-07,Moderate,Active,1769.45
900668,NV402106,2026-02,Aggressive,Active,2035.91
900668,NV402106,2026-03,Aggressive,Active,2035.91
900668,NV402106,2026-04,Aggressive,Active,2035.91
900668,NV402106,2026-05,Aggressive,Active,2035.91
900668,NV402106,2026-06,Aggressive,Active,2035.91
900668,NV402106,2026-07,Aggressive,Active,2035.91
900669,NV402113,2026-03,Moderate,Active,2418.52
900669,NV402113,2026-04,Moderate,Active,2418.52
900669,NV402113,2026-05,Moderate,Active,2418.52
900669,NV402113,2026-06,Moderate,Active,2418.52
900669,NV402113,2026-07,Moderate,Active,2418.52
900670,NV402118,2026-02,Conservative,Active,1188.1
900670,NV402118,2026-03,Conservative,Active,1188.1
900670,NV402118,2026-04,Conservative,Active,1188.1
900670,NV402118,2026-05,Conservative,Active,1188.1
900670,NV402118,2026-06,Conservative,Active,1188.1
900670,NV402118,2026-07,Conservative,Active,1188.1
900671,NV402119,2026-02,Moderate,Active,4853.35
900671,NV402119,2026-03,Moderate,Active,4853.35
900671,NV402119,2026-04,Moderate,Active,4853.35
900671,NV402119,2026-05,Moderate,Active,4853.35
900671,NV402119,2026-06,Moderate,Active,4853.35
900671,NV402119,2026-07,Moderate,Active,4853.35
900672,NV402119,2026-03,Moderate,Active,6187.91
900672,NV402119,2026-04,Moderate,Active,6187.91
900672,NV402119,2026-05,Moderate,Active,6187.91
900672,NV402119,2026-06,Moderate,Active,6187.91
900672,NV402119,2026-07,Moderate,Active,6187.91
900673,NV402131,2026-02,Moderate,Active,852.96
900673,NV402131,2026-03,Moderate,Active,852.96
900673,NV402131,2026-04,Moderate,Active,852.96
900673,NV402131,2026-05,Moderate,Active,852.96
900673,NV402131,2026-06,Moderate,Active,852.96
900673,NV402131,2026-07,Moderate,Active,852.96
900674,NV402132,2026-03,Conservative,Active,3713.44
900674,NV402132,2026-04,Conservative,Active,3713.44
900674,NV402132,2026-05,Conservative,Active,3713.44
900674,NV402132,2026-06,Conservative,Active,3713.44
900674,NV402132,2026-07,Conservative,Active,3713.44
900675,NV402135,2026-02,Moderate,Active,987.75
900675,NV402135,2026-03,Moderate,Active,987.75
900675,NV402135,2026-04,Moderate,Active,987.75
900675,NV402135,2026-05,Moderate,Active,987.75
900675,NV402135,2026-06,Moderate,Active,987.75
900675,NV402135,2026-07,Moderate,Active,987.75
900676,NV402137,2026-02,Aggressive,Active,1202.8
900676,NV402137,2026-03,Aggressive,Active,1202.8
900676,NV402137,2026-04,Aggressive,Active,1202.8
900676,NV402137,2026-05,Aggressive,Active,1202.8
900676,NV402137,2026-06,Aggressive,Active,1202.8
900676,NV402137,2026-07,Aggressive,Active,1202.8
900677,NV402140,2026-02,Moderate,Active,6556.36
900677,NV402140,2026-03,Moderate,Active,6556.36
900677,NV402140,2026-04,Moderate,Active,6556.36
900677,NV402140,2026-05,Moderate,Active,6556.36
900677,NV402140,2026-06,Moderate,Paused,0.0
900677,NV402140,2026-07,Moderate,Active,6556.36
900678,NV402142,2026-02,Conservative,Active,5829.62
900678,NV402142,2026-03,Conservative,Active,5829.62
900678,NV402142,2026-04,Conservative,Active,5829.62
900678,NV402142,2026-05,Conservative,Active,5829.62
900678,NV402142,2026-06,Conservative,Active,5829.62
900678,NV402142,2026-07,Conservative,Active,5829.62
900679,NV402157,2026-02,Aggressive,Active,3475.54
900679,NV402157,2026-03,Aggressive,Active,3475.54
900679,NV402157,2026-04,Aggressive,Active,3475.54
900679,NV402157,2026-05,Aggressive,Active,3475.54
900679,NV402157,2026-06,Aggressive,Active,3475.54
900679,NV402157,2026-07,Aggressive,Active,3475.54
900680,NV402160,2026-02,Moderate,Active,6133.49
900680,NV402160,2026-03,Moderate,Active,6133.49
900680,NV402160,2026-04,Moderate,Active,6133.49
900680,NV402160,2026-05,Moderate,Active,6133.49
900680,NV402160,2026-06,Moderate,Active,6133.49
900680,NV402160,2026-07,Moderate,Active,6133.49
900681,NV402163,2026-03,Aggressive,Active,4244.57
900681,NV402163,2026-04,Aggressive,Active,4244.57
900681,NV402163,2026-05,Aggressive,Active,4244.57
900681,NV402163,2026-06,Aggressive,Active,4244.57
900681,NV402163,2026-07,Aggressive,Active,4244.57
900682,NV402163,2026-04,Aggressive,Active,1987.5
900682,NV402163,2026-05,Aggressive,Active,1987.5
900682,NV402163,2026-06,Aggressive,Active,1987.5
900682,NV402163,2026-07,Aggressive,Active,1987.5
900683,NV402164,2026-02,Conservative,Active,3706.9
900683,NV402164,2026-03,Conservative,Cancelled,0.0
900684,NV402168,2026-02,Conservative,Active,2444.91
900684,NV402168,2026-03,Conservative,Active,2444.91
900684,NV402168,2026-04,Conservative,Active,2444.91
900684,NV402168,2026-05,Conservative,Cancelled,0.0
900685,NV402180,2026-02,Moderate,Active,4270.21
900685,NV402180,2026-03,Moderate,Active,4270.21
900685,NV402180,2026-04,Moderate,Active,4270.21
900685,NV402180,2026-05,Moderate,Active,4270.21
900685,NV402180,2026-06,Moderate,Active,4270.21
900685,NV402180,2026-07,Moderate,Active,4270.21
900686,NV402181,2026-02,Moderate,Active,2586.97
900686,NV402181,2026-03,Moderate,Active,2586.97
900686,NV402181,2026-04,Moderate,Active,2586.97
900686,NV402181,2026-05,Moderate,Active,2586.97
900686,NV402181,2026-06,Moderate,Paused,0.0
900686,NV402181,2026-07,Moderate,Active,2586.97
900687,NV402182,2026-02,Conservative,Active,3154.89
900687,NV402182,2026-03,Conservative,Active,3154.89
900687,NV402182,2026-04,Conservative,Active,3154.89
900687,NV402182,2026-05,Conservative,Active,3154.89
900687,NV402182,2026-06,Conservative,Active,3154.89
900687,NV402182,2026-07,Conservative,Active,3154.89
900688,NV402183,2026-02,Aggressive,Active,2048.67
900688,NV402183,2026-03,Aggressive,Active,2048.67
900688,NV402183,2026-04,Aggressive,Active,2048.67
900688,NV402183,2026-05,Aggressive,Active,2048.67
900688,NV402183,2026-06,Aggressive,Active,2048.67
900688,NV402183,2026-07,Aggressive,Active,2048.67
900689,NV402185,2026-02,Moderate,Active,2629.46
900689,NV402185,2026-03,Moderate,Active,2629.46
900689,NV402185,2026-04,Moderate,Active,2629.46
900689,NV402185,2026-05,Moderate,Paused,0.0
900689,NV402185,2026-06,Moderate,Paused,0.0
900689,NV402185,2026-07,Moderate,Active,2629.46
900690,NV402196,2026-02,Moderate,Active,6694.64
900690,NV402196,2026-03,Moderate,Active,6694.64
900690,NV402196,2026-04,Moderate,Active,6694.64
900690,NV402196,2026-05,Moderate,Paused,0.0
900690,NV402196,2026-06,Moderate,Paused,0.0
900690,NV402196,2026-07,Moderate,Active,6694.64
900691,NV402214,2026-02,Aggressive,Active,2253.14
900691,NV402214,2026-03,Aggressive,Active,2253.14
900691,NV402214,2026-04,Aggressive,Active,2253.14
900691,NV402214,2026-05,Aggressive,Active,2253.14
900691,NV402214,2026-06,Aggressive,Active,2253.14
900691,NV402214,2026-07,Aggressive,Active,2253.14
900692,NV402223,2026-03,Conservative,Active,2492.17
900692,NV402223,2026-04,Conservative,Active,2492.17
900692,NV402223,2026-05,Conservative,Active,2492.17
900692,NV402223,2026-06,Conservative,Active,2492.17
900692,NV402223,2026-07,Conservative,Active,2492.17
900693,NV402223,2026-06,Conservative,Active,1798.59
900693,NV402223,2026-07,Conservative,Active,1798.59
900694,NV402226,2026-06,Aggressive,Active,3920.16
900694,NV402226,2026-07,Aggressive,Active,3920.16
900695,NV402234,2026-02,Moderate,Active,1999.09
900695,NV402234,2026-03,Moderate,Active,1999.09
900695,NV402234,2026-04,Moderate,Active,1999.09
900695,NV402234,2026-05,Moderate,Active,1999.09
900695,NV402234,2026-06,Moderate,Active,1999.09
900695,NV402234,2026-07,Moderate,Active,1999.09
900696,NV402236,2026-02,Aggressive,Active,1350.97
900696,NV402236,2026-03,Aggressive,Active,1350.97
900696,NV402236,2026-04,Aggressive,Active,1350.97
900696,NV402236,2026-05,Aggressive,Active,1350.97
900696,NV402236,2026-06,Aggressive,Active,1350.97
900696,NV402236,2026-07,Aggressive,Active,1350.97
900697,NV402236,2026-03,Aggressive,Active,3129.99
900697,NV402236,2026-04,Aggressive,Active,3129.99
900697,NV402236,2026-05,Aggressive,Active,3129.99
900697,NV402236,2026-06,Aggressive,Active,3129.99
900697,NV402236,2026-07,Aggressive,Active,3129.99
900698,NV402237,2026-02,Conservative,Active,1231.91
900698,NV402237,2026-03,Conservative,Active,1231.91
900698,NV402237,2026-04,Conservative,Active,1231.91
900698,NV402237,2026-05,Conservative,Active,1231.91
900698,NV402237,2026-06,Conservative,Active,1231.91
900698,NV402237,2026-07,Conservative,Active,1231.91
900699,NV402240,2026-02,Moderate,Active,2083.51
900699,NV402240,2026-03,Moderate,Active,2083.51
900699,NV402240,2026-04,Moderate,Active,2083.51
900699,NV402240,2026-05,Moderate,Active,2083.51
900699,NV402240,2026-06,Moderate,Active,2083.51
900699,NV402240,2026-07,Moderate,Active,2083.51
900700,NV402240,2026-05,Moderate,Active,1933.84
900700,NV402240,2026-06,Moderate,Active,1933.84
900700,NV402240,2026-07,Moderate,Active,1933.84
900701,NV402245,2026-02,Moderate,Active,6642.3
900701,NV402245,2026-03,Moderate,Paused,0.0
900701,NV402245,2026-04,Moderate,Active,6642.3
900701,NV402245,2026-05,Moderate,Active,6642.3
900701,NV402245,2026-06,Moderate,Active,6642.3
900701,NV402245,2026-07,Moderate,Active,6642.3
900702,NV402246,2026-06,Conservative,Active,5379.32
900702,NV402246,2026-07,Conservative,Active,5379.32
900703,NV402264,2026-02,Conservative,Active,2784.16
900703,NV402264,2026-03,Conservative,Active,2784.16
900703,NV402264,2026-04,Conservative,Active,2784.16
900703,NV402264,2026-05,Conservative,Active,2784.16
900703,NV402264,2026-06,Conservative,Active,2784.16
900703,NV402264,2026-07,Conservative,Active,2784.16
900704,NV402267,2026-02,Moderate,Active,1229.06
900704,NV402267,2026-03,Moderate,Active,1229.06
900704,NV402267,2026-04,Moderate,Active,1229.06
900704,NV402267,2026-05,Moderate,Active,1229.06
900704,NV402267,2026-06,Moderate,Paused,0.0
900704,NV402267,2026-07,Moderate,Active,1229.06
900705,NV402268,2026-02,Conservative,Active,1517.12
900705,NV402268,2026-03,Conservative,Active,1517.12
900705,NV402268,2026-04,Conservative,Active,1517.12
900705,NV402268,2026-05,Conservative,Active,1517.12
900705,NV402268,2026-06,Conservative,Active,1517.12
900705,NV402268,2026-07,Conservative,Active,1517.12
900706,NV402269,2026-02,Moderate,Active,2009.47
900706,NV402269,2026-03,Moderate,Active,2009.47
900706,NV402269,2026-04,Moderate,Active,2009.47
900706,NV402269,2026-05,Moderate,Active,2009.47
900706,NV402269,2026-06,Moderate,Active,2009.47
900706,NV402269,2026-07,Moderate,Active,2009.47
900707,NV402270,2026-02,Conservative,Active,3641.12
900707,NV402270,2026-03,Conservative,Active,3641.12
900707,NV402270,2026-04,Conservative,Active,3641.12
900707,NV402270,2026-05,Conservative,Active,3641.12
900707,NV402270,2026-06,Conservative,Active,3641.12
900707,NV402270,2026-07,Conservative,Active,3641.12
900708,NV402282,2026-02,Conservative,Active,3697.94
900708,NV402282,2026-03,Conservative,Active,3697.94
900708,NV402282,2026-04,Conservative,Active,3697.94
900708,NV402282,2026-05,Conservative,Active,3697.94
900708,NV402282,2026-06,Conservative,Active,3697.94
900708,NV402282,2026-07,Conservative,Active,3697.94
900709,NV402287,2026-02,Moderate,Active,3124.53
900709,NV402287,2026-03,Moderate,Active,3124.53
900709,NV402287,2026-04,Moderate,Active,3124.53
900709,NV402287,2026-05,Moderate,Active,3124.53
900709,NV402287,2026-06,Moderate,Active,3124.53
900709,NV402287,2026-07,Moderate,Cancelled,0.0
900710,NV402288,2026-02,Conservative,Active,4981.5
900710,NV402288,2026-03,Conservative,Active,4981.5
900710,NV402288,2026-04,Conservative,Active,4981.5
900710,NV402288,2026-05,Conservative,Active,4981.5
900710,NV402288,2026-06,Conservative,Active,4981.5
900710,NV402288,2026-07,Conservative,Active,4981.5
900711,NV402288,2026-04,Conservative,Active,2092.47
900711,NV402288,2026-05,Conservative,Active,2092.47
900711,NV402288,2026-06,Conservative,Active,2092.47
900711,NV402288,2026-07,Conservative,Active,2092.47
900712,NV402297,2026-02,Conservative,Active,1994.77
900712,NV402297,2026-03,Conservative,Active,1994.77
900712,NV402297,2026-04,Conservative,Active,1994.77
900712,NV402297,2026-05,Conservative,Active,1994.77
900712,NV402297,2026-06,Conservative,Active,1994.77
900712,NV402297,2026-07,Conservative,Active,1994.77
900713,NV402302,2026-02,Moderate,Active,1627.54
900713,NV402302,2026-03,Moderate,Active,1627.54
900713,NV402302,2026-04,Moderate,Active,1627.54
900713,NV402302,2026-05,Moderate,Active,1627.54
900713,NV402302,2026-06,Moderate,Active,1627.54
900713,NV402302,2026-07,Moderate,Active,1627.54
900714,NV402305,2026-02,Conservative,Active,2651.67
900714,NV402305,2026-03,Conservative,Active,2651.67
900714,NV402305,2026-04,Conservative,Active,2651.67
900714,NV402305,2026-05,Conservative,Active,2651.67
900714,NV402305,2026-06,Conservative,Active,2651.67
900714,NV402305,2026-07,Conservative,Active,2651.67
900715,NV402306,2026-02,Aggressive,Active,3041.89
900715,NV402306,2026-03,Aggressive,Active,3041.89
900715,NV402306,2026-04,Aggressive,Active,3041.89
900715,NV402306,2026-05,Aggressive,Active,3041.89
900715,NV402306,2026-06,Aggressive,Active,3041.89
900715,NV402306,2026-07,Aggressive,Active,3041.89
900716,NV402307,2026-02,Moderate,Active,2249.54
900716,NV402307,2026-03,Moderate,Active,2249.54
900716,NV402307,2026-04,Moderate,Active,2249.54
900716,NV402307,2026-05,Moderate,Active,2249.54
900716,NV402307,2026-06,Moderate,Active,2249.54
900716,NV402307,2026-07,Moderate,Active,2249.54
900717,NV402319,2026-02,Aggressive,Active,3076.61
900717,NV402319,2026-03,Aggressive,Active,3076.61
900717,NV402319,2026-04,Aggressive,Active,3076.61
900717,NV402319,2026-05,Aggressive,Active,3076.61
900717,NV402319,2026-06,Aggressive,Active,3076.61
900717,NV402319,2026-07,Aggressive,Active,3076.61
900718,NV402320,2026-03,Moderate,Active,3589.66
900718,NV402320,2026-04,Moderate,Active,3589.66
900718,NV402320,2026-05,Moderate,Active,3589.66
900718,NV402320,2026-06,Moderate,Active,3589.66
900718,NV402320,2026-07,Moderate,Active,3589.66
900719,NV402330,2026-02,Aggressive,Active,2090.99
900719,NV402330,2026-03,Aggressive,Active,2090.99
900719,NV402330,2026-04,Aggressive,Active,2090.99
900719,NV402330,2026-05,Aggressive,Active,2090.99
900719,NV402330,2026-06,Aggressive,Active,2090.99
900719,NV402330,2026-07,Aggressive,Active,2090.99
900720,NV402344,2026-02,Moderate,Active,2945.46
900720,NV402344,2026-03,Moderate,Active,2945.46
900720,NV402344,2026-04,Moderate,Active,2945.46
900720,NV402344,2026-05,Moderate,Paused,0.0
900720,NV402344,2026-06,Moderate,Paused,0.0
900720,NV402344,2026-07,Moderate,Active,2945.46
900721,NV402346,2026-02,Conservative,Active,3595.85
900721,NV402346,2026-03,Conservative,Active,3595.85
900721,NV402346,2026-04,Conservative,Active,3595.85
900721,NV402346,2026-05,Conservative,Active,3595.85
900721,NV402346,2026-06,Conservative,Active,3595.85
900721,NV402346,2026-07,Conservative,Active,3595.85
900722,NV402351,2026-02,Moderate,Active,2659.33
900722,NV402351,2026-03,Moderate,Active,2659.33
900722,NV402351,2026-04,Moderate,Active,2659.33
900722,NV402351,2026-05,Moderate,Active,2659.33
900722,NV402351,2026-06,Moderate,Active,2659.33
900722,NV402351,2026-07,Moderate,Active,2659.33
900723,NV402352,2026-02,Conservative,Paused,0.0
900723,NV402352,2026-03,Conservative,Cancelled,0.0
900724,NV402354,2026-02,Conservative,Active,1935.7
900724,NV402354,2026-03,Conservative,Active,1935.7
900724,NV402354,2026-04,Conservative,Active,1935.7
900724,NV402354,2026-05,Conservative,Active,1935.7
900724,NV402354,2026-06,Conservative,Active,1935.7
900724,NV402354,2026-07,Conservative,Paused,0.0
900725,NV402355,2026-02,Aggressive,Active,1657.03
900725,NV402355,2026-03,Aggressive,Active,1657.03
900725,NV402355,2026-04,Aggressive,Active,1657.03
900725,NV402355,2026-05,Aggressive,Active,1657.03
900725,NV402355,2026-06,Aggressive,Active,1657.03
900725,NV402355,2026-07,Aggressive,Active,1657.03
900726,NV402360,2026-02,Aggressive,Active,2459.43
900726,NV402360,2026-03,Aggressive,Active,2459.43
900726,NV402360,2026-04,Aggressive,Active,2459.43
900726,NV402360,2026-05,Aggressive,Active,2459.43
900726,NV402360,2026-06,Aggressive,Active,2459.43
900726,NV402360,2026-07,Aggressive,Active,2459.43
900727,NV402360,2026-05,Aggressive,Active,997.38
900727,NV402360,2026-06,Aggressive,Active,997.38
900727,NV402360,2026-07,Aggressive,Active,997.38
900728,NV402364,2026-02,Aggressive,Active,3754.81
900728,NV402364,2026-03,Aggressive,Active,3754.81
900728,NV402364,2026-04,Aggressive,Active,3754.81
900728,NV402364,2026-05,Aggressive,Active,3754.81
900728,NV402364,2026-06,Aggressive,Active,3754.81
900728,NV402364,2026-07,Aggressive,Active,3754.81
900729,NV402364,2026-07,Aggressive,Active,1169.46
900730,NV402367,2026-02,Moderate,Active,1871.61
900730,NV402367,2026-03,Moderate,Active,1871.61
900730,NV402367,2026-04,Moderate,Active,1871.61
900730,NV402367,2026-05,Moderate,Active,1871.61
900730,NV402367,2026-06,Moderate,Active,1871.61
900730,NV402367,2026-07,Moderate,Active,1871.61
900731,NV402375,2026-05,Moderate,Active,2308.94
900731,NV402375,2026-06,Moderate,Cancelled,0.0
900732,NV402377,2026-04,Moderate,Active,708.9
900732,NV402377,2026-05,Moderate,Active,708.9
900732,NV402377,2026-06,Moderate,Paused,0.0
900732,NV402377,2026-07,Moderate,Active,708.9
900733,NV402380,2026-07,Moderate,Paused,0.0
900734,NV402381,2026-02,Conservative,Active,6155.85
900734,NV402381,2026-03,Conservative,Active,6155.85
900734,NV402381,2026-04,Conservative,Active,6155.85
900734,NV402381,2026-05,Conservative,Active,6155.85
900734,NV402381,2026-06,Conservative,Active,6155.85
900734,NV402381,2026-07,Conservative,Active,6155.85
900735,NV402382,2026-03,Conservative,Active,1860.35
900735,NV402382,2026-04,Conservative,Paused,0.0
900735,NV402382,2026-05,Conservative,Paused,0.0
900735,NV402382,2026-06,Conservative,Active,1860.35
900735,NV402382,2026-07,Conservative,Active,1860.35
900736,NV402390,2026-03,Conservative,Cancelled,0.0
900737,NV402391,2026-02,Moderate,Active,3740.45
900737,NV402391,2026-03,Moderate,Active,3740.45
900737,NV402391,2026-04,Moderate,Active,3740.45
900737,NV402391,2026-05,Moderate,Active,3740.45
900737,NV402391,2026-06,Moderate,Active,3740.45
900737,NV402391,2026-07,Moderate,Active,3740.45
900738,NV402391,2026-06,Moderate,Active,2293.45
900738,NV402391,2026-07,Moderate,Active,2293.45
900739,NV402394,2026-02,Conservative,Active,2995.18
900739,NV402394,2026-03,Conservative,Active,2995.18
900739,NV402394,2026-04,Conservative,Active,2995.18
900739,NV402394,2026-05,Conservative,Paused,0.0
900739,NV402394,2026-06,Conservative,Paused,0.0
900739,NV402394,2026-07,Conservative,Active,2995.18
900740,NV402395,2026-02,Moderate,Active,4064.97
900740,NV402395,2026-03,Moderate,Active,4064.97
900740,NV402395,2026-04,Moderate,Active,4064.97
900740,NV402395,2026-05,Moderate,Cancelled,0.0
900741,NV402398,2026-02,Moderate,Active,1861.44
900741,NV402398,2026-03,Moderate,Active,1861.44
900741,NV402398,2026-04,Moderate,Active,1861.44
900741,NV402398,2026-05,Moderate,Cancelled,0.0
900742,NV402409,2026-02,Moderate,Active,2689.01
900742,NV402409,2026-03,Moderate,Active,2689.01
900742,NV402409,2026-04,Moderate,Active,2689.01
900742,NV402409,2026-05,Moderate,Active,2689.01
900742,NV402409,2026-06,Moderate,Paused,0.0
900742,NV402409,2026-07,Moderate,Active,2689.01
900743,NV402411,2026-02,Aggressive,Active,3944.02
900743,NV402411,2026-03,Aggressive,Active,3944.02
900743,NV402411,2026-04,Aggressive,Active,3944.02
900743,NV402411,2026-05,Aggressive,Active,3944.02
900743,NV402411,2026-06,Aggressive,Active,3944.02
900743,NV402411,2026-07,Aggressive,Active,3944.02
900744,NV402415,2026-02,Moderate,Active,2227.53
900744,NV402415,2026-03,Moderate,Active,2227.53
900744,NV402415,2026-04,Moderate,Active,2227.53
900744,NV402415,2026-05,Moderate,Active,2227.53
900744,NV402415,2026-06,Moderate,Active,2227.53
900744,NV402415,2026-07,Moderate,Active,2227.53
900745,NV402420,2026-02,Moderate,Active,4500.88
900745,NV402420,2026-03,Moderate,Active,4500.88
900745,NV402420,2026-04,Moderate,Active,4500.88
900745,NV402420,2026-05,Moderate,Active,4500.88
900745,NV402420,2026-06,Moderate,Active,4500.88
900745,NV402420,2026-07,Moderate,Active,4500.88
900746,NV402423,2026-02,Aggressive,Active,2910.06
900746,NV402423,2026-03,Aggressive,Paused,0.0
900746,NV402423,2026-04,Aggressive,Active,2910.06
900746,NV402423,2026-05,Aggressive,Active,2910.06
900746,NV402423,2026-06,Aggressive,Active,2910.06
900746,NV402423,2026-07,Aggressive,Active,2910.06
900747,NV402423,2026-06,Aggressive,Active,1480.2
900747,NV402423,2026-07,Aggressive,Active,1480.2
900748,NV402424,2026-02,Conservative,Active,3795.88
900748,NV402424,2026-03,Conservative,Active,3795.88
900748,NV402424,2026-04,Conservative,Active,3795.88
900748,NV402424,2026-05,Conservative,Active,3795.88
900748,NV402424,2026-06,Conservative,Active,3795.88
900748,NV402424,2026-07,Conservative,Active,3795.88
900749,NV402428,2026-05,Moderate,Active,1804.08
900749,NV402428,2026-06,Moderate,Active,1804.08
900749,NV402428,2026-07,Moderate,Active,1804.08
900750,NV402430,2026-02,Conservative,Active,3629.91
900750,NV402430,2026-03,Conservative,Active,3629.91
900750,NV402430,2026-04,Conservative,Active,3629.91
900750,NV402430,2026-05,Conservative,Paused,0.0
900750,NV402430,2026-06,Conservative,Paused,0.0
900750,NV402430,2026-07,Conservative,Active,3629.91
900751,NV402432,2026-02,Moderate,Active,2656.8
900751,NV402432,2026-03,Moderate,Active,2656.8
900751,NV402432,2026-04,Moderate,Active,2656.8
900751,NV402432,2026-05,Moderate,Active,2656.8
900751,NV402432,2026-06,Moderate,Active,2656.8
900751,NV402432,2026-07,Moderate,Active,2656.8
900752,NV402442,2026-03,Moderate,Cancelled,0.0
900753,NV402443,2026-02,Conservative,Active,2246.04
900753,NV402443,2026-03,Conservative,Active,2246.04
900753,NV402443,2026-04,Conservative,Active,2246.04
900753,NV402443,2026-05,Conservative,Active,2246.04
900753,NV402443,2026-06,Conservative,Active,2246.04
900753,NV402443,2026-07,Conservative,Active,2246.04
900754,NV402445,2026-02,Conservative,Active,2557.6
900754,NV402445,2026-03,Conservative,Active,2557.6
900754,NV402445,2026-04,Conservative,Active,2557.6
900754,NV402445,2026-05,Conservative,Active,2557.6
900754,NV402445,2026-06,Conservative,Cancelled,0.0
900755,NV402447,2026-03,Moderate,Active,1631.69
900755,NV402447,2026-04,Moderate,Active,1631.69
900755,NV402447,2026-05,Moderate,Active,1631.69
900755,NV402447,2026-06,Moderate,Active,1631.69
900755,NV402447,2026-07,Moderate,Active,1631.69
900756,NV402451,2026-02,Aggressive,Active,7076.25
900756,NV402451,2026-03,Aggressive,Active,7076.25
900756,NV402451,2026-04,Aggressive,Active,7076.25
900756,NV402451,2026-05,Aggressive,Active,7076.25
900756,NV402451,2026-06,Aggressive,Active,7076.25
900756,NV402451,2026-07,Aggressive,Active,7076.25
900757,NV402451,2026-05,Aggressive,Paused,0.0
900757,NV402451,2026-06,Aggressive,Active,658.68
900757,NV402451,2026-07,Aggressive,Active,658.68
900758,NV402453,2026-02,Moderate,Active,1290.73
900758,NV402453,2026-03,Moderate,Active,1290.73
900758,NV402453,2026-04,Moderate,Active,1290.73
900758,NV402453,2026-05,Moderate,Active,1290.73
900758,NV402453,2026-06,Moderate,Active,1290.73
900758,NV402453,2026-07,Moderate,Active,1290.73
900759,NV402454,2026-02,Moderate,Active,3107.56
900759,NV402454,2026-03,Moderate,Active,3107.56
900759,NV402454,2026-04,Moderate,Active,3107.56
900759,NV402454,2026-05,Moderate,Active,3107.56
900759,NV402454,2026-06,Moderate,Active,3107.56
900759,NV402454,2026-07,Moderate,Active,3107.56
900760,NV402455,2026-02,Aggressive,Active,5480.05
900760,NV402455,2026-03,Aggressive,Active,5480.05
900760,NV402455,2026-04,Aggressive,Active,5480.05
900760,NV402455,2026-05,Aggressive,Active,5480.05
900760,NV402455,2026-06,Aggressive,Active,5480.05
900760,NV402455,2026-07,Aggressive,Active,5480.05
900761,NV402462,2026-02,Aggressive,Active,1912.9
900761,NV402462,2026-03,Aggressive,Active,1912.9
900761,NV402462,2026-04,Aggressive,Active,1912.9
900761,NV402462,2026-05,Aggressive,Active,1912.9
900761,NV402462,2026-06,Aggressive,Active,1912.9
900761,NV402462,2026-07,Aggressive,Active,1912.9
900762,NV402465,2026-02,Conservative,Active,2036.42
900762,NV402465,2026-03,Conservative,Active,2036.42
900762,NV402465,2026-04,Conservative,Active,2036.42
900762,NV402465,2026-05,Conservative,Active,2036.42
900762,NV402465,2026-06,Conservative,Active,2036.42
900762,NV402465,2026-07,Conservative,Active,2036.42
900763,NV402471,2026-02,Moderate,Active,2312.08
900763,NV402471,2026-03,Moderate,Active,2312.08
900763,NV402471,2026-04,Moderate,Active,2312.08
900763,NV402471,2026-05,Moderate,Paused,0.0
900763,NV402471,2026-06,Moderate,Paused,0.0
900763,NV402471,2026-07,Moderate,Active,2312.08
900764,NV402472,2026-03,Aggressive,Active,4024.94
900764,NV402472,2026-04,Aggressive,Active,4024.94
900764,NV402472,2026-05,Aggressive,Active,4024.94
900764,NV402472,2026-06,Aggressive,Active,4024.94
900764,NV402472,2026-07,Aggressive,Active,4024.94
900765,NV402486,2026-02,Moderate,Active,1948.6
900765,NV402486,2026-03,Moderate,Active,1948.6
900765,NV402486,2026-04,Moderate,Active,1948.6
900765,NV402486,2026-05,Moderate,Active,1948.6
900765,NV402486,2026-06,Moderate,Paused,0.0
900765,NV402486,2026-07,Moderate,Cancelled,0.0
900766,NV402488,2026-03,Moderate,Active,1283.01
900766,NV402488,2026-04,Moderate,Cancelled,0.0
900767,NV402501,2026-02,Moderate,Cancelled,0.0
900768,NV402502,2026-02,Aggressive,Active,4281.84
900768,NV402502,2026-03,Aggressive,Active,4281.84
900768,NV402502,2026-04,Aggressive,Active,4281.84
900768,NV402502,2026-05,Aggressive,Active,4281.84
900768,NV402502,2026-06,Aggressive,Active,4281.84
900768,NV402502,2026-07,Aggressive,Active,4281.84
900769,NV402503,2026-02,Aggressive,Active,2777.72
900769,NV402503,2026-03,Aggressive,Active,2777.72
900769,NV402503,2026-04,Aggressive,Active,2777.72
900769,NV402503,2026-05,Aggressive,Active,2777.72
900769,NV402503,2026-06,Aggressive,Paused,0.0
900769,NV402503,2026-07,Aggressive,Active,2777.72
900770,NV402504,2026-02,Moderate,Active,2679.39
900770,NV402504,2026-03,Moderate,Cancelled,0.0
900771,NV402508,2026-02,Moderate,Active,2068.3
900771,NV402508,2026-03,Moderate,Active,2068.3
900771,NV402508,2026-04,Moderate,Active,2068.3
900771,NV402508,2026-05,Moderate,Active,2068.3
900771,NV402508,2026-06,Moderate,Active,2068.3
900771,NV402508,2026-07,Moderate,Active,2068.3
900772,NV402514,2026-02,Moderate,Active,6881.97
900772,NV402514,2026-03,Moderate,Active,6881.97
900772,NV402514,2026-04,Moderate,Active,6881.97
900772,NV402514,2026-05,Moderate,Active,6881.97
900772,NV402514,2026-06,Moderate,Active,6881.97
900772,NV402514,2026-07,Moderate,Active,6881.97
900773,NV402521,2026-02,Aggressive,Active,3417.83
900773,NV402521,2026-03,Aggressive,Active,3417.83
900773,NV402521,2026-04,Aggressive,Active,3417.83
900773,NV402521,2026-05,Aggressive,Active,3417.83
900773,NV402521,2026-06,Aggressive,Paused,0.0
900773,NV402521,2026-07,Aggressive,Cancelled,0.0
900774,NV402521,2026-04,Aggressive,Active,9922.54
900774,NV402521,2026-05,Aggressive,Active,9922.54
900774,NV402521,2026-06,Aggressive,Active,9922.54
900774,NV402521,2026-07,Aggressive,Active,9922.54
900775,NV402526,2026-02,Moderate,Active,1039.44
900775,NV402526,2026-03,Moderate,Active,1039.44
900775,NV402526,2026-04,Moderate,Active,1039.44
900775,NV402526,2026-05,Moderate,Active,1039.44
900775,NV402526,2026-06,Moderate,Active,1039.44
900775,NV402526,2026-07,Moderate,Active,1039.44
900776,NV402528,2026-02,Conservative,Cancelled,0.0
900777,NV402530,2026-02,Moderate,Active,15040.59
900777,NV402530,2026-03,Moderate,Active,15040.59
900777,NV402530,2026-04,Moderate,Active,15040.59
900777,NV402530,2026-05,Moderate,Active,15040.59
900777,NV402530,2026-06,Moderate,Active,15040.59
900777,NV402530,2026-07,Moderate,Active,15040.59
900778,NV402537,2026-02,Moderate,Active,4761.45
900778,NV402537,2026-03,Moderate,Active,4761.45
900778,NV402537,2026-04,Moderate,Active,4761.45
900778,NV402537,2026-05,Moderate,Active,4761.45
900778,NV402537,2026-06,Moderate,Active,4761.45
900778,NV402537,2026-07,Moderate,Active,4761.45
900779,NV402537,2026-06,Moderate,Active,2142.61
900779,NV402537,2026-07,Moderate,Active,2142.61
900780,NV402542,2026-02,Aggressive,Active,2529.41
900780,NV402542,2026-03,Aggressive,Active,2529.41
900780,NV402542,2026-04,Aggressive,Active,2529.41
900780,NV402542,2026-05,Aggressive,Active,2529.41
900780,NV402542,2026-06,Aggressive,Cancelled,0.0
900781,NV402542,2026-06,Aggressive,Active,6868.42
900781,NV402542,2026-07,Aggressive,Paused,0.0
900782,NV402543,2026-02,Moderate,Active,1646.53
900782,NV402543,2026-03,Moderate,Active,1646.53
900782,NV402543,2026-04,Moderate,Active,1646.53
900782,NV402543,2026-05,Moderate,Active,1646.53
900782,NV402543,2026-06,Moderate,Active,1646.53
900782,NV402543,2026-07,Moderate,Active,1646.53
900783,NV402544,2026-02,Moderate,Active,1926.82
900783,NV402544,2026-03,Moderate,Active,1926.82
900783,NV402544,2026-04,Moderate,Active,1926.82
900783,NV402544,2026-05,Moderate,Active,1926.82
900783,NV402544,2026-06,Moderate,Active,1926.82
900783,NV402544,2026-07,Moderate,Active,1926.82
900784,NV402547,2026-02,Aggressive,Active,3222.25
900784,NV402547,2026-03,Aggressive,Active,3222.25
900784,NV402547,2026-04,Aggressive,Active,3222.25
900784,NV402547,2026-05,Aggressive,Active,3222.25
900784,NV402547,2026-06,Aggressive,Active,3222.25
900784,NV402547,2026-07,Aggressive,Active,3222.25
900785,NV402553,2026-02,Conservative,Active,4371.84
900785,NV402553,2026-03,Conservative,Active,4371.84
900785,NV402553,2026-04,Conservative,Active,4371.84
900785,NV402553,2026-05,Conservative,Cancelled,0.0
900786,NV402559,2026-03,Moderate,Active,2173.71
900786,NV402559,2026-04,Moderate,Active,2173.71
900786,NV402559,2026-05,Moderate,Paused,0.0
900786,NV402559,2026-06,Moderate,Active,2173.71
900786,NV402559,2026-07,Moderate,Active,2173.71
900787,NV402562,2026-02,Moderate,Active,7610.87
900787,NV402562,2026-03,Moderate,Active,7610.87
900787,NV402562,2026-04,Moderate,Active,7610.87
900787,NV402562,2026-05,Moderate,Active,7610.87
900787,NV402562,2026-06,Moderate,Active,7610.87
900787,NV402562,2026-07,Moderate,Active,7610.87
900788,NV402566,2026-02,Aggressive,Active,5495.85
900788,NV402566,2026-03,Aggressive,Active,5495.85
900788,NV402566,2026-04,Aggressive,Cancelled,0.0
900789,NV402567,2026-03,Conservative,Active,2571.76
900789,NV402567,2026-04,Conservative,Active,2571.76
900789,NV402567,2026-05,Conservative,Active,2571.76
900789,NV402567,2026-06,Conservative,Active,2571.76
900789,NV402567,2026-07,Conservative,Active,2571.76
900790,NV402569,2026-02,Aggressive,Active,1871.57
900790,NV402569,2026-03,Aggressive,Active,1871.57
900790,NV402569,2026-04,Aggressive,Active,1871.57
900790,NV402569,2026-05,Aggressive,Active,1871.57
900790,NV402569,2026-06,Aggressive,Active,1871.57
900790,NV402569,2026-07,Aggressive,Active,1871.57
900791,NV402569,2026-06,Aggressive,Active,8074.32
900791,NV402569,2026-07,Aggressive,Active,8074.32
900792,NV402575,2026-03,Moderate,Active,2097.66
900792,NV402575,2026-04,Moderate,Active,2097.66
900792,NV402575,2026-05,Moderate,Active,2097.66
900792,NV402575,2026-06,Moderate,Cancelled,0.0
900793,NV402576,2026-02,Conservative,Active,5441.89
900793,NV402576,2026-03,Conservative,Active,5441.89
900793,NV402576,2026-04,Conservative,Active,5441.89
900793,NV402576,2026-05,Conservative,Cancelled,0.0
900794,NV402577,2026-02,Moderate,Active,1930.6
900794,NV402577,2026-03,Moderate,Active,1930.6
900794,NV402577,2026-04,Moderate,Active,1930.6
900794,NV402577,2026-05,Moderate,Active,1930.6
900794,NV402577,2026-06,Moderate,Active,1930.6
900794,NV402577,2026-07,Moderate,Active,1930.6
900795,NV402581,2026-02,Conservative,Active,2637.95
900795,NV402581,2026-03,Conservative,Active,2637.95
900795,NV402581,2026-04,Conservative,Active,2637.95
900795,NV402581,2026-05,Conservative,Paused,0.0
900795,NV402581,2026-06,Conservative,Active,2637.95
900795,NV402581,2026-07,Conservative,Active,2637.95
900796,NV402581,2026-03,Conservative,Active,2905.2
900796,NV402581,2026-04,Conservative,Active,2905.2
900796,NV402581,2026-05,Conservative,Active,2905.2
900796,NV402581,2026-06,Conservative,Active,2905.2
900796,NV402581,2026-07,Conservative,Active,2905.2
900797,NV402584,2026-02,Aggressive,Active,1643.9
900797,NV402584,2026-03,Aggressive,Active,1643.9
900797,NV402584,2026-04,Aggressive,Active,1643.9
900797,NV402584,2026-05,Aggressive,Active,1643.9
900797,NV402584,2026-06,Aggressive,Active,1643.9
900797,NV402584,2026-07,Aggressive,Active,1643.9
900798,NV402584,2026-07,Aggressive,Active,1751.03
900799,NV402587,2026-02,Moderate,Active,2210.66
900799,NV402587,2026-03,Moderate,Active,2210.66
900799,NV402587,2026-04,Moderate,Active,2210.66
900799,NV402587,2026-05,Moderate,Active,2210.66
900799,NV402587,2026-06,Moderate,Active,2210.66
900799,NV402587,2026-07,Moderate,Active,2210.66
900800,NV402589,2026-02,Conservative,Active,2083.97
900800,NV402589,2026-03,Conservative,Active,2083.97
900800,NV402589,2026-04,Conservative,Active,2083.97
900800,NV402589,2026-05,Conservative,Active,2083.97
900800,NV402589,2026-06,Conservative,Active,2083.97
900800,NV402589,2026-07,Conservative,Active,2083.97
900801,NV402590,2026-02,Aggressive,Active,2686.32
900801,NV402590,2026-03,Aggressive,Active,2686.32
900801,NV402590,2026-04,Aggressive,Active,2686.32
900801,NV402590,2026-05,Aggressive,Active,2686.32
900801,NV402590,2026-06,Aggressive,Active,2686.32
900801,NV402590,2026-07,Aggressive,Active,2686.32
900802,NV402596,2026-03,Aggressive,Active,4271.79
900802,NV402596,2026-04,Aggressive,Active,4271.79
900802,NV402596,2026-05,Aggressive,Active,4271.79
900802,NV402596,2026-06,Aggressive,Active,4271.79
900802,NV402596,2026-07,Aggressive,Active,4271.79
900803,NV402598,2026-05,Moderate,Active,1981.74
900803,NV402598,2026-06,Moderate,Active,1981.74
900803,NV402598,2026-07,Moderate,Active,1981.74
900804,NV402603,2026-02,Conservative,Active,2665.81
900804,NV402603,2026-03,Conservative,Active,2665.81
900804,NV402603,2026-04,Conservative,Active,2665.81
900804,NV402603,2026-05,Conservative,Active,2665.81
900804,NV402603,2026-06,Conservative,Active,2665.81
900804,NV402603,2026-07,Conservative,Active,2665.81
900805,NV402604,2026-02,Aggressive,Active,1560.76
900805,NV402604,2026-03,Aggressive,Active,1560.76
900805,NV402604,2026-04,Aggressive,Active,1560.76
900805,NV402604,2026-05,Aggressive,Active,1560.76
900805,NV402604,2026-06,Aggressive,Active,1560.76
900805,NV402604,2026-07,Aggressive,Active,1560.76
900806,NV402607,2026-02,Moderate,Active,2913.18
900806,NV402607,2026-03,Moderate,Active,2913.18
900806,NV402607,2026-04,Moderate,Active,2913.18
900806,NV402607,2026-05,Moderate,Active,2913.18
900806,NV402607,2026-06,Moderate,Paused,0.0
900806,NV402607,2026-07,Moderate,Cancelled,0.0
900807,NV402615,2026-02,Moderate,Active,2754.13
900807,NV402615,2026-03,Moderate,Active,2754.13
900807,NV402615,2026-04,Moderate,Active,2754.13
900807,NV402615,2026-05,Moderate,Active,2754.13
900807,NV402615,2026-06,Moderate,Active,2754.13
900807,NV402615,2026-07,Moderate,Active,2754.13
900808,NV402615,2026-06,Moderate,Cancelled,0.0
900809,NV402620,2026-02,Moderate,Active,3373.17
900809,NV402620,2026-03,Moderate,Active,3373.17
900809,NV402620,2026-04,Moderate,Active,3373.17
900809,NV402620,2026-05,Moderate,Active,3373.17
900809,NV402620,2026-06,Moderate,Active,3373.17
900809,NV402620,2026-07,Moderate,Active,3373.17
900810,NV402621,2026-02,Aggressive,Active,1224.13
900810,NV402621,2026-03,Aggressive,Active,1224.13
900810,NV402621,2026-04,Aggressive,Active,1224.13
900810,NV402621,2026-05,Aggressive,Active,1224.13
900810,NV402621,2026-06,Aggressive,Active,1224.13
900810,NV402621,2026-07,Aggressive,Active,1224.13
900811,NV402626,2026-02,Moderate,Active,1370.72
900811,NV402626,2026-03,Moderate,Active,1370.72
900811,NV402626,2026-04,Moderate,Active,1370.72
900811,NV402626,2026-05,Moderate,Cancelled,0.0
900812,NV402630,2026-02,Aggressive,Active,1178.22
900812,NV402630,2026-03,Aggressive,Active,1178.22
900812,NV402630,2026-04,Aggressive,Active,1178.22
900812,NV402630,2026-05,Aggressive,Active,1178.22
900812,NV402630,2026-06,Aggressive,Active,1178.22
900812,NV402630,2026-07,Aggressive,Paused,0.0
900813,NV402633,2026-02,Moderate,Active,1846.3
900813,NV402633,2026-03,Moderate,Active,1846.3
900813,NV402633,2026-04,Moderate,Active,1846.3
900813,NV402633,2026-05,Moderate,Active,1846.3
900813,NV402633,2026-06,Moderate,Active,1846.3
900813,NV402633,2026-07,Moderate,Active,1846.3
900814,NV402635,2026-02,Aggressive,Active,3138.47
900814,NV402635,2026-03,Aggressive,Active,3138.47
900814,NV402635,2026-04,Aggressive,Active,3138.47
900814,NV402635,2026-05,Aggressive,Active,3138.47
900814,NV402635,2026-06,Aggressive,Active,3138.47
900814,NV402635,2026-07,Aggressive,Active,3138.47
900815,NV402636,2026-02,Moderate,Active,3704.86
900815,NV402636,2026-03,Moderate,Active,3704.86
900815,NV402636,2026-04,Moderate,Active,3704.86
900815,NV402636,2026-05,Moderate,Active,3704.86
900815,NV402636,2026-06,Moderate,Active,3704.86
900815,NV402636,2026-07,Moderate,Active,3704.86
900816,NV402636,2026-07,Moderate,Active,918.1
900817,NV402638,2026-04,Moderate,Active,2870.26
900817,NV402638,2026-05,Moderate,Active,2870.26
900817,NV402638,2026-06,Moderate,Active,2870.26
900817,NV402638,2026-07,Moderate,Active,2870.26
900818,NV402644,2026-02,Conservative,Active,8661.19
900818,NV402644,2026-03,Conservative,Active,8661.19
900818,NV402644,2026-04,Conservative,Active,8661.19
900818,NV402644,2026-05,Conservative,Active,8661.19
900818,NV402644,2026-06,Conservative,Active,8661.19
900818,NV402644,2026-07,Conservative,Active,8661.19
900819,NV402645,2026-02,Moderate,Active,2181.71
900819,NV402645,2026-03,Moderate,Active,2181.71
900819,NV402645,2026-04,Moderate,Active,2181.71
900819,NV402645,2026-05,Moderate,Active,2181.71
900819,NV402645,2026-06,Moderate,Active,2181.71
900819,NV402645,2026-07,Moderate,Active,2181.71
900820,NV402646,2026-02,Moderate,Active,1384.3
900820,NV402646,2026-03,Moderate,Paused,0.0
900820,NV402646,2026-04,Moderate,Active,1384.3
900820,NV402646,2026-05,Moderate,Active,1384.3
900820,NV402646,2026-06,Moderate,Active,1384.3
900820,NV402646,2026-07,Moderate,Active,1384.3
900821,NV402647,2026-02,Moderate,Active,2154.74
900821,NV402647,2026-03,Moderate,Active,2154.74
900821,NV402647,2026-04,Moderate,Active,2154.74
900821,NV402647,2026-05,Moderate,Active,2154.74
900821,NV402647,2026-06,Moderate,Active,2154.74
900821,NV402647,2026-07,Moderate,Active,2154.74
900822,NV402650,2026-02,Conservative,Active,5370.0
900822,NV402650,2026-03,Conservative,Active,5370.0
900822,NV402650,2026-04,Conservative,Active,5370.0
900822,NV402650,2026-05,Conservative,Active,5370.0
900822,NV402650,2026-06,Conservative,Active,5370.0
900822,NV402650,2026-07,Conservative,Active,5370.0
900823,NV402651,2026-05,Aggressive,Active,1706.44
900823,NV402651,2026-06,Aggressive,Active,1706.44
900823,NV402651,2026-07,Aggressive,Active,1706.44
900824,NV402655,2026-02,Aggressive,Active,1885.19
900824,NV402655,2026-03,Aggressive,Active,1885.19
900824,NV402655,2026-04,Aggressive,Paused,0.0
900824,NV402655,2026-05,Aggressive,Active,1885.19
900824,NV402655,2026-06,Aggressive,Active,1885.19
900824,NV402655,2026-07,Aggressive,Active,1885.19
900825,NV402655,2026-05,Aggressive,Active,2472.57
900825,NV402655,2026-06,Aggressive,Active,2472.57
900825,NV402655,2026-07,Aggressive,Active,2472.57
900826,NV402656,2026-02,Moderate,Active,1637.91
900826,NV402656,2026-03,Moderate,Active,1637.91
900826,NV402656,2026-04,Moderate,Active,1637.91
900826,NV402656,2026-05,Moderate,Active,1637.91
900826,NV402656,2026-06,Moderate,Active,1637.91
900826,NV402656,2026-07,Moderate,Active,1637.91
900827,NV402659,2026-02,Moderate,Active,1833.38
900827,NV402659,2026-03,Moderate,Active,1833.38
900827,NV402659,2026-04,Moderate,Active,1833.38
900827,NV402659,2026-05,Moderate,Active,1833.38
900827,NV402659,2026-06,Moderate,Active,1833.38
900827,NV402659,2026-07,Moderate,Active,1833.38
900828,NV402661,2026-02,Conservative,Active,3216.17
900828,NV402661,2026-03,Conservative,Active,3216.17
900828,NV402661,2026-04,Conservative,Active,3216.17
900828,NV402661,2026-05,Conservative,Active,3216.17
900828,NV402661,2026-06,Conservative,Active,3216.17
900828,NV402661,2026-07,Conservative,Active,3216.17
900829,NV402666,2026-02,Moderate,Active,15171.7
900829,NV402666,2026-03,Moderate,Active,15171.7
900829,NV402666,2026-04,Moderate,Active,15171.7
900829,NV402666,2026-05,Moderate,Active,15171.7
900829,NV402666,2026-06,Moderate,Active,15171.7
900829,NV402666,2026-07,Moderate,Active,15171.7
900830,NV402666,2026-06,Moderate,Active,1794.72
900830,NV402666,2026-07,Moderate,Active,1794.72
900831,NV402667,2026-02,Moderate,Active,1772.23
900831,NV402667,2026-03,Moderate,Active,1772.23
900831,NV402667,2026-04,Moderate,Active,1772.23
900831,NV402667,2026-05,Moderate,Active,1772.23
900831,NV402667,2026-06,Moderate,Active,1772.23
900831,NV402667,2026-07,Moderate,Active,1772.23
900832,NV402667,2026-04,Moderate,Active,2829.82
900832,NV402667,2026-05,Moderate,Active,2829.82
900832,NV402667,2026-06,Moderate,Active,2829.82
900832,NV402667,2026-07,Moderate,Active,2829.82
900833,NV402674,2026-02,Moderate,Active,2463.0
900833,NV402674,2026-03,Moderate,Active,2463.0
900833,NV402674,2026-04,Moderate,Active,2463.0
900833,NV402674,2026-05,Moderate,Paused,0.0
900833,NV402674,2026-06,Moderate,Active,2463.0
900833,NV402674,2026-07,Moderate,Active,2463.0
900834,NV402674,2026-05,Moderate,Active,2878.6
900834,NV402674,2026-06,Moderate,Active,2878.6
900834,NV402674,2026-07,Moderate,Active,2878.6
900835,NV402676,2026-02,Moderate,Active,2960.11
900835,NV402676,2026-03,Moderate,Active,2960.11
900835,NV402676,2026-04,Moderate,Active,2960.11
900835,NV402676,2026-05,Moderate,Active,2960.11
900835,NV402676,2026-06,Moderate,Active,2960.11
900835,NV402676,2026-07,Moderate,Active,2960.11
900836,NV402685,2026-02,Moderate,Active,1186.74
900836,NV402685,2026-03,Moderate,Active,1186.74
900836,NV402685,2026-04,Moderate,Active,1186.74
900836,NV402685,2026-05,Moderate,Cancelled,0.0
900837,NV402689,2026-02,Moderate,Active,1101.59
900837,NV402689,2026-03,Moderate,Active,1101.59
900837,NV402689,2026-04,Moderate,Active,1101.59
900837,NV402689,2026-05,Moderate,Active,1101.59
900837,NV402689,2026-06,Moderate,Active,1101.59
900837,NV402689,2026-07,Moderate,Paused,0.0
900838,NV402691,2026-03,Conservative,Active,2629.29
900838,NV402691,2026-04,Conservative,Active,2629.29
900838,NV402691,2026-05,Conservative,Active,2629.29
900838,NV402691,2026-06,Conservative,Active,2629.29
900838,NV402691,2026-07,Conservative,Active,2629.29
900839,NV402692,2026-02,Moderate,Active,2175.97
900839,NV402692,2026-03,Moderate,Active,2175.97
900839,NV402692,2026-04,Moderate,Active,2175.97
900839,NV402692,2026-05,Moderate,Active,2175.97
900839,NV402692,2026-06,Moderate,Active,2175.97
900839,NV402692,2026-07,Moderate,Active,2175.97
900840,NV402694,2026-03,Moderate,Active,6751.41
900840,NV402694,2026-04,Moderate,Active,6751.41
900840,NV402694,2026-05,Moderate,Active,6751.41
900840,NV402694,2026-06,Moderate,Active,6751.41
900840,NV402694,2026-07,Moderate,Active,6751.41
900841,NV402702,2026-05,Aggressive,Active,4881.0
900841,NV402702,2026-06,Aggressive,Active,4881.0
900841,NV402702,2026-07,Aggressive,Active,4881.0
900842,NV402703,2026-05,Moderate,Active,1451.14
900842,NV402703,2026-06,Moderate,Active,1451.14
900842,NV402703,2026-07,Moderate,Active,1451.14
900843,NV402709,2026-02,Aggressive,Active,4790.24
900843,NV402709,2026-03,Aggressive,Active,4790.24
900843,NV402709,2026-04,Aggressive,Active,4790.24
900843,NV402709,2026-05,Aggressive,Active,4790.24
900843,NV402709,2026-06,Aggressive,Active,4790.24
900843,NV402709,2026-07,Aggressive,Active,4790.24
900844,NV402720,2026-02,Conservative,Active,2936.64
900844,NV402720,2026-03,Conservative,Active,2936.64
900844,NV402720,2026-04,Conservative,Active,2936.64
900844,NV402720,2026-05,Conservative,Active,2936.64
900844,NV402720,2026-06,Conservative,Active,2936.64
900844,NV402720,2026-07,Conservative,Active,2936.64
900845,NV402721,2026-07,Moderate,Active,8185.4
900846,NV402722,2026-02,Conservative,Active,5007.33
900846,NV402722,2026-03,Conservative,Active,5007.33
900846,NV402722,2026-04,Conservative,Active,5007.33
900846,NV402722,2026-05,Conservative,Active,5007.33
900846,NV402722,2026-06,Conservative,Active,5007.33
900846,NV402722,2026-07,Conservative,Cancelled,0.0
900847,NV402729,2026-02,Moderate,Active,5756.69
900847,NV402729,2026-03,Moderate,Active,5756.69
900847,NV402729,2026-04,Moderate,Active,5756.69
900847,NV402729,2026-05,Moderate,Active,5756.69
900847,NV402729,2026-06,Moderate,Active,5756.69
900847,NV402729,2026-07,Moderate,Active,5756.69
900848,NV402731,2026-02,Conservative,Active,1574.4
900848,NV402731,2026-03,Conservative,Active,1574.4
900848,NV402731,2026-04,Conservative,Active,1574.4
900848,NV402731,2026-05,Conservative,Active,1574.4
900848,NV402731,2026-06,Conservative,Active,1574.4
900848,NV402731,2026-07,Conservative,Active,1574.4
900849,NV402745,2026-03,Aggressive,Active,2052.67
900849,NV402745,2026-04,Aggressive,Active,2052.67
900849,NV402745,2026-05,Aggressive,Active,2052.67
900849,NV402745,2026-06,Aggressive,Active,2052.67
900849,NV402745,2026-07,Aggressive,Active,2052.67
900850,NV402746,2026-02,Conservative,Active,4715.95
900850,NV402746,2026-03,Conservative,Active,4715.95
900850,NV402746,2026-04,Conservative,Cancelled,0.0
900851,NV402746,2026-02,Conservative,Active,2311.1
900851,NV402746,2026-03,Conservative,Active,2311.1
900851,NV402746,2026-04,Conservative,Active,2311.1
900851,NV402746,2026-05,Conservative,Active,2311.1
900851,NV402746,2026-06,Conservative,Active,2311.1
900851,NV402746,2026-07,Conservative,Active,2311.1
900852,NV402748,2026-02,Moderate,Active,2532.25
900852,NV402748,2026-03,Moderate,Active,2532.25
900852,NV402748,2026-04,Moderate,Active,2532.25
900852,NV402748,2026-05,Moderate,Active,2532.25
900852,NV402748,2026-06,Moderate,Active,2532.25
900852,NV402748,2026-07,Moderate,Paused,0.0
900853,NV402750,2026-02,Conservative,Active,3204.38
900853,NV402750,2026-03,Conservative,Active,3204.38
900853,NV402750,2026-04,Conservative,Active,3204.38
900853,NV402750,2026-05,Conservative,Paused,0.0
900853,NV402750,2026-06,Conservative,Cancelled,0.0
900854,NV402752,2026-02,Moderate,Active,2586.65
900854,NV402752,2026-03,Moderate,Active,2586.65
900854,NV402752,2026-04,Moderate,Active,2586.65
900854,NV402752,2026-05,Moderate,Active,2586.65
900854,NV402752,2026-06,Moderate,Active,2586.65
900854,NV402752,2026-07,Moderate,Active,2586.65
900855,NV402756,2026-02,Conservative,Active,2364.49
900855,NV402756,2026-03,Conservative,Active,2364.49
900855,NV402756,2026-04,Conservative,Active,2364.49
900855,NV402756,2026-05,Conservative,Active,2364.49
900855,NV402756,2026-06,Conservative,Active,2364.49
900855,NV402756,2026-07,Conservative,Active,2364.49
900856,NV402762,2026-02,Moderate,Active,2590.45
900856,NV402762,2026-03,Moderate,Active,2590.45
900856,NV402762,2026-04,Moderate,Active,2590.45
900856,NV402762,2026-05,Moderate,Paused,0.0
900856,NV402762,2026-06,Moderate,Active,2590.45
900856,NV402762,2026-07,Moderate,Cancelled,0.0
900857,NV402772,2026-02,Moderate,Paused,0.0
900857,NV402772,2026-03,Moderate,Active,2107.37
900857,NV402772,2026-04,Moderate,Active,2107.37
900857,NV402772,2026-05,Moderate,Active,2107.37
900857,NV402772,2026-06,Moderate,Active,2107.37
900857,NV402772,2026-07,Moderate,Active,2107.37
900858,NV402773,2026-02,Moderate,Cancelled,0.0
900859,NV402780,2026-05,Aggressive,Active,3023.1
900859,NV402780,2026-06,Aggressive,Active,3023.1
900859,NV402780,2026-07,Aggressive,Paused,0.0
900860,NV402782,2026-02,Moderate,Active,1759.23
900860,NV402782,2026-03,Moderate,Active,1759.23
900860,NV402782,2026-04,Moderate,Active,1759.23
900860,NV402782,2026-05,Moderate,Active,1759.23
900860,NV402782,2026-06,Moderate,Active,1759.23
900860,NV402782,2026-07,Moderate,Active,1759.23
900861,NV402783,2026-04,Aggressive,Active,3881.55
900861,NV402783,2026-05,Aggressive,Active,3881.55
900861,NV402783,2026-06,Aggressive,Active,3881.55
900861,NV402783,2026-07,Aggressive,Active,3881.55
900862,NV402785,2026-03,Aggressive,Active,1627.09
900862,NV402785,2026-04,Aggressive,Active,1627.09
900862,NV402785,2026-05,Aggressive,Active,1627.09
900862,NV402785,2026-06,Aggressive,Active,1627.09
900862,NV402785,2026-07,Aggressive,Active,1627.09
900863,NV402785,2026-07,Aggressive,Active,2196.51
900864,NV402788,2026-02,Aggressive,Active,3622.94
900864,NV402788,2026-03,Aggressive,Active,3622.94
900864,NV402788,2026-04,Aggressive,Paused,0.0
900864,NV402788,2026-05,Aggressive,Cancelled,0.0
900865,NV402791,2026-02,Moderate,Active,1527.67
900865,NV402791,2026-03,Moderate,Active,1527.67
900865,NV402791,2026-04,Moderate,Active,1527.67
900865,NV402791,2026-05,Moderate,Active,1527.67
900865,NV402791,2026-06,Moderate,Active,1527.67
900865,NV402791,2026-07,Moderate,Active,1527.67
900866,NV402798,2026-02,Aggressive,Active,2164.63
900866,NV402798,2026-03,Aggressive,Active,2164.63
900866,NV402798,2026-04,Aggressive,Active,2164.63
900866,NV402798,2026-05,Aggressive,Active,2164.63
900866,NV402798,2026-06,Aggressive,Active,2164.63
900866,NV402798,2026-07,Aggressive,Active,2164.63
900867,NV402799,2026-02,Moderate,Active,1555.46
900867,NV402799,2026-03,Moderate,Active,1555.46
900867,NV402799,2026-04,Moderate,Active,1555.46
900867,NV402799,2026-05,Moderate,Active,1555.46
900867,NV402799,2026-06,Moderate,Active,1555.46
900867,NV402799,2026-07,Moderate,Active,1555.46
900868,NV402799,2026-06,Moderate,Active,2730.79
900868,NV402799,2026-07,Moderate,Active,2730.79
900869,NV402805,2026-02,Aggressive,Active,2174.71
900869,NV402805,2026-03,Aggressive,Active,2174.71
900869,NV402805,2026-04,Aggressive,Active,2174.71
900869,NV402805,2026-05,Aggressive,Active,2174.71
900869,NV402805,2026-06,Aggressive,Active,2174.71
900869,NV402805,2026-07,Aggressive,Active,2174.71
900870,NV402808,2026-02,Aggressive,Active,7633.57
900870,NV402808,2026-03,Aggressive,Active,7633.57
900870,NV402808,2026-04,Aggressive,Active,7633.57
900870,NV402808,2026-05,Aggressive,Active,7633.57
900870,NV402808,2026-06,Aggressive,Active,7633.57
900870,NV402808,2026-07,Aggressive,Active,7633.57
900871,NV402809,2026-02,Moderate,Paused,0.0
900871,NV402809,2026-03,Moderate,Active,5000.73
900871,NV402809,2026-04,Moderate,Paused,0.0
900871,NV402809,2026-05,Moderate,Cancelled,0.0
900872,NV402811,2026-02,Moderate,Active,2272.9
900872,NV402811,2026-03,Moderate,Cancelled,0.0
900873,NV402812,2026-03,Moderate,Active,3430.89
900873,NV402812,2026-04,Moderate,Active,3430.89
900873,NV402812,2026-05,Moderate,Active,3430.89
900873,NV402812,2026-06,Moderate,Active,3430.89
900873,NV402812,2026-07,Moderate,Active,3430.89
900874,NV402816,2026-02,Aggressive,Active,1496.73
900874,NV402816,2026-03,Aggressive,Active,1496.73
900874,NV402816,2026-04,Aggressive,Active,1496.73
900874,NV402816,2026-05,Aggressive,Active,1496.73
900874,NV402816,2026-06,Aggressive,Active,1496.73
900874,NV402816,2026-07,Aggressive,Active,1496.73
900875,NV402816,2026-07,Aggressive,Active,2629.43
900876,NV402819,2026-02,Moderate,Active,3140.16
900876,NV402819,2026-03,Moderate,Active,3140.16
900876,NV402819,2026-04,Moderate,Active,3140.16
900876,NV402819,2026-05,Moderate,Active,3140.16
900876,NV402819,2026-06,Moderate,Cancelled,0.0
900877,NV402822,2026-02,Conservative,Active,2917.5
900877,NV402822,2026-03,Conservative,Active,2917.5
900877,NV402822,2026-04,Conservative,Active,2917.5
900877,NV402822,2026-05,Conservative,Active,2917.5
900877,NV402822,2026-06,Conservative,Active,2917.5
900877,NV402822,2026-07,Conservative,Cancelled,0.0
900878,NV402826,2026-03,Moderate,Active,1926.07
900878,NV402826,2026-04,Moderate,Active,1926.07
900878,NV402826,2026-05,Moderate,Paused,0.0
900878,NV402826,2026-06,Moderate,Active,1926.07
900878,NV402826,2026-07,Moderate,Paused,0.0
900879,NV402831,2026-02,Moderate,Active,4761.69
900879,NV402831,2026-03,Moderate,Active,4761.69
900879,NV402831,2026-04,Moderate,Active,4761.69
900879,NV402831,2026-05,Moderate,Paused,0.0
900879,NV402831,2026-06,Moderate,Paused,0.0
900879,NV402831,2026-07,Moderate,Cancelled,0.0
900880,NV402833,2026-02,Moderate,Active,3213.38
900880,NV402833,2026-03,Moderate,Active,3213.38
900880,NV402833,2026-04,Moderate,Active,3213.38
900880,NV402833,2026-05,Moderate,Active,3213.38
900880,NV402833,2026-06,Moderate,Active,3213.38
900880,NV402833,2026-07,Moderate,Active,3213.38
900881,NV402835,2026-02,Conservative,Active,3634.03
900881,NV402835,2026-03,Conservative,Paused,0.0
900881,NV402835,2026-04,Conservative,Active,3634.03
900881,NV402835,2026-05,Conservative,Active,3634.03
900881,NV402835,2026-06,Conservative,Active,3634.03
900881,NV402835,2026-07,Conservative,Active,3634.03
900882,NV402836,2026-02,Moderate,Active,2696.65
900882,NV402836,2026-03,Moderate,Active,2696.65
900882,NV402836,2026-04,Moderate,Active,2696.65
900882,NV402836,2026-05,Moderate,Active,2696.65
900882,NV402836,2026-06,Moderate,Active,2696.65
900882,NV402836,2026-07,Moderate,Active,2696.65
900883,NV402850,2026-02,Moderate,Active,3030.25
900883,NV402850,2026-03,Moderate,Active,3030.25
900883,NV402850,2026-04,Moderate,Active,3030.25
900883,NV402850,2026-05,Moderate,Active,3030.25
900883,NV402850,2026-06,Moderate,Active,3030.25
900883,NV402850,2026-07,Moderate,Active,3030.25
900884,NV402851,2026-02,Moderate,Active,3109.54
900884,NV402851,2026-03,Moderate,Active,3109.54
900884,NV402851,2026-04,Moderate,Active,3109.54
900884,NV402851,2026-05,Moderate,Active,3109.54
900884,NV402851,2026-06,Moderate,Active,3109.54
900884,NV402851,2026-07,Moderate,Paused,0.0
900885,NV402851,2026-05,Moderate,Cancelled,0.0
900886,NV402854,2026-02,Moderate,Active,7556.55
900886,NV402854,2026-03,Moderate,Active,7556.55
900886,NV402854,2026-04,Moderate,Active,7556.55
900886,NV402854,2026-05,Moderate,Active,7556.55
900886,NV402854,2026-06,Moderate,Active,7556.55
900886,NV402854,2026-07,Moderate,Active,7556.55
900887,NV402856,2026-03,Moderate,Active,2593.15
900887,NV402856,2026-04,Moderate,Active,2593.15
900887,NV402856,2026-05,Moderate,Active,2593.15
900887,NV402856,2026-06,Moderate,Active,2593.15
900887,NV402856,2026-07,Moderate,Active,2593.15
900888,NV402856,2026-06,Moderate,Active,1816.71
900888,NV402856,2026-07,Moderate,Active,1816.71
900889,NV402858,2026-02,Conservative,Paused,0.0
900889,NV402858,2026-03,Conservative,Active,4902.89
900889,NV402858,2026-04,Conservative,Active,4902.89
900889,NV402858,2026-05,Conservative,Active,4902.89
900889,NV402858,2026-06,Conservative,Active,4902.89
900889,NV402858,2026-07,Conservative,Active,4902.89
900890,NV402859,2026-02,Moderate,Active,3440.6
900890,NV402859,2026-03,Moderate,Active,3440.6
900890,NV402859,2026-04,Moderate,Cancelled,0.0
900891,NV402859,2026-05,Moderate,Active,708.9
900891,NV402859,2026-06,Moderate,Active,708.9
900891,NV402859,2026-07,Moderate,Active,708.9
900892,NV402861,2026-02,Moderate,Active,3833.12
900892,NV402861,2026-03,Moderate,Active,3833.12
900892,NV402861,2026-04,Moderate,Active,3833.12
900892,NV402861,2026-05,Moderate,Active,3833.12
900892,NV402861,2026-06,Moderate,Active,3833.12
900892,NV402861,2026-07,Moderate,Active,3833.12
900893,NV402861,2026-07,Moderate,Active,4168.41
900894,NV402864,2026-02,Moderate,Active,3117.43
900894,NV402864,2026-03,Moderate,Active,3117.43
900894,NV402864,2026-04,Moderate,Active,3117.43
900894,NV402864,2026-05,Moderate,Paused,0.0
900894,NV402864,2026-06,Moderate,Active,3117.43
900894,NV402864,2026-07,Moderate,Active,3117.43
900895,NV402864,2026-04,Moderate,Active,3362.67
900895,NV402864,2026-05,Moderate,Paused,0.0
900895,NV402864,2026-06,Moderate,Paused,0.0
900895,NV402864,2026-07,Moderate,Active,3362.67
900896,NV402871,2026-02,Conservative,Active,2046.24
900896,NV402871,2026-03,Conservative,Active,2046.24
900896,NV402871,2026-04,Conservative,Cancelled,0.0
900897,NV402879,2026-03,Conservative,Active,1833.16
900897,NV402879,2026-04,Conservative,Active,1833.16
900897,NV402879,2026-05,Conservative,Paused,0.0
900897,NV402879,2026-06,Conservative,Paused,0.0
900897,NV402879,2026-07,Conservative,Active,1833.16
900898,NV402881,2026-02,Conservative,Active,2960.14
900898,NV402881,2026-03,Conservative,Active,2960.14
900898,NV402881,2026-04,Conservative,Active,2960.14
900898,NV402881,2026-05,Conservative,Active,2960.14
900898,NV402881,2026-06,Conservative,Cancelled,0.0
900899,NV402883,2026-02,Moderate,Active,1007.49
900899,NV402883,2026-03,Moderate,Active,1007.49
900899,NV402883,2026-04,Moderate,Active,1007.49
900899,NV402883,2026-05,Moderate,Active,1007.49
900899,NV402883,2026-06,Moderate,Active,1007.49
900899,NV402883,2026-07,Moderate,Active,1007.49
900900,NV402884,2026-02,Moderate,Active,1244.15
900900,NV402884,2026-03,Moderate,Cancelled,0.0
900901,NV402885,2026-02,Moderate,Active,1988.86
900901,NV402885,2026-03,Moderate,Active,1988.86
900901,NV402885,2026-04,Moderate,Active,1988.86
900901,NV402885,2026-05,Moderate,Active,1988.86
900901,NV402885,2026-06,Moderate,Active,1988.86
900901,NV402885,2026-07,Moderate,Active,1988.86
900902,NV402886,2026-05,Aggressive,Active,2764.69
900902,NV402886,2026-06,Aggressive,Active,2764.69
900902,NV402886,2026-07,Aggressive,Active,2764.69
900903,NV402889,2026-02,Moderate,Active,1796.34
900903,NV402889,2026-03,Moderate,Active,1796.34
900903,NV402889,2026-04,Moderate,Active,1796.34
900903,NV402889,2026-05,Moderate,Active,1796.34
900903,NV402889,2026-06,Moderate,Active,1796.34
900903,NV402889,2026-07,Moderate,Active,1796.34
900904,NV402893,2026-04,Moderate,Active,872.75
900904,NV402893,2026-05,Moderate,Active,872.75
900904,NV402893,2026-06,Moderate,Active,872.75
900904,NV402893,2026-07,Moderate,Active,872.75
900905,NV402894,2026-02,Aggressive,Active,1895.6
900905,NV402894,2026-03,Aggressive,Active,1895.6
900905,NV402894,2026-04,Aggressive,Active,1895.6
900905,NV402894,2026-05,Aggressive,Active,1895.6
900905,NV402894,2026-06,Aggressive,Paused,0.0
900905,NV402894,2026-07,Aggressive,Active,1895.6
900906,NV402894,2026-04,Aggressive,Active,5602.0
900906,NV402894,2026-05,Aggressive,Active,5602.0
900906,NV402894,2026-06,Aggressive,Active,5602.0
900906,NV402894,2026-07,Aggressive,Active,5602.0
900907,NV402895,2026-02,Aggressive,Active,3354.55
900907,NV402895,2026-03,Aggressive,Active,3354.55
900907,NV402895,2026-04,Aggressive,Active,3354.55
900907,NV402895,2026-05,Aggressive,Active,3354.55
900907,NV402895,2026-06,Aggressive,Active,3354.55
900907,NV402895,2026-07,Aggressive,Active,3354.55
900908,NV402895,2026-03,Aggressive,Active,2648.53
900908,NV402895,2026-04,Aggressive,Active,2648.53
900908,NV402895,2026-05,Aggressive,Active,2648.53
900908,NV402895,2026-06,Aggressive,Active,2648.53
900908,NV402895,2026-07,Aggressive,Active,2648.53
900909,NV402899,2026-02,Moderate,Active,3011.32
900909,NV402899,2026-03,Moderate,Active,3011.32
900909,NV402899,2026-04,Moderate,Paused,0.0
900909,NV402899,2026-05,Moderate,Active,3011.32
900909,NV402899,2026-06,Moderate,Active,3011.32
900909,NV402899,2026-07,Moderate,Active,3011.32
900910,NV402900,2026-02,Conservative,Active,3100.08
900910,NV402900,2026-03,Conservative,Active,3100.08
900910,NV402900,2026-04,Conservative,Active,3100.08
900910,NV402900,2026-05,Conservative,Active,3100.08
900910,NV402900,2026-06,Conservative,Active,3100.08
900910,NV402900,2026-07,Conservative,Paused,0.0
900911,NV402902,2026-02,Conservative,Active,6461.36
900911,NV402902,2026-03,Conservative,Active,6461.36
900911,NV402902,2026-04,Conservative,Active,6461.36
900911,NV402902,2026-05,Conservative,Active,6461.36
900911,NV402902,2026-06,Conservative,Active,6461.36
900911,NV402902,2026-07,Conservative,Active,6461.36
900912,NV402904,2026-07,Conservative,Active,3585.27
900913,NV402905,2026-02,Moderate,Active,2486.38
900913,NV402905,2026-03,Moderate,Active,2486.38
900913,NV402905,2026-04,Moderate,Active,2486.38
900913,NV402905,2026-05,Moderate,Active,2486.38
900913,NV402905,2026-06,Moderate,Active,2486.38
900913,NV402905,2026-07,Moderate,Active,2486.38
900914,NV402905,2026-03,Moderate,Active,4288.26
900914,NV402905,2026-04,Moderate,Active,4288.26
900914,NV402905,2026-05,Moderate,Active,4288.26
900914,NV402905,2026-06,Moderate,Active,4288.26
900914,NV402905,2026-07,Moderate,Active,4288.26
900915,NV402909,2026-02,Moderate,Active,2399.32
900915,NV402909,2026-03,Moderate,Active,2399.32
900915,NV402909,2026-04,Moderate,Active,2399.32
900915,NV402909,2026-05,Moderate,Active,2399.32
900915,NV402909,2026-06,Moderate,Active,2399.32
900915,NV402909,2026-07,Moderate,Cancelled,0.0
900916,NV402915,2026-03,Moderate,Active,858.06
900916,NV402915,2026-04,Moderate,Active,858.06
900916,NV402915,2026-05,Moderate,Active,858.06
900916,NV402915,2026-06,Moderate,Active,858.06
900916,NV402915,2026-07,Moderate,Active,858.06
900917,NV402926,2026-02,Conservative,Active,1806.39
900917,NV402926,2026-03,Conservative,Active,1806.39
900917,NV402926,2026-04,Conservative,Active,1806.39
900917,NV402926,2026-05,Conservative,Active,1806.39
900917,NV402926,2026-06,Conservative,Active,1806.39
900917,NV402926,2026-07,Conservative,Paused,0.0
900918,NV402928,2026-02,Moderate,Active,3885.6
900918,NV402928,2026-03,Moderate,Active,3885.6
900918,NV402928,2026-04,Moderate,Active,3885.6
900918,NV402928,2026-05,Moderate,Active,3885.6
900918,NV402928,2026-06,Moderate,Paused,0.0
900918,NV402928,2026-07,Moderate,Cancelled,0.0
900919,NV402932,2026-02,Aggressive,Active,2752.22
900919,NV402932,2026-03,Aggressive,Active,2752.22
900919,NV402932,2026-04,Aggressive,Active,2752.22
900919,NV402932,2026-05,Aggressive,Active,2752.22
900919,NV402932,2026-06,Aggressive,Active,2752.22
900919,NV402932,2026-07,Aggressive,Active,2752.22
900920,NV402934,2026-02,Conservative,Active,2934.31
900920,NV402934,2026-03,Conservative,Active,2934.31
900920,NV402934,2026-04,Conservative,Active,2934.31
900920,NV402934,2026-05,Conservative,Active,2934.31
900920,NV402934,2026-06,Conservative,Active,2934.31
900920,NV402934,2026-07,Conservative,Active,2934.31
900921,NV402937,2026-02,Moderate,Active,2075.88
900921,NV402937,2026-03,Moderate,Active,2075.88
900921,NV402937,2026-04,Moderate,Active,2075.88
900921,NV402937,2026-05,Moderate,Active,2075.88
900921,NV402937,2026-06,Moderate,Active,2075.88
900921,NV402937,2026-07,Moderate,Active,2075.88
900922,NV402937,2026-04,Moderate,Active,1566.07
900922,NV402937,2026-05,Moderate,Active,1566.07
900922,NV402937,2026-06,Moderate,Paused,0.0
900922,NV402937,2026-07,Moderate,Active,1566.07
900923,NV402939,2026-02,Moderate,Paused,0.0
900923,NV402939,2026-03,Moderate,Active,1281.76
900923,NV402939,2026-04,Moderate,Active,1281.76
900923,NV402939,2026-05,Moderate,Paused,0.0
900923,NV402939,2026-06,Moderate,Active,1281.76
900923,NV402939,2026-07,Moderate,Active,1281.76
900924,NV402939,2026-04,Moderate,Active,1662.91
900924,NV402939,2026-05,Moderate,Active,1662.91
900924,NV402939,2026-06,Moderate,Active,1662.91
900924,NV402939,2026-07,Moderate,Active,1662.91
900925,NV402941,2026-03,Moderate,Active,2160.72
900925,NV402941,2026-04,Moderate,Active,2160.72
900925,NV402941,2026-05,Moderate,Active,2160.72
900925,NV402941,2026-06,Moderate,Active,2160.72
900925,NV402941,2026-07,Moderate,Active,2160.72
900926,NV402941,2026-05,Moderate,Active,1027.39
900926,NV402941,2026-06,Moderate,Active,1027.39
900926,NV402941,2026-07,Moderate,Active,1027.39
900927,NV402948,2026-02,Moderate,Active,3080.69
900927,NV402948,2026-03,Moderate,Active,3080.69
900927,NV402948,2026-04,Moderate,Active,3080.69
900927,NV402948,2026-05,Moderate,Active,3080.69
900927,NV402948,2026-06,Moderate,Active,3080.69
900927,NV402948,2026-07,Moderate,Active,3080.69
900928,NV402948,2026-06,Moderate,Active,3451.01
900928,NV402948,2026-07,Moderate,Active,3451.01
900929,NV402953,2026-02,Moderate,Active,2802.1
900929,NV402953,2026-03,Moderate,Active,2802.1
900929,NV402953,2026-04,Moderate,Active,2802.1
900929,NV402953,2026-05,Moderate,Active,2802.1
900929,NV402953,2026-06,Moderate,Active,2802.1
900929,NV402953,2026-07,Moderate,Active,2802.1
900930,NV402954,2026-02,Aggressive,Active,1593.33
900930,NV402954,2026-03,Aggressive,Active,1593.33
900930,NV402954,2026-04,Aggressive,Active,1593.33
900930,NV402954,2026-05,Aggressive,Active,1593.33
900930,NV402954,2026-06,Aggressive,Active,1593.33
900930,NV402954,2026-07,Aggressive,Active,1593.33
900931,NV402954,2026-04,Aggressive,Active,2026.88
900931,NV402954,2026-05,Aggressive,Active,2026.88
900931,NV402954,2026-06,Aggressive,Active,2026.88
900931,NV402954,2026-07,Aggressive,Active,2026.88
900932,NV402960,2026-02,Aggressive,Active,3139.21
900932,NV402960,2026-03,Aggressive,Active,3139.21
900932,NV402960,2026-04,Aggressive,Active,3139.21
900932,NV402960,2026-05,Aggressive,Active,3139.21
900932,NV402960,2026-06,Aggressive,Active,3139.21
900932,NV402960,2026-07,Aggressive,Active,3139.21
900933,NV402960,2026-04,Aggressive,Active,2995.15
900933,NV402960,2026-05,Aggressive,Active,2995.15
900933,NV402960,2026-06,Aggressive,Active,2995.15
900933,NV402960,2026-07,Aggressive,Active,2995.15
900934,NV402963,2026-02,Moderate,Active,2512.1
900934,NV402963,2026-03,Moderate,Active,2512.1
900934,NV402963,2026-04,Moderate,Active,2512.1
900934,NV402963,2026-05,Moderate,Active,2512.1
900934,NV402963,2026-06,Moderate,Active,2512.1
900934,NV402963,2026-07,Moderate,Active,2512.1
900935,NV402969,2026-02,Conservative,Active,3607.15
900935,NV402969,2026-03,Conservative,Active,3607.15
900935,NV402969,2026-04,Conservative,Active,3607.15
900935,NV402969,2026-05,Conservative,Active,3607.15
900935,NV402969,2026-06,Conservative,Active,3607.15
900935,NV402969,2026-07,Conservative,Active,3607.15
900936,NV402973,2026-02,Aggressive,Cancelled,0.0
900937,NV402976,2026-02,Moderate,Active,1932.95
900937,NV402976,2026-03,Moderate,Active,1932.95
900937,NV402976,2026-04,Moderate,Paused,0.0
900937,NV402976,2026-05,Moderate,Active,1932.95
900937,NV402976,2026-06,Moderate,Cancelled,0.0
900938,NV402977,2026-02,Moderate,Active,2974.49
900938,NV402977,2026-03,Moderate,Active,2974.49
900938,NV402977,2026-04,Moderate,Active,2974.49
900938,NV402977,2026-05,Moderate,Active,2974.49
900938,NV402977,2026-06,Moderate,Active,2974.49
900938,NV402977,2026-07,Moderate,Active,2974.49
900939,NV402978,2026-02,Moderate,Active,9681.88
900939,NV402978,2026-03,Moderate,Active,9681.88
900939,NV402978,2026-04,Moderate,Active,9681.88
900939,NV402978,2026-05,Moderate,Active,9681.88
900939,NV402978,2026-06,Moderate,Active,9681.88
900939,NV402978,2026-07,Moderate,Paused,0.0
900940,NV402980,2026-02,Aggressive,Active,2153.43
900940,NV402980,2026-03,Aggressive,Active,2153.43
900940,NV402980,2026-04,Aggressive,Active,2153.43
900940,NV402980,2026-05,Aggressive,Active,2153.43
900940,NV402980,2026-06,Aggressive,Active,2153.43
900940,NV402980,2026-07,Aggressive,Active,2153.43
900941,NV402983,2026-02,Aggressive,Active,1947.94
900941,NV402983,2026-03,Aggressive,Active,1947.94
900941,NV402983,2026-04,Aggressive,Active,1947.94
900941,NV402983,2026-05,Aggressive,Active,1947.94
900941,NV402983,2026-06,Aggressive,Active,1947.94
900941,NV402983,2026-07,Aggressive,Active,1947.94
900942,NV402994,2026-02,Aggressive,Active,4091.76
900942,NV402994,2026-03,Aggressive,Active,4091.76
900942,NV402994,2026-04,Aggressive,Active,4091.76
900942,NV402994,2026-05,Aggressive,Active,4091.76
900942,NV402994,2026-06,Aggressive,Active,4091.76
900942,NV402994,2026-07,Aggressive,Active,4091.76
900943,NV402996,2026-02,Conservative,Active,4484.55
900943,NV402996,2026-03,Conservative,Active,4484.55
900943,NV402996,2026-04,Conservative,Active,4484.55
900943,NV402996,2026-05,Conservative,Active,4484.55
900943,NV402996,2026-06,Conservative,Active,4484.55
900943,NV402996,2026-07,Conservative,Active,4484.55
900944,NV402997,2026-02,Aggressive,Active,8017.76
900944,NV402997,2026-03,Aggressive,Active,8017.76
900944,NV402997,2026-04,Aggressive,Active,8017.76
900944,NV402997,2026-05,Aggressive,Active,8017.76
900944,NV402997,2026-06,Aggressive,Active,8017.76
900944,NV402997,2026-07,Aggressive,Active,8017.76
900945,NV403004,2026-02,Conservative,Active,6232.23
900945,NV403004,2026-03,Conservative,Active,6232.23
900945,NV403004,2026-04,Conservative,Active,6232.23
900945,NV403004,2026-05,Conservative,Active,6232.23
900945,NV403004,2026-06,Conservative,Active,6232.23
900945,NV403004,2026-07,Conservative,Active,6232.23
900946,NV403010,2026-02,Conservative,Cancelled,0.0
900947,NV403011,2026-02,Moderate,Active,7956.26
900947,NV403011,2026-03,Moderate,Active,7956.26
900947,NV403011,2026-04,Moderate,Active,7956.26
900947,NV403011,2026-05,Moderate,Paused,0.0
900947,NV403011,2026-06,Moderate,Paused,0.0
900947,NV403011,2026-07,Moderate,Active,7956.26
900948,NV403019,2026-02,Moderate,Active,4067.77
900948,NV403019,2026-03,Moderate,Active,4067.77
900948,NV403019,2026-04,Moderate,Active,4067.77
900948,NV403019,2026-05,Moderate,Active,4067.77
900948,NV403019,2026-06,Moderate,Active,4067.77
900948,NV403019,2026-07,Moderate,Active,4067.77
900949,NV403020,2026-02,Moderate,Active,2089.73
900949,NV403020,2026-03,Moderate,Active,2089.73
900949,NV403020,2026-04,Moderate,Active,2089.73
900949,NV403020,2026-05,Moderate,Active,2089.73
900949,NV403020,2026-06,Moderate,Active,2089.73
900949,NV403020,2026-07,Moderate,Active,2089.73
900950,NV403023,2026-04,Conservative,Active,1997.69
900950,NV403023,2026-05,Conservative,Cancelled,0.0
900951,NV403024,2026-02,Conservative,Active,914.03
900951,NV403024,2026-03,Conservative,Active,914.03
900951,NV403024,2026-04,Conservative,Active,914.03
900951,NV403024,2026-05,Conservative,Active,914.03
900951,NV403024,2026-06,Conservative,Active,914.03
900951,NV403024,2026-07,Conservative,Active,914.03
900952,NV403031,2026-02,Aggressive,Active,1111.23
900952,NV403031,2026-03,Aggressive,Active,1111.23
900952,NV403031,2026-04,Aggressive,Active,1111.23
900952,NV403031,2026-05,Aggressive,Active,1111.23
900952,NV403031,2026-06,Aggressive,Active,1111.23
900952,NV403031,2026-07,Aggressive,Active,1111.23
900953,NV403032,2026-02,Conservative,Active,4584.11
900953,NV403032,2026-03,Conservative,Paused,0.0
900953,NV403032,2026-04,Conservative,Active,4584.11
900953,NV403032,2026-05,Conservative,Active,4584.11
900953,NV403032,2026-06,Conservative,Active,4584.11
900953,NV403032,2026-07,Conservative,Cancelled,0.0
900954,NV403033,2026-02,Conservative,Active,3588.3
900954,NV403033,2026-03,Conservative,Active,3588.3
900954,NV403033,2026-04,Conservative,Active,3588.3
900954,NV403033,2026-05,Conservative,Active,3588.3
900954,NV403033,2026-06,Conservative,Active,3588.3
900954,NV403033,2026-07,Conservative,Active,3588.3
900955,NV403038,2026-02,Aggressive,Active,3521.23
900955,NV403038,2026-03,Aggressive,Active,3521.23
900955,NV403038,2026-04,Aggressive,Active,3521.23
900955,NV403038,2026-05,Aggressive,Active,3521.23
900955,NV403038,2026-06,Aggressive,Active,3521.23
900955,NV403038,2026-07,Aggressive,Cancelled,0.0
900956,NV403041,2026-02,Moderate,Active,2678.82
900956,NV403041,2026-03,Moderate,Active,2678.82
900956,NV403041,2026-04,Moderate,Active,2678.82
900956,NV403041,2026-05,Moderate,Active,2678.82
900956,NV403041,2026-06,Moderate,Active,2678.82
900956,NV403041,2026-07,Moderate,Active,2678.82
900957,NV403043,2026-02,Aggressive,Active,1314.89
900957,NV403043,2026-03,Aggressive,Active,1314.89
900957,NV403043,2026-04,Aggressive,Active,1314.89
900957,NV403043,2026-05,Aggressive,Active,1314.89
900957,NV403043,2026-06,Aggressive,Active,1314.89
900957,NV403043,2026-07,Aggressive,Paused,0.0
900958,NV403047,2026-02,Moderate,Active,4091.75
900958,NV403047,2026-03,Moderate,Active,4091.75
900958,NV403047,2026-04,Moderate,Active,4091.75
900958,NV403047,2026-05,Moderate,Active,4091.75
900958,NV403047,2026-06,Moderate,Active,4091.75
900958,NV403047,2026-07,Moderate,Active,4091.75
900959,NV403051,2026-02,Conservative,Active,2413.35
900959,NV403051,2026-03,Conservative,Active,2413.35
900959,NV403051,2026-04,Conservative,Active,2413.35
900959,NV403051,2026-05,Conservative,Paused,0.0
900959,NV403051,2026-06,Conservative,Paused,0.0
900959,NV403051,2026-07,Conservative,Active,2413.35
900960,NV403058,2026-03,Moderate,Active,1510.21
900960,NV403058,2026-04,Moderate,Active,1510.21
900960,NV403058,2026-05,Moderate,Paused,0.0
900960,NV403058,2026-06,Moderate,Active,1510.21
900960,NV403058,2026-07,Moderate,Active,1510.21
900961,NV403062,2026-02,Moderate,Active,4201.17
900961,NV403062,2026-03,Moderate,Active,4201.17
900961,NV403062,2026-04,Moderate,Active,4201.17
900961,NV403062,2026-05,Moderate,Active,4201.17
900961,NV403062,2026-06,Moderate,Active,4201.17
900961,NV403062,2026-07,Moderate,Active,4201.17
900962,NV403063,2026-03,Aggressive,Active,3693.1
900962,NV403063,2026-04,Aggressive,Active,3693.1
900962,NV403063,2026-05,Aggressive,Active,3693.1
900962,NV403063,2026-06,Aggressive,Active,3693.1
900962,NV403063,2026-07,Aggressive,Active,3693.1
900963,NV403064,2026-02,Conservative,Active,3170.87
900963,NV403064,2026-03,Conservative,Active,3170.87
900963,NV403064,2026-04,Conservative,Active,3170.87
900963,NV403064,2026-05,Conservative,Cancelled,0.0
900964,NV403064,2026-05,Conservative,Active,4600.29
900964,NV403064,2026-06,Conservative,Active,4600.29
900964,NV403064,2026-07,Conservative,Active,4600.29
900965,NV403066,2026-02,Aggressive,Active,3121.2
900965,NV403066,2026-03,Aggressive,Active,3121.2
900965,NV403066,2026-04,Aggressive,Cancelled,0.0
900966,NV403071,2026-02,Conservative,Active,2678.69
900966,NV403071,2026-03,Conservative,Active,2678.69
900966,NV403071,2026-04,Conservative,Active,2678.69
900966,NV403071,2026-05,Conservative,Active,2678.69
900966,NV403071,2026-06,Conservative,Active,2678.69
900966,NV403071,2026-07,Conservative,Active,2678.69
900967,NV403071,2026-06,Conservative,Active,1846.51
900967,NV403071,2026-07,Conservative,Active,1846.51
900968,NV403076,2026-02,Moderate,Active,3923.12
900968,NV403076,2026-03,Moderate,Paused,0.0
900968,NV403076,2026-04,Moderate,Active,3923.12
900968,NV403076,2026-05,Moderate,Active,3923.12
900968,NV403076,2026-06,Moderate,Active,3923.12
900968,NV403076,2026-07,Moderate,Active,3923.12
900969,NV403078,2026-02,Conservative,Active,3297.2
900969,NV403078,2026-03,Conservative,Active,3297.2
900969,NV403078,2026-04,Conservative,Active,3297.2
900969,NV403078,2026-05,Conservative,Active,3297.2
900969,NV403078,2026-06,Conservative,Active,3297.2
900969,NV403078,2026-07,Conservative,Active,3297.2
900970,NV403080,2026-02,Conservative,Active,4051.67
900970,NV403080,2026-03,Conservative,Active,4051.67
900970,NV403080,2026-04,Conservative,Active,4051.67
900970,NV403080,2026-05,Conservative,Paused,0.0
900970,NV403080,2026-06,Conservative,Paused,0.0
900970,NV403080,2026-07,Conservative,Active,4051.67
900971,NV403088,2026-02,Conservative,Active,3879.11
900971,NV403088,2026-03,Conservative,Active,3879.11
900971,NV403088,2026-04,Conservative,Active,3879.11
900971,NV403088,2026-05,Conservative,Active,3879.11
900971,NV403088,2026-06,Conservative,Paused,0.0
900971,NV403088,2026-07,Conservative,Cancelled,0.0
900972,NV403093,2026-02,Aggressive,Active,3388.86
900972,NV403093,2026-03,Aggressive,Active,3388.86
900972,NV403093,2026-04,Aggressive,Active,3388.86
900972,NV403093,2026-05,Aggressive,Active,3388.86
900972,NV403093,2026-06,Aggressive,Active,3388.86
900972,NV403093,2026-07,Aggressive,Active,3388.86
900973,NV403095,2026-02,Conservative,Active,1225.43
900973,NV403095,2026-03,Conservative,Active,1225.43
900973,NV403095,2026-04,Conservative,Active,1225.43
900973,NV403095,2026-05,Conservative,Active,1225.43
900973,NV403095,2026-06,Conservative,Active,1225.43
900973,NV403095,2026-07,Conservative,Active,1225.43
900974,NV403095,2026-04,Conservative,Active,2129.68
900974,NV403095,2026-05,Conservative,Cancelled,0.0
900975,NV403097,2026-02,Moderate,Active,4699.64
900975,NV403097,2026-03,Moderate,Active,4699.64
900975,NV403097,2026-04,Moderate,Active,4699.64
900975,NV403097,2026-05,Moderate,Paused,0.0
900975,NV403097,2026-06,Moderate,Paused,0.0
900975,NV403097,2026-07,Moderate,Cancelled,0.0
900976,NV403097,2026-05,Moderate,Active,548.25
900976,NV403097,2026-06,Moderate,Active,548.25
900976,NV403097,2026-07,Moderate,Active,548.25
900977,NV403098,2026-02,Moderate,Active,10724.72
900977,NV403098,2026-03,Moderate,Active,10724.72
900977,NV403098,2026-04,Moderate,Active,10724.72
900977,NV403098,2026-05,Moderate,Active,10724.72
900977,NV403098,2026-06,Moderate,Active,10724.72
900977,NV403098,2026-07,Moderate,Active,10724.72
900978,NV403101,2026-02,Moderate,Active,4383.7
900978,NV403101,2026-03,Moderate,Active,4383.7
900978,NV403101,2026-04,Moderate,Active,4383.7
900978,NV403101,2026-05,Moderate,Active,4383.7
900978,NV403101,2026-06,Moderate,Active,4383.7
900978,NV403101,2026-07,Moderate,Active,4383.7
900979,NV403101,2026-06,Moderate,Active,2170.61
900979,NV403101,2026-07,Moderate,Active,2170.61
900980,NV403102,2026-02,Conservative,Active,3817.41
900980,NV403102,2026-03,Conservative,Active,3817.41
900980,NV403102,2026-04,Conservative,Active,3817.41
900980,NV403102,2026-05,Conservative,Active,3817.41
900980,NV403102,2026-06,Conservative,Active,3817.41
900980,NV403102,2026-07,Conservative,Active,3817.41
900981,NV403104,2026-02,Aggressive,Active,1782.97
900981,NV403104,2026-03,Aggressive,Active,1782.97
900981,NV403104,2026-04,Aggressive,Active,1782.97
900981,NV403104,2026-05,Aggressive,Cancelled,0.0
900982,NV403106,2026-04,Moderate,Active,4040.87
900982,NV403106,2026-05,Moderate,Active,4040.87
900982,NV403106,2026-06,Moderate,Active,4040.87
900982,NV403106,2026-07,Moderate,Active,4040.87
900983,NV403110,2026-02,Moderate,Active,5472.38
900983,NV403110,2026-03,Moderate,Active,5472.38
900983,NV403110,2026-04,Moderate,Active,5472.38
900983,NV403110,2026-05,Moderate,Active,5472.38
900983,NV403110,2026-06,Moderate,Active,5472.38
900983,NV403110,2026-07,Moderate,Paused,0.0
900984,NV403111,2026-02,Moderate,Active,3533.81
900984,NV403111,2026-03,Moderate,Active,3533.81
900984,NV403111,2026-04,Moderate,Active,3533.81
900984,NV403111,2026-05,Moderate,Active,3533.81
900984,NV403111,2026-06,Moderate,Active,3533.81
900984,NV403111,2026-07,Moderate,Active,3533.81
900985,NV403112,2026-03,Aggressive,Active,1837.29
900985,NV403112,2026-04,Aggressive,Active,1837.29
900985,NV403112,2026-05,Aggressive,Active,1837.29
900985,NV403112,2026-06,Aggressive,Active,1837.29
900985,NV403112,2026-07,Aggressive,Active,1837.29
900986,NV403113,2026-02,Moderate,Active,1608.28
900986,NV403113,2026-03,Moderate,Active,1608.28
900986,NV403113,2026-04,Moderate,Active,1608.28
900986,NV403113,2026-05,Moderate,Active,1608.28
900986,NV403113,2026-06,Moderate,Active,1608.28
900986,NV403113,2026-07,Moderate,Active,1608.28
900987,NV403116,2026-02,Aggressive,Active,3579.9
900987,NV403116,2026-03,Aggressive,Active,3579.9
900987,NV403116,2026-04,Aggressive,Active,3579.9
900987,NV403116,2026-05,Aggressive,Paused,0.0
900987,NV403116,2026-06,Aggressive,Active,3579.9
900987,NV403116,2026-07,Aggressive,Active,3579.9
900988,NV403117,2026-07,Conservative,Active,2905.77
900989,NV403118,2026-03,Moderate,Active,3573.62
900989,NV403118,2026-04,Moderate,Active,3573.62
900989,NV403118,2026-05,Moderate,Paused,0.0
900989,NV403118,2026-06,Moderate,Active,3573.62
900989,NV403118,2026-07,Moderate,Active,3573.62
900990,NV403124,2026-02,Moderate,Active,6455.58
900990,NV403124,2026-03,Moderate,Active,6455.58
900990,NV403124,2026-04,Moderate,Cancelled,0.0
900991,NV403126,2026-02,Aggressive,Active,2726.43
900991,NV403126,2026-03,Aggressive,Active,2726.43
900991,NV403126,2026-04,Aggressive,Active,2726.43
900991,NV403126,2026-05,Aggressive,Active,2726.43
900991,NV403126,2026-06,Aggressive,Active,2726.43
900991,NV403126,2026-07,Aggressive,Paused,0.0
900992,NV403132,2026-02,Conservative,Active,2026.88
900992,NV403132,2026-03,Conservative,Active,2026.88
900992,NV403132,2026-04,Conservative,Active,2026.88
900992,NV403132,2026-05,Conservative,Active,2026.88
900992,NV403132,2026-06,Conservative,Active,2026.88
900992,NV403132,2026-07,Conservative,Active,2026.88
900993,NV403136,2026-02,Moderate,Active,2649.51
900993,NV403136,2026-03,Moderate,Active,2649.51
900993,NV403136,2026-04,Moderate,Paused,0.0
900993,NV403136,2026-05,Moderate,Active,2649.51
900993,NV403136,2026-06,Moderate,Active,2649.51
900993,NV403136,2026-07,Moderate,Active,2649.51
900994,NV403145,2026-02,Conservative,Active,2355.68
900994,NV403145,2026-03,Conservative,Active,2355.68
900994,NV403145,2026-04,Conservative,Active,2355.68
900994,NV403145,2026-05,Conservative,Paused,0.0
900994,NV403145,2026-06,Conservative,Paused,0.0
900994,NV403145,2026-07,Conservative,Active,2355.68
900995,NV403149,2026-02,Conservative,Active,7822.24
900995,NV403149,2026-03,Conservative,Active,7822.24
900995,NV403149,2026-04,Conservative,Active,7822.24
900995,NV403149,2026-05,Conservative,Active,7822.24
900995,NV403149,2026-06,Conservative,Active,7822.24
900995,NV403149,2026-07,Conservative,Active,7822.24
900996,NV403153,2026-02,Moderate,Active,1880.05
900996,NV403153,2026-03,Moderate,Active,1880.05
900996,NV403153,2026-04,Moderate,Active,1880.05
900996,NV403153,2026-05,Moderate,Active,1880.05
900996,NV403153,2026-06,Moderate,Paused,0.0
900996,NV403153,2026-07,Moderate,Active,1880.05
900997,NV403154,2026-02,Aggressive,Active,1743.48
900997,NV403154,2026-03,Aggressive,Active,1743.48
900997,NV403154,2026-04,Aggressive,Active,1743.48
900997,NV403154,2026-05,Aggressive,Active,1743.48
900997,NV403154,2026-06,Aggressive,Active,1743.48
900997,NV403154,2026-07,Aggressive,Active,1743.48
900998,NV403154,2026-04,Aggressive,Active,2242.68
900998,NV403154,2026-05,Aggressive,Active,2242.68
900998,NV403154,2026-06,Aggressive,Active,2242.68
900998,NV403154,2026-07,Aggressive,Active,2242.68
900999,NV403156,2026-02,Aggressive,Active,1422.72
900999,NV403156,2026-03,Aggressive,Active,1422.72
900999,NV403156,2026-04,Aggressive,Active,1422.72
900999,NV403156,2026-05,Aggressive,Paused,0.0
900999,NV403156,2026-06,Aggressive,Paused,0.0
900999,NV403156,2026-07,Aggressive,Active,1422.72
901000,NV403162,2026-02,Moderate,Active,2037.57
901000,NV403162,2026-03,Moderate,Active,2037.57
901000,NV403162,2026-04,Moderate,Active,2037.57
901000,NV403162,2026-05,Moderate,Active,2037.57
901000,NV403162,2026-06,Moderate,Active,2037.57
901000,NV403162,2026-07,Moderate,Active,2037.57
901001,NV403162,2026-03,Moderate,Active,2979.72
901001,NV403162,2026-04,Moderate,Active,2979.72
901001,NV403162,2026-05,Moderate,Active,2979.72
901001,NV403162,2026-06,Moderate,Active,2979.72
901001,NV403162,2026-07,Moderate,Active,2979.72
901002,NV403163,2026-02,Moderate,Active,5907.9
901002,NV403163,2026-03,Moderate,Cancelled,0.0
901003,NV403165,2026-02,Conservative,Active,2150.33
901003,NV403165,2026-03,Conservative,Active,2150.33
901003,NV403165,2026-04,Conservative,Active,2150.33
901003,NV403165,2026-05,Conservative,Active,2150.33
901003,NV403165,2026-06,Conservative,Active,2150.33
901003,NV403165,2026-07,Conservative,Cancelled,0.0
901004,NV403165,2026-03,Conservative,Active,1800.4
901004,NV403165,2026-04,Conservative,Active,1800.4
901004,NV403165,2026-05,Conservative,Active,1800.4
901004,NV403165,2026-06,Conservative,Cancelled,0.0
901005,NV403166,2026-02,Moderate,Active,7382.41
901005,NV403166,2026-03,Moderate,Active,7382.41
901005,NV403166,2026-04,Moderate,Active,7382.41
901005,NV403166,2026-05,Moderate,Active,7382.41
901005,NV403166,2026-06,Moderate,Active,7382.41
901005,NV403166,2026-07,Moderate,Active,7382.41
901006,NV403167,2026-02,Conservative,Active,5011.45
901006,NV403167,2026-03,Conservative,Active,5011.45
901006,NV403167,2026-04,Conservative,Active,5011.45
901006,NV403167,2026-05,Conservative,Active,5011.45
901006,NV403167,2026-06,Conservative,Active,5011.45
901006,NV403167,2026-07,Conservative,Active,5011.45
901007,NV403168,2026-02,Aggressive,Active,2651.03
901007,NV403168,2026-03,Aggressive,Cancelled,0.0
901008,NV403168,2026-05,Aggressive,Active,3921.01
901008,NV403168,2026-06,Aggressive,Active,3921.01
901008,NV403168,2026-07,Aggressive,Active,3921.01
901009,NV403172,2026-02,Moderate,Active,2993.83
901009,NV403172,2026-03,Moderate,Active,2993.83
901009,NV403172,2026-04,Moderate,Active,2993.83
901009,NV403172,2026-05,Moderate,Active,2993.83
901009,NV403172,2026-06,Moderate,Active,2993.83
901009,NV403172,2026-07,Moderate,Active,2993.83
901010,NV403172,2026-03,Moderate,Active,1243.87
901010,NV403172,2026-04,Moderate,Active,1243.87
901010,NV403172,2026-05,Moderate,Active,1243.87
901010,NV403172,2026-06,Moderate,Active,1243.87
901010,NV403172,2026-07,Moderate,Active,1243.87
901011,NV403175,2026-02,Conservative,Active,2417.85
901011,NV403175,2026-03,Conservative,Active,2417.85
901011,NV403175,2026-04,Conservative,Active,2417.85
901011,NV403175,2026-05,Conservative,Active,2417.85
901011,NV403175,2026-06,Conservative,Active,2417.85
901011,NV403175,2026-07,Conservative,Active,2417.85
901012,NV403175,2026-07,Conservative,Active,3215.3
901013,NV403194,2026-02,Moderate,Active,4907.7
901013,NV403194,2026-03,Moderate,Active,4907.7
901013,NV403194,2026-04,Moderate,Active,4907.7
901013,NV403194,2026-05,Moderate,Active,4907.7
901013,NV403194,2026-06,Moderate,Active,4907.7
901013,NV403194,2026-07,Moderate,Active,4907.7
901014,NV403194,2026-06,Moderate,Active,2974.31
901014,NV403194,2026-07,Moderate,Paused,0.0
901015,NV403198,2026-03,Conservative,Active,963.26
901015,NV403198,2026-04,Conservative,Active,963.26
901015,NV403198,2026-05,Conservative,Active,963.26
901015,NV403198,2026-06,Conservative,Cancelled,0.0
901016,NV403203,2026-02,Aggressive,Active,3001.96
901016,NV403203,2026-03,Aggressive,Paused,0.0
901016,NV403203,2026-04,Aggressive,Active,3001.96
901016,NV403203,2026-05,Aggressive,Active,3001.96
901016,NV403203,2026-06,Aggressive,Active,3001.96
901016,NV403203,2026-07,Aggressive,Active,3001.96
901017,NV403203,2026-06,Aggressive,Active,2828.42
901017,NV403203,2026-07,Aggressive,Active,2828.42
901018,NV403204,2026-02,Moderate,Active,3312.46
901018,NV403204,2026-03,Moderate,Active,3312.46
901018,NV403204,2026-04,Moderate,Active,3312.46
901018,NV403204,2026-05,Moderate,Active,3312.46
901018,NV403204,2026-06,Moderate,Active,3312.46
901018,NV403204,2026-07,Moderate,Active,3312.46
901019,NV403205,2026-02,Conservative,Active,4087.19
901019,NV403205,2026-03,Conservative,Active,4087.19
901019,NV403205,2026-04,Conservative,Active,4087.19
901019,NV403205,2026-05,Conservative,Paused,0.0
901019,NV403205,2026-06,Conservative,Cancelled,0.0
901020,NV403207,2026-03,Conservative,Active,4020.07
901020,NV403207,2026-04,Conservative,Active,4020.07
901020,NV403207,2026-05,Conservative,Active,4020.07
901020,NV403207,2026-06,Conservative,Active,4020.07
901020,NV403207,2026-07,Conservative,Active,4020.07
901021,NV403211,2026-02,Aggressive,Active,5989.67
901021,NV403211,2026-03,Aggressive,Active,5989.67
901021,NV403211,2026-04,Aggressive,Active,5989.67
901021,NV403211,2026-05,Aggressive,Active,5989.67
901021,NV403211,2026-06,Aggressive,Active,5989.67
901021,NV403211,2026-07,Aggressive,Active,5989.67
901022,NV403211,2026-05,Aggressive,Active,2365.22
901022,NV403211,2026-06,Aggressive,Active,2365.22
901022,NV403211,2026-07,Aggressive,Active,2365.22
901023,NV403216,2026-02,Moderate,Active,2678.46
901023,NV403216,2026-03,Moderate,Active,2678.46
901023,NV403216,2026-04,Moderate,Active,2678.46
901023,NV403216,2026-05,Moderate,Active,2678.46
901023,NV403216,2026-06,Moderate,Active,2678.46
901023,NV403216,2026-07,Moderate,Active,2678.46
901024,NV403219,2026-02,Moderate,Active,2184.53
901024,NV403219,2026-03,Moderate,Active,2184.53
901024,NV403219,2026-04,Moderate,Active,2184.53
901024,NV403219,2026-05,Moderate,Active,2184.53
901024,NV403219,2026-06,Moderate,Active,2184.53
901024,NV403219,2026-07,Moderate,Active,2184.53
901025,NV403221,2026-02,Conservative,Active,4750.84
901025,NV403221,2026-03,Conservative,Active,4750.84
901025,NV403221,2026-04,Conservative,Active,4750.84
901025,NV403221,2026-05,Conservative,Paused,0.0
901025,NV403221,2026-06,Conservative,Cancelled,0.0
901026,NV403222,2026-02,Moderate,Active,6435.34
901026,NV403222,2026-03,Moderate,Active,6435.34
901026,NV403222,2026-04,Moderate,Active,6435.34
901026,NV403222,2026-05,Moderate,Active,6435.34
901026,NV403222,2026-06,Moderate,Active,6435.34
901026,NV403222,2026-07,Moderate,Active,6435.34
901027,NV403225,2026-04,Aggressive,Active,1636.77
901027,NV403225,2026-05,Aggressive,Active,1636.77
901027,NV403225,2026-06,Aggressive,Active,1636.77
901027,NV403225,2026-07,Aggressive,Active,1636.77
901028,NV403230,2026-02,Moderate,Active,2296.87
901028,NV403230,2026-03,Moderate,Active,2296.87
901028,NV403230,2026-04,Moderate,Active,2296.87
901028,NV403230,2026-05,Moderate,Active,2296.87
901028,NV403230,2026-06,Moderate,Active,2296.87
901028,NV403230,2026-07,Moderate,Active,2296.87
901029,NV403231,2026-02,Moderate,Active,3181.73
901029,NV403231,2026-03,Moderate,Active,3181.73
901029,NV403231,2026-04,Moderate,Active,3181.73
901029,NV403231,2026-05,Moderate,Active,3181.73
901029,NV403231,2026-06,Moderate,Active,3181.73
901029,NV403231,2026-07,Moderate,Active,3181.73
901030,NV403231,2026-06,Moderate,Active,3524.38
901030,NV403231,2026-07,Moderate,Active,3524.38
901031,NV403240,2026-02,Aggressive,Active,4504.19
901031,NV403240,2026-03,Aggressive,Active,4504.19
901031,NV403240,2026-04,Aggressive,Active,4504.19
901031,NV403240,2026-05,Aggressive,Active,4504.19
901031,NV403240,2026-06,Aggressive,Active,4504.19
901031,NV403240,2026-07,Aggressive,Active,4504.19
901032,NV403240,2026-04,Aggressive,Active,910.8
901032,NV403240,2026-05,Aggressive,Active,910.8
901032,NV403240,2026-06,Aggressive,Active,910.8
901032,NV403240,2026-07,Aggressive,Active,910.8
901033,NV403242,2026-02,Conservative,Active,1516.94
901033,NV403242,2026-03,Conservative,Active,1516.94
901033,NV403242,2026-04,Conservative,Active,1516.94
901033,NV403242,2026-05,Conservative,Active,1516.94
901033,NV403242,2026-06,Conservative,Active,1516.94
901033,NV403242,2026-07,Conservative,Active,1516.94
901034,NV403245,2026-02,Moderate,Active,3694.75
901034,NV403245,2026-03,Moderate,Active,3694.75
901034,NV403245,2026-04,Moderate,Active,3694.75
901034,NV403245,2026-05,Moderate,Active,3694.75
901034,NV403245,2026-06,Moderate,Active,3694.75
901034,NV403245,2026-07,Moderate,Active,3694.75
901035,NV403251,2026-02,Moderate,Active,6844.09
901035,NV403251,2026-03,Moderate,Paused,0.0
901035,NV403251,2026-04,Moderate,Active,6844.09
901035,NV403251,2026-05,Moderate,Active,6844.09
901035,NV403251,2026-06,Moderate,Paused,0.0
901035,NV403251,2026-07,Moderate,Active,6844.09
901036,NV403262,2026-02,Moderate,Active,3134.19
901036,NV403262,2026-03,Moderate,Active,3134.19
901036,NV403262,2026-04,Moderate,Active,3134.19
901036,NV403262,2026-05,Moderate,Active,3134.19
901036,NV403262,2026-06,Moderate,Active,3134.19
901036,NV403262,2026-07,Moderate,Active,3134.19
901037,NV403264,2026-02,Moderate,Active,1303.46
901037,NV403264,2026-03,Moderate,Active,1303.46
901037,NV403264,2026-04,Moderate,Active,1303.46
901037,NV403264,2026-05,Moderate,Active,1303.46
901037,NV403264,2026-06,Moderate,Active,1303.46
901037,NV403264,2026-07,Moderate,Active,1303.46
901038,NV403272,2026-02,Conservative,Active,1269.59
901038,NV403272,2026-03,Conservative,Active,1269.59
901038,NV403272,2026-04,Conservative,Active,1269.59
901038,NV403272,2026-05,Conservative,Paused,0.0
901038,NV403272,2026-06,Conservative,Paused,0.0
901038,NV403272,2026-07,Conservative,Active,1269.59
901039,NV403277,2026-02,Moderate,Active,7000.16
901039,NV403277,2026-03,Moderate,Active,7000.16
901039,NV403277,2026-04,Moderate,Active,7000.16
901039,NV403277,2026-05,Moderate,Active,7000.16
901039,NV403277,2026-06,Moderate,Active,7000.16
901039,NV403277,2026-07,Moderate,Active,7000.16
901040,NV403277,2026-06,Moderate,Active,2068.01
901040,NV403277,2026-07,Moderate,Active,2068.01
901041,NV403278,2026-02,Moderate,Active,1511.52
901041,NV403278,2026-03,Moderate,Paused,0.0
901041,NV403278,2026-04,Moderate,Active,1511.52
901041,NV403278,2026-05,Moderate,Active,1511.52
901041,NV403278,2026-06,Moderate,Active,1511.52
901041,NV403278,2026-07,Moderate,Active,1511.52
901042,NV403282,2026-02,Conservative,Active,971.38
901042,NV403282,2026-03,Conservative,Active,971.38
901042,NV403282,2026-04,Conservative,Active,971.38
901042,NV403282,2026-05,Conservative,Active,971.38
901042,NV403282,2026-06,Conservative,Active,971.38
901042,NV403282,2026-07,Conservative,Active,971.38
901043,NV403283,2026-02,Moderate,Active,2261.56
901043,NV403283,2026-03,Moderate,Active,2261.56
901043,NV403283,2026-04,Moderate,Active,2261.56
901043,NV403283,2026-05,Moderate,Active,2261.56
901043,NV403283,2026-06,Moderate,Active,2261.56
901043,NV403283,2026-07,Moderate,Active,2261.56
901044,NV403285,2026-02,Moderate,Active,2420.43
901044,NV403285,2026-03,Moderate,Active,2420.43
901044,NV403285,2026-04,Moderate,Active,2420.43
901044,NV403285,2026-05,Moderate,Active,2420.43
901044,NV403285,2026-06,Moderate,Paused,0.0
901044,NV403285,2026-07,Moderate,Active,2420.43
901045,NV403286,2026-02,Moderate,Active,3724.64
901045,NV403286,2026-03,Moderate,Active,3724.64
901045,NV403286,2026-04,Moderate,Active,3724.64
901045,NV403286,2026-05,Moderate,Active,3724.64
901045,NV403286,2026-06,Moderate,Active,3724.64
901045,NV403286,2026-07,Moderate,Active,3724.64
901046,NV403288,2026-02,Conservative,Active,2088.14
901046,NV403288,2026-03,Conservative,Active,2088.14
901046,NV403288,2026-04,Conservative,Active,2088.14
901046,NV403288,2026-05,Conservative,Active,2088.14
901046,NV403288,2026-06,Conservative,Active,2088.14
901046,NV403288,2026-07,Conservative,Active,2088.14
901047,NV403289,2026-02,Aggressive,Active,1185.75
901047,NV403289,2026-03,Aggressive,Active,1185.75
901047,NV403289,2026-04,Aggressive,Active,1185.75
901047,NV403289,2026-05,Aggressive,Active,1185.75
901047,NV403289,2026-06,Aggressive,Active,1185.75
901047,NV403289,2026-07,Aggressive,Active,1185.75
901048,NV403291,2026-02,Moderate,Active,3337.58
901048,NV403291,2026-03,Moderate,Active,3337.58
901048,NV403291,2026-04,Moderate,Active,3337.58
901048,NV403291,2026-05,Moderate,Active,3337.58
901048,NV403291,2026-06,Moderate,Active,3337.58
901048,NV403291,2026-07,Moderate,Active,3337.58
901049,NV403293,2026-02,Moderate,Active,1992.68
901049,NV403293,2026-03,Moderate,Active,1992.68
901049,NV403293,2026-04,Moderate,Active,1992.68
901049,NV403293,2026-05,Moderate,Active,1992.68
901049,NV403293,2026-06,Moderate,Active,1992.68
901049,NV403293,2026-07,Moderate,Active,1992.68
901050,NV403296,2026-02,Conservative,Cancelled,0.0
901051,NV403296,2026-06,Conservative,Active,13465.94
901051,NV403296,2026-07,Conservative,Active,13465.94
901052,NV403298,2026-02,Moderate,Active,3573.51
901052,NV403298,2026-03,Moderate,Active,3573.51
901052,NV403298,2026-04,Moderate,Active,3573.51
901052,NV403298,2026-05,Moderate,Active,3573.51
901052,NV403298,2026-06,Moderate,Active,3573.51
901052,NV403298,2026-07,Moderate,Active,3573.51
901053,NV403301,2026-02,Aggressive,Active,2607.17
901053,NV403301,2026-03,Aggressive,Active,2607.17
901053,NV403301,2026-04,Aggressive,Active,2607.17
901053,NV403301,2026-05,Aggressive,Active,2607.17
901053,NV403301,2026-06,Aggressive,Active,2607.17
901053,NV403301,2026-07,Aggressive,Active,2607.17
901054,NV403303,2026-02,Moderate,Active,4131.69
901054,NV403303,2026-03,Moderate,Active,4131.69
901054,NV403303,2026-04,Moderate,Paused,0.0
901054,NV403303,2026-05,Moderate,Cancelled,0.0
901055,NV403305,2026-02,Conservative,Active,2320.05
901055,NV403305,2026-03,Conservative,Active,2320.05
901055,NV403305,2026-04,Conservative,Active,2320.05
901055,NV403305,2026-05,Conservative,Active,2320.05
901055,NV403305,2026-06,Conservative,Active,2320.05
901055,NV403305,2026-07,Conservative,Active,2320.05
901056,NV403305,2026-06,Conservative,Active,2281.07
901056,NV403305,2026-07,Conservative,Active,2281.07
901057,NV403308,2026-02,Conservative,Active,2914.87
901057,NV403308,2026-03,Conservative,Active,2914.87
901057,NV403308,2026-04,Conservative,Active,2914.87
901057,NV403308,2026-05,Conservative,Cancelled,0.0
901058,NV403316,2026-02,Aggressive,Active,2927.47
901058,NV403316,2026-03,Aggressive,Paused,0.0
901058,NV403316,2026-04,Aggressive,Active,2927.47
901058,NV403316,2026-05,Aggressive,Active,2927.47
901058,NV403316,2026-06,Aggressive,Active,2927.47
901058,NV403316,2026-07,Aggressive,Active,2927.47
901059,NV403322,2026-02,Moderate,Active,1441.86
901059,NV403322,2026-03,Moderate,Active,1441.86
901059,NV403322,2026-04,Moderate,Active,1441.86
901059,NV403322,2026-05,Moderate,Active,1441.86
901059,NV403322,2026-06,Moderate,Active,1441.86
901059,NV403322,2026-07,Moderate,Active,1441.86
901060,NV403325,2026-02,Aggressive,Cancelled,0.0
901061,NV403328,2026-02,Aggressive,Active,2199.16
901061,NV403328,2026-03,Aggressive,Active,2199.16
901061,NV403328,2026-04,Aggressive,Active,2199.16
901061,NV403328,2026-05,Aggressive,Active,2199.16
901061,NV403328,2026-06,Aggressive,Active,2199.16
901061,NV403328,2026-07,Aggressive,Active,2199.16
901062,NV403330,2026-02,Moderate,Active,3664.39
901062,NV403330,2026-03,Moderate,Active,3664.39
901062,NV403330,2026-04,Moderate,Active,3664.39
901062,NV403330,2026-05,Moderate,Active,3664.39
901062,NV403330,2026-06,Moderate,Active,3664.39
901062,NV403330,2026-07,Moderate,Active,3664.39
901063,NV403330,2026-04,Moderate,Active,3355.29
901063,NV403330,2026-05,Moderate,Active,3355.29
901063,NV403330,2026-06,Moderate,Active,3355.29
901063,NV403330,2026-07,Moderate,Paused,0.0
901064,NV403342,2026-02,Moderate,Active,1721.67
901064,NV403342,2026-03,Moderate,Active,1721.67
901064,NV403342,2026-04,Moderate,Active,1721.67
901064,NV403342,2026-05,Moderate,Paused,0.0
901064,NV403342,2026-06,Moderate,Active,1721.67
901064,NV403342,2026-07,Moderate,Paused,0.0
901065,NV403345,2026-02,Aggressive,Active,1616.48
901065,NV403345,2026-03,Aggressive,Active,1616.48
901065,NV403345,2026-04,Aggressive,Active,1616.48
901065,NV403345,2026-05,Aggressive,Active,1616.48
901065,NV403345,2026-06,Aggressive,Active,1616.48
901065,NV403345,2026-07,Aggressive,Active,1616.48
901066,NV403346,2026-02,Moderate,Active,2456.82
901066,NV403346,2026-03,Moderate,Paused,0.0
901066,NV403346,2026-04,Moderate,Active,2456.82
901066,NV403346,2026-05,Moderate,Active,2456.82
901066,NV403346,2026-06,Moderate,Active,2456.82
901066,NV403346,2026-07,Moderate,Active,2456.82
901067,NV403350,2026-02,Aggressive,Active,2565.4
901067,NV403350,2026-03,Aggressive,Active,2565.4
901067,NV403350,2026-04,Aggressive,Active,2565.4
901067,NV403350,2026-05,Aggressive,Active,2565.4
901067,NV403350,2026-06,Aggressive,Active,2565.4
901067,NV403350,2026-07,Aggressive,Active,2565.4
901068,NV403350,2026-04,Aggressive,Active,3490.74
901068,NV403350,2026-05,Aggressive,Active,3490.74
901068,NV403350,2026-06,Aggressive,Active,3490.74
901068,NV403350,2026-07,Aggressive,Active,3490.74
901069,NV403357,2026-02,Aggressive,Active,1076.97
901069,NV403357,2026-03,Aggressive,Active,1076.97
901069,NV403357,2026-04,Aggressive,Active,1076.97
901069,NV403357,2026-05,Aggressive,Active,1076.97
901069,NV403357,2026-06,Aggressive,Active,1076.97
901069,NV403357,2026-07,Aggressive,Active,1076.97
901070,NV403358,2026-02,Conservative,Active,4153.53
901070,NV403358,2026-03,Conservative,Active,4153.53
901070,NV403358,2026-04,Conservative,Active,4153.53
901070,NV403358,2026-05,Conservative,Active,4153.53
901070,NV403358,2026-06,Conservative,Active,4153.53
901070,NV403358,2026-07,Conservative,Active,4153.53
901071,NV403359,2026-02,Moderate,Active,2004.78
901071,NV403359,2026-03,Moderate,Active,2004.78
901071,NV403359,2026-04,Moderate,Active,2004.78
901071,NV403359,2026-05,Moderate,Active,2004.78
901071,NV403359,2026-06,Moderate,Active,2004.78
901071,NV403359,2026-07,Moderate,Active,2004.78
901072,NV403360,2026-02,Moderate,Active,2933.21
901072,NV403360,2026-03,Moderate,Active,2933.21
901072,NV403360,2026-04,Moderate,Active,2933.21
901072,NV403360,2026-05,Moderate,Active,2933.21
901072,NV403360,2026-06,Moderate,Active,2933.21
901072,NV403360,2026-07,Moderate,Active,2933.21
901073,NV403365,2026-02,Moderate,Active,2096.1
901073,NV403365,2026-03,Moderate,Active,2096.1
901073,NV403365,2026-04,Moderate,Active,2096.1
901073,NV403365,2026-05,Moderate,Cancelled,0.0
901074,NV403365,2026-03,Moderate,Active,1383.64
901074,NV403365,2026-04,Moderate,Active,1383.64
901074,NV403365,2026-05,Moderate,Active,1383.64
901074,NV403365,2026-06,Moderate,Active,1383.64
901074,NV403365,2026-07,Moderate,Active,1383.64
901075,NV403370,2026-02,Aggressive,Active,5387.45
901075,NV403370,2026-03,Aggressive,Active,5387.45
901075,NV403370,2026-04,Aggressive,Active,5387.45
901075,NV403370,2026-05,Aggressive,Active,5387.45
901075,NV403370,2026-06,Aggressive,Active,5387.45
901075,NV403370,2026-07,Aggressive,Active,5387.45
901076,NV403370,2026-06,Aggressive,Active,2063.39
901076,NV403370,2026-07,Aggressive,Active,2063.39
901077,NV403375,2026-02,Aggressive,Paused,0.0
901077,NV403375,2026-03,Aggressive,Active,3243.25
901077,NV403375,2026-04,Aggressive,Active,3243.25
901077,NV403375,2026-05,Aggressive,Active,3243.25
901077,NV403375,2026-06,Aggressive,Active,3243.25
901077,NV403375,2026-07,Aggressive,Active,3243.25
901078,NV403382,2026-02,Conservative,Active,1571.52
901078,NV403382,2026-03,Conservative,Active,1571.52
901078,NV403382,2026-04,Conservative,Active,1571.52
901078,NV403382,2026-05,Conservative,Active,1571.52
901078,NV403382,2026-06,Conservative,Active,1571.52
901078,NV403382,2026-07,Conservative,Active,1571.52
901079,NV403382,2026-06,Conservative,Active,2240.82
901079,NV403382,2026-07,Conservative,Active,2240.82
901080,NV403385,2026-02,Aggressive,Active,2592.82
901080,NV403385,2026-03,Aggressive,Active,2592.82
901080,NV403385,2026-04,Aggressive,Active,2592.82
901080,NV403385,2026-05,Aggressive,Active,2592.82
901080,NV403385,2026-06,Aggressive,Active,2592.82
901080,NV403385,2026-07,Aggressive,Active,2592.82
901081,NV403388,2026-02,Aggressive,Active,2187.02
901081,NV403388,2026-03,Aggressive,Active,2187.02
901081,NV403388,2026-04,Aggressive,Active,2187.02
901081,NV403388,2026-05,Aggressive,Paused,0.0
901081,NV403388,2026-06,Aggressive,Active,2187.02
901081,NV403388,2026-07,Aggressive,Active,2187.02
901082,NV403388,2026-07,Aggressive,Active,1541.18
901083,NV403396,2026-02,Moderate,Active,2924.35
901083,NV403396,2026-03,Moderate,Active,2924.35
901083,NV403396,2026-04,Moderate,Active,2924.35
901083,NV403396,2026-05,Moderate,Active,2924.35
901083,NV403396,2026-06,Moderate,Cancelled,0.0
901084,NV403396,2026-05,Moderate,Active,1876.18
901084,NV403396,2026-06,Moderate,Active,1876.18
901084,NV403396,2026-07,Moderate,Active,1876.18
901085,NV403397,2026-02,Moderate,Active,8266.4
901085,NV403397,2026-03,Moderate,Active,8266.4
901085,NV403397,2026-04,Moderate,Active,8266.4
901085,NV403397,2026-05,Moderate,Paused,0.0
901085,NV403397,2026-06,Moderate,Cancelled,0.0
901086,NV403398,2026-02,Moderate,Active,2322.74
901086,NV403398,2026-03,Moderate,Active,2322.74
901086,NV403398,2026-04,Moderate,Active,2322.74
901086,NV403398,2026-05,Moderate,Active,2322.74
901086,NV403398,2026-06,Moderate,Active,2322.74
901086,NV403398,2026-07,Moderate,Active,2322.74
901087,NV403399,2026-02,Moderate,Active,2868.26
901087,NV403399,2026-03,Moderate,Active,2868.26
901087,NV403399,2026-04,Moderate,Active,2868.26
901087,NV403399,2026-05,Moderate,Paused,0.0
901087,NV403399,2026-06,Moderate,Active,2868.26
901087,NV403399,2026-07,Moderate,Active,2868.26
901088,NV403402,2026-02,Moderate,Active,3233.69
901088,NV403402,2026-03,Moderate,Active,3233.69
901088,NV403402,2026-04,Moderate,Active,3233.69
901088,NV403402,2026-05,Moderate,Active,3233.69
901088,NV403402,2026-06,Moderate,Active,3233.69
901088,NV403402,2026-07,Moderate,Active,3233.69
901089,NV403405,2026-02,Conservative,Active,1037.53
901089,NV403405,2026-03,Conservative,Active,1037.53
901089,NV403405,2026-04,Conservative,Active,1037.53
901089,NV403405,2026-05,Conservative,Active,1037.53
901089,NV403405,2026-06,Conservative,Active,1037.53
901089,NV403405,2026-07,Conservative,Active,1037.53
901090,NV403405,2026-03,Conservative,Paused,0.0
901090,NV403405,2026-04,Conservative,Cancelled,0.0
901091,NV403407,2026-02,Moderate,Active,4945.71
901091,NV403407,2026-03,Moderate,Active,4945.71
901091,NV403407,2026-04,Moderate,Active,4945.71
901091,NV403407,2026-05,Moderate,Active,4945.71
901091,NV403407,2026-06,Moderate,Active,4945.71
901091,NV403407,2026-07,Moderate,Active,4945.71
901092,NV403415,2026-02,Moderate,Active,2167.74
901092,NV403415,2026-03,Moderate,Active,2167.74
901092,NV403415,2026-04,Moderate,Active,2167.74
901092,NV403415,2026-05,Moderate,Active,2167.74
901092,NV403415,2026-06,Moderate,Active,2167.74
901092,NV403415,2026-07,Moderate,Active,2167.74
901093,NV403422,2026-02,Aggressive,Active,4950.35
901093,NV403422,2026-03,Aggressive,Active,4950.35
901093,NV403422,2026-04,Aggressive,Active,4950.35
901093,NV403422,2026-05,Aggressive,Active,4950.35
901093,NV403422,2026-06,Aggressive,Active,4950.35
901093,NV403422,2026-07,Aggressive,Active,4950.35
901094,NV403426,2026-02,Conservative,Active,3440.22
901094,NV403426,2026-03,Conservative,Active,3440.22
901094,NV403426,2026-04,Conservative,Active,3440.22
901094,NV403426,2026-05,Conservative,Active,3440.22
901094,NV403426,2026-06,Conservative,Active,3440.22
901094,NV403426,2026-07,Conservative,Active,3440.22
901095,NV403427,2026-02,Conservative,Active,3185.72
901095,NV403427,2026-03,Conservative,Active,3185.72
901095,NV403427,2026-04,Conservative,Active,3185.72
901095,NV403427,2026-05,Conservative,Active,3185.72
901095,NV403427,2026-06,Conservative,Active,3185.72
901095,NV403427,2026-07,Conservative,Active,3185.72
901096,NV403428,2026-03,Moderate,Active,6743.34
901096,NV403428,2026-04,Moderate,Active,6743.34
901096,NV403428,2026-05,Moderate,Active,6743.34
901096,NV403428,2026-06,Moderate,Active,6743.34
901096,NV403428,2026-07,Moderate,Active,6743.34
901097,NV403429,2026-02,Aggressive,Active,1794.6
901097,NV403429,2026-03,Aggressive,Active,1794.6
901097,NV403429,2026-04,Aggressive,Active,1794.6
901097,NV403429,2026-05,Aggressive,Active,1794.6
901097,NV403429,2026-06,Aggressive,Active,1794.6
901097,NV403429,2026-07,Aggressive,Active,1794.6
901098,NV403430,2026-02,Moderate,Active,2834.81
901098,NV403430,2026-03,Moderate,Active,2834.81
901098,NV403430,2026-04,Moderate,Active,2834.81
901098,NV403430,2026-05,Moderate,Paused,0.0
901098,NV403430,2026-06,Moderate,Cancelled,0.0
901099,NV403432,2026-03,Conservative,Active,5441.69
901099,NV403432,2026-04,Conservative,Active,5441.69
901099,NV403432,2026-05,Conservative,Active,5441.69
901099,NV403432,2026-06,Conservative,Active,5441.69
901099,NV403432,2026-07,Conservative,Active,5441.69
901100,NV403437,2026-02,Moderate,Active,2239.15
901100,NV403437,2026-03,Moderate,Paused,0.0
901100,NV403437,2026-04,Moderate,Active,2239.15
901100,NV403437,2026-05,Moderate,Active,2239.15
901100,NV403437,2026-06,Moderate,Active,2239.15
901100,NV403437,2026-07,Moderate,Active,2239.15
901101,NV403440,2026-02,Aggressive,Active,1633.21
901101,NV403440,2026-03,Aggressive,Active,1633.21
901101,NV403440,2026-04,Aggressive,Active,1633.21
901101,NV403440,2026-05,Aggressive,Active,1633.21
901101,NV403440,2026-06,Aggressive,Active,1633.21
901101,NV403440,2026-07,Aggressive,Active,1633.21
901102,NV403444,2026-02,Moderate,Active,4635.91
901102,NV403444,2026-03,Moderate,Paused,0.0
901102,NV403444,2026-04,Moderate,Active,4635.91
901102,NV403444,2026-05,Moderate,Active,4635.91
901102,NV403444,2026-06,Moderate,Active,4635.91
901102,NV403444,2026-07,Moderate,Active,4635.91
901103,NV403444,2026-03,Moderate,Active,5768.02
901103,NV403444,2026-04,Moderate,Active,5768.02
901103,NV403444,2026-05,Moderate,Active,5768.02
901103,NV403444,2026-06,Moderate,Active,5768.02
901103,NV403444,2026-07,Moderate,Active,5768.02
901104,NV403450,2026-05,Aggressive,Active,1507.57
901104,NV403450,2026-06,Aggressive,Active,1507.57
901104,NV403450,2026-07,Aggressive,Cancelled,0.0
901105,NV403454,2026-03,Moderate,Active,963.84
901105,NV403454,2026-04,Moderate,Active,963.84
901105,NV403454,2026-05,Moderate,Active,963.84
901105,NV403454,2026-06,Moderate,Active,963.84
901105,NV403454,2026-07,Moderate,Active,963.84
901106,NV403459,2026-02,Conservative,Active,3434.52
901106,NV403459,2026-03,Conservative,Active,3434.52
901106,NV403459,2026-04,Conservative,Active,3434.52
901106,NV403459,2026-05,Conservative,Active,3434.52
901106,NV403459,2026-06,Conservative,Active,3434.52
901106,NV403459,2026-07,Conservative,Active,3434.52
901107,NV403462,2026-07,Moderate,Active,3563.57
901108,NV403467,2026-02,Conservative,Active,5438.65
901108,NV403467,2026-03,Conservative,Active,5438.65
901108,NV403467,2026-04,Conservative,Active,5438.65
901108,NV403467,2026-05,Conservative,Paused,0.0
901108,NV403467,2026-06,Conservative,Cancelled,0.0
901109,NV403470,2026-02,Moderate,Active,3406.91
901109,NV403470,2026-03,Moderate,Active,3406.91
901109,NV403470,2026-04,Moderate,Active,3406.91
901109,NV403470,2026-05,Moderate,Active,3406.91
901109,NV403470,2026-06,Moderate,Active,3406.91
901109,NV403470,2026-07,Moderate,Paused,0.0
901110,NV403476,2026-02,Moderate,Active,2844.42
901110,NV403476,2026-03,Moderate,Active,2844.42
901110,NV403476,2026-04,Moderate,Active,2844.42
901110,NV403476,2026-05,Moderate,Active,2844.42
901110,NV403476,2026-06,Moderate,Active,2844.42
901110,NV403476,2026-07,Moderate,Active,2844.42
901111,NV403477,2026-04,Aggressive,Active,3958.71
901111,NV403477,2026-05,Aggressive,Active,3958.71
901111,NV403477,2026-06,Aggressive,Active,3958.71
901111,NV403477,2026-07,Aggressive,Active,3958.71
901112,NV403481,2026-02,Conservative,Active,8076.31
901112,NV403481,2026-03,Conservative,Active,8076.31
901112,NV403481,2026-04,Conservative,Active,8076.31
901112,NV403481,2026-05,Conservative,Active,8076.31
901112,NV403481,2026-06,Conservative,Active,8076.31
901112,NV403481,2026-07,Conservative,Active,8076.31
901113,NV403486,2026-02,Moderate,Active,881.34
901113,NV403486,2026-03,Moderate,Active,881.34
901113,NV403486,2026-04,Moderate,Paused,0.0
901113,NV403486,2026-05,Moderate,Paused,0.0
901113,NV403486,2026-06,Moderate,Active,881.34
901113,NV403486,2026-07,Moderate,Active,881.34
901114,NV403494,2026-02,Moderate,Active,1351.0
901114,NV403494,2026-03,Moderate,Active,1351.0
901114,NV403494,2026-04,Moderate,Active,1351.0
901114,NV403494,2026-05,Moderate,Active,1351.0
901114,NV403494,2026-06,Moderate,Active,1351.0
901114,NV403494,2026-07,Moderate,Active,1351.0
901115,NV403496,2026-02,Moderate,Active,2110.72
901115,NV403496,2026-03,Moderate,Paused,0.0
901115,NV403496,2026-04,Moderate,Cancelled,0.0
901116,NV403500,2026-02,Aggressive,Active,4985.4
901116,NV403500,2026-03,Aggressive,Active,4985.4
901116,NV403500,2026-04,Aggressive,Active,4985.4
901116,NV403500,2026-05,Aggressive,Cancelled,0.0
901117,NV403500,2026-04,Aggressive,Active,4899.94
901117,NV403500,2026-05,Aggressive,Active,4899.94
901117,NV403500,2026-06,Aggressive,Active,4899.94
901117,NV403500,2026-07,Aggressive,Active,4899.94
901118,NV403503,2026-02,Moderate,Active,1313.34
901118,NV403503,2026-03,Moderate,Active,1313.34
901118,NV403503,2026-04,Moderate,Active,1313.34
901118,NV403503,2026-05,Moderate,Active,1313.34
901118,NV403503,2026-06,Moderate,Active,1313.34
901118,NV403503,2026-07,Moderate,Active,1313.34
901119,NV403528,2026-02,Conservative,Active,3588.38
901119,NV403528,2026-03,Conservative,Active,3588.38
901119,NV403528,2026-04,Conservative,Active,3588.38
901119,NV403528,2026-05,Conservative,Active,3588.38
901119,NV403528,2026-06,Conservative,Active,3588.38
901119,NV403528,2026-07,Conservative,Active,3588.38
901120,NV403534,2026-02,Moderate,Active,3490.47
901120,NV403534,2026-03,Moderate,Active,3490.47
901120,NV403534,2026-04,Moderate,Active,3490.47
901120,NV403534,2026-05,Moderate,Active,3490.47
901120,NV403534,2026-06,Moderate,Paused,0.0
901120,NV403534,2026-07,Moderate,Active,3490.47
901121,NV403535,2026-06,Aggressive,Active,2631.84
901121,NV403535,2026-07,Aggressive,Active,2631.84
901122,NV403536,2026-02,Conservative,Active,3554.6
901122,NV403536,2026-03,Conservative,Active,3554.6
901122,NV403536,2026-04,Conservative,Active,3554.6
901122,NV403536,2026-05,Conservative,Active,3554.6
901122,NV403536,2026-06,Conservative,Active,3554.6
901122,NV403536,2026-07,Conservative,Active,3554.6
901123,NV403540,2026-02,Conservative,Active,6920.1
901123,NV403540,2026-03,Conservative,Active,6920.1
901123,NV403540,2026-04,Conservative,Active,6920.1
901123,NV403540,2026-05,Conservative,Active,6920.1
901123,NV403540,2026-06,Conservative,Active,6920.1
901123,NV403540,2026-07,Conservative,Active,6920.1
901124,NV403542,2026-02,Conservative,Active,2256.3
901124,NV403542,2026-03,Conservative,Active,2256.3
901124,NV403542,2026-04,Conservative,Active,2256.3
901124,NV403542,2026-05,Conservative,Active,2256.3
901124,NV403542,2026-06,Conservative,Active,2256.3
901124,NV403542,2026-07,Conservative,Active,2256.3
901125,NV403542,2026-04,Conservative,Active,3239.71
901125,NV403542,2026-05,Conservative,Active,3239.71
901125,NV403542,2026-06,Conservative,Active,3239.71
901125,NV403542,2026-07,Conservative,Active,3239.71
901126,NV403546,2026-02,Aggressive,Paused,0.0
901126,NV403546,2026-03,Aggressive,Active,5941.49
901126,NV403546,2026-04,Aggressive,Active,5941.49
901126,NV403546,2026-05,Aggressive,Active,5941.49
901126,NV403546,2026-06,Aggressive,Active,5941.49
901126,NV403546,2026-07,Aggressive,Paused,0.0
901127,NV403546,2026-07,Aggressive,Active,1823.86
901128,NV403547,2026-02,Moderate,Active,6427.14
901128,NV403547,2026-03,Moderate,Active,6427.14
901128,NV403547,2026-04,Moderate,Active,6427.14
901128,NV403547,2026-05,Moderate,Active,6427.14
901128,NV403547,2026-06,Moderate,Paused,0.0
901128,NV403547,2026-07,Moderate,Active,6427.14
901129,NV403549,2026-02,Aggressive,Active,2514.0
901129,NV403549,2026-03,Aggressive,Active,2514.0
901129,NV403549,2026-04,Aggressive,Active,2514.0
901129,NV403549,2026-05,Aggressive,Active,2514.0
901129,NV403549,2026-06,Aggressive,Active,2514.0
901129,NV403549,2026-07,Aggressive,Active,2514.0
901130,NV403552,2026-02,Moderate,Active,2049.53
901130,NV403552,2026-03,Moderate,Paused,0.0
901130,NV403552,2026-04,Moderate,Cancelled,0.0
901131,NV403552,2026-04,Moderate,Paused,0.0
901131,NV403552,2026-05,Moderate,Paused,0.0
901131,NV403552,2026-06,Moderate,Paused,0.0
901131,NV403552,2026-07,Moderate,Active,2400.88
901132,NV403554,2026-02,Aggressive,Active,2986.56
901132,NV403554,2026-03,Aggressive,Active,2986.56
901132,NV403554,2026-04,Aggressive,Active,2986.56
901132,NV403554,2026-05,Aggressive,Active,2986.56
901132,NV403554,2026-06,Aggressive,Active,2986.56
901132,NV403554,2026-07,Aggressive,Active,2986.56
901133,NV403557,2026-02,Aggressive,Paused,0.0
901133,NV403557,2026-03,Aggressive,Cancelled,0.0
901134,NV403562,2026-05,Conservative,Active,1873.72
901134,NV403562,2026-06,Conservative,Active,1873.72
901134,NV403562,2026-07,Conservative,Active,1873.72
901135,NV403564,2026-02,Conservative,Active,2351.25
901135,NV403564,2026-03,Conservative,Active,2351.25
901135,NV403564,2026-04,Conservative,Active,2351.25
901135,NV403564,2026-05,Conservative,Active,2351.25
901135,NV403564,2026-06,Conservative,Active,2351.25
901135,NV403564,2026-07,Conservative,Active,2351.25
901136,NV403567,2026-02,Moderate,Active,2123.02
901136,NV403567,2026-03,Moderate,Active,2123.02
901136,NV403567,2026-04,Moderate,Active,2123.02
901136,NV403567,2026-05,Moderate,Active,2123.02
901136,NV403567,2026-06,Moderate,Active,2123.02
901136,NV403567,2026-07,Moderate,Active,2123.02
901137,NV403567,2026-04,Moderate,Active,1883.16
901137,NV403567,2026-05,Moderate,Active,1883.16
901137,NV403567,2026-06,Moderate,Cancelled,0.0
901138,NV403568,2026-02,Conservative,Active,3930.36
901138,NV403568,2026-03,Conservative,Active,3930.36
901138,NV403568,2026-04,Conservative,Active,3930.36
901138,NV403568,2026-05,Conservative,Active,3930.36
901138,NV403568,2026-06,Conservative,Active,3930.36
901138,NV403568,2026-07,Conservative,Active,3930.36
901139,NV403569,2026-02,Aggressive,Active,5650.89
901139,NV403569,2026-03,Aggressive,Paused,0.0
901139,NV403569,2026-04,Aggressive,Cancelled,0.0
901140,NV403569,2026-03,Aggressive,Active,6109.43
901140,NV403569,2026-04,Aggressive,Paused,0.0
901140,NV403569,2026-05,Aggressive,Active,6109.43
901140,NV403569,2026-06,Aggressive,Active,6109.43
901140,NV403569,2026-07,Aggressive,Active,6109.43
901141,NV403573,2026-02,Conservative,Active,2401.99
901141,NV403573,2026-03,Conservative,Active,2401.99
901141,NV403573,2026-04,Conservative,Active,2401.99
901141,NV403573,2026-05,Conservative,Active,2401.99
901141,NV403573,2026-06,Conservative,Active,2401.99
901141,NV403573,2026-07,Conservative,Active,2401.99
901142,NV403581,2026-02,Aggressive,Active,500.0
901142,NV403581,2026-03,Aggressive,Active,500.0
901142,NV403581,2026-04,Aggressive,Paused,0.0
901142,NV403581,2026-05,Aggressive,Active,500.0
901142,NV403581,2026-06,Aggressive,Active,500.0
901142,NV403581,2026-07,Aggressive,Active,500.0
901143,NV403581,2026-05,Aggressive,Active,2686.64
901143,NV403581,2026-06,Aggressive,Paused,0.0
901143,NV403581,2026-07,Aggressive,Active,2686.64
901144,NV403587,2026-03,Aggressive,Active,1682.7
901144,NV403587,2026-04,Aggressive,Active,1682.7
901144,NV403587,2026-05,Aggressive,Active,1682.7
901144,NV403587,2026-06,Aggressive,Active,1682.7
901144,NV403587,2026-07,Aggressive,Active,1682.7
901145,NV403592,2026-02,Moderate,Active,3038.37
901145,NV403592,2026-03,Moderate,Active,3038.37
901145,NV403592,2026-04,Moderate,Active,3038.37
901145,NV403592,2026-05,Moderate,Active,3038.37
901145,NV403592,2026-06,Moderate,Active,3038.37
901145,NV403592,2026-07,Moderate,Active,3038.37
901146,NV403594,2026-05,Aggressive,Active,17319.68
901146,NV403594,2026-06,Aggressive,Active,17319.68
901146,NV403594,2026-07,Aggressive,Active,17319.68
901147,NV403596,2026-02,Aggressive,Active,1199.9
901147,NV403596,2026-03,Aggressive,Active,1199.9
901147,NV403596,2026-04,Aggressive,Active,1199.9
901147,NV403596,2026-05,Aggressive,Active,1199.9
901147,NV403596,2026-06,Aggressive,Active,1199.9
901147,NV403596,2026-07,Aggressive,Active,1199.9
901148,NV403610,2026-02,Conservative,Active,2437.0
901148,NV403610,2026-03,Conservative,Active,2437.0
901148,NV403610,2026-04,Conservative,Active,2437.0
901148,NV403610,2026-05,Conservative,Active,2437.0
901148,NV403610,2026-06,Conservative,Active,2437.0
901148,NV403610,2026-07,Conservative,Active,2437.0
901149,NV403613,2026-02,Moderate,Active,12046.8
901149,NV403613,2026-03,Moderate,Active,12046.8
901149,NV403613,2026-04,Moderate,Active,12046.8
901149,NV403613,2026-05,Moderate,Active,12046.8
901149,NV403613,2026-06,Moderate,Active,12046.8
901149,NV403613,2026-07,Moderate,Active,12046.8
901150,NV403614,2026-03,Moderate,Active,5447.91
901150,NV403614,2026-04,Moderate,Active,5447.91
901150,NV403614,2026-05,Moderate,Active,5447.91
901150,NV403614,2026-06,Moderate,Active,5447.91
901150,NV403614,2026-07,Moderate,Active,5447.91
901151,NV403615,2026-02,Conservative,Active,1583.97
901151,NV403615,2026-03,Conservative,Active,1583.97
901151,NV403615,2026-04,Conservative,Active,1583.97
901151,NV403615,2026-05,Conservative,Paused,0.0
901151,NV403615,2026-06,Conservative,Active,1583.97
901151,NV403615,2026-07,Conservative,Active,1583.97
901152,NV403617,2026-02,Conservative,Active,7120.14
901152,NV403617,2026-03,Conservative,Active,7120.14
901152,NV403617,2026-04,Conservative,Active,7120.14
901152,NV403617,2026-05,Conservative,Paused,0.0
901152,NV403617,2026-06,Conservative,Paused,0.0
901152,NV403617,2026-07,Conservative,Active,7120.14
901153,NV403617,2026-03,Conservative,Active,2589.54
901153,NV403617,2026-04,Conservative,Active,2589.54
901153,NV403617,2026-05,Conservative,Active,2589.54
901153,NV403617,2026-06,Conservative,Active,2589.54
901153,NV403617,2026-07,Conservative,Active,2589.54
901154,NV403618,2026-02,Aggressive,Paused,0.0
901154,NV403618,2026-03,Aggressive,Active,7471.9
901154,NV403618,2026-04,Aggressive,Active,7471.9
901154,NV403618,2026-05,Aggressive,Active,7471.9
901154,NV403618,2026-06,Aggressive,Active,7471.9
901154,NV403618,2026-07,Aggressive,Active,7471.9
901155,NV403620,2026-02,Conservative,Active,3500.55
901155,NV403620,2026-03,Conservative,Active,3500.55
901155,NV403620,2026-04,Conservative,Active,3500.55
901155,NV403620,2026-05,Conservative,Paused,0.0
901155,NV403620,2026-06,Conservative,Paused,0.0
901155,NV403620,2026-07,Conservative,Active,3500.55
901156,NV403620,2026-05,Conservative,Cancelled,0.0
901157,NV403621,2026-02,Conservative,Active,2473.34
901157,NV403621,2026-03,Conservative,Active,2473.34
901157,NV403621,2026-04,Conservative,Active,2473.34
901157,NV403621,2026-05,Conservative,Active,2473.34
901157,NV403621,2026-06,Conservative,Active,2473.34
901157,NV403621,2026-07,Conservative,Active,2473.34
901158,NV403624,2026-02,Moderate,Active,1228.24
901158,NV403624,2026-03,Moderate,Active,1228.24
901158,NV403624,2026-04,Moderate,Active,1228.24
901158,NV403624,2026-05,Moderate,Active,1228.24
901158,NV403624,2026-06,Moderate,Paused,0.0
901158,NV403624,2026-07,Moderate,Active,1228.24
901159,NV403624,2026-05,Moderate,Active,1428.0
901159,NV403624,2026-06,Moderate,Active,1428.0
901159,NV403624,2026-07,Moderate,Active,1428.0
901160,NV403633,2026-02,Conservative,Active,1503.45
901160,NV403633,2026-03,Conservative,Active,1503.45
901160,NV403633,2026-04,Conservative,Active,1503.45
901160,NV403633,2026-05,Conservative,Active,1503.45
901160,NV403633,2026-06,Conservative,Active,1503.45
901160,NV403633,2026-07,Conservative,Active,1503.45
901161,NV403636,2026-02,Moderate,Active,1288.85
901161,NV403636,2026-03,Moderate,Active,1288.85
901161,NV403636,2026-04,Moderate,Active,1288.85
901161,NV403636,2026-05,Moderate,Active,1288.85
901161,NV403636,2026-06,Moderate,Active,1288.85
901161,NV403636,2026-07,Moderate,Active,1288.85
901162,NV403638,2026-02,Moderate,Active,3213.18
901162,NV403638,2026-03,Moderate,Active,3213.18
901162,NV403638,2026-04,Moderate,Active,3213.18
901162,NV403638,2026-05,Moderate,Active,3213.18
901162,NV403638,2026-06,Moderate,Active,3213.18
901162,NV403638,2026-07,Moderate,Active,3213.18
901163,NV403640,2026-06,Moderate,Active,3265.81
901163,NV403640,2026-07,Moderate,Active,3265.81
901164,NV403641,2026-02,Conservative,Active,6290.83
901164,NV403641,2026-03,Conservative,Active,6290.83
901164,NV403641,2026-04,Conservative,Active,6290.83
901164,NV403641,2026-05,Conservative,Active,6290.83
901164,NV403641,2026-06,Conservative,Active,6290.83
901164,NV403641,2026-07,Conservative,Active,6290.83
901165,NV403642,2026-02,Conservative,Active,1308.13
901165,NV403642,2026-03,Conservative,Active,1308.13
901165,NV403642,2026-04,Conservative,Active,1308.13
901165,NV403642,2026-05,Conservative,Paused,0.0
901165,NV403642,2026-06,Conservative,Active,1308.13
901165,NV403642,2026-07,Conservative,Active,1308.13
901166,NV403648,2026-02,Conservative,Active,3181.57
901166,NV403648,2026-03,Conservative,Active,3181.57
901166,NV403648,2026-04,Conservative,Active,3181.57
901166,NV403648,2026-05,Conservative,Active,3181.57
901166,NV403648,2026-06,Conservative,Active,3181.57
901166,NV403648,2026-07,Conservative,Active,3181.57
901167,NV403650,2026-02,Conservative,Active,1314.47
901167,NV403650,2026-03,Conservative,Active,1314.47
901167,NV403650,2026-04,Conservative,Active,1314.47
901167,NV403650,2026-05,Conservative,Active,1314.47
901167,NV403650,2026-06,Conservative,Active,1314.47
901167,NV403650,2026-07,Conservative,Active,1314.47
901168,NV403650,2026-06,Conservative,Active,4814.24
901168,NV403650,2026-07,Conservative,Active,4814.24
901169,NV403651,2026-02,Aggressive,Active,2469.73
901169,NV403651,2026-03,Aggressive,Active,2469.73
901169,NV403651,2026-04,Aggressive,Active,2469.73
901169,NV403651,2026-05,Aggressive,Active,2469.73
901169,NV403651,2026-06,Aggressive,Active,2469.73
901169,NV403651,2026-07,Aggressive,Active,2469.73
901170,NV403651,2026-05,Aggressive,Active,1434.56
901170,NV403651,2026-06,Aggressive,Active,1434.56
901170,NV403651,2026-07,Aggressive,Active,1434.56
901171,NV403653,2026-02,Aggressive,Active,2160.97
901171,NV403653,2026-03,Aggressive,Active,2160.97
901171,NV403653,2026-04,Aggressive,Active,2160.97
901171,NV403653,2026-05,Aggressive,Active,2160.97
901171,NV403653,2026-06,Aggressive,Active,2160.97
901171,NV403653,2026-07,Aggressive,Active,2160.97
901172,NV403654,2026-02,Moderate,Active,1358.07
901172,NV403654,2026-03,Moderate,Active,1358.07
901172,NV403654,2026-04,Moderate,Active,1358.07
901172,NV403654,2026-05,Moderate,Active,1358.07
901172,NV403654,2026-06,Moderate,Active,1358.07
901172,NV403654,2026-07,Moderate,Active,1358.07
901173,NV403659,2026-02,Aggressive,Active,3850.97
901173,NV403659,2026-03,Aggressive,Paused,0.0
901173,NV403659,2026-04,Aggressive,Active,3850.97
901173,NV403659,2026-05,Aggressive,Active,3850.97
901173,NV403659,2026-06,Aggressive,Paused,0.0
901173,NV403659,2026-07,Aggressive,Cancelled,0.0
901174,NV403660,2026-02,Aggressive,Active,2920.33
901174,NV403660,2026-03,Aggressive,Active,2920.33
901174,NV403660,2026-04,Aggressive,Active,2920.33
901174,NV403660,2026-05,Aggressive,Active,2920.33
901174,NV403660,2026-06,Aggressive,Active,2920.33
901174,NV403660,2026-07,Aggressive,Active,2920.33
901175,NV403660,2026-06,Aggressive,Active,889.92
901175,NV403660,2026-07,Aggressive,Active,889.92
901176,NV403663,2026-02,Moderate,Active,1525.64
901176,NV403663,2026-03,Moderate,Active,1525.64
901176,NV403663,2026-04,Moderate,Active,1525.64
901176,NV403663,2026-05,Moderate,Active,1525.64
901176,NV403663,2026-06,Moderate,Active,1525.64
901176,NV403663,2026-07,Moderate,Active,1525.64
901177,NV403664,2026-05,Conservative,Active,1849.03
901177,NV403664,2026-06,Conservative,Active,1849.03
901177,NV403664,2026-07,Conservative,Active,1849.03
901178,NV403665,2026-02,Aggressive,Active,2680.08
901178,NV403665,2026-03,Aggressive,Active,2680.08
901178,NV403665,2026-04,Aggressive,Paused,0.0
901178,NV403665,2026-05,Aggressive,Active,2680.08
901178,NV403665,2026-06,Aggressive,Active,2680.08
901178,NV403665,2026-07,Aggressive,Active,2680.08
901179,NV403666,2026-02,Aggressive,Active,4407.45
901179,NV403666,2026-03,Aggressive,Active,4407.45
901179,NV403666,2026-04,Aggressive,Active,4407.45
901179,NV403666,2026-05,Aggressive,Active,4407.45
901179,NV403666,2026-06,Aggressive,Active,4407.45
901179,NV403666,2026-07,Aggressive,Active,4407.45
901180,NV403667,2026-03,Moderate,Active,6004.83
901180,NV403667,2026-04,Moderate,Active,6004.83
901180,NV403667,2026-05,Moderate,Active,6004.83
901180,NV403667,2026-06,Moderate,Active,6004.83
901180,NV403667,2026-07,Moderate,Active,6004.83
901181,NV403675,2026-02,Moderate,Active,2792.28
901181,NV403675,2026-03,Moderate,Active,2792.28
901181,NV403675,2026-04,Moderate,Active,2792.28
901181,NV403675,2026-05,Moderate,Active,2792.28
901181,NV403675,2026-06,Moderate,Active,2792.28
901181,NV403675,2026-07,Moderate,Cancelled,0.0
901182,NV403678,2026-03,Moderate,Active,1892.69
901182,NV403678,2026-04,Moderate,Active,1892.69
901182,NV403678,2026-05,Moderate,Active,1892.69
901182,NV403678,2026-06,Moderate,Active,1892.69
901182,NV403678,2026-07,Moderate,Active,1892.69
901183,NV403681,2026-05,Moderate,Active,3387.38
901183,NV403681,2026-06,Moderate,Active,3387.38
901183,NV403681,2026-07,Moderate,Active,3387.38
901184,NV403682,2026-04,Conservative,Active,1016.92
901184,NV403682,2026-05,Conservative,Cancelled,0.0
901185,NV403686,2026-02,Aggressive,Active,1215.52
901185,NV403686,2026-03,Aggressive,Active,1215.52
901185,NV403686,2026-04,Aggressive,Active,1215.52
901185,NV403686,2026-05,Aggressive,Active,1215.52
901185,NV403686,2026-06,Aggressive,Active,1215.52
901185,NV403686,2026-07,Aggressive,Active,1215.52
901186,NV403692,2026-02,Conservative,Active,5176.49
901186,NV403692,2026-03,Conservative,Cancelled,0.0
901187,NV403694,2026-02,Moderate,Active,6502.38
901187,NV403694,2026-03,Moderate,Cancelled,0.0
901188,NV403695,2026-02,Conservative,Active,3312.29
901188,NV403695,2026-03,Conservative,Active,3312.29
901188,NV403695,2026-04,Conservative,Active,3312.29
901188,NV403695,2026-05,Conservative,Paused,0.0
901188,NV403695,2026-06,Conservative,Paused,0.0
901188,NV403695,2026-07,Conservative,Active,3312.29
901189,NV403697,2026-05,Aggressive,Active,2139.09
901189,NV403697,2026-06,Aggressive,Active,2139.09
901189,NV403697,2026-07,Aggressive,Active,2139.09
901190,NV403698,2026-02,Moderate,Active,7393.22
901190,NV403698,2026-03,Moderate,Active,7393.22
901190,NV403698,2026-04,Moderate,Active,7393.22
901190,NV403698,2026-05,Moderate,Paused,0.0
901190,NV403698,2026-06,Moderate,Active,7393.22
901190,NV403698,2026-07,Moderate,Active,7393.22
901191,NV403698,2026-05,Moderate,Active,4610.72
901191,NV403698,2026-06,Moderate,Active,4610.72
901191,NV403698,2026-07,Moderate,Active,4610.72
901192,NV403699,2026-02,Moderate,Cancelled,0.0
901193,NV403706,2026-02,Moderate,Active,2338.71
901193,NV403706,2026-03,Moderate,Active,2338.71
901193,NV403706,2026-04,Moderate,Active,2338.71
901193,NV403706,2026-05,Moderate,Cancelled,0.0
901194,NV403707,2026-02,Moderate,Active,4968.14
901194,NV403707,2026-03,Moderate,Active,4968.14
901194,NV403707,2026-04,Moderate,Active,4968.14
901194,NV403707,2026-05,Moderate,Cancelled,0.0
901195,NV403713,2026-02,Moderate,Active,2162.08
901195,NV403713,2026-03,Moderate,Active,2162.08
901195,NV403713,2026-04,Moderate,Active,2162.08
901195,NV403713,2026-05,Moderate,Active,2162.08
901195,NV403713,2026-06,Moderate,Active,2162.08
901195,NV403713,2026-07,Moderate,Active,2162.08
901196,NV403713,2026-06,Moderate,Active,8092.81
901196,NV403713,2026-07,Moderate,Active,8092.81
901197,NV403714,2026-02,Moderate,Active,3190.33
901197,NV403714,2026-03,Moderate,Active,3190.33
901197,NV403714,2026-04,Moderate,Active,3190.33
901197,NV403714,2026-05,Moderate,Active,3190.33
901197,NV403714,2026-06,Moderate,Active,3190.33
901197,NV403714,2026-07,Moderate,Active,3190.33
901198,NV403722,2026-02,Moderate,Active,1489.23
901198,NV403722,2026-03,Moderate,Active,1489.23
901198,NV403722,2026-04,Moderate,Active,1489.23
901198,NV403722,2026-05,Moderate,Active,1489.23
901198,NV403722,2026-06,Moderate,Active,1489.23
901198,NV403722,2026-07,Moderate,Active,1489.23
901199,NV403723,2026-02,Conservative,Active,1799.48
901199,NV403723,2026-03,Conservative,Active,1799.48
901199,NV403723,2026-04,Conservative,Active,1799.48
901199,NV403723,2026-05,Conservative,Active,1799.48
901199,NV403723,2026-06,Conservative,Active,1799.48
901199,NV403723,2026-07,Conservative,Active,1799.48
901200,NV403725,2026-02,Moderate,Paused,0.0
901200,NV403725,2026-03,Moderate,Active,2282.48
901200,NV403725,2026-04,Moderate,Active,2282.48
901200,NV403725,2026-05,Moderate,Active,2282.48
901200,NV403725,2026-06,Moderate,Active,2282.48
901200,NV403725,2026-07,Moderate,Active,2282.48
901201,NV403730,2026-03,Aggressive,Active,3455.75
901201,NV403730,2026-04,Aggressive,Active,3455.75
901201,NV403730,2026-05,Aggressive,Active,3455.75
901201,NV403730,2026-06,Aggressive,Active,3455.75
901201,NV403730,2026-07,Aggressive,Active,3455.75
901202,NV403737,2026-02,Moderate,Active,6703.73
901202,NV403737,2026-03,Moderate,Active,6703.73
901202,NV403737,2026-04,Moderate,Paused,0.0
901202,NV403737,2026-05,Moderate,Active,6703.73
901202,NV403737,2026-06,Moderate,Active,6703.73
901202,NV403737,2026-07,Moderate,Active,6703.73
901203,NV403744,2026-02,Moderate,Active,1881.36
901203,NV403744,2026-03,Moderate,Active,1881.36
901203,NV403744,2026-04,Moderate,Active,1881.36
901203,NV403744,2026-05,Moderate,Active,1881.36
901203,NV403744,2026-06,Moderate,Active,1881.36
901203,NV403744,2026-07,Moderate,Active,1881.36
901204,NV403745,2026-05,Moderate,Active,1468.22
901204,NV403745,2026-06,Moderate,Active,1468.22
901204,NV403745,2026-07,Moderate,Active,1468.22
901205,NV403747,2026-02,Moderate,Active,8121.11
901205,NV403747,2026-03,Moderate,Active,8121.11
901205,NV403747,2026-04,Moderate,Active,8121.11
901205,NV403747,2026-05,Moderate,Active,8121.11
901205,NV403747,2026-06,Moderate,Active,8121.11
901205,NV403747,2026-07,Moderate,Active,8121.11
901206,NV403754,2026-02,Conservative,Active,2564.84
901206,NV403754,2026-03,Conservative,Active,2564.84
901206,NV403754,2026-04,Conservative,Active,2564.84
901206,NV403754,2026-05,Conservative,Active,2564.84
901206,NV403754,2026-06,Conservative,Active,2564.84
901206,NV403754,2026-07,Conservative,Active,2564.84
901207,NV403756,2026-02,Conservative,Cancelled,0.0
901208,NV403758,2026-02,Moderate,Active,2350.28
901208,NV403758,2026-03,Moderate,Active,2350.28
901208,NV403758,2026-04,Moderate,Active,2350.28
901208,NV403758,2026-05,Moderate,Active,2350.28
901208,NV403758,2026-06,Moderate,Active,2350.28
901208,NV403758,2026-07,Moderate,Active,2350.28
901209,NV403766,2026-02,Conservative,Active,3527.39
901209,NV403766,2026-03,Conservative,Active,3527.39
901209,NV403766,2026-04,Conservative,Active,3527.39
901209,NV403766,2026-05,Conservative,Active,3527.39
901209,NV403766,2026-06,Conservative,Active,3527.39
901209,NV403766,2026-07,Conservative,Active,3527.39
901210,NV403767,2026-03,Conservative,Active,2404.82
901210,NV403767,2026-04,Conservative,Active,2404.82
901210,NV403767,2026-05,Conservative,Paused,0.0
901210,NV403767,2026-06,Conservative,Active,2404.82
901210,NV403767,2026-07,Conservative,Active,2404.82
901211,NV403771,2026-02,Moderate,Active,2434.52
901211,NV403771,2026-03,Moderate,Active,2434.52
901211,NV403771,2026-04,Moderate,Active,2434.52
901211,NV403771,2026-05,Moderate,Active,2434.52
901211,NV403771,2026-06,Moderate,Active,2434.52
901211,NV403771,2026-07,Moderate,Active,2434.52
901212,NV403772,2026-06,Moderate,Active,1416.3
901212,NV403772,2026-07,Moderate,Active,1416.3
901213,NV403773,2026-02,Moderate,Active,500.0
901213,NV403773,2026-03,Moderate,Active,500.0
901213,NV403773,2026-04,Moderate,Active,500.0
901213,NV403773,2026-05,Moderate,Active,500.0
901213,NV403773,2026-06,Moderate,Active,500.0
901213,NV403773,2026-07,Moderate,Active,500.0
901214,NV403774,2026-03,Moderate,Active,2477.61
901214,NV403774,2026-04,Moderate,Paused,0.0
901214,NV403774,2026-05,Moderate,Paused,0.0
901214,NV403774,2026-06,Moderate,Active,2477.61
901214,NV403774,2026-07,Moderate,Active,2477.61
901215,NV403775,2026-02,Aggressive,Active,4295.97
901215,NV403775,2026-03,Aggressive,Active,4295.97
901215,NV403775,2026-04,Aggressive,Active,4295.97
901215,NV403775,2026-05,Aggressive,Paused,0.0
901215,NV403775,2026-06,Aggressive,Paused,0.0
901215,NV403775,2026-07,Aggressive,Active,4295.97
901216,NV403777,2026-02,Conservative,Active,3291.79
901216,NV403777,2026-03,Conservative,Active,3291.79
901216,NV403777,2026-04,Conservative,Active,3291.79
901216,NV403777,2026-05,Conservative,Active,3291.79
901216,NV403777,2026-06,Conservative,Active,3291.79
901216,NV403777,2026-07,Conservative,Active,3291.79
901217,NV403787,2026-02,Aggressive,Active,4430.88
901217,NV403787,2026-03,Aggressive,Active,4430.88
901217,NV403787,2026-04,Aggressive,Active,4430.88
901217,NV403787,2026-05,Aggressive,Active,4430.88
901217,NV403787,2026-06,Aggressive,Active,4430.88
901217,NV403787,2026-07,Aggressive,Paused,0.0
901218,NV403791,2026-03,Moderate,Active,1104.3
901218,NV403791,2026-04,Moderate,Active,1104.3
901218,NV403791,2026-05,Moderate,Active,1104.3
901218,NV403791,2026-06,Moderate,Active,1104.3
901218,NV403791,2026-07,Moderate,Active,1104.3
901219,NV403792,2026-03,Moderate,Active,2346.02
901219,NV403792,2026-04,Moderate,Active,2346.02
901219,NV403792,2026-05,Moderate,Active,2346.02
901219,NV403792,2026-06,Moderate,Active,2346.02
901219,NV403792,2026-07,Moderate,Active,2346.02
901220,NV403796,2026-03,Moderate,Active,3300.05
901220,NV403796,2026-04,Moderate,Active,3300.05
901220,NV403796,2026-05,Moderate,Paused,0.0
901220,NV403796,2026-06,Moderate,Active,3300.05
901220,NV403796,2026-07,Moderate,Active,3300.05
901221,NV403799,2026-03,Moderate,Active,2264.53
901221,NV403799,2026-04,Moderate,Active,2264.53
901221,NV403799,2026-05,Moderate,Cancelled,0.0
901222,NV403799,2026-05,Moderate,Paused,0.0
901222,NV403799,2026-06,Moderate,Active,2183.37
901222,NV403799,2026-07,Moderate,Paused,0.0
901223,NV403802,2026-03,Conservative,Active,2382.06
901223,NV403802,2026-04,Conservative,Active,2382.06
901223,NV403802,2026-05,Conservative,Active,2382.06
901223,NV403802,2026-06,Conservative,Active,2382.06
901223,NV403802,2026-07,Conservative,Active,2382.06
901224,NV403803,2026-03,Moderate,Active,2471.12
901224,NV403803,2026-04,Moderate,Active,2471.12
901224,NV403803,2026-05,Moderate,Active,2471.12
901224,NV403803,2026-06,Moderate,Active,2471.12
901224,NV403803,2026-07,Moderate,Active,2471.12
901225,NV403805,2026-03,Moderate,Active,3997.9
901225,NV403805,2026-04,Moderate,Active,3997.9
901225,NV403805,2026-05,Moderate,Active,3997.9
901225,NV403805,2026-06,Moderate,Active,3997.9
901225,NV403805,2026-07,Moderate,Active,3997.9
901226,NV403807,2026-04,Aggressive,Active,2139.65
901226,NV403807,2026-05,Aggressive,Active,2139.65
901226,NV403807,2026-06,Aggressive,Active,2139.65
901226,NV403807,2026-07,Aggressive,Active,2139.65
901227,NV403812,2026-03,Moderate,Active,1820.24
901227,NV403812,2026-04,Moderate,Paused,0.0
901227,NV403812,2026-05,Moderate,Active,1820.24
901227,NV403812,2026-06,Moderate,Active,1820.24
901227,NV403812,2026-07,Moderate,Active,1820.24
901228,NV403814,2026-03,Conservative,Active,2247.79
901228,NV403814,2026-04,Conservative,Active,2247.79
901228,NV403814,2026-05,Conservative,Cancelled,0.0
901229,NV403825,2026-03,Conservative,Active,5981.45
901229,NV403825,2026-04,Conservative,Active,5981.45
901229,NV403825,2026-05,Conservative,Active,5981.45
901229,NV403825,2026-06,Conservative,Active,5981.45
901229,NV403825,2026-07,Conservative,Active,5981.45
901230,NV403826,2026-03,Moderate,Cancelled,0.0
901231,NV403827,2026-03,Aggressive,Active,2517.77
901231,NV403827,2026-04,Aggressive,Active,2517.77
901231,NV403827,2026-05,Aggressive,Active,2517.77
901231,NV403827,2026-06,Aggressive,Active,2517.77
901231,NV403827,2026-07,Aggressive,Active,2517.77
901232,NV403831,2026-04,Moderate,Active,1536.53
901232,NV403831,2026-05,Moderate,Active,1536.53
901232,NV403831,2026-06,Moderate,Active,1536.53
901232,NV403831,2026-07,Moderate,Active,1536.53
901233,NV403839,2026-03,Conservative,Active,2859.1
901233,NV403839,2026-04,Conservative,Active,2859.1
901233,NV403839,2026-05,Conservative,Paused,0.0
901233,NV403839,2026-06,Conservative,Paused,0.0
901233,NV403839,2026-07,Conservative,Active,2859.1
901234,NV403843,2026-03,Aggressive,Active,1340.62
901234,NV403843,2026-04,Aggressive,Active,1340.62
901234,NV403843,2026-05,Aggressive,Active,1340.62
901234,NV403843,2026-06,Aggressive,Active,1340.62
901234,NV403843,2026-07,Aggressive,Active,1340.62
901235,NV403843,2026-05,Aggressive,Paused,0.0
901235,NV403843,2026-06,Aggressive,Active,3416.52
901235,NV403843,2026-07,Aggressive,Active,3416.52
901236,NV403848,2026-03,Moderate,Active,2298.76
901236,NV403848,2026-04,Moderate,Active,2298.76
901236,NV403848,2026-05,Moderate,Cancelled,0.0
901237,NV403850,2026-03,Conservative,Active,2115.65
901237,NV403850,2026-04,Conservative,Active,2115.65
901237,NV403850,2026-05,Conservative,Active,2115.65
901237,NV403850,2026-06,Conservative,Active,2115.65
901237,NV403850,2026-07,Conservative,Active,2115.65
901238,NV403852,2026-03,Conservative,Active,3704.87
901238,NV403852,2026-04,Conservative,Active,3704.87
901238,NV403852,2026-05,Conservative,Paused,0.0
901238,NV403852,2026-06,Conservative,Active,3704.87
901238,NV403852,2026-07,Conservative,Active,3704.87
901239,NV403852,2026-05,Conservative,Active,1492.0
901239,NV403852,2026-06,Conservative,Active,1492.0
901239,NV403852,2026-07,Conservative,Active,1492.0
901240,NV403854,2026-03,Aggressive,Active,1291.65
901240,NV403854,2026-04,Aggressive,Active,1291.65
901240,NV403854,2026-05,Aggressive,Active,1291.65
901240,NV403854,2026-06,Aggressive,Active,1291.65
901240,NV403854,2026-07,Aggressive,Active,1291.65
901241,NV403858,2026-06,Conservative,Active,4671.98
901241,NV403858,2026-07,Conservative,Active,4671.98
901242,NV403864,2026-03,Moderate,Active,828.18
901242,NV403864,2026-04,Moderate,Active,828.18
901242,NV403864,2026-05,Moderate,Active,828.18
901242,NV403864,2026-06,Moderate,Active,828.18
901242,NV403864,2026-07,Moderate,Active,828.18
901243,NV403866,2026-03,Moderate,Active,1419.27
901243,NV403866,2026-04,Moderate,Active,1419.27
901243,NV403866,2026-05,Moderate,Active,1419.27
901243,NV403866,2026-06,Moderate,Active,1419.27
901243,NV403866,2026-07,Moderate,Active,1419.27
901244,NV403866,2026-07,Moderate,Active,1227.44
901245,NV403891,2026-03,Moderate,Active,2333.96
901245,NV403891,2026-04,Moderate,Active,2333.96
901245,NV403891,2026-05,Moderate,Active,2333.96
901245,NV403891,2026-06,Moderate,Active,2333.96
901245,NV403891,2026-07,Moderate,Active,2333.96
901246,NV403900,2026-03,Moderate,Active,957.33
901246,NV403900,2026-04,Moderate,Paused,0.0
901246,NV403900,2026-05,Moderate,Cancelled,0.0
901247,NV403901,2026-03,Moderate,Active,2048.28
901247,NV403901,2026-04,Moderate,Active,2048.28
901247,NV403901,2026-05,Moderate,Active,2048.28
901247,NV403901,2026-06,Moderate,Active,2048.28
901247,NV403901,2026-07,Moderate,Active,2048.28
901248,NV403902,2026-03,Aggressive,Active,4553.06
901248,NV403902,2026-04,Aggressive,Active,4553.06
901248,NV403902,2026-05,Aggressive,Active,4553.06
901248,NV403902,2026-06,Aggressive,Active,4553.06
901248,NV403902,2026-07,Aggressive,Active,4553.06
901249,NV403905,2026-03,Moderate,Active,3476.66
901249,NV403905,2026-04,Moderate,Active,3476.66
901249,NV403905,2026-05,Moderate,Active,3476.66
901249,NV403905,2026-06,Moderate,Active,3476.66
901249,NV403905,2026-07,Moderate,Active,3476.66
901250,NV403907,2026-03,Moderate,Cancelled,0.0
901251,NV403911,2026-04,Moderate,Active,4948.35
901251,NV403911,2026-05,Moderate,Active,4948.35
901251,NV403911,2026-06,Moderate,Active,4948.35
901251,NV403911,2026-07,Moderate,Active,4948.35
901252,NV403912,2026-03,Conservative,Active,912.06
901252,NV403912,2026-04,Conservative,Active,912.06
901252,NV403912,2026-05,Conservative,Active,912.06
901252,NV403912,2026-06,Conservative,Active,912.06
901252,NV403912,2026-07,Conservative,Active,912.06
901253,NV403913,2026-03,Aggressive,Active,1661.17
901253,NV403913,2026-04,Aggressive,Active,1661.17
901253,NV403913,2026-05,Aggressive,Active,1661.17
901253,NV403913,2026-06,Aggressive,Active,1661.17
901253,NV403913,2026-07,Aggressive,Active,1661.17
901254,NV403913,2026-04,Aggressive,Active,4930.39
901254,NV403913,2026-05,Aggressive,Active,4930.39
901254,NV403913,2026-06,Aggressive,Paused,0.0
901254,NV403913,2026-07,Aggressive,Active,4930.39
901255,NV403915,2026-06,Aggressive,Active,3201.1
901255,NV403915,2026-07,Aggressive,Active,3201.1
901256,NV403916,2026-03,Moderate,Active,1031.48
901256,NV403916,2026-04,Moderate,Active,1031.48
901256,NV403916,2026-05,Moderate,Active,1031.48
901256,NV403916,2026-06,Moderate,Active,1031.48
901256,NV403916,2026-07,Moderate,Active,1031.48
901257,NV403918,2026-03,Aggressive,Active,2278.57
901257,NV403918,2026-04,Aggressive,Active,2278.57
901257,NV403918,2026-05,Aggressive,Active,2278.57
901257,NV403918,2026-06,Aggressive,Active,2278.57
901257,NV403918,2026-07,Aggressive,Active,2278.57
901258,NV403926,2026-03,Conservative,Active,9290.57
901258,NV403926,2026-04,Conservative,Active,9290.57
901258,NV403926,2026-05,Conservative,Active,9290.57
901258,NV403926,2026-06,Conservative,Paused,0.0
901258,NV403926,2026-07,Conservative,Active,9290.57
901259,NV403931,2026-03,Moderate,Active,2432.83
901259,NV403931,2026-04,Moderate,Active,2432.83
901259,NV403931,2026-05,Moderate,Active,2432.83
901259,NV403931,2026-06,Moderate,Active,2432.83
901259,NV403931,2026-07,Moderate,Active,2432.83
901260,NV403932,2026-03,Conservative,Active,2655.19
901260,NV403932,2026-04,Conservative,Active,2655.19
901260,NV403932,2026-05,Conservative,Active,2655.19
901260,NV403932,2026-06,Conservative,Active,2655.19
901260,NV403932,2026-07,Conservative,Active,2655.19
901261,NV403936,2026-03,Moderate,Active,2738.27
901261,NV403936,2026-04,Moderate,Active,2738.27
901261,NV403936,2026-05,Moderate,Active,2738.27
901261,NV403936,2026-06,Moderate,Active,2738.27
901261,NV403936,2026-07,Moderate,Active,2738.27
901262,NV403937,2026-03,Aggressive,Active,2538.69
901262,NV403937,2026-04,Aggressive,Active,2538.69
901262,NV403937,2026-05,Aggressive,Active,2538.69
901262,NV403937,2026-06,Aggressive,Active,2538.69
901262,NV403937,2026-07,Aggressive,Active,2538.69
901263,NV403937,2026-05,Aggressive,Active,1761.79
901263,NV403937,2026-06,Aggressive,Active,1761.79
901263,NV403937,2026-07,Aggressive,Active,1761.79
901264,NV403938,2026-03,Conservative,Active,1314.79
901264,NV403938,2026-04,Conservative,Paused,0.0
901264,NV403938,2026-05,Conservative,Paused,0.0
901264,NV403938,2026-06,Conservative,Paused,0.0
901264,NV403938,2026-07,Conservative,Active,1314.79
901265,NV403940,2026-03,Conservative,Active,2132.55
901265,NV403940,2026-04,Conservative,Active,2132.55
901265,NV403940,2026-05,Conservative,Active,2132.55
901265,NV403940,2026-06,Conservative,Active,2132.55
901265,NV403940,2026-07,Conservative,Active,2132.55
901266,NV403950,2026-03,Aggressive,Active,2391.53
901266,NV403950,2026-04,Aggressive,Active,2391.53
901266,NV403950,2026-05,Aggressive,Active,2391.53
901266,NV403950,2026-06,Aggressive,Active,2391.53
901266,NV403950,2026-07,Aggressive,Active,2391.53
901267,NV403951,2026-03,Aggressive,Active,2447.66
901267,NV403951,2026-04,Aggressive,Active,2447.66
901267,NV403951,2026-05,Aggressive,Active,2447.66
901267,NV403951,2026-06,Aggressive,Active,2447.66
901267,NV403951,2026-07,Aggressive,Paused,0.0
901268,NV403953,2026-03,Conservative,Active,4243.98
901268,NV403953,2026-04,Conservative,Cancelled,0.0
901269,NV403954,2026-03,Conservative,Active,5699.47
901269,NV403954,2026-04,Conservative,Active,5699.47
901269,NV403954,2026-05,Conservative,Active,5699.47
901269,NV403954,2026-06,Conservative,Active,5699.47
901269,NV403954,2026-07,Conservative,Active,5699.47
901270,NV403955,2026-03,Aggressive,Active,1487.03
901270,NV403955,2026-04,Aggressive,Active,1487.03
901270,NV403955,2026-05,Aggressive,Active,1487.03
901270,NV403955,2026-06,Aggressive,Active,1487.03
901270,NV403955,2026-07,Aggressive,Active,1487.03
901271,NV403956,2026-03,Conservative,Active,1799.06
901271,NV403956,2026-04,Conservative,Active,1799.06
901271,NV403956,2026-05,Conservative,Active,1799.06
901271,NV403956,2026-06,Conservative,Active,1799.06
901271,NV403956,2026-07,Conservative,Active,1799.06
901272,NV403957,2026-03,Conservative,Active,2697.2
901272,NV403957,2026-04,Conservative,Active,2697.2
901272,NV403957,2026-05,Conservative,Paused,0.0
901272,NV403957,2026-06,Conservative,Active,2697.2
901272,NV403957,2026-07,Conservative,Active,2697.2
901273,NV403958,2026-03,Moderate,Active,5985.86
901273,NV403958,2026-04,Moderate,Active,5985.86
901273,NV403958,2026-05,Moderate,Active,5985.86
901273,NV403958,2026-06,Moderate,Active,5985.86
901273,NV403958,2026-07,Moderate,Active,5985.86
901274,NV403958,2026-07,Moderate,Active,1403.35
901275,NV403960,2026-05,Moderate,Active,2047.36
901275,NV403960,2026-06,Moderate,Paused,0.0
901275,NV403960,2026-07,Moderate,Active,2047.36
901276,NV403963,2026-06,Moderate,Active,678.06
901276,NV403963,2026-07,Moderate,Active,678.06
901277,NV403964,2026-03,Conservative,Active,2877.78
901277,NV403964,2026-04,Conservative,Active,2877.78
901277,NV403964,2026-05,Conservative,Active,2877.78
901277,NV403964,2026-06,Conservative,Paused,0.0
901277,NV403964,2026-07,Conservative,Active,2877.78
901278,NV403969,2026-03,Moderate,Active,1309.09
901278,NV403969,2026-04,Moderate,Active,1309.09
901278,NV403969,2026-05,Moderate,Active,1309.09
901278,NV403969,2026-06,Moderate,Active,1309.09
901278,NV403969,2026-07,Moderate,Active,1309.09
901279,NV403969,2026-05,Moderate,Active,5321.11
901279,NV403969,2026-06,Moderate,Active,5321.11
901279,NV403969,2026-07,Moderate,Active,5321.11
901280,NV403971,2026-03,Moderate,Active,1693.15
901280,NV403971,2026-04,Moderate,Active,1693.15
901280,NV403971,2026-05,Moderate,Active,1693.15
901280,NV403971,2026-06,Moderate,Active,1693.15
901280,NV403971,2026-07,Moderate,Active,1693.15
901281,NV403973,2026-03,Moderate,Active,3490.64
901281,NV403973,2026-04,Moderate,Active,3490.64
901281,NV403973,2026-05,Moderate,Active,3490.64
901281,NV403973,2026-06,Moderate,Active,3490.64
901281,NV403973,2026-07,Moderate,Active,3490.64
901282,NV403975,2026-03,Aggressive,Active,1058.41
901282,NV403975,2026-04,Aggressive,Active,1058.41
901282,NV403975,2026-05,Aggressive,Active,1058.41
901282,NV403975,2026-06,Aggressive,Active,1058.41
901282,NV403975,2026-07,Aggressive,Active,1058.41
901283,NV403977,2026-03,Aggressive,Active,1985.71
901283,NV403977,2026-04,Aggressive,Paused,0.0
901283,NV403977,2026-05,Aggressive,Paused,0.0
901283,NV403977,2026-06,Aggressive,Active,1985.71
901283,NV403977,2026-07,Aggressive,Active,1985.71
901284,NV403984,2026-03,Conservative,Active,4142.25
901284,NV403984,2026-04,Conservative,Active,4142.25
901284,NV403984,2026-05,Conservative,Active,4142.25
901284,NV403984,2026-06,Conservative,Active,4142.25
901284,NV403984,2026-07,Conservative,Active,4142.25
901285,NV403985,2026-03,Moderate,Active,3755.2
901285,NV403985,2026-04,Moderate,Active,3755.2
901285,NV403985,2026-05,Moderate,Active,3755.2
901285,NV403985,2026-06,Moderate,Active,3755.2
901285,NV403985,2026-07,Moderate,Active,3755.2
901286,NV403985,2026-04,Moderate,Active,1371.16
901286,NV403985,2026-05,Moderate,Active,1371.16
901286,NV403985,2026-06,Moderate,Active,1371.16
901286,NV403985,2026-07,Moderate,Paused,0.0
901287,NV403989,2026-03,Moderate,Active,1523.89
901287,NV403989,2026-04,Moderate,Active,1523.89
901287,NV403989,2026-05,Moderate,Active,1523.89
901287,NV403989,2026-06,Moderate,Active,1523.89
901287,NV403989,2026-07,Moderate,Active,1523.89
901288,NV403990,2026-03,Conservative,Active,2994.78
901288,NV403990,2026-04,Conservative,Active,2994.78
901288,NV403990,2026-05,Conservative,Active,2994.78
901288,NV403990,2026-06,Conservative,Active,2994.78
901288,NV403990,2026-07,Conservative,Active,2994.78
901289,NV403999,2026-03,Moderate,Active,1852.69
901289,NV403999,2026-04,Moderate,Active,1852.69
901289,NV403999,2026-05,Moderate,Active,1852.69
901289,NV403999,2026-06,Moderate,Active,1852.69
901289,NV403999,2026-07,Moderate,Active,1852.69
901290,NV403999,2026-04,Moderate,Active,3775.67
901290,NV403999,2026-05,Moderate,Paused,0.0
901290,NV403999,2026-06,Moderate,Paused,0.0
901290,NV403999,2026-07,Moderate,Active,3775.67
901291,NV404001,2026-03,Moderate,Active,2984.59
901291,NV404001,2026-04,Moderate,Active,2984.59
901291,NV404001,2026-05,Moderate,Active,2984.59
901291,NV404001,2026-06,Moderate,Active,2984.59
901291,NV404001,2026-07,Moderate,Active,2984.59
901292,NV404001,2026-04,Moderate,Active,2440.82
901292,NV404001,2026-05,Moderate,Paused,0.0
901292,NV404001,2026-06,Moderate,Paused,0.0
901292,NV404001,2026-07,Moderate,Active,2440.82
901293,NV404003,2026-03,Moderate,Paused,0.0
901293,NV404003,2026-04,Moderate,Active,3267.74
901293,NV404003,2026-05,Moderate,Active,3267.74
901293,NV404003,2026-06,Moderate,Active,3267.74
901293,NV404003,2026-07,Moderate,Active,3267.74
901294,NV404006,2026-03,Conservative,Active,2983.97
901294,NV404006,2026-04,Conservative,Active,2983.97
901294,NV404006,2026-05,Conservative,Active,2983.97
901294,NV404006,2026-06,Conservative,Active,2983.97
901294,NV404006,2026-07,Conservative,Active,2983.97
901295,NV404011,2026-03,Moderate,Active,1537.59
901295,NV404011,2026-04,Moderate,Active,1537.59
901295,NV404011,2026-05,Moderate,Paused,0.0
901295,NV404011,2026-06,Moderate,Cancelled,0.0
901296,NV404011,2026-06,Moderate,Active,1283.21
901296,NV404011,2026-07,Moderate,Active,1283.21
901297,NV404014,2026-03,Moderate,Active,5759.22
901297,NV404014,2026-04,Moderate,Active,5759.22
901297,NV404014,2026-05,Moderate,Active,5759.22
901297,NV404014,2026-06,Moderate,Active,5759.22
901297,NV404014,2026-07,Moderate,Active,5759.22
901298,NV404014,2026-06,Moderate,Active,2026.81
901298,NV404014,2026-07,Moderate,Active,2026.81
901299,NV404017,2026-03,Conservative,Active,3816.11
901299,NV404017,2026-04,Conservative,Active,3816.11
901299,NV404017,2026-05,Conservative,Active,3816.11
901299,NV404017,2026-06,Conservative,Active,3816.11
901299,NV404017,2026-07,Conservative,Active,3816.11
901300,NV404022,2026-03,Moderate,Active,4138.77
901300,NV404022,2026-04,Moderate,Active,4138.77
901300,NV404022,2026-05,Moderate,Active,4138.77
901300,NV404022,2026-06,Moderate,Active,4138.77
901300,NV404022,2026-07,Moderate,Active,4138.77
901301,NV404030,2026-03,Moderate,Cancelled,0.0
901302,NV404032,2026-03,Moderate,Active,1544.49
901302,NV404032,2026-04,Moderate,Active,1544.49
901302,NV404032,2026-05,Moderate,Active,1544.49
901302,NV404032,2026-06,Moderate,Active,1544.49
901302,NV404032,2026-07,Moderate,Active,1544.49
901303,NV404040,2026-03,Moderate,Active,1697.25
901303,NV404040,2026-04,Moderate,Active,1697.25
901303,NV404040,2026-05,Moderate,Active,1697.25
901303,NV404040,2026-06,Moderate,Active,1697.25
901303,NV404040,2026-07,Moderate,Active,1697.25
901304,NV404042,2026-04,Conservative,Active,2137.06
901304,NV404042,2026-05,Conservative,Active,2137.06
901304,NV404042,2026-06,Conservative,Active,2137.06
901304,NV404042,2026-07,Conservative,Active,2137.06
901305,NV404044,2026-03,Moderate,Active,10522.27
901305,NV404044,2026-04,Moderate,Active,10522.27
901305,NV404044,2026-05,Moderate,Active,10522.27
901305,NV404044,2026-06,Moderate,Active,10522.27
901305,NV404044,2026-07,Moderate,Active,10522.27
901306,NV404045,2026-03,Conservative,Active,2901.57
901306,NV404045,2026-04,Conservative,Active,2901.57
901306,NV404045,2026-05,Conservative,Active,2901.57
901306,NV404045,2026-06,Conservative,Cancelled,0.0
901307,NV404048,2026-04,Conservative,Active,1486.31
901307,NV404048,2026-05,Conservative,Paused,0.0
901307,NV404048,2026-06,Conservative,Active,1486.31
901307,NV404048,2026-07,Conservative,Active,1486.31
901308,NV404049,2026-03,Moderate,Active,4886.35
901308,NV404049,2026-04,Moderate,Active,4886.35
901308,NV404049,2026-05,Moderate,Active,4886.35
901308,NV404049,2026-06,Moderate,Active,4886.35
901308,NV404049,2026-07,Moderate,Active,4886.35
901309,NV404049,2026-07,Moderate,Active,1554.94
901310,NV404052,2026-03,Aggressive,Active,3179.22
901310,NV404052,2026-04,Aggressive,Active,3179.22
901310,NV404052,2026-05,Aggressive,Active,3179.22
901310,NV404052,2026-06,Aggressive,Active,3179.22
901310,NV404052,2026-07,Aggressive,Active,3179.22
901311,NV404052,2026-06,Aggressive,Active,3235.45
901311,NV404052,2026-07,Aggressive,Active,3235.45
901312,NV404053,2026-03,Conservative,Active,4227.7
901312,NV404053,2026-04,Conservative,Active,4227.7
901312,NV404053,2026-05,Conservative,Active,4227.7
901312,NV404053,2026-06,Conservative,Active,4227.7
901312,NV404053,2026-07,Conservative,Active,4227.7
901313,NV404056,2026-03,Aggressive,Active,3694.85
901313,NV404056,2026-04,Aggressive,Active,3694.85
901313,NV404056,2026-05,Aggressive,Active,3694.85
901313,NV404056,2026-06,Aggressive,Active,3694.85
901313,NV404056,2026-07,Aggressive,Active,3694.85
901314,NV404058,2026-03,Conservative,Active,2886.6
901314,NV404058,2026-04,Conservative,Cancelled,0.0
901315,NV404059,2026-03,Moderate,Active,5311.28
901315,NV404059,2026-04,Moderate,Active,5311.28
901315,NV404059,2026-05,Moderate,Active,5311.28
901315,NV404059,2026-06,Moderate,Active,5311.28
901315,NV404059,2026-07,Moderate,Active,5311.28
901316,NV404061,2026-03,Conservative,Active,4373.02
901316,NV404061,2026-04,Conservative,Active,4373.02
901316,NV404061,2026-05,Conservative,Active,4373.02
901316,NV404061,2026-06,Conservative,Active,4373.02
901316,NV404061,2026-07,Conservative,Active,4373.02
901317,NV404065,2026-03,Conservative,Active,3003.11
901317,NV404065,2026-04,Conservative,Active,3003.11
901317,NV404065,2026-05,Conservative,Paused,0.0
901317,NV404065,2026-06,Conservative,Active,3003.11
901317,NV404065,2026-07,Conservative,Active,3003.11
901318,NV404066,2026-03,Moderate,Active,2843.61
901318,NV404066,2026-04,Moderate,Active,2843.61
901318,NV404066,2026-05,Moderate,Active,2843.61
901318,NV404066,2026-06,Moderate,Active,2843.61
901318,NV404066,2026-07,Moderate,Active,2843.61
901319,NV404067,2026-06,Aggressive,Cancelled,0.0
901320,NV404071,2026-03,Moderate,Active,2498.49
901320,NV404071,2026-04,Moderate,Active,2498.49
901320,NV404071,2026-05,Moderate,Active,2498.49
901320,NV404071,2026-06,Moderate,Active,2498.49
901320,NV404071,2026-07,Moderate,Active,2498.49
901321,NV404072,2026-03,Conservative,Active,2720.19
901321,NV404072,2026-04,Conservative,Active,2720.19
901321,NV404072,2026-05,Conservative,Active,2720.19
901321,NV404072,2026-06,Conservative,Paused,0.0
901321,NV404072,2026-07,Conservative,Cancelled,0.0
901322,NV404073,2026-03,Conservative,Active,5115.73
901322,NV404073,2026-04,Conservative,Active,5115.73
901322,NV404073,2026-05,Conservative,Active,5115.73
901322,NV404073,2026-06,Conservative,Active,5115.73
901322,NV404073,2026-07,Conservative,Active,5115.73
901323,NV404074,2026-03,Aggressive,Active,3143.07
901323,NV404074,2026-04,Aggressive,Cancelled,0.0
901324,NV404076,2026-03,Moderate,Active,1490.67
901324,NV404076,2026-04,Moderate,Active,1490.67
901324,NV404076,2026-05,Moderate,Active,1490.67
901324,NV404076,2026-06,Moderate,Cancelled,0.0
901325,NV404078,2026-03,Moderate,Active,2027.85
901325,NV404078,2026-04,Moderate,Active,2027.85
901325,NV404078,2026-05,Moderate,Active,2027.85
901325,NV404078,2026-06,Moderate,Active,2027.85
901325,NV404078,2026-07,Moderate,Active,2027.85
901326,NV404084,2026-03,Moderate,Active,1805.11
901326,NV404084,2026-04,Moderate,Active,1805.11
901326,NV404084,2026-05,Moderate,Active,1805.11
901326,NV404084,2026-06,Moderate,Active,1805.11
901326,NV404084,2026-07,Moderate,Active,1805.11
901327,NV404086,2026-03,Moderate,Active,4494.35
901327,NV404086,2026-04,Moderate,Active,4494.35
901327,NV404086,2026-05,Moderate,Active,4494.35
901327,NV404086,2026-06,Moderate,Active,4494.35
901327,NV404086,2026-07,Moderate,Active,4494.35
901328,NV404088,2026-03,Aggressive,Active,1640.29
901328,NV404088,2026-04,Aggressive,Active,1640.29
901328,NV404088,2026-05,Aggressive,Active,1640.29
901328,NV404088,2026-06,Aggressive,Active,1640.29
901328,NV404088,2026-07,Aggressive,Active,1640.29
901329,NV404090,2026-05,Moderate,Active,4885.55
901329,NV404090,2026-06,Moderate,Active,4885.55
901329,NV404090,2026-07,Moderate,Active,4885.55
901330,NV404092,2026-03,Aggressive,Active,1510.61
901330,NV404092,2026-04,Aggressive,Active,1510.61
901330,NV404092,2026-05,Aggressive,Active,1510.61
901330,NV404092,2026-06,Aggressive,Active,1510.61
901330,NV404092,2026-07,Aggressive,Active,1510.61
901331,NV404095,2026-03,Conservative,Active,5589.57
901331,NV404095,2026-04,Conservative,Active,5589.57
901331,NV404095,2026-05,Conservative,Active,5589.57
901331,NV404095,2026-06,Conservative,Active,5589.57
901331,NV404095,2026-07,Conservative,Active,5589.57
901332,NV404100,2026-03,Moderate,Active,2479.4
901332,NV404100,2026-04,Moderate,Active,2479.4
901332,NV404100,2026-05,Moderate,Active,2479.4
901332,NV404100,2026-06,Moderate,Active,2479.4
901332,NV404100,2026-07,Moderate,Active,2479.4
901333,NV404102,2026-03,Moderate,Active,4587.86
901333,NV404102,2026-04,Moderate,Active,4587.86
901333,NV404102,2026-05,Moderate,Active,4587.86
901333,NV404102,2026-06,Moderate,Active,4587.86
901333,NV404102,2026-07,Moderate,Active,4587.86
901334,NV404102,2026-06,Moderate,Active,4975.86
901334,NV404102,2026-07,Moderate,Active,4975.86
901335,NV404107,2026-03,Moderate,Active,2286.49
901335,NV404107,2026-04,Moderate,Active,2286.49
901335,NV404107,2026-05,Moderate,Active,2286.49
901335,NV404107,2026-06,Moderate,Active,2286.49
901335,NV404107,2026-07,Moderate,Active,2286.49
901336,NV404109,2026-03,Conservative,Active,3327.81
901336,NV404109,2026-04,Conservative,Active,3327.81
901336,NV404109,2026-05,Conservative,Active,3327.81
901336,NV404109,2026-06,Conservative,Cancelled,0.0
901337,NV404109,2026-04,Conservative,Active,6719.39
901337,NV404109,2026-05,Conservative,Active,6719.39
901337,NV404109,2026-06,Conservative,Active,6719.39
901337,NV404109,2026-07,Conservative,Active,6719.39
901338,NV404111,2026-03,Aggressive,Active,2890.06
901338,NV404111,2026-04,Aggressive,Active,2890.06
901338,NV404111,2026-05,Aggressive,Active,2890.06
901338,NV404111,2026-06,Aggressive,Active,2890.06
901338,NV404111,2026-07,Aggressive,Active,2890.06
901339,NV404112,2026-03,Aggressive,Active,5752.52
901339,NV404112,2026-04,Aggressive,Active,5752.52
901339,NV404112,2026-05,Aggressive,Active,5752.52
901339,NV404112,2026-06,Aggressive,Active,5752.52
901339,NV404112,2026-07,Aggressive,Active,5752.52
901340,NV404115,2026-03,Conservative,Paused,0.0
901340,NV404115,2026-04,Conservative,Active,2997.48
901340,NV404115,2026-05,Conservative,Paused,0.0
901340,NV404115,2026-06,Conservative,Active,2997.48
901340,NV404115,2026-07,Conservative,Active,2997.48
901341,NV404116,2026-03,Moderate,Active,3558.5
901341,NV404116,2026-04,Moderate,Active,3558.5
901341,NV404116,2026-05,Moderate,Active,3558.5
901341,NV404116,2026-06,Moderate,Active,3558.5
901341,NV404116,2026-07,Moderate,Active,3558.5
901342,NV404125,2026-03,Aggressive,Active,4303.27
901342,NV404125,2026-04,Aggressive,Active,4303.27
901342,NV404125,2026-05,Aggressive,Active,4303.27
901342,NV404125,2026-06,Aggressive,Active,4303.27
901342,NV404125,2026-07,Aggressive,Active,4303.27
901343,NV404130,2026-03,Aggressive,Active,2780.67
901343,NV404130,2026-04,Aggressive,Active,2780.67
901343,NV404130,2026-05,Aggressive,Active,2780.67
901343,NV404130,2026-06,Aggressive,Active,2780.67
901343,NV404130,2026-07,Aggressive,Active,2780.67
901344,NV404135,2026-03,Aggressive,Active,4666.73
901344,NV404135,2026-04,Aggressive,Active,4666.73
901344,NV404135,2026-05,Aggressive,Active,4666.73
901344,NV404135,2026-06,Aggressive,Active,4666.73
901344,NV404135,2026-07,Aggressive,Active,4666.73
901345,NV404135,2026-05,Aggressive,Active,8921.84
901345,NV404135,2026-06,Aggressive,Active,8921.84
901345,NV404135,2026-07,Aggressive,Active,8921.84
901346,NV404136,2026-03,Aggressive,Active,3559.88
901346,NV404136,2026-04,Aggressive,Cancelled,0.0
901347,NV404139,2026-03,Moderate,Active,1944.26
901347,NV404139,2026-04,Moderate,Active,1944.26
901347,NV404139,2026-05,Moderate,Active,1944.26
901347,NV404139,2026-06,Moderate,Active,1944.26
901347,NV404139,2026-07,Moderate,Active,1944.26
901348,NV404155,2026-03,Moderate,Active,2358.6
901348,NV404155,2026-04,Moderate,Active,2358.6
901348,NV404155,2026-05,Moderate,Active,2358.6
901348,NV404155,2026-06,Moderate,Active,2358.6
901348,NV404155,2026-07,Moderate,Active,2358.6
901349,NV404155,2026-05,Moderate,Active,3067.63
901349,NV404155,2026-06,Moderate,Active,3067.63
901349,NV404155,2026-07,Moderate,Active,3067.63
901350,NV404167,2026-03,Conservative,Active,1745.46
901350,NV404167,2026-04,Conservative,Active,1745.46
901350,NV404167,2026-05,Conservative,Active,1745.46
901350,NV404167,2026-06,Conservative,Active,1745.46
901350,NV404167,2026-07,Conservative,Active,1745.46
901351,NV404169,2026-03,Aggressive,Active,3735.56
901351,NV404169,2026-04,Aggressive,Paused,0.0
901351,NV404169,2026-05,Aggressive,Paused,0.0
901351,NV404169,2026-06,Aggressive,Paused,0.0
901351,NV404169,2026-07,Aggressive,Active,3735.56
901352,NV404175,2026-03,Aggressive,Active,4588.64
901352,NV404175,2026-04,Aggressive,Active,4588.64
901352,NV404175,2026-05,Aggressive,Active,4588.64
901352,NV404175,2026-06,Aggressive,Paused,0.0
901352,NV404175,2026-07,Aggressive,Active,4588.64
901353,NV404176,2026-04,Aggressive,Active,3958.47
901353,NV404176,2026-05,Aggressive,Active,3958.47
901353,NV404176,2026-06,Aggressive,Active,3958.47
901353,NV404176,2026-07,Aggressive,Active,3958.47
901354,NV404180,2026-03,Moderate,Active,4665.94
901354,NV404180,2026-04,Moderate,Active,4665.94
901354,NV404180,2026-05,Moderate,Active,4665.94
901354,NV404180,2026-06,Moderate,Active,4665.94
901354,NV404180,2026-07,Moderate,Active,4665.94
901355,NV404181,2026-03,Moderate,Active,5125.64
901355,NV404181,2026-04,Moderate,Active,5125.64
901355,NV404181,2026-05,Moderate,Active,5125.64
901355,NV404181,2026-06,Moderate,Active,5125.64
901355,NV404181,2026-07,Moderate,Active,5125.64
901356,NV404187,2026-03,Aggressive,Active,3474.4
901356,NV404187,2026-04,Aggressive,Active,3474.4
901356,NV404187,2026-05,Aggressive,Active,3474.4
901356,NV404187,2026-06,Aggressive,Active,3474.4
901356,NV404187,2026-07,Aggressive,Active,3474.4
901357,NV404192,2026-03,Conservative,Active,3567.17
901357,NV404192,2026-04,Conservative,Active,3567.17
901357,NV404192,2026-05,Conservative,Paused,0.0
901357,NV404192,2026-06,Conservative,Active,3567.17
901357,NV404192,2026-07,Conservative,Active,3567.17
901358,NV404193,2026-03,Conservative,Active,3028.71
901358,NV404193,2026-04,Conservative,Active,3028.71
901358,NV404193,2026-05,Conservative,Paused,0.0
901358,NV404193,2026-06,Conservative,Paused,0.0
901358,NV404193,2026-07,Conservative,Active,3028.71
901359,NV404194,2026-03,Moderate,Active,4141.94
901359,NV404194,2026-04,Moderate,Active,4141.94
901359,NV404194,2026-05,Moderate,Active,4141.94
901359,NV404194,2026-06,Moderate,Active,4141.94
901359,NV404194,2026-07,Moderate,Active,4141.94
901360,NV404199,2026-03,Aggressive,Active,1990.37
901360,NV404199,2026-04,Aggressive,Active,1990.37
901360,NV404199,2026-05,Aggressive,Active,1990.37
901360,NV404199,2026-06,Aggressive,Active,1990.37
901360,NV404199,2026-07,Aggressive,Active,1990.37
901361,NV404200,2026-03,Conservative,Active,1916.56
901361,NV404200,2026-04,Conservative,Cancelled,0.0
901362,NV404200,2026-05,Conservative,Active,5584.75
901362,NV404200,2026-06,Conservative,Active,5584.75
901362,NV404200,2026-07,Conservative,Active,5584.75
901363,NV404201,2026-06,Aggressive,Active,2518.59
901363,NV404201,2026-07,Aggressive,Active,2518.59
901364,NV404203,2026-03,Aggressive,Active,1508.18
901364,NV404203,2026-04,Aggressive,Active,1508.18
901364,NV404203,2026-05,Aggressive,Active,1508.18
901364,NV404203,2026-06,Aggressive,Active,1508.18
901364,NV404203,2026-07,Aggressive,Active,1508.18
901365,NV404205,2026-03,Conservative,Active,2567.63
901365,NV404205,2026-04,Conservative,Active,2567.63
901365,NV404205,2026-05,Conservative,Cancelled,0.0
901366,NV404208,2026-05,Aggressive,Paused,0.0
901366,NV404208,2026-06,Aggressive,Active,1538.93
901366,NV404208,2026-07,Aggressive,Active,1538.93
901367,NV404213,2026-03,Moderate,Active,3713.58
901367,NV404213,2026-04,Moderate,Active,3713.58
901367,NV404213,2026-05,Moderate,Active,3713.58
901367,NV404213,2026-06,Moderate,Active,3713.58
901367,NV404213,2026-07,Moderate,Active,3713.58
901368,NV404219,2026-03,Conservative,Active,4175.31
901368,NV404219,2026-04,Conservative,Active,4175.31
901368,NV404219,2026-05,Conservative,Active,4175.31
901368,NV404219,2026-06,Conservative,Active,4175.31
901368,NV404219,2026-07,Conservative,Paused,0.0
901369,NV404219,2026-05,Conservative,Active,1761.54
901369,NV404219,2026-06,Conservative,Active,1761.54
901369,NV404219,2026-07,Conservative,Active,1761.54
901370,NV404228,2026-03,Moderate,Active,3393.75
901370,NV404228,2026-04,Moderate,Active,3393.75
901370,NV404228,2026-05,Moderate,Paused,0.0
901370,NV404228,2026-06,Moderate,Active,3393.75
901370,NV404228,2026-07,Moderate,Active,3393.75
901371,NV404229,2026-03,Aggressive,Active,1369.84
901371,NV404229,2026-04,Aggressive,Active,1369.84
901371,NV404229,2026-05,Aggressive,Paused,0.0
901371,NV404229,2026-06,Aggressive,Active,1369.84
901371,NV404229,2026-07,Aggressive,Active,1369.84
901372,NV404230,2026-03,Moderate,Active,2822.51
901372,NV404230,2026-04,Moderate,Paused,0.0
901372,NV404230,2026-05,Moderate,Paused,0.0
901372,NV404230,2026-06,Moderate,Cancelled,0.0
901373,NV404239,2026-03,Conservative,Active,3832.98
901373,NV404239,2026-04,Conservative,Active,3832.98
901373,NV404239,2026-05,Conservative,Paused,0.0
901373,NV404239,2026-06,Conservative,Active,3832.98
901373,NV404239,2026-07,Conservative,Active,3832.98
901374,NV404241,2026-03,Moderate,Active,5346.11
901374,NV404241,2026-04,Moderate,Active,5346.11
901374,NV404241,2026-05,Moderate,Active,5346.11
901374,NV404241,2026-06,Moderate,Active,5346.11
901374,NV404241,2026-07,Moderate,Active,5346.11
901375,NV404243,2026-03,Conservative,Active,1532.86
901375,NV404243,2026-04,Conservative,Active,1532.86
901375,NV404243,2026-05,Conservative,Active,1532.86
901375,NV404243,2026-06,Conservative,Active,1532.86
901375,NV404243,2026-07,Conservative,Active,1532.86
901376,NV404246,2026-03,Aggressive,Active,3727.76
901376,NV404246,2026-04,Aggressive,Active,3727.76
901376,NV404246,2026-05,Aggressive,Active,3727.76
901376,NV404246,2026-06,Aggressive,Active,3727.76
901376,NV404246,2026-07,Aggressive,Cancelled,0.0
901377,NV404247,2026-03,Conservative,Active,1009.96
901377,NV404247,2026-04,Conservative,Active,1009.96
901377,NV404247,2026-05,Conservative,Active,1009.96
901377,NV404247,2026-06,Conservative,Active,1009.96
901377,NV404247,2026-07,Conservative,Active,1009.96
901378,NV404248,2026-03,Moderate,Active,1207.83
901378,NV404248,2026-04,Moderate,Active,1207.83
901378,NV404248,2026-05,Moderate,Active,1207.83
901378,NV404248,2026-06,Moderate,Active,1207.83
901378,NV404248,2026-07,Moderate,Active,1207.83
901379,NV404254,2026-03,Aggressive,Active,1299.46
901379,NV404254,2026-04,Aggressive,Active,1299.46
901379,NV404254,2026-05,Aggressive,Paused,0.0
901379,NV404254,2026-06,Aggressive,Paused,0.0
901379,NV404254,2026-07,Aggressive,Active,1299.46
901380,NV404254,2026-04,Aggressive,Active,4470.42
901380,NV404254,2026-05,Aggressive,Active,4470.42
901380,NV404254,2026-06,Aggressive,Cancelled,0.0
901381,NV404259,2026-03,Moderate,Active,15357.55
901381,NV404259,2026-04,Moderate,Active,15357.55
901381,NV404259,2026-05,Moderate,Active,15357.55
901381,NV404259,2026-06,Moderate,Active,15357.55
901381,NV404259,2026-07,Moderate,Active,15357.55
901382,NV404260,2026-03,Moderate,Active,3684.28
901382,NV404260,2026-04,Moderate,Active,3684.28
901382,NV404260,2026-05,Moderate,Active,3684.28
901382,NV404260,2026-06,Moderate,Active,3684.28
901382,NV404260,2026-07,Moderate,Active,3684.28
901383,NV404261,2026-03,Moderate,Paused,0.0
901383,NV404261,2026-04,Moderate,Active,10537.87
901383,NV404261,2026-05,Moderate,Active,10537.87
901383,NV404261,2026-06,Moderate,Active,10537.87
901383,NV404261,2026-07,Moderate,Active,10537.87
901384,NV404263,2026-03,Aggressive,Active,5014.36
901384,NV404263,2026-04,Aggressive,Active,5014.36
901384,NV404263,2026-05,Aggressive,Active,5014.36
901384,NV404263,2026-06,Aggressive,Active,5014.36
901384,NV404263,2026-07,Aggressive,Active,5014.36
901385,NV404265,2026-03,Moderate,Active,4345.58
901385,NV404265,2026-04,Moderate,Active,4345.58
901385,NV404265,2026-05,Moderate,Active,4345.58
901385,NV404265,2026-06,Moderate,Active,4345.58
901385,NV404265,2026-07,Moderate,Active,4345.58
901386,NV404265,2026-06,Moderate,Active,2895.06
901386,NV404265,2026-07,Moderate,Active,2895.06
901387,NV404284,2026-03,Moderate,Active,5707.21
901387,NV404284,2026-04,Moderate,Active,5707.21
901387,NV404284,2026-05,Moderate,Active,5707.21
901387,NV404284,2026-06,Moderate,Active,5707.21
901387,NV404284,2026-07,Moderate,Active,5707.21
901388,NV404291,2026-05,Moderate,Active,1117.78
901388,NV404291,2026-06,Moderate,Paused,0.0
901388,NV404291,2026-07,Moderate,Cancelled,0.0
901389,NV404292,2026-04,Moderate,Active,3155.3
901389,NV404292,2026-05,Moderate,Active,3155.3
901389,NV404292,2026-06,Moderate,Active,3155.3
901389,NV404292,2026-07,Moderate,Active,3155.3
901390,NV404293,2026-03,Moderate,Active,1730.6
901390,NV404293,2026-04,Moderate,Active,1730.6
901390,NV404293,2026-05,Moderate,Active,1730.6
901390,NV404293,2026-06,Moderate,Active,1730.6
901390,NV404293,2026-07,Moderate,Active,1730.6
901391,NV404296,2026-03,Moderate,Paused,0.0
901391,NV404296,2026-04,Moderate,Active,6590.62
901391,NV404296,2026-05,Moderate,Cancelled,0.0
901392,NV404296,2026-05,Moderate,Active,880.39
901392,NV404296,2026-06,Moderate,Active,880.39
901392,NV404296,2026-07,Moderate,Active,880.39
901393,NV404298,2026-03,Aggressive,Active,1920.28
901393,NV404298,2026-04,Aggressive,Active,1920.28
901393,NV404298,2026-05,Aggressive,Active,1920.28
901393,NV404298,2026-06,Aggressive,Active,1920.28
901393,NV404298,2026-07,Aggressive,Active,1920.28
901394,NV404299,2026-03,Moderate,Active,1078.8
901394,NV404299,2026-04,Moderate,Active,1078.8
901394,NV404299,2026-05,Moderate,Active,1078.8
901394,NV404299,2026-06,Moderate,Paused,0.0
901394,NV404299,2026-07,Moderate,Active,1078.8
901395,NV404304,2026-03,Moderate,Active,1404.98
901395,NV404304,2026-04,Moderate,Active,1404.98
901395,NV404304,2026-05,Moderate,Active,1404.98
901395,NV404304,2026-06,Moderate,Active,1404.98
901395,NV404304,2026-07,Moderate,Active,1404.98
901396,NV404305,2026-03,Conservative,Active,3286.06
901396,NV404305,2026-04,Conservative,Active,3286.06
901396,NV404305,2026-05,Conservative,Active,3286.06
901396,NV404305,2026-06,Conservative,Active,3286.06
901396,NV404305,2026-07,Conservative,Active,3286.06
901397,NV404315,2026-05,Moderate,Active,3030.76
901397,NV404315,2026-06,Moderate,Active,3030.76
901397,NV404315,2026-07,Moderate,Active,3030.76
901398,NV404318,2026-03,Moderate,Active,6520.63
901398,NV404318,2026-04,Moderate,Active,6520.63
901398,NV404318,2026-05,Moderate,Active,6520.63
901398,NV404318,2026-06,Moderate,Active,6520.63
901398,NV404318,2026-07,Moderate,Paused,0.0
901399,NV404323,2026-03,Moderate,Cancelled,0.0
901400,NV404324,2026-03,Aggressive,Active,1486.46
901400,NV404324,2026-04,Aggressive,Active,1486.46
901400,NV404324,2026-05,Aggressive,Active,1486.46
901400,NV404324,2026-06,Aggressive,Active,1486.46
901400,NV404324,2026-07,Aggressive,Active,1486.46
901401,NV404329,2026-03,Moderate,Active,2027.22
901401,NV404329,2026-04,Moderate,Active,2027.22
901401,NV404329,2026-05,Moderate,Active,2027.22
901401,NV404329,2026-06,Moderate,Active,2027.22
901401,NV404329,2026-07,Moderate,Active,2027.22
901402,NV404332,2026-03,Moderate,Active,2464.24
901402,NV404332,2026-04,Moderate,Active,2464.24
901402,NV404332,2026-05,Moderate,Active,2464.24
901402,NV404332,2026-06,Moderate,Active,2464.24
901402,NV404332,2026-07,Moderate,Active,2464.24
901403,NV404333,2026-04,Moderate,Active,2413.18
901403,NV404333,2026-05,Moderate,Active,2413.18
901403,NV404333,2026-06,Moderate,Active,2413.18
901403,NV404333,2026-07,Moderate,Active,2413.18
901404,NV404344,2026-03,Aggressive,Active,4354.2
901404,NV404344,2026-04,Aggressive,Active,4354.2
901404,NV404344,2026-05,Aggressive,Cancelled,0.0
901405,NV404350,2026-03,Moderate,Active,5129.42
901405,NV404350,2026-04,Moderate,Active,5129.42
901405,NV404350,2026-05,Moderate,Active,5129.42
901405,NV404350,2026-06,Moderate,Active,5129.42
901405,NV404350,2026-07,Moderate,Active,5129.42
901406,NV404361,2026-06,Moderate,Active,565.25
901406,NV404361,2026-07,Moderate,Active,565.25
901407,NV404367,2026-03,Moderate,Paused,0.0
901407,NV404367,2026-04,Moderate,Active,3124.14
901407,NV404367,2026-05,Moderate,Active,3124.14
901407,NV404367,2026-06,Moderate,Active,3124.14
901407,NV404367,2026-07,Moderate,Active,3124.14
901408,NV404371,2026-04,Conservative,Active,4469.23
901408,NV404371,2026-05,Conservative,Active,4469.23
901408,NV404371,2026-06,Conservative,Active,4469.23
901408,NV404371,2026-07,Conservative,Active,4469.23
901409,NV404376,2026-06,Moderate,Active,1868.2
901409,NV404376,2026-07,Moderate,Active,1868.2
901410,NV404377,2026-03,Conservative,Active,1251.28
901410,NV404377,2026-04,Conservative,Active,1251.28
901410,NV404377,2026-05,Conservative,Active,1251.28
901410,NV404377,2026-06,Conservative,Active,1251.28
901410,NV404377,2026-07,Conservative,Active,1251.28
901411,NV404379,2026-07,Aggressive,Active,2189.44
901412,NV404381,2026-03,Moderate,Active,1656.69
901412,NV404381,2026-04,Moderate,Active,1656.69
901412,NV404381,2026-05,Moderate,Active,1656.69
901412,NV404381,2026-06,Moderate,Active,1656.69
901412,NV404381,2026-07,Moderate,Active,1656.69
901413,NV404386,2026-03,Moderate,Active,3726.53
901413,NV404386,2026-04,Moderate,Active,3726.53
901413,NV404386,2026-05,Moderate,Paused,0.0
901413,NV404386,2026-06,Moderate,Paused,0.0
901413,NV404386,2026-07,Moderate,Active,3726.53
901414,NV404387,2026-04,Conservative,Active,1444.99
901414,NV404387,2026-05,Conservative,Cancelled,0.0
901415,NV404390,2026-03,Conservative,Active,2742.25
901415,NV404390,2026-04,Conservative,Active,2742.25
901415,NV404390,2026-05,Conservative,Active,2742.25
901415,NV404390,2026-06,Conservative,Active,2742.25
901415,NV404390,2026-07,Conservative,Active,2742.25
901416,NV404392,2026-05,Moderate,Active,3673.08
901416,NV404392,2026-06,Moderate,Active,3673.08
901416,NV404392,2026-07,Moderate,Active,3673.08
901417,NV404400,2026-03,Conservative,Active,3146.34
901417,NV404400,2026-04,Conservative,Active,3146.34
901417,NV404400,2026-05,Conservative,Active,3146.34
901417,NV404400,2026-06,Conservative,Active,3146.34
901417,NV404400,2026-07,Conservative,Active,3146.34
901418,NV404402,2026-03,Aggressive,Paused,0.0
901418,NV404402,2026-04,Aggressive,Active,4885.89
901418,NV404402,2026-05,Aggressive,Active,4885.89
901418,NV404402,2026-06,Aggressive,Active,4885.89
901418,NV404402,2026-07,Aggressive,Active,4885.89
901419,NV404405,2026-03,Conservative,Active,2234.05
901419,NV404405,2026-04,Conservative,Active,2234.05
901419,NV404405,2026-05,Conservative,Active,2234.05
901419,NV404405,2026-06,Conservative,Active,2234.05
901419,NV404405,2026-07,Conservative,Active,2234.05
901420,NV404409,2026-03,Conservative,Active,2495.54
901420,NV404409,2026-04,Conservative,Active,2495.54
901420,NV404409,2026-05,Conservative,Active,2495.54
901420,NV404409,2026-06,Conservative,Active,2495.54
901420,NV404409,2026-07,Conservative,Active,2495.54
901421,NV404413,2026-03,Conservative,Active,7303.29
901421,NV404413,2026-04,Conservative,Active,7303.29
901421,NV404413,2026-05,Conservative,Paused,0.0
901421,NV404413,2026-06,Conservative,Paused,0.0
901421,NV404413,2026-07,Conservative,Cancelled,0.0
901422,NV404417,2026-03,Moderate,Active,1524.65
901422,NV404417,2026-04,Moderate,Active,1524.65
901422,NV404417,2026-05,Moderate,Active,1524.65
901422,NV404417,2026-06,Moderate,Paused,0.0
901422,NV404417,2026-07,Moderate,Active,1524.65
901423,NV404422,2026-06,Conservative,Active,926.93
901423,NV404422,2026-07,Conservative,Active,926.93
901424,NV404425,2026-03,Moderate,Active,4970.47
901424,NV404425,2026-04,Moderate,Active,4970.47
901424,NV404425,2026-05,Moderate,Active,4970.47
901424,NV404425,2026-06,Moderate,Active,4970.47
901424,NV404425,2026-07,Moderate,Active,4970.47
901425,NV404428,2026-03,Aggressive,Active,3480.68
901425,NV404428,2026-04,Aggressive,Active,3480.68
901425,NV404428,2026-05,Aggressive,Active,3480.68
901425,NV404428,2026-06,Aggressive,Active,3480.68
901425,NV404428,2026-07,Aggressive,Active,3480.68
901426,NV404431,2026-03,Moderate,Paused,0.0
901426,NV404431,2026-04,Moderate,Active,3619.97
901426,NV404431,2026-05,Moderate,Active,3619.97
901426,NV404431,2026-06,Moderate,Active,3619.97
901426,NV404431,2026-07,Moderate,Active,3619.97
901427,NV404444,2026-03,Moderate,Active,2355.99
901427,NV404444,2026-04,Moderate,Active,2355.99
901427,NV404444,2026-05,Moderate,Paused,0.0
901427,NV404444,2026-06,Moderate,Active,2355.99
901427,NV404444,2026-07,Moderate,Active,2355.99
901428,NV404450,2026-03,Aggressive,Active,1798.15
901428,NV404450,2026-04,Aggressive,Active,1798.15
901428,NV404450,2026-05,Aggressive,Paused,0.0
901428,NV404450,2026-06,Aggressive,Cancelled,0.0
901429,NV404451,2026-03,Moderate,Active,2877.45
901429,NV404451,2026-04,Moderate,Active,2877.45
901429,NV404451,2026-05,Moderate,Active,2877.45
901429,NV404451,2026-06,Moderate,Active,2877.45
901429,NV404451,2026-07,Moderate,Active,2877.45
901430,NV404452,2026-03,Conservative,Active,7169.79
901430,NV404452,2026-04,Conservative,Active,7169.79
901430,NV404452,2026-05,Conservative,Active,7169.79
901430,NV404452,2026-06,Conservative,Active,7169.79
901430,NV404452,2026-07,Conservative,Active,7169.79
901431,NV404455,2026-03,Conservative,Active,777.45
901431,NV404455,2026-04,Conservative,Active,777.45
901431,NV404455,2026-05,Conservative,Cancelled,0.0
901432,NV404458,2026-03,Moderate,Active,1218.95
901432,NV404458,2026-04,Moderate,Active,1218.95
901432,NV404458,2026-05,Moderate,Active,1218.95
901432,NV404458,2026-06,Moderate,Active,1218.95
901432,NV404458,2026-07,Moderate,Active,1218.95
901433,NV404463,2026-03,Moderate,Active,1538.98
901433,NV404463,2026-04,Moderate,Active,1538.98
901433,NV404463,2026-05,Moderate,Active,1538.98
901433,NV404463,2026-06,Moderate,Active,1538.98
901433,NV404463,2026-07,Moderate,Active,1538.98
901434,NV404463,2026-06,Moderate,Active,1599.58
901434,NV404463,2026-07,Moderate,Active,1599.58
901435,NV404464,2026-03,Aggressive,Active,2491.83
901435,NV404464,2026-04,Aggressive,Active,2491.83
901435,NV404464,2026-05,Aggressive,Active,2491.83
901435,NV404464,2026-06,Aggressive,Active,2491.83
901435,NV404464,2026-07,Aggressive,Active,2491.83
901436,NV404468,2026-03,Moderate,Active,3643.0
901436,NV404468,2026-04,Moderate,Active,3643.0
901436,NV404468,2026-05,Moderate,Active,3643.0
901436,NV404468,2026-06,Moderate,Active,3643.0
901436,NV404468,2026-07,Moderate,Active,3643.0
901437,NV404469,2026-03,Moderate,Active,1757.15
901437,NV404469,2026-04,Moderate,Active,1757.15
901437,NV404469,2026-05,Moderate,Active,1757.15
901437,NV404469,2026-06,Moderate,Active,1757.15
901437,NV404469,2026-07,Moderate,Active,1757.15
901438,NV404472,2026-03,Moderate,Active,2583.78
901438,NV404472,2026-04,Moderate,Active,2583.78
901438,NV404472,2026-05,Moderate,Active,2583.78
901438,NV404472,2026-06,Moderate,Active,2583.78
901438,NV404472,2026-07,Moderate,Active,2583.78
901439,NV404472,2026-05,Moderate,Active,2560.75
901439,NV404472,2026-06,Moderate,Active,2560.75
901439,NV404472,2026-07,Moderate,Active,2560.75
901440,NV404473,2026-06,Moderate,Active,2983.67
901440,NV404473,2026-07,Moderate,Active,2983.67
901441,NV404476,2026-03,Aggressive,Active,970.2
901441,NV404476,2026-04,Aggressive,Active,970.2
901441,NV404476,2026-05,Aggressive,Active,970.2
901441,NV404476,2026-06,Aggressive,Active,970.2
901441,NV404476,2026-07,Aggressive,Active,970.2
901442,NV404481,2026-04,Moderate,Paused,0.0
901442,NV404481,2026-05,Moderate,Paused,0.0
901442,NV404481,2026-06,Moderate,Active,851.47
901442,NV404481,2026-07,Moderate,Active,851.47
901443,NV404487,2026-03,Moderate,Active,2197.09
901443,NV404487,2026-04,Moderate,Cancelled,0.0
901444,NV404488,2026-06,Moderate,Active,1367.19
901444,NV404488,2026-07,Moderate,Active,1367.19
901445,NV404490,2026-03,Aggressive,Active,6692.0
901445,NV404490,2026-04,Aggressive,Active,6692.0
901445,NV404490,2026-05,Aggressive,Active,6692.0
901445,NV404490,2026-06,Aggressive,Active,6692.0
901445,NV404490,2026-07,Aggressive,Active,6692.0
901446,NV404492,2026-03,Moderate,Active,2693.23
901446,NV404492,2026-04,Moderate,Active,2693.23
901446,NV404492,2026-05,Moderate,Active,2693.23
901446,NV404492,2026-06,Moderate,Active,2693.23
901446,NV404492,2026-07,Moderate,Active,2693.23
901447,NV404497,2026-07,Moderate,Active,1464.21
901448,NV404502,2026-03,Moderate,Active,2827.84
901448,NV404502,2026-04,Moderate,Active,2827.84
901448,NV404502,2026-05,Moderate,Active,2827.84
901448,NV404502,2026-06,Moderate,Active,2827.84
901448,NV404502,2026-07,Moderate,Paused,0.0
901449,NV404503,2026-03,Conservative,Active,4287.05
901449,NV404503,2026-04,Conservative,Active,4287.05
901449,NV404503,2026-05,Conservative,Active,4287.05
901449,NV404503,2026-06,Conservative,Active,4287.05
901449,NV404503,2026-07,Conservative,Active,4287.05
901450,NV404505,2026-03,Conservative,Active,1736.78
901450,NV404505,2026-04,Conservative,Active,1736.78
901450,NV404505,2026-05,Conservative,Active,1736.78
901450,NV404505,2026-06,Conservative,Active,1736.78
901450,NV404505,2026-07,Conservative,Active,1736.78
901451,NV404506,2026-04,Aggressive,Active,1957.65
901451,NV404506,2026-05,Aggressive,Active,1957.65
901451,NV404506,2026-06,Aggressive,Active,1957.65
901451,NV404506,2026-07,Aggressive,Active,1957.65
901452,NV404507,2026-03,Moderate,Active,2600.01
901452,NV404507,2026-04,Moderate,Active,2600.01
901452,NV404507,2026-05,Moderate,Active,2600.01
901452,NV404507,2026-06,Moderate,Active,2600.01
901452,NV404507,2026-07,Moderate,Active,2600.01
901453,NV404508,2026-03,Aggressive,Active,3611.96
901453,NV404508,2026-04,Aggressive,Active,3611.96
901453,NV404508,2026-05,Aggressive,Active,3611.96
901453,NV404508,2026-06,Aggressive,Active,3611.96
901453,NV404508,2026-07,Aggressive,Active,3611.96
901454,NV404508,2026-04,Aggressive,Active,1886.27
901454,NV404508,2026-05,Aggressive,Active,1886.27
901454,NV404508,2026-06,Aggressive,Active,1886.27
901454,NV404508,2026-07,Aggressive,Active,1886.27
901455,NV404510,2026-03,Moderate,Active,7266.16
901455,NV404510,2026-04,Moderate,Active,7266.16
901455,NV404510,2026-05,Moderate,Active,7266.16
901455,NV404510,2026-06,Moderate,Active,7266.16
901455,NV404510,2026-07,Moderate,Active,7266.16
901456,NV404510,2026-05,Moderate,Active,2512.33
901456,NV404510,2026-06,Moderate,Active,2512.33
901456,NV404510,2026-07,Moderate,Active,2512.33
901457,NV404521,2026-03,Moderate,Active,3706.27
901457,NV404521,2026-04,Moderate,Active,3706.27
901457,NV404521,2026-05,Moderate,Active,3706.27
901457,NV404521,2026-06,Moderate,Active,3706.27
901457,NV404521,2026-07,Moderate,Active,3706.27
901458,NV404523,2026-03,Aggressive,Active,1798.53
901458,NV404523,2026-04,Aggressive,Active,1798.53
901458,NV404523,2026-05,Aggressive,Active,1798.53
901458,NV404523,2026-06,Aggressive,Active,1798.53
901458,NV404523,2026-07,Aggressive,Active,1798.53
901459,NV404523,2026-05,Aggressive,Paused,0.0
901459,NV404523,2026-06,Aggressive,Paused,0.0
901459,NV404523,2026-07,Aggressive,Active,1216.79
901460,NV404533,2026-03,Conservative,Active,9333.39
901460,NV404533,2026-04,Conservative,Active,9333.39
901460,NV404533,2026-05,Conservative,Active,9333.39
901460,NV404533,2026-06,Conservative,Active,9333.39
901460,NV404533,2026-07,Conservative,Active,9333.39
901461,NV404534,2026-03,Aggressive,Cancelled,0.0
901462,NV404536,2026-03,Moderate,Active,2101.54
901462,NV404536,2026-04,Moderate,Active,2101.54
901462,NV404536,2026-05,Moderate,Active,2101.54
901462,NV404536,2026-06,Moderate,Active,2101.54
901462,NV404536,2026-07,Moderate,Active,2101.54
901463,NV404536,2026-05,Moderate,Paused,0.0
901463,NV404536,2026-06,Moderate,Active,500.0
901463,NV404536,2026-07,Moderate,Active,500.0
901464,NV404537,2026-03,Conservative,Active,1159.7
901464,NV404537,2026-04,Conservative,Active,1159.7
901464,NV404537,2026-05,Conservative,Paused,0.0
901464,NV404537,2026-06,Conservative,Paused,0.0
901464,NV404537,2026-07,Conservative,Active,1159.7
901465,NV404538,2026-03,Conservative,Active,2573.59
901465,NV404538,2026-04,Conservative,Active,2573.59
901465,NV404538,2026-05,Conservative,Active,2573.59
901465,NV404538,2026-06,Conservative,Active,2573.59
901465,NV404538,2026-07,Conservative,Active,2573.59
901466,NV404538,2026-04,Conservative,Active,4410.68
901466,NV404538,2026-05,Conservative,Cancelled,0.0
901467,NV404546,2026-03,Aggressive,Active,1213.68
901467,NV404546,2026-04,Aggressive,Active,1213.68
901467,NV404546,2026-05,Aggressive,Active,1213.68
901467,NV404546,2026-06,Aggressive,Active,1213.68
901467,NV404546,2026-07,Aggressive,Active,1213.68
901468,NV404548,2026-03,Aggressive,Active,3648.14
901468,NV404548,2026-04,Aggressive,Active,3648.14
901468,NV404548,2026-05,Aggressive,Active,3648.14
901468,NV404548,2026-06,Aggressive,Active,3648.14
901468,NV404548,2026-07,Aggressive,Active,3648.14
901469,NV404549,2026-03,Conservative,Active,5441.33
901469,NV404549,2026-04,Conservative,Paused,0.0
901469,NV404549,2026-05,Conservative,Active,5441.33
901469,NV404549,2026-06,Conservative,Active,5441.33
901469,NV404549,2026-07,Conservative,Active,5441.33
901470,NV404549,2026-05,Conservative,Active,5516.27
901470,NV404549,2026-06,Conservative,Active,5516.27
901470,NV404549,2026-07,Conservative,Active,5516.27
901471,NV404551,2026-04,Moderate,Active,1348.57
901471,NV404551,2026-05,Moderate,Active,1348.57
901471,NV404551,2026-06,Moderate,Active,1348.57
901471,NV404551,2026-07,Moderate,Active,1348.57
901472,NV404552,2026-03,Aggressive,Active,1675.44
901472,NV404552,2026-04,Aggressive,Active,1675.44
901472,NV404552,2026-05,Aggressive,Active,1675.44
901472,NV404552,2026-06,Aggressive,Active,1675.44
901472,NV404552,2026-07,Aggressive,Active,1675.44
901473,NV404556,2026-04,Moderate,Active,5551.27
901473,NV404556,2026-05,Moderate,Active,5551.27
901473,NV404556,2026-06,Moderate,Active,5551.27
901473,NV404556,2026-07,Moderate,Active,5551.27
901474,NV404558,2026-03,Conservative,Active,1875.6
901474,NV404558,2026-04,Conservative,Active,1875.6
901474,NV404558,2026-05,Conservative,Active,1875.6
901474,NV404558,2026-06,Conservative,Active,1875.6
901474,NV404558,2026-07,Conservative,Active,1875.6
901475,NV404562,2026-03,Moderate,Active,3154.46
901475,NV404562,2026-04,Moderate,Active,3154.46
901475,NV404562,2026-05,Moderate,Active,3154.46
901475,NV404562,2026-06,Moderate,Active,3154.46
901475,NV404562,2026-07,Moderate,Active,3154.46
901476,NV404565,2026-03,Moderate,Active,4352.21
901476,NV404565,2026-04,Moderate,Active,4352.21
901476,NV404565,2026-05,Moderate,Active,4352.21
901476,NV404565,2026-06,Moderate,Active,4352.21
901476,NV404565,2026-07,Moderate,Active,4352.21
901477,NV404571,2026-03,Moderate,Active,2696.52
901477,NV404571,2026-04,Moderate,Cancelled,0.0
901478,NV404582,2026-03,Conservative,Active,1588.47
901478,NV404582,2026-04,Conservative,Active,1588.47
901478,NV404582,2026-05,Conservative,Active,1588.47
901478,NV404582,2026-06,Conservative,Paused,0.0
901478,NV404582,2026-07,Conservative,Active,1588.47
901479,NV404591,2026-03,Moderate,Active,1438.58
901479,NV404591,2026-04,Moderate,Active,1438.58
901479,NV404591,2026-05,Moderate,Active,1438.58
901479,NV404591,2026-06,Moderate,Active,1438.58
901479,NV404591,2026-07,Moderate,Active,1438.58
901480,NV404591,2026-04,Moderate,Active,1124.81
901480,NV404591,2026-05,Moderate,Paused,0.0
901480,NV404591,2026-06,Moderate,Active,1124.81
901480,NV404591,2026-07,Moderate,Active,1124.81
901481,NV404592,2026-03,Aggressive,Active,8585.89
901481,NV404592,2026-04,Aggressive,Active,8585.89
901481,NV404592,2026-05,Aggressive,Active,8585.89
901481,NV404592,2026-06,Aggressive,Cancelled,0.0
901482,NV404592,2026-07,Aggressive,Active,2568.98
901483,NV404593,2026-03,Conservative,Paused,0.0
901483,NV404593,2026-04,Conservative,Active,3249.3
901483,NV404593,2026-05,Conservative,Active,3249.3
901483,NV404593,2026-06,Conservative,Active,3249.3
901483,NV404593,2026-07,Conservative,Paused,0.0
901484,NV404595,2026-03,Moderate,Active,1778.42
901484,NV404595,2026-04,Moderate,Active,1778.42
901484,NV404595,2026-05,Moderate,Active,1778.42
901484,NV404595,2026-06,Moderate,Active,1778.42
901484,NV404595,2026-07,Moderate,Cancelled,0.0
901485,NV404598,2026-03,Conservative,Active,5525.23
901485,NV404598,2026-04,Conservative,Active,5525.23
901485,NV404598,2026-05,Conservative,Active,5525.23
901485,NV404598,2026-06,Conservative,Active,5525.23
901485,NV404598,2026-07,Conservative,Active,5525.23
901486,NV404601,2026-05,Moderate,Active,4727.03
901486,NV404601,2026-06,Moderate,Active,4727.03
901486,NV404601,2026-07,Moderate,Active,4727.03
901487,NV404603,2026-03,Conservative,Active,6460.45
901487,NV404603,2026-04,Conservative,Paused,0.0
901487,NV404603,2026-05,Conservative,Active,6460.45
901487,NV404603,2026-06,Conservative,Active,6460.45
901487,NV404603,2026-07,Conservative,Active,6460.45
901488,NV404606,2026-03,Moderate,Active,10061.65
901488,NV404606,2026-04,Moderate,Active,10061.65
901488,NV404606,2026-05,Moderate,Active,10061.65
901488,NV404606,2026-06,Moderate,Cancelled,0.0
901489,NV404610,2026-03,Conservative,Active,3268.69
901489,NV404610,2026-04,Conservative,Active,3268.69
901489,NV404610,2026-05,Conservative,Active,3268.69
901489,NV404610,2026-06,Conservative,Active,3268.69
901489,NV404610,2026-07,Conservative,Active,3268.69
901490,NV404616,2026-03,Conservative,Active,2454.97
901490,NV404616,2026-04,Conservative,Active,2454.97
901490,NV404616,2026-05,Conservative,Active,2454.97
901490,NV404616,2026-06,Conservative,Paused,0.0
901490,NV404616,2026-07,Conservative,Active,2454.97
901491,NV404619,2026-03,Conservative,Active,3236.69
901491,NV404619,2026-04,Conservative,Active,3236.69
901491,NV404619,2026-05,Conservative,Cancelled,0.0
901492,NV404620,2026-04,Aggressive,Active,7340.5
901492,NV404620,2026-05,Aggressive,Active,7340.5
901492,NV404620,2026-06,Aggressive,Active,7340.5
901492,NV404620,2026-07,Aggressive,Active,7340.5
901493,NV404621,2026-03,Conservative,Active,2371.36
901493,NV404621,2026-04,Conservative,Active,2371.36
901493,NV404621,2026-05,Conservative,Active,2371.36
901493,NV404621,2026-06,Conservative,Active,2371.36
901493,NV404621,2026-07,Conservative,Active,2371.36
901494,NV404621,2026-06,Conservative,Cancelled,0.0
901495,NV404623,2026-04,Aggressive,Active,3710.35
901495,NV404623,2026-05,Aggressive,Active,3710.35
901495,NV404623,2026-06,Aggressive,Active,3710.35
901495,NV404623,2026-07,Aggressive,Active,3710.35
901496,NV404624,2026-03,Aggressive,Active,2473.35
901496,NV404624,2026-04,Aggressive,Active,2473.35
901496,NV404624,2026-05,Aggressive,Active,2473.35
901496,NV404624,2026-06,Aggressive,Active,2473.35
901496,NV404624,2026-07,Aggressive,Active,2473.35
901497,NV404624,2026-05,Aggressive,Active,865.68
901497,NV404624,2026-06,Aggressive,Active,865.68
901497,NV404624,2026-07,Aggressive,Active,865.68
901498,NV404627,2026-03,Moderate,Active,1328.18
901498,NV404627,2026-04,Moderate,Active,1328.18
901498,NV404627,2026-05,Moderate,Active,1328.18
901498,NV404627,2026-06,Moderate,Active,1328.18
901498,NV404627,2026-07,Moderate,Active,1328.18
901499,NV404631,2026-03,Moderate,Active,3602.36
901499,NV404631,2026-04,Moderate,Active,3602.36
901499,NV404631,2026-05,Moderate,Active,3602.36
901499,NV404631,2026-06,Moderate,Active,3602.36
901499,NV404631,2026-07,Moderate,Active,3602.36
901500,NV404635,2026-04,Aggressive,Active,1849.11
901500,NV404635,2026-05,Aggressive,Active,1849.11
901500,NV404635,2026-06,Aggressive,Active,1849.11
901500,NV404635,2026-07,Aggressive,Active,1849.11
901501,NV404640,2026-03,Moderate,Active,3650.57
901501,NV404640,2026-04,Moderate,Active,3650.57
901501,NV404640,2026-05,Moderate,Paused,0.0
901501,NV404640,2026-06,Moderate,Paused,0.0
901501,NV404640,2026-07,Moderate,Active,3650.57
901502,NV404640,2026-06,Moderate,Active,4879.12
901502,NV404640,2026-07,Moderate,Active,4879.12
901503,NV404649,2026-03,Moderate,Active,2265.06
901503,NV404649,2026-04,Moderate,Active,2265.06
901503,NV404649,2026-05,Moderate,Active,2265.06
901503,NV404649,2026-06,Moderate,Active,2265.06
901503,NV404649,2026-07,Moderate,Active,2265.06
901504,NV404655,2026-03,Conservative,Active,6535.52
901504,NV404655,2026-04,Conservative,Active,6535.52
901504,NV404655,2026-05,Conservative,Paused,0.0
901504,NV404655,2026-06,Conservative,Active,6535.52
901504,NV404655,2026-07,Conservative,Active,6535.52
901505,NV404658,2026-03,Moderate,Active,2596.29
901505,NV404658,2026-04,Moderate,Active,2596.29
901505,NV404658,2026-05,Moderate,Cancelled,0.0
901506,NV404658,2026-04,Moderate,Active,3673.67
901506,NV404658,2026-05,Moderate,Active,3673.67
901506,NV404658,2026-06,Moderate,Active,3673.67
901506,NV404658,2026-07,Moderate,Active,3673.67
901507,NV404659,2026-03,Conservative,Paused,0.0
901507,NV404659,2026-04,Conservative,Active,2481.79
901507,NV404659,2026-05,Conservative,Paused,0.0
901507,NV404659,2026-06,Conservative,Paused,0.0
901507,NV404659,2026-07,Conservative,Active,2481.79
901508,NV404661,2026-04,Moderate,Active,3690.51
901508,NV404661,2026-05,Moderate,Paused,0.0
901508,NV404661,2026-06,Moderate,Active,3690.51
901508,NV404661,2026-07,Moderate,Active,3690.51
901509,NV404663,2026-03,Aggressive,Active,2433.7
901509,NV404663,2026-04,Aggressive,Active,2433.7
901509,NV404663,2026-05,Aggressive,Active,2433.7
901509,NV404663,2026-06,Aggressive,Active,2433.7
901509,NV404663,2026-07,Aggressive,Active,2433.7
901510,NV404666,2026-03,Moderate,Active,1735.64
901510,NV404666,2026-04,Moderate,Active,1735.64
901510,NV404666,2026-05,Moderate,Active,1735.64
901510,NV404666,2026-06,Moderate,Active,1735.64
901510,NV404666,2026-07,Moderate,Active,1735.64
901511,NV404670,2026-03,Moderate,Active,7017.0
901511,NV404670,2026-04,Moderate,Active,7017.0
901511,NV404670,2026-05,Moderate,Active,7017.0
901511,NV404670,2026-06,Moderate,Active,7017.0
901511,NV404670,2026-07,Moderate,Active,7017.0
901512,NV404671,2026-03,Moderate,Active,2138.23
901512,NV404671,2026-04,Moderate,Active,2138.23
901512,NV404671,2026-05,Moderate,Active,2138.23
901512,NV404671,2026-06,Moderate,Active,2138.23
901512,NV404671,2026-07,Moderate,Active,2138.23
901513,NV404672,2026-03,Conservative,Active,2315.08
901513,NV404672,2026-04,Conservative,Active,2315.08
901513,NV404672,2026-05,Conservative,Active,2315.08
901513,NV404672,2026-06,Conservative,Active,2315.08
901513,NV404672,2026-07,Conservative,Active,2315.08
901514,NV404673,2026-03,Aggressive,Active,2747.83
901514,NV404673,2026-04,Aggressive,Active,2747.83
901514,NV404673,2026-05,Aggressive,Active,2747.83
901514,NV404673,2026-06,Aggressive,Active,2747.83
901514,NV404673,2026-07,Aggressive,Active,2747.83
901515,NV404676,2026-03,Conservative,Active,3335.18
901515,NV404676,2026-04,Conservative,Active,3335.18
901515,NV404676,2026-05,Conservative,Active,3335.18
901515,NV404676,2026-06,Conservative,Active,3335.18
901515,NV404676,2026-07,Conservative,Active,3335.18
901516,NV404679,2026-03,Moderate,Active,2913.74
901516,NV404679,2026-04,Moderate,Active,2913.74
901516,NV404679,2026-05,Moderate,Active,2913.74
901516,NV404679,2026-06,Moderate,Active,2913.74
901516,NV404679,2026-07,Moderate,Active,2913.74
901517,NV404679,2026-05,Moderate,Active,1587.36
901517,NV404679,2026-06,Moderate,Active,1587.36
901517,NV404679,2026-07,Moderate,Active,1587.36
901518,NV404689,2026-03,Moderate,Active,4048.55
901518,NV404689,2026-04,Moderate,Active,4048.55
901518,NV404689,2026-05,Moderate,Active,4048.55
901518,NV404689,2026-06,Moderate,Active,4048.55
901518,NV404689,2026-07,Moderate,Active,4048.55
901519,NV404693,2026-03,Aggressive,Paused,0.0
901519,NV404693,2026-04,Aggressive,Active,1971.79
901519,NV404693,2026-05,Aggressive,Active,1971.79
901519,NV404693,2026-06,Aggressive,Active,1971.79
901519,NV404693,2026-07,Aggressive,Active,1971.79
901520,NV404702,2026-03,Conservative,Active,4399.62
901520,NV404702,2026-04,Conservative,Paused,0.0
901520,NV404702,2026-05,Conservative,Active,4399.62
901520,NV404702,2026-06,Conservative,Cancelled,0.0
901521,NV404703,2026-04,Moderate,Active,542.92
901521,NV404703,2026-05,Moderate,Active,542.92
901521,NV404703,2026-06,Moderate,Active,542.92
901521,NV404703,2026-07,Moderate,Active,542.92
901522,NV404704,2026-03,Aggressive,Active,1716.82
901522,NV404704,2026-04,Aggressive,Active,1716.82
901522,NV404704,2026-05,Aggressive,Active,1716.82
901522,NV404704,2026-06,Aggressive,Active,1716.82
901522,NV404704,2026-07,Aggressive,Active,1716.82
901523,NV404708,2026-03,Aggressive,Active,1823.27
901523,NV404708,2026-04,Aggressive,Active,1823.27
901523,NV404708,2026-05,Aggressive,Active,1823.27
901523,NV404708,2026-06,Aggressive,Active,1823.27
901523,NV404708,2026-07,Aggressive,Active,1823.27
901524,NV404708,2026-04,Aggressive,Active,1418.67
901524,NV404708,2026-05,Aggressive,Active,1418.67
901524,NV404708,2026-06,Aggressive,Active,1418.67
901524,NV404708,2026-07,Aggressive,Active,1418.67
901525,NV404710,2026-03,Moderate,Active,1249.78
901525,NV404710,2026-04,Moderate,Active,1249.78
901525,NV404710,2026-05,Moderate,Active,1249.78
901525,NV404710,2026-06,Moderate,Active,1249.78
901525,NV404710,2026-07,Moderate,Active,1249.78
901526,NV404711,2026-03,Conservative,Active,2049.83
901526,NV404711,2026-04,Conservative,Active,2049.83
901526,NV404711,2026-05,Conservative,Active,2049.83
901526,NV404711,2026-06,Conservative,Paused,0.0
901526,NV404711,2026-07,Conservative,Active,2049.83
901527,NV404725,2026-03,Moderate,Active,3926.66
901527,NV404725,2026-04,Moderate,Active,3926.66
901527,NV404725,2026-05,Moderate,Active,3926.66
901527,NV404725,2026-06,Moderate,Active,3926.66
901527,NV404725,2026-07,Moderate,Active,3926.66
901528,NV404726,2026-03,Moderate,Active,2742.28
901528,NV404726,2026-04,Moderate,Active,2742.28
901528,NV404726,2026-05,Moderate,Active,2742.28
901528,NV404726,2026-06,Moderate,Cancelled,0.0
901529,NV404726,2026-05,Moderate,Active,4909.37
901529,NV404726,2026-06,Moderate,Paused,0.0
901529,NV404726,2026-07,Moderate,Cancelled,0.0
901530,NV404729,2026-04,Moderate,Active,2157.41
901530,NV404729,2026-05,Moderate,Active,2157.41
901530,NV404729,2026-06,Moderate,Active,2157.41
901530,NV404729,2026-07,Moderate,Active,2157.41
901531,NV404731,2026-04,Conservative,Active,1958.38
901531,NV404731,2026-05,Conservative,Paused,0.0
901531,NV404731,2026-06,Conservative,Active,1958.38
901531,NV404731,2026-07,Conservative,Active,1958.38
901532,NV404732,2026-06,Moderate,Cancelled,0.0
901533,NV404733,2026-03,Aggressive,Active,1531.99
901533,NV404733,2026-04,Aggressive,Active,1531.99
901533,NV404733,2026-05,Aggressive,Active,1531.99
901533,NV404733,2026-06,Aggressive,Active,1531.99
901533,NV404733,2026-07,Aggressive,Active,1531.99
901534,NV404737,2026-03,Moderate,Active,1092.98
901534,NV404737,2026-04,Moderate,Active,1092.98
901534,NV404737,2026-05,Moderate,Active,1092.98
901534,NV404737,2026-06,Moderate,Active,1092.98
901534,NV404737,2026-07,Moderate,Active,1092.98
901535,NV404738,2026-03,Conservative,Active,2423.45
901535,NV404738,2026-04,Conservative,Active,2423.45
901535,NV404738,2026-05,Conservative,Paused,0.0
901535,NV404738,2026-06,Conservative,Paused,0.0
901535,NV404738,2026-07,Conservative,Active,2423.45
901536,NV404742,2026-03,Conservative,Active,2224.76
901536,NV404742,2026-04,Conservative,Active,2224.76
901536,NV404742,2026-05,Conservative,Active,2224.76
901536,NV404742,2026-06,Conservative,Cancelled,0.0
901537,NV404747,2026-06,Moderate,Active,2112.46
901537,NV404747,2026-07,Moderate,Active,2112.46
901538,NV404748,2026-03,Conservative,Active,2054.8
901538,NV404748,2026-04,Conservative,Active,2054.8
901538,NV404748,2026-05,Conservative,Paused,0.0
901538,NV404748,2026-06,Conservative,Cancelled,0.0
901539,NV404752,2026-03,Moderate,Active,4761.69
901539,NV404752,2026-04,Moderate,Active,4761.69
901539,NV404752,2026-05,Moderate,Active,4761.69
901539,NV404752,2026-06,Moderate,Active,4761.69
901539,NV404752,2026-07,Moderate,Active,4761.69
901540,NV404756,2026-03,Moderate,Active,1287.74
901540,NV404756,2026-04,Moderate,Active,1287.74
901540,NV404756,2026-05,Moderate,Active,1287.74
901540,NV404756,2026-06,Moderate,Active,1287.74
901540,NV404756,2026-07,Moderate,Active,1287.74
901541,NV404758,2026-03,Moderate,Active,1733.99
901541,NV404758,2026-04,Moderate,Active,1733.99
901541,NV404758,2026-05,Moderate,Paused,0.0
901541,NV404758,2026-06,Moderate,Active,1733.99
901541,NV404758,2026-07,Moderate,Active,1733.99
901542,NV404768,2026-03,Conservative,Active,1305.26
901542,NV404768,2026-04,Conservative,Active,1305.26
901542,NV404768,2026-05,Conservative,Active,1305.26
901542,NV404768,2026-06,Conservative,Active,1305.26
901542,NV404768,2026-07,Conservative,Active,1305.26
901543,NV404770,2026-03,Aggressive,Active,1410.63
901543,NV404770,2026-04,Aggressive,Active,1410.63
901543,NV404770,2026-05,Aggressive,Active,1410.63
901543,NV404770,2026-06,Aggressive,Active,1410.63
901543,NV404770,2026-07,Aggressive,Active,1410.63
901544,NV404774,2026-03,Aggressive,Active,1734.64
901544,NV404774,2026-04,Aggressive,Active,1734.64
901544,NV404774,2026-05,Aggressive,Active,1734.64
901544,NV404774,2026-06,Aggressive,Active,1734.64
901544,NV404774,2026-07,Aggressive,Active,1734.64
901545,NV404775,2026-03,Moderate,Active,5035.09
901545,NV404775,2026-04,Moderate,Active,5035.09
901545,NV404775,2026-05,Moderate,Active,5035.09
901545,NV404775,2026-06,Moderate,Active,5035.09
901545,NV404775,2026-07,Moderate,Active,5035.09
901546,NV404776,2026-03,Moderate,Active,1685.96
901546,NV404776,2026-04,Moderate,Active,1685.96
901546,NV404776,2026-05,Moderate,Active,1685.96
901546,NV404776,2026-06,Moderate,Active,1685.96
901546,NV404776,2026-07,Moderate,Active,1685.96
901547,NV404782,2026-03,Aggressive,Active,3017.55
901547,NV404782,2026-04,Aggressive,Paused,0.0
901547,NV404782,2026-05,Aggressive,Active,3017.55
901547,NV404782,2026-06,Aggressive,Active,3017.55
901547,NV404782,2026-07,Aggressive,Active,3017.55
901548,NV404782,2026-05,Aggressive,Active,2244.3
901548,NV404782,2026-06,Aggressive,Active,2244.3
901548,NV404782,2026-07,Aggressive,Active,2244.3
901549,NV404783,2026-06,Moderate,Active,6542.0
901549,NV404783,2026-07,Moderate,Active,6542.0
901550,NV404785,2026-03,Moderate,Active,1865.94
901550,NV404785,2026-04,Moderate,Active,1865.94
901550,NV404785,2026-05,Moderate,Active,1865.94
901550,NV404785,2026-06,Moderate,Active,1865.94
901550,NV404785,2026-07,Moderate,Active,1865.94
901551,NV404785,2026-05,Moderate,Active,5749.51
901551,NV404785,2026-06,Moderate,Active,5749.51
901551,NV404785,2026-07,Moderate,Active,5749.51
901552,NV404789,2026-04,Moderate,Active,3696.38
901552,NV404789,2026-05,Moderate,Active,3696.38
901552,NV404789,2026-06,Moderate,Active,3696.38
901552,NV404789,2026-07,Moderate,Active,3696.38
901553,NV404789,2026-05,Moderate,Active,3613.67
901553,NV404789,2026-06,Moderate,Active,3613.67
901553,NV404789,2026-07,Moderate,Active,3613.67
901554,NV404791,2026-03,Conservative,Cancelled,0.0
901555,NV404792,2026-03,Moderate,Active,4725.95
901555,NV404792,2026-04,Moderate,Active,4725.95
901555,NV404792,2026-05,Moderate,Active,4725.95
901555,NV404792,2026-06,Moderate,Paused,0.0
901555,NV404792,2026-07,Moderate,Active,4725.95
901556,NV404792,2026-05,Moderate,Active,9589.12
901556,NV404792,2026-06,Moderate,Active,9589.12
901556,NV404792,2026-07,Moderate,Active,9589.12
901557,NV404794,2026-03,Moderate,Active,3915.74
901557,NV404794,2026-04,Moderate,Active,3915.74
901557,NV404794,2026-05,Moderate,Paused,0.0
901557,NV404794,2026-06,Moderate,Active,3915.74
901557,NV404794,2026-07,Moderate,Active,3915.74
901558,NV404796,2026-03,Moderate,Active,2963.54
901558,NV404796,2026-04,Moderate,Active,2963.54
901558,NV404796,2026-05,Moderate,Active,2963.54
901558,NV404796,2026-06,Moderate,Active,2963.54
901558,NV404796,2026-07,Moderate,Active,2963.54
901559,NV404796,2026-06,Moderate,Active,4010.88
901559,NV404796,2026-07,Moderate,Active,4010.88
901560,NV404797,2026-03,Moderate,Active,4667.05
901560,NV404797,2026-04,Moderate,Active,4667.05
901560,NV404797,2026-05,Moderate,Active,4667.05
901560,NV404797,2026-06,Moderate,Active,4667.05
901560,NV404797,2026-07,Moderate,Active,4667.05
901561,NV404797,2026-06,Moderate,Active,2810.7
901561,NV404797,2026-07,Moderate,Active,2810.7
901562,NV404799,2026-03,Conservative,Active,1276.29
901562,NV404799,2026-04,Conservative,Active,1276.29
901562,NV404799,2026-05,Conservative,Active,1276.29
901562,NV404799,2026-06,Conservative,Active,1276.29
901562,NV404799,2026-07,Conservative,Active,1276.29
901563,NV404802,2026-05,Aggressive,Active,2569.7
901563,NV404802,2026-06,Aggressive,Active,2569.7
901563,NV404802,2026-07,Aggressive,Active,2569.7
901564,NV404803,2026-03,Aggressive,Active,1563.77
901564,NV404803,2026-04,Aggressive,Active,1563.77
901564,NV404803,2026-05,Aggressive,Active,1563.77
901564,NV404803,2026-06,Aggressive,Active,1563.77
901564,NV404803,2026-07,Aggressive,Active,1563.77
901565,NV404804,2026-04,Moderate,Active,2049.47
901565,NV404804,2026-05,Moderate,Paused,0.0
901565,NV404804,2026-06,Moderate,Active,2049.47
901565,NV404804,2026-07,Moderate,Active,2049.47
901566,NV404810,2026-05,Moderate,Active,2177.2
901566,NV404810,2026-06,Moderate,Active,2177.2
901566,NV404810,2026-07,Moderate,Active,2177.2
901567,NV404812,2026-03,Moderate,Active,6185.69
901567,NV404812,2026-04,Moderate,Active,6185.69
901567,NV404812,2026-05,Moderate,Paused,0.0
901567,NV404812,2026-06,Moderate,Paused,0.0
901567,NV404812,2026-07,Moderate,Active,6185.69
901568,NV404816,2026-03,Conservative,Active,2383.49
901568,NV404816,2026-04,Conservative,Active,2383.49
901568,NV404816,2026-05,Conservative,Active,2383.49
901568,NV404816,2026-06,Conservative,Active,2383.49
901568,NV404816,2026-07,Conservative,Active,2383.49
901569,NV404818,2026-03,Conservative,Active,2820.63
901569,NV404818,2026-04,Conservative,Active,2820.63
901569,NV404818,2026-05,Conservative,Active,2820.63
901569,NV404818,2026-06,Conservative,Active,2820.63
901569,NV404818,2026-07,Conservative,Active,2820.63
901570,NV404820,2026-03,Moderate,Active,2237.3
901570,NV404820,2026-04,Moderate,Active,2237.3
901570,NV404820,2026-05,Moderate,Active,2237.3
901570,NV404820,2026-06,Moderate,Active,2237.3
901570,NV404820,2026-07,Moderate,Active,2237.3
901571,NV404821,2026-03,Conservative,Active,1535.63
901571,NV404821,2026-04,Conservative,Active,1535.63
901571,NV404821,2026-05,Conservative,Active,1535.63
901571,NV404821,2026-06,Conservative,Active,1535.63
901571,NV404821,2026-07,Conservative,Active,1535.63
901572,NV404821,2026-07,Conservative,Active,2643.0
901573,NV404823,2026-03,Aggressive,Active,1755.59
901573,NV404823,2026-04,Aggressive,Active,1755.59
901573,NV404823,2026-05,Aggressive,Active,1755.59
901573,NV404823,2026-06,Aggressive,Active,1755.59
901573,NV404823,2026-07,Aggressive,Active,1755.59
901574,NV404827,2026-03,Moderate,Active,2865.3
901574,NV404827,2026-04,Moderate,Active,2865.3
901574,NV404827,2026-05,Moderate,Active,2865.3
901574,NV404827,2026-06,Moderate,Active,2865.3
901574,NV404827,2026-07,Moderate,Active,2865.3
901575,NV404834,2026-03,Conservative,Active,2819.04
901575,NV404834,2026-04,Conservative,Active,2819.04
901575,NV404834,2026-05,Conservative,Active,2819.04
901575,NV404834,2026-06,Conservative,Active,2819.04
901575,NV404834,2026-07,Conservative,Active,2819.04
901576,NV404836,2026-03,Conservative,Active,2885.64
901576,NV404836,2026-04,Conservative,Active,2885.64
901576,NV404836,2026-05,Conservative,Active,2885.64
901576,NV404836,2026-06,Conservative,Active,2885.64
901576,NV404836,2026-07,Conservative,Active,2885.64
901577,NV404836,2026-06,Conservative,Active,2495.49
901577,NV404836,2026-07,Conservative,Active,2495.49
901578,NV404846,2026-03,Aggressive,Active,6392.34
901578,NV404846,2026-04,Aggressive,Active,6392.34
901578,NV404846,2026-05,Aggressive,Active,6392.34
901578,NV404846,2026-06,Aggressive,Active,6392.34
901578,NV404846,2026-07,Aggressive,Active,6392.34
901579,NV404846,2026-07,Aggressive,Active,5906.04
901580,NV404850,2026-04,Moderate,Active,3545.31
901580,NV404850,2026-05,Moderate,Active,3545.31
901580,NV404850,2026-06,Moderate,Active,3545.31
901580,NV404850,2026-07,Moderate,Active,3545.31
901581,NV404851,2026-03,Moderate,Active,1127.06
901581,NV404851,2026-04,Moderate,Active,1127.06
901581,NV404851,2026-05,Moderate,Active,1127.06
901581,NV404851,2026-06,Moderate,Active,1127.06
901581,NV404851,2026-07,Moderate,Active,1127.06
901582,NV404851,2026-05,Moderate,Active,2724.88
901582,NV404851,2026-06,Moderate,Active,2724.88
901582,NV404851,2026-07,Moderate,Active,2724.88
901583,NV404853,2026-03,Aggressive,Active,5349.67
901583,NV404853,2026-04,Aggressive,Active,5349.67
901583,NV404853,2026-05,Aggressive,Active,5349.67
901583,NV404853,2026-06,Aggressive,Active,5349.67
901583,NV404853,2026-07,Aggressive,Active,5349.67
901584,NV404853,2026-07,Aggressive,Active,3179.75
901585,NV404854,2026-03,Aggressive,Active,1605.27
901585,NV404854,2026-04,Aggressive,Active,1605.27
901585,NV404854,2026-05,Aggressive,Active,1605.27
901585,NV404854,2026-06,Aggressive,Active,1605.27
901585,NV404854,2026-07,Aggressive,Active,1605.27
901586,NV404859,2026-06,Moderate,Cancelled,0.0
901587,NV404863,2026-05,Moderate,Active,625.77
901587,NV404863,2026-06,Moderate,Active,625.77
901587,NV404863,2026-07,Moderate,Paused,0.0
901588,NV404865,2026-03,Moderate,Active,3750.86
901588,NV404865,2026-04,Moderate,Active,3750.86
901588,NV404865,2026-05,Moderate,Active,3750.86
901588,NV404865,2026-06,Moderate,Active,3750.86
901588,NV404865,2026-07,Moderate,Active,3750.86
901589,NV404865,2026-04,Moderate,Active,1991.56
901589,NV404865,2026-05,Moderate,Active,1991.56
901589,NV404865,2026-06,Moderate,Active,1991.56
901589,NV404865,2026-07,Moderate,Active,1991.56
901590,NV404866,2026-03,Aggressive,Active,4622.14
901590,NV404866,2026-04,Aggressive,Active,4622.14
901590,NV404866,2026-05,Aggressive,Active,4622.14
901590,NV404866,2026-06,Aggressive,Paused,0.0
901590,NV404866,2026-07,Aggressive,Active,4622.14
901591,NV404866,2026-06,Aggressive,Active,5110.43
901591,NV404866,2026-07,Aggressive,Active,5110.43
901592,NV404867,2026-03,Conservative,Active,5870.01
901592,NV404867,2026-04,Conservative,Active,5870.01
901592,NV404867,2026-05,Conservative,Active,5870.01
901592,NV404867,2026-06,Conservative,Active,5870.01
901592,NV404867,2026-07,Conservative,Active,5870.01
901593,NV404873,2026-03,Moderate,Active,3982.05
901593,NV404873,2026-04,Moderate,Active,3982.05
901593,NV404873,2026-05,Moderate,Active,3982.05
901593,NV404873,2026-06,Moderate,Active,3982.05
901593,NV404873,2026-07,Moderate,Active,3982.05
901594,NV404874,2026-03,Moderate,Active,2556.59
901594,NV404874,2026-04,Moderate,Active,2556.59
901594,NV404874,2026-05,Moderate,Active,2556.59
901594,NV404874,2026-06,Moderate,Active,2556.59
901594,NV404874,2026-07,Moderate,Active,2556.59
901595,NV404874,2026-05,Moderate,Active,1894.72
901595,NV404874,2026-06,Moderate,Active,1894.72
901595,NV404874,2026-07,Moderate,Active,1894.72
901596,NV404875,2026-03,Moderate,Active,6802.8
901596,NV404875,2026-04,Moderate,Active,6802.8
901596,NV404875,2026-05,Moderate,Active,6802.8
901596,NV404875,2026-06,Moderate,Active,6802.8
901596,NV404875,2026-07,Moderate,Active,6802.8
901597,NV404877,2026-03,Moderate,Active,1259.06
901597,NV404877,2026-04,Moderate,Active,1259.06
901597,NV404877,2026-05,Moderate,Active,1259.06
901597,NV404877,2026-06,Moderate,Active,1259.06
901597,NV404877,2026-07,Moderate,Active,1259.06
901598,NV404882,2026-05,Aggressive,Active,3880.67
901598,NV404882,2026-06,Aggressive,Active,3880.67
901598,NV404882,2026-07,Aggressive,Active,3880.67
901599,NV404883,2026-03,Conservative,Paused,0.0
901599,NV404883,2026-04,Conservative,Active,908.84
901599,NV404883,2026-05,Conservative,Active,908.84
901599,NV404883,2026-06,Conservative,Active,908.84
901599,NV404883,2026-07,Conservative,Active,908.84
901600,NV404884,2026-03,Moderate,Active,3438.81
901600,NV404884,2026-04,Moderate,Active,3438.81
901600,NV404884,2026-05,Moderate,Active,3438.81
901600,NV404884,2026-06,Moderate,Active,3438.81
901600,NV404884,2026-07,Moderate,Active,3438.81
901601,NV404886,2026-03,Moderate,Active,1360.34
901601,NV404886,2026-04,Moderate,Active,1360.34
901601,NV404886,2026-05,Moderate,Active,1360.34
901601,NV404886,2026-06,Moderate,Cancelled,0.0
901602,NV404888,2026-03,Moderate,Paused,0.0
901602,NV404888,2026-04,Moderate,Active,2218.14
901602,NV404888,2026-05,Moderate,Active,2218.14
901602,NV404888,2026-06,Moderate,Active,2218.14
901602,NV404888,2026-07,Moderate,Active,2218.14
901603,NV404891,2026-03,Conservative,Active,1518.69
901603,NV404891,2026-04,Conservative,Active,1518.69
901603,NV404891,2026-05,Conservative,Active,1518.69
901603,NV404891,2026-06,Conservative,Active,1518.69
901603,NV404891,2026-07,Conservative,Active,1518.69
901604,NV404894,2026-03,Aggressive,Active,3292.47
901604,NV404894,2026-04,Aggressive,Active,3292.47
901604,NV404894,2026-05,Aggressive,Paused,0.0
901604,NV404894,2026-06,Aggressive,Active,3292.47
901604,NV404894,2026-07,Aggressive,Active,3292.47
901605,NV404895,2026-03,Conservative,Active,3692.89
901605,NV404895,2026-04,Conservative,Active,3692.89
901605,NV404895,2026-05,Conservative,Cancelled,0.0
901606,NV404899,2026-03,Aggressive,Paused,0.0
901606,NV404899,2026-04,Aggressive,Active,1555.97
901606,NV404899,2026-05,Aggressive,Active,1555.97
901606,NV404899,2026-06,Aggressive,Active,1555.97
901606,NV404899,2026-07,Aggressive,Active,1555.97
901607,NV404901,2026-03,Conservative,Active,3773.91
901607,NV404901,2026-04,Conservative,Active,3773.91
901607,NV404901,2026-05,Conservative,Active,3773.91
901607,NV404901,2026-06,Conservative,Active,3773.91
901607,NV404901,2026-07,Conservative,Active,3773.91
901608,NV404911,2026-03,Moderate,Active,2145.08
901608,NV404911,2026-04,Moderate,Paused,0.0
901608,NV404911,2026-05,Moderate,Paused,0.0
901608,NV404911,2026-06,Moderate,Active,2145.08
901608,NV404911,2026-07,Moderate,Active,2145.08
901609,NV404911,2026-06,Moderate,Active,1339.06
901609,NV404911,2026-07,Moderate,Active,1339.06
901610,NV404915,2026-03,Moderate,Active,3220.81
901610,NV404915,2026-04,Moderate,Active,3220.81
901610,NV404915,2026-05,Moderate,Paused,0.0
901610,NV404915,2026-06,Moderate,Active,3220.81
901610,NV404915,2026-07,Moderate,Active,3220.81
901611,NV404915,2026-05,Moderate,Active,6973.38
901611,NV404915,2026-06,Moderate,Active,6973.38
901611,NV404915,2026-07,Moderate,Active,6973.38
901612,NV404917,2026-03,Aggressive,Active,3631.26
901612,NV404917,2026-04,Aggressive,Active,3631.26
901612,NV404917,2026-05,Aggressive,Active,3631.26
901612,NV404917,2026-06,Aggressive,Active,3631.26
901612,NV404917,2026-07,Aggressive,Active,3631.26
901613,NV404922,2026-03,Conservative,Active,2136.33
901613,NV404922,2026-04,Conservative,Active,2136.33
901613,NV404922,2026-05,Conservative,Active,2136.33
901613,NV404922,2026-06,Conservative,Active,2136.33
901613,NV404922,2026-07,Conservative,Active,2136.33
901614,NV404924,2026-07,Conservative,Active,2807.17
901615,NV404927,2026-03,Moderate,Active,1316.03
901615,NV404927,2026-04,Moderate,Active,1316.03
901615,NV404927,2026-05,Moderate,Active,1316.03
901615,NV404927,2026-06,Moderate,Active,1316.03
901615,NV404927,2026-07,Moderate,Active,1316.03
901616,NV404928,2026-03,Aggressive,Cancelled,0.0
901617,NV404932,2026-03,Aggressive,Active,1551.05
901617,NV404932,2026-04,Aggressive,Active,1551.05
901617,NV404932,2026-05,Aggressive,Active,1551.05
901617,NV404932,2026-06,Aggressive,Active,1551.05
901617,NV404932,2026-07,Aggressive,Active,1551.05
901618,NV404936,2026-03,Moderate,Active,4890.0
901618,NV404936,2026-04,Moderate,Active,4890.0
901618,NV404936,2026-05,Moderate,Active,4890.0
901618,NV404936,2026-06,Moderate,Paused,0.0
901618,NV404936,2026-07,Moderate,Active,4890.0
901619,NV404937,2026-03,Moderate,Active,1969.24
901619,NV404937,2026-04,Moderate,Active,1969.24
901619,NV404937,2026-05,Moderate,Active,1969.24
901619,NV404937,2026-06,Moderate,Paused,0.0
901619,NV404937,2026-07,Moderate,Cancelled,0.0
901620,NV404938,2026-03,Moderate,Active,4649.64
901620,NV404938,2026-04,Moderate,Paused,0.0
901620,NV404938,2026-05,Moderate,Cancelled,0.0
901621,NV404938,2026-05,Moderate,Active,1847.5
901621,NV404938,2026-06,Moderate,Active,1847.5
901621,NV404938,2026-07,Moderate,Active,1847.5
901622,NV404939,2026-03,Conservative,Active,3278.86
901622,NV404939,2026-04,Conservative,Cancelled,0.0
901623,NV404940,2026-03,Aggressive,Active,5185.76
901623,NV404940,2026-04,Aggressive,Active,5185.76
901623,NV404940,2026-05,Aggressive,Active,5185.76
901623,NV404940,2026-06,Aggressive,Active,5185.76
901623,NV404940,2026-07,Aggressive,Active,5185.76
901624,NV404942,2026-03,Aggressive,Active,3408.28
901624,NV404942,2026-04,Aggressive,Active,3408.28
901624,NV404942,2026-05,Aggressive,Active,3408.28
901624,NV404942,2026-06,Aggressive,Active,3408.28
901624,NV404942,2026-07,Aggressive,Active,3408.28
901625,NV404942,2026-07,Aggressive,Active,5676.28
901626,NV404960,2026-03,Aggressive,Active,8725.99
901626,NV404960,2026-04,Aggressive,Active,8725.99
901626,NV404960,2026-05,Aggressive,Active,8725.99
901626,NV404960,2026-06,Aggressive,Active,8725.99
901626,NV404960,2026-07,Aggressive,Active,8725.99
901627,NV404961,2026-03,Conservative,Active,1513.45
901627,NV404961,2026-04,Conservative,Active,1513.45
901627,NV404961,2026-05,Conservative,Active,1513.45
901627,NV404961,2026-06,Conservative,Paused,0.0
901627,NV404961,2026-07,Conservative,Active,1513.45
901628,NV404961,2026-06,Conservative,Active,3650.81
901628,NV404961,2026-07,Conservative,Active,3650.81
901629,NV404965,2026-03,Aggressive,Active,1684.15
901629,NV404965,2026-04,Aggressive,Active,1684.15
901629,NV404965,2026-05,Aggressive,Active,1684.15
901629,NV404965,2026-06,Aggressive,Active,1684.15
901629,NV404965,2026-07,Aggressive,Active,1684.15
901630,NV404966,2026-03,Conservative,Active,4297.78
901630,NV404966,2026-04,Conservative,Active,4297.78
901630,NV404966,2026-05,Conservative,Active,4297.78
901630,NV404966,2026-06,Conservative,Paused,0.0
901630,NV404966,2026-07,Conservative,Active,4297.78
901631,NV404968,2026-03,Moderate,Active,3405.64
901631,NV404968,2026-04,Moderate,Active,3405.64
901631,NV404968,2026-05,Moderate,Active,3405.64
901631,NV404968,2026-06,Moderate,Active,3405.64
901631,NV404968,2026-07,Moderate,Active,3405.64
901632,NV404973,2026-03,Aggressive,Active,2448.46
901632,NV404973,2026-04,Aggressive,Cancelled,0.0
901633,NV404974,2026-03,Conservative,Active,3255.32
901633,NV404974,2026-04,Conservative,Active,3255.32
901633,NV404974,2026-05,Conservative,Active,3255.32
901633,NV404974,2026-06,Conservative,Active,3255.32
901633,NV404974,2026-07,Conservative,Active,3255.32
901634,NV404979,2026-03,Moderate,Active,918.49
901634,NV404979,2026-04,Moderate,Active,918.49
901634,NV404979,2026-05,Moderate,Paused,0.0
901634,NV404979,2026-06,Moderate,Paused,0.0
901634,NV404979,2026-07,Moderate,Cancelled,0.0
901635,NV404980,2026-03,Conservative,Active,3003.28
901635,NV404980,2026-04,Conservative,Active,3003.28
901635,NV404980,2026-05,Conservative,Active,3003.28
901635,NV404980,2026-06,Conservative,Active,3003.28
901635,NV404980,2026-07,Conservative,Active,3003.28
901636,NV404985,2026-03,Conservative,Active,1543.24
901636,NV404985,2026-04,Conservative,Active,1543.24
901636,NV404985,2026-05,Conservative,Active,1543.24
901636,NV404985,2026-06,Conservative,Active,1543.24
901636,NV404985,2026-07,Conservative,Active,1543.24
901637,NV404988,2026-03,Aggressive,Active,3693.37
901637,NV404988,2026-04,Aggressive,Active,3693.37
901637,NV404988,2026-05,Aggressive,Active,3693.37
901637,NV404988,2026-06,Aggressive,Active,3693.37
901637,NV404988,2026-07,Aggressive,Cancelled,0.0
901638,NV404995,2026-06,Aggressive,Active,14987.56
901638,NV404995,2026-07,Aggressive,Active,14987.56
901639,NV405000,2026-03,Moderate,Active,6918.49
901639,NV405000,2026-04,Moderate,Active,6918.49
901639,NV405000,2026-05,Moderate,Paused,0.0
901639,NV405000,2026-06,Moderate,Cancelled,0.0
901640,NV405001,2026-03,Aggressive,Active,2391.88
901640,NV405001,2026-04,Aggressive,Active,2391.88
901640,NV405001,2026-05,Aggressive,Active,2391.88
901640,NV405001,2026-06,Aggressive,Paused,0.0
901640,NV405001,2026-07,Aggressive,Cancelled,0.0
901641,NV405002,2026-03,Moderate,Active,2409.81
901641,NV405002,2026-04,Moderate,Active,2409.81
901641,NV405002,2026-05,Moderate,Active,2409.81
901641,NV405002,2026-06,Moderate,Active,2409.81
901641,NV405002,2026-07,Moderate,Active,2409.81
901642,NV405008,2026-03,Conservative,Active,2208.36
901642,NV405008,2026-04,Conservative,Active,2208.36
901642,NV405008,2026-05,Conservative,Active,2208.36
901642,NV405008,2026-06,Conservative,Active,2208.36
901642,NV405008,2026-07,Conservative,Active,2208.36
901643,NV405014,2026-03,Aggressive,Active,3004.49
901643,NV405014,2026-04,Aggressive,Active,3004.49
901643,NV405014,2026-05,Aggressive,Active,3004.49
901643,NV405014,2026-06,Aggressive,Active,3004.49
901643,NV405014,2026-07,Aggressive,Active,3004.49
901644,NV405017,2026-03,Conservative,Cancelled,0.0
901645,NV405020,2026-03,Aggressive,Active,3052.48
901645,NV405020,2026-04,Aggressive,Active,3052.48
901645,NV405020,2026-05,Aggressive,Active,3052.48
901645,NV405020,2026-06,Aggressive,Active,3052.48
901645,NV405020,2026-07,Aggressive,Active,3052.48
901646,NV405026,2026-03,Conservative,Active,1697.71
901646,NV405026,2026-04,Conservative,Active,1697.71
901646,NV405026,2026-05,Conservative,Active,1697.71
901646,NV405026,2026-06,Conservative,Paused,0.0
901646,NV405026,2026-07,Conservative,Active,1697.71
901647,NV405030,2026-04,Moderate,Active,866.48
901647,NV405030,2026-05,Moderate,Cancelled,0.0
901648,NV405036,2026-03,Moderate,Active,1692.97
901648,NV405036,2026-04,Moderate,Active,1692.97
901648,NV405036,2026-05,Moderate,Active,1692.97
901648,NV405036,2026-06,Moderate,Active,1692.97
901648,NV405036,2026-07,Moderate,Active,1692.97
901649,NV405039,2026-03,Conservative,Paused,0.0
901649,NV405039,2026-04,Conservative,Cancelled,0.0
901650,NV405041,2026-03,Aggressive,Active,2733.74
901650,NV405041,2026-04,Aggressive,Active,2733.74
901650,NV405041,2026-05,Aggressive,Active,2733.74
901650,NV405041,2026-06,Aggressive,Active,2733.74
901650,NV405041,2026-07,Aggressive,Active,2733.74
901651,NV405055,2026-03,Moderate,Active,4532.0
901651,NV405055,2026-04,Moderate,Active,4532.0
901651,NV405055,2026-05,Moderate,Active,4532.0
901651,NV405055,2026-06,Moderate,Paused,0.0
901651,NV405055,2026-07,Moderate,Cancelled,0.0
901652,NV405056,2026-03,Aggressive,Active,9935.62
901652,NV405056,2026-04,Aggressive,Active,9935.62
901652,NV405056,2026-05,Aggressive,Active,9935.62
901652,NV405056,2026-06,Aggressive,Active,9935.62
901652,NV405056,2026-07,Aggressive,Active,9935.62
901653,NV405056,2026-03,Aggressive,Active,3518.1
901653,NV405056,2026-04,Aggressive,Active,3518.1
901653,NV405056,2026-05,Aggressive,Active,3518.1
901653,NV405056,2026-06,Aggressive,Active,3518.1
901653,NV405056,2026-07,Aggressive,Active,3518.1
901654,NV405062,2026-03,Aggressive,Active,1302.69
901654,NV405062,2026-04,Aggressive,Active,1302.69
901654,NV405062,2026-05,Aggressive,Active,1302.69
901654,NV405062,2026-06,Aggressive,Active,1302.69
901654,NV405062,2026-07,Aggressive,Active,1302.69
901655,NV405063,2026-06,Moderate,Active,1492.12
901655,NV405063,2026-07,Moderate,Active,1492.12
901656,NV405069,2026-04,Aggressive,Active,1811.8
901656,NV405069,2026-05,Aggressive,Active,1811.8
901656,NV405069,2026-06,Aggressive,Active,1811.8
901656,NV405069,2026-07,Aggressive,Active,1811.8
901657,NV405073,2026-03,Conservative,Active,4248.91
901657,NV405073,2026-04,Conservative,Active,4248.91
901657,NV405073,2026-05,Conservative,Active,4248.91
901657,NV405073,2026-06,Conservative,Active,4248.91
901657,NV405073,2026-07,Conservative,Active,4248.91
901658,NV405074,2026-03,Aggressive,Active,2988.42
901658,NV405074,2026-04,Aggressive,Active,2988.42
901658,NV405074,2026-05,Aggressive,Active,2988.42
901658,NV405074,2026-06,Aggressive,Active,2988.42
901658,NV405074,2026-07,Aggressive,Active,2988.42
901659,NV405079,2026-03,Aggressive,Active,4049.64
901659,NV405079,2026-04,Aggressive,Active,4049.64
901659,NV405079,2026-05,Aggressive,Active,4049.64
901659,NV405079,2026-06,Aggressive,Active,4049.64
901659,NV405079,2026-07,Aggressive,Active,4049.64
901660,NV405086,2026-03,Aggressive,Active,5467.55
901660,NV405086,2026-04,Aggressive,Active,5467.55
901660,NV405086,2026-05,Aggressive,Active,5467.55
901660,NV405086,2026-06,Aggressive,Active,5467.55
901660,NV405086,2026-07,Aggressive,Active,5467.55
901661,NV405088,2026-03,Moderate,Active,1157.42
901661,NV405088,2026-04,Moderate,Active,1157.42
901661,NV405088,2026-05,Moderate,Active,1157.42
901661,NV405088,2026-06,Moderate,Active,1157.42
901661,NV405088,2026-07,Moderate,Active,1157.42
901662,NV405090,2026-03,Moderate,Active,6186.48
901662,NV405090,2026-04,Moderate,Active,6186.48
901662,NV405090,2026-05,Moderate,Active,6186.48
901662,NV405090,2026-06,Moderate,Active,6186.48
901662,NV405090,2026-07,Moderate,Active,6186.48
901663,NV405091,2026-03,Conservative,Active,4027.0
901663,NV405091,2026-04,Conservative,Active,4027.0
901663,NV405091,2026-05,Conservative,Active,4027.0
901663,NV405091,2026-06,Conservative,Active,4027.0
901663,NV405091,2026-07,Conservative,Active,4027.0
901664,NV405093,2026-03,Conservative,Active,1757.02
901664,NV405093,2026-04,Conservative,Active,1757.02
901664,NV405093,2026-05,Conservative,Active,1757.02
901664,NV405093,2026-06,Conservative,Active,1757.02
901664,NV405093,2026-07,Conservative,Active,1757.02
901665,NV405094,2026-03,Moderate,Active,3943.39
901665,NV405094,2026-04,Moderate,Active,3943.39
901665,NV405094,2026-05,Moderate,Active,3943.39
901665,NV405094,2026-06,Moderate,Active,3943.39
901665,NV405094,2026-07,Moderate,Active,3943.39
901666,NV405095,2026-03,Moderate,Active,2091.2
901666,NV405095,2026-04,Moderate,Active,2091.2
901666,NV405095,2026-05,Moderate,Active,2091.2
901666,NV405095,2026-06,Moderate,Active,2091.2
901666,NV405095,2026-07,Moderate,Active,2091.2
901667,NV405097,2026-03,Moderate,Active,3220.52
901667,NV405097,2026-04,Moderate,Active,3220.52
901667,NV405097,2026-05,Moderate,Active,3220.52
901667,NV405097,2026-06,Moderate,Active,3220.52
901667,NV405097,2026-07,Moderate,Active,3220.52
901668,NV405099,2026-03,Aggressive,Active,3780.87
901668,NV405099,2026-04,Aggressive,Active,3780.87
901668,NV405099,2026-05,Aggressive,Active,3780.87
901668,NV405099,2026-06,Aggressive,Active,3780.87
901668,NV405099,2026-07,Aggressive,Paused,0.0
901669,NV405101,2026-03,Moderate,Active,3919.35
901669,NV405101,2026-04,Moderate,Active,3919.35
901669,NV405101,2026-05,Moderate,Active,3919.35
901669,NV405101,2026-06,Moderate,Active,3919.35
901669,NV405101,2026-07,Moderate,Active,3919.35
901670,NV405101,2026-06,Moderate,Active,3803.76
901670,NV405101,2026-07,Moderate,Active,3803.76
901671,NV405103,2026-03,Conservative,Active,1329.87
901671,NV405103,2026-04,Conservative,Active,1329.87
901671,NV405103,2026-05,Conservative,Paused,0.0
901671,NV405103,2026-06,Conservative,Active,1329.87
901671,NV405103,2026-07,Conservative,Active,1329.87
901672,NV405104,2026-03,Moderate,Active,3959.48
901672,NV405104,2026-04,Moderate,Active,3959.48
901672,NV405104,2026-05,Moderate,Active,3959.48
901672,NV405104,2026-06,Moderate,Active,3959.48
901672,NV405104,2026-07,Moderate,Active,3959.48
901673,NV405108,2026-03,Conservative,Active,4368.21
901673,NV405108,2026-04,Conservative,Active,4368.21
901673,NV405108,2026-05,Conservative,Active,4368.21
901673,NV405108,2026-06,Conservative,Active,4368.21
901673,NV405108,2026-07,Conservative,Active,4368.21
901674,NV405109,2026-03,Moderate,Active,4636.13
901674,NV405109,2026-04,Moderate,Active,4636.13
901674,NV405109,2026-05,Moderate,Paused,0.0
901674,NV405109,2026-06,Moderate,Cancelled,0.0
901675,NV405109,2026-06,Moderate,Active,1554.9
901675,NV405109,2026-07,Moderate,Active,1554.9
901676,NV405111,2026-04,Moderate,Active,1055.45
901676,NV405111,2026-05,Moderate,Active,1055.45
901676,NV405111,2026-06,Moderate,Paused,0.0
901676,NV405111,2026-07,Moderate,Cancelled,0.0
901677,NV405112,2026-03,Moderate,Active,1690.61
901677,NV405112,2026-04,Moderate,Active,1690.61
901677,NV405112,2026-05,Moderate,Active,1690.61
901677,NV405112,2026-06,Moderate,Active,1690.61
901677,NV405112,2026-07,Moderate,Active,1690.61
901678,NV405119,2026-03,Conservative,Active,2481.67
901678,NV405119,2026-04,Conservative,Active,2481.67
901678,NV405119,2026-05,Conservative,Active,2481.67
901678,NV405119,2026-06,Conservative,Active,2481.67
901678,NV405119,2026-07,Conservative,Active,2481.67
901679,NV405135,2026-03,Aggressive,Paused,0.0
901679,NV405135,2026-04,Aggressive,Active,3116.64
901679,NV405135,2026-05,Aggressive,Active,3116.64
901679,NV405135,2026-06,Aggressive,Active,3116.64
901679,NV405135,2026-07,Aggressive,Active,3116.64
901680,NV405142,2026-03,Conservative,Active,1583.96
901680,NV405142,2026-04,Conservative,Active,1583.96
901680,NV405142,2026-05,Conservative,Active,1583.96
901680,NV405142,2026-06,Conservative,Active,1583.96
901680,NV405142,2026-07,Conservative,Active,1583.96
901681,NV405144,2026-03,Aggressive,Active,3815.24
901681,NV405144,2026-04,Aggressive,Active,3815.24
901681,NV405144,2026-05,Aggressive,Active,3815.24
901681,NV405144,2026-06,Aggressive,Active,3815.24
901681,NV405144,2026-07,Aggressive,Active,3815.24
901682,NV405146,2026-03,Aggressive,Active,2232.81
901682,NV405146,2026-04,Aggressive,Active,2232.81
901682,NV405146,2026-05,Aggressive,Active,2232.81
901682,NV405146,2026-06,Aggressive,Active,2232.81
901682,NV405146,2026-07,Aggressive,Active,2232.81
901683,NV405148,2026-03,Moderate,Active,5148.07
901683,NV405148,2026-04,Moderate,Active,5148.07
901683,NV405148,2026-05,Moderate,Active,5148.07
901683,NV405148,2026-06,Moderate,Active,5148.07
901683,NV405148,2026-07,Moderate,Active,5148.07
901684,NV405155,2026-03,Conservative,Active,2663.37
901684,NV405155,2026-04,Conservative,Active,2663.37
901684,NV405155,2026-05,Conservative,Paused,0.0
901684,NV405155,2026-06,Conservative,Paused,0.0
901684,NV405155,2026-07,Conservative,Active,2663.37
901685,NV405157,2026-03,Moderate,Active,6590.02
901685,NV405157,2026-04,Moderate,Active,6590.02
901685,NV405157,2026-05,Moderate,Paused,0.0
901685,NV405157,2026-06,Moderate,Cancelled,0.0
901686,NV405158,2026-03,Conservative,Active,1595.48
901686,NV405158,2026-04,Conservative,Active,1595.48
901686,NV405158,2026-05,Conservative,Active,1595.48
901686,NV405158,2026-06,Conservative,Active,1595.48
901686,NV405158,2026-07,Conservative,Active,1595.48
901687,NV405164,2026-03,Aggressive,Active,3159.79
901687,NV405164,2026-04,Aggressive,Active,3159.79
901687,NV405164,2026-05,Aggressive,Active,3159.79
901687,NV405164,2026-06,Aggressive,Active,3159.79
901687,NV405164,2026-07,Aggressive,Active,3159.79
901688,NV405168,2026-04,Conservative,Paused,0.0
901688,NV405168,2026-05,Conservative,Paused,0.0
901688,NV405168,2026-06,Conservative,Active,1878.91
901688,NV405168,2026-07,Conservative,Active,1878.91
901689,NV405170,2026-07,Moderate,Active,1000.69
901690,NV405173,2026-03,Conservative,Cancelled,0.0
901691,NV405177,2026-03,Moderate,Active,1379.5
901691,NV405177,2026-04,Moderate,Paused,0.0
901691,NV405177,2026-05,Moderate,Cancelled,0.0
901692,NV405181,2026-03,Conservative,Active,1377.74
901692,NV405181,2026-04,Conservative,Active,1377.74
901692,NV405181,2026-05,Conservative,Cancelled,0.0
901693,NV405183,2026-06,Moderate,Active,1156.62
901693,NV405183,2026-07,Moderate,Active,1156.62
901694,NV405192,2026-04,Moderate,Active,2054.17
901694,NV405192,2026-05,Moderate,Active,2054.17
901694,NV405192,2026-06,Moderate,Active,2054.17
901694,NV405192,2026-07,Moderate,Active,2054.17
901695,NV405197,2026-03,Conservative,Active,7288.87
901695,NV405197,2026-04,Conservative,Active,7288.87
901695,NV405197,2026-05,Conservative,Active,7288.87
901695,NV405197,2026-06,Conservative,Active,7288.87
901695,NV405197,2026-07,Conservative,Active,7288.87
901696,NV405199,2026-03,Moderate,Active,1802.0
901696,NV405199,2026-04,Moderate,Active,1802.0
901696,NV405199,2026-05,Moderate,Active,1802.0
901696,NV405199,2026-06,Moderate,Active,1802.0
901696,NV405199,2026-07,Moderate,Active,1802.0
901697,NV405199,2026-05,Moderate,Active,751.12
901697,NV405199,2026-06,Moderate,Active,751.12
901697,NV405199,2026-07,Moderate,Active,751.12
901698,NV405202,2026-03,Moderate,Active,2352.68
901698,NV405202,2026-04,Moderate,Active,2352.68
901698,NV405202,2026-05,Moderate,Active,2352.68
901698,NV405202,2026-06,Moderate,Active,2352.68
901698,NV405202,2026-07,Moderate,Active,2352.68
901699,NV405202,2026-04,Moderate,Active,2207.99
901699,NV405202,2026-05,Moderate,Active,2207.99
901699,NV405202,2026-06,Moderate,Active,2207.99
901699,NV405202,2026-07,Moderate,Active,2207.99
901700,NV405205,2026-03,Moderate,Paused,0.0
901700,NV405205,2026-04,Moderate,Cancelled,0.0
901701,NV405206,2026-03,Moderate,Active,1469.94
901701,NV405206,2026-04,Moderate,Active,1469.94
901701,NV405206,2026-05,Moderate,Active,1469.94
901701,NV405206,2026-06,Moderate,Active,1469.94
901701,NV405206,2026-07,Moderate,Active,1469.94
901702,NV405207,2026-03,Conservative,Active,1803.51
901702,NV405207,2026-04,Conservative,Active,1803.51
901702,NV405207,2026-05,Conservative,Active,1803.51
901702,NV405207,2026-06,Conservative,Active,1803.51
901702,NV405207,2026-07,Conservative,Active,1803.51
901703,NV405208,2026-03,Aggressive,Active,4174.49
901703,NV405208,2026-04,Aggressive,Active,4174.49
901703,NV405208,2026-05,Aggressive,Active,4174.49
901703,NV405208,2026-06,Aggressive,Active,4174.49
901703,NV405208,2026-07,Aggressive,Active,4174.49
901704,NV405209,2026-03,Aggressive,Active,1542.19
901704,NV405209,2026-04,Aggressive,Active,1542.19
901704,NV405209,2026-05,Aggressive,Active,1542.19
901704,NV405209,2026-06,Aggressive,Active,1542.19
901704,NV405209,2026-07,Aggressive,Active,1542.19
901705,NV405209,2026-06,Aggressive,Active,4331.02
901705,NV405209,2026-07,Aggressive,Active,4331.02
901706,NV405212,2026-03,Conservative,Active,4676.79
901706,NV405212,2026-04,Conservative,Active,4676.79
901706,NV405212,2026-05,Conservative,Active,4676.79
901706,NV405212,2026-06,Conservative,Active,4676.79
901706,NV405212,2026-07,Conservative,Active,4676.79
901707,NV405213,2026-03,Moderate,Active,2893.36
901707,NV405213,2026-04,Moderate,Active,2893.36
901707,NV405213,2026-05,Moderate,Active,2893.36
901707,NV405213,2026-06,Moderate,Active,2893.36
901707,NV405213,2026-07,Moderate,Active,2893.36
901708,NV405214,2026-03,Moderate,Active,1766.66
901708,NV405214,2026-04,Moderate,Active,1766.66
901708,NV405214,2026-05,Moderate,Active,1766.66
901708,NV405214,2026-06,Moderate,Active,1766.66
901708,NV405214,2026-07,Moderate,Cancelled,0.0
901709,NV405214,2026-04,Moderate,Active,2157.43
901709,NV405214,2026-05,Moderate,Active,2157.43
901709,NV405214,2026-06,Moderate,Active,2157.43
901709,NV405214,2026-07,Moderate,Active,2157.43
901710,NV405216,2026-03,Moderate,Active,3390.5
901710,NV405216,2026-04,Moderate,Active,3390.5
901710,NV405216,2026-05,Moderate,Active,3390.5
901710,NV405216,2026-06,Moderate,Active,3390.5
901710,NV405216,2026-07,Moderate,Active,3390.5
901711,NV405222,2026-03,Aggressive,Active,2896.84
901711,NV405222,2026-04,Aggressive,Active,2896.84
901711,NV405222,2026-05,Aggressive,Active,2896.84
901711,NV405222,2026-06,Aggressive,Active,2896.84
901711,NV405222,2026-07,Aggressive,Active,2896.84
901712,NV405225,2026-03,Moderate,Active,3136.64
901712,NV405225,2026-04,Moderate,Active,3136.64
901712,NV405225,2026-05,Moderate,Active,3136.64
901712,NV405225,2026-06,Moderate,Active,3136.64
901712,NV405225,2026-07,Moderate,Active,3136.64
901713,NV405229,2026-03,Conservative,Active,1570.02
901713,NV405229,2026-04,Conservative,Active,1570.02
901713,NV405229,2026-05,Conservative,Active,1570.02
901713,NV405229,2026-06,Conservative,Active,1570.02
901713,NV405229,2026-07,Conservative,Active,1570.02
901714,NV405231,2026-03,Moderate,Active,1516.4
901714,NV405231,2026-04,Moderate,Active,1516.4
901714,NV405231,2026-05,Moderate,Active,1516.4
901714,NV405231,2026-06,Moderate,Active,1516.4
901714,NV405231,2026-07,Moderate,Active,1516.4
901715,NV405231,2026-06,Moderate,Paused,0.0
901715,NV405231,2026-07,Moderate,Active,937.64
901716,NV405233,2026-03,Moderate,Active,2749.77
901716,NV405233,2026-04,Moderate,Active,2749.77
901716,NV405233,2026-05,Moderate,Active,2749.77
901716,NV405233,2026-06,Moderate,Active,2749.77
901716,NV405233,2026-07,Moderate,Active,2749.77
901717,NV405236,2026-06,Moderate,Paused,0.0
901717,NV405236,2026-07,Moderate,Cancelled,0.0
901718,NV405237,2026-03,Moderate,Active,4164.85
901718,NV405237,2026-04,Moderate,Active,4164.85
901718,NV405237,2026-05,Moderate,Active,4164.85
901718,NV405237,2026-06,Moderate,Active,4164.85
901718,NV405237,2026-07,Moderate,Active,4164.85
901719,NV405240,2026-03,Moderate,Active,4028.31
901719,NV405240,2026-04,Moderate,Active,4028.31
901719,NV405240,2026-05,Moderate,Active,4028.31
901719,NV405240,2026-06,Moderate,Active,4028.31
901719,NV405240,2026-07,Moderate,Active,4028.31
901720,NV405241,2026-03,Conservative,Active,1962.12
901720,NV405241,2026-04,Conservative,Active,1962.12
901720,NV405241,2026-05,Conservative,Paused,0.0
901720,NV405241,2026-06,Conservative,Active,1962.12
901720,NV405241,2026-07,Conservative,Active,1962.12
901721,NV405243,2026-03,Conservative,Active,1422.52
901721,NV405243,2026-04,Conservative,Active,1422.52
901721,NV405243,2026-05,Conservative,Active,1422.52
901721,NV405243,2026-06,Conservative,Active,1422.52
901721,NV405243,2026-07,Conservative,Active,1422.52
901722,NV405244,2026-03,Aggressive,Active,3858.04
901722,NV405244,2026-04,Aggressive,Active,3858.04
901722,NV405244,2026-05,Aggressive,Active,3858.04
901722,NV405244,2026-06,Aggressive,Active,3858.04
901722,NV405244,2026-07,Aggressive,Active,3858.04
901723,NV405244,2026-07,Aggressive,Active,2901.32
901724,NV405248,2026-03,Conservative,Active,2856.97
901724,NV405248,2026-04,Conservative,Active,2856.97
901724,NV405248,2026-05,Conservative,Active,2856.97
901724,NV405248,2026-06,Conservative,Active,2856.97
901724,NV405248,2026-07,Conservative,Active,2856.97
901725,NV405250,2026-03,Conservative,Active,1418.0
901725,NV405250,2026-04,Conservative,Active,1418.0
901725,NV405250,2026-05,Conservative,Paused,0.0
901725,NV405250,2026-06,Conservative,Cancelled,0.0
901726,NV405251,2026-03,Moderate,Active,2656.48
901726,NV405251,2026-04,Moderate,Active,2656.48
901726,NV405251,2026-05,Moderate,Active,2656.48
901726,NV405251,2026-06,Moderate,Active,2656.48
901726,NV405251,2026-07,Moderate,Active,2656.48
901727,NV405253,2026-03,Aggressive,Active,1080.24
901727,NV405253,2026-04,Aggressive,Active,1080.24
901727,NV405253,2026-05,Aggressive,Active,1080.24
901727,NV405253,2026-06,Aggressive,Active,1080.24
901727,NV405253,2026-07,Aggressive,Active,1080.24
901728,NV405259,2026-03,Conservative,Active,2095.17
901728,NV405259,2026-04,Conservative,Active,2095.17
901728,NV405259,2026-05,Conservative,Active,2095.17
901728,NV405259,2026-06,Conservative,Active,2095.17
901728,NV405259,2026-07,Conservative,Active,2095.17
901729,NV405259,2026-04,Conservative,Active,2614.82
901729,NV405259,2026-05,Conservative,Active,2614.82
901729,NV405259,2026-06,Conservative,Active,2614.82
901729,NV405259,2026-07,Conservative,Active,2614.82
901730,NV405262,2026-03,Aggressive,Active,2977.61
901730,NV405262,2026-04,Aggressive,Active,2977.61
901730,NV405262,2026-05,Aggressive,Active,2977.61
901730,NV405262,2026-06,Aggressive,Active,2977.61
901730,NV405262,2026-07,Aggressive,Active,2977.61
901731,NV405265,2026-03,Moderate,Active,4232.53
901731,NV405265,2026-04,Moderate,Active,4232.53
901731,NV405265,2026-05,Moderate,Active,4232.53
901731,NV405265,2026-06,Moderate,Active,4232.53
901731,NV405265,2026-07,Moderate,Active,4232.53
901732,NV405272,2026-03,Aggressive,Active,2751.77
901732,NV405272,2026-04,Aggressive,Active,2751.77
901732,NV405272,2026-05,Aggressive,Active,2751.77
901732,NV405272,2026-06,Aggressive,Active,2751.77
901732,NV405272,2026-07,Aggressive,Active,2751.77
901733,NV405275,2026-03,Moderate,Active,1175.28
901733,NV405275,2026-04,Moderate,Active,1175.28
901733,NV405275,2026-05,Moderate,Active,1175.28
901733,NV405275,2026-06,Moderate,Active,1175.28
901733,NV405275,2026-07,Moderate,Active,1175.28
901734,NV405277,2026-03,Moderate,Active,2627.72
901734,NV405277,2026-04,Moderate,Active,2627.72
901734,NV405277,2026-05,Moderate,Active,2627.72
901734,NV405277,2026-06,Moderate,Active,2627.72
901734,NV405277,2026-07,Moderate,Active,2627.72
901735,NV405289,2026-03,Moderate,Active,2098.4
901735,NV405289,2026-04,Moderate,Cancelled,0.0
901736,NV405289,2026-04,Moderate,Active,2439.69
901736,NV405289,2026-05,Moderate,Paused,0.0
901736,NV405289,2026-06,Moderate,Active,2439.69
901736,NV405289,2026-07,Moderate,Active,2439.69
901737,NV405290,2026-06,Moderate,Active,3798.97
901737,NV405290,2026-07,Moderate,Active,3798.97
901738,NV405292,2026-05,Conservative,Active,4212.46
901738,NV405292,2026-06,Conservative,Active,4212.46
901738,NV405292,2026-07,Conservative,Active,4212.46
901739,NV405294,2026-04,Aggressive,Active,2623.79
901739,NV405294,2026-05,Aggressive,Active,2623.79
901739,NV405294,2026-06,Aggressive,Active,2623.79
901739,NV405294,2026-07,Aggressive,Active,2623.79
901740,NV405297,2026-03,Conservative,Paused,0.0
901740,NV405297,2026-04,Conservative,Active,1226.16
901740,NV405297,2026-05,Conservative,Active,1226.16
901740,NV405297,2026-06,Conservative,Active,1226.16
901740,NV405297,2026-07,Conservative,Active,1226.16
901741,NV405309,2026-03,Moderate,Paused,0.0
901741,NV405309,2026-04,Moderate,Active,3609.23
901741,NV405309,2026-05,Moderate,Cancelled,0.0
901742,NV405313,2026-06,Aggressive,Active,904.6
901742,NV405313,2026-07,Aggressive,Active,904.6
901743,NV405314,2026-03,Conservative,Active,3939.63
901743,NV405314,2026-04,Conservative,Active,3939.63
901743,NV405314,2026-05,Conservative,Active,3939.63
901743,NV405314,2026-06,Conservative,Paused,0.0
901743,NV405314,2026-07,Conservative,Active,3939.63
901744,NV405314,2026-04,Conservative,Active,1148.38
901744,NV405314,2026-05,Conservative,Active,1148.38
901744,NV405314,2026-06,Conservative,Active,1148.38
901744,NV405314,2026-07,Conservative,Active,1148.38
901745,NV405318,2026-05,Moderate,Active,1192.25
901745,NV405318,2026-06,Moderate,Cancelled,0.0
901746,NV405319,2026-03,Moderate,Active,3632.26
901746,NV405319,2026-04,Moderate,Active,3632.26
901746,NV405319,2026-05,Moderate,Active,3632.26
901746,NV405319,2026-06,Moderate,Active,3632.26
901746,NV405319,2026-07,Moderate,Active,3632.26
901747,NV405325,2026-03,Conservative,Active,3225.92
901747,NV405325,2026-04,Conservative,Active,3225.92
901747,NV405325,2026-05,Conservative,Active,3225.92
901747,NV405325,2026-06,Conservative,Active,3225.92
901747,NV405325,2026-07,Conservative,Active,3225.92
901748,NV405326,2026-06,Conservative,Active,1256.72
901748,NV405326,2026-07,Conservative,Active,1256.72
901749,NV405328,2026-03,Conservative,Active,3294.69
901749,NV405328,2026-04,Conservative,Paused,0.0
901749,NV405328,2026-05,Conservative,Active,3294.69
901749,NV405328,2026-06,Conservative,Active,3294.69
901749,NV405328,2026-07,Conservative,Active,3294.69
901750,NV405328,2026-07,Conservative,Active,2351.53
901751,NV405330,2026-03,Conservative,Active,3084.42
901751,NV405330,2026-04,Conservative,Active,3084.42
901751,NV405330,2026-05,Conservative,Active,3084.42
901751,NV405330,2026-06,Conservative,Active,3084.42
901751,NV405330,2026-07,Conservative,Active,3084.42
901752,NV405335,2026-03,Moderate,Active,1901.58
901752,NV405335,2026-04,Moderate,Active,1901.58
901752,NV405335,2026-05,Moderate,Active,1901.58
901752,NV405335,2026-06,Moderate,Active,1901.58
901752,NV405335,2026-07,Moderate,Active,1901.58
901753,NV405341,2026-03,Conservative,Cancelled,0.0
901754,NV405343,2026-04,Conservative,Active,5083.12
901754,NV405343,2026-05,Conservative,Active,5083.12
901754,NV405343,2026-06,Conservative,Active,5083.12
901754,NV405343,2026-07,Conservative,Active,5083.12
901755,NV405345,2026-03,Moderate,Active,2007.72
901755,NV405345,2026-04,Moderate,Active,2007.72
901755,NV405345,2026-05,Moderate,Active,2007.72
901755,NV405345,2026-06,Moderate,Active,2007.72
901755,NV405345,2026-07,Moderate,Active,2007.72
901756,NV405346,2026-03,Moderate,Active,5356.17
901756,NV405346,2026-04,Moderate,Active,5356.17
901756,NV405346,2026-05,Moderate,Active,5356.17
901756,NV405346,2026-06,Moderate,Paused,0.0
901756,NV405346,2026-07,Moderate,Active,5356.17
901757,NV405351,2026-03,Conservative,Cancelled,0.0
901758,NV405351,2026-06,Conservative,Active,3167.21
901758,NV405351,2026-07,Conservative,Active,3167.21
901759,NV405353,2026-03,Conservative,Paused,0.0
901759,NV405353,2026-04,Conservative,Cancelled,0.0
901760,NV405355,2026-04,Conservative,Active,2627.34
901760,NV405355,2026-05,Conservative,Active,2627.34
901760,NV405355,2026-06,Conservative,Active,2627.34
901760,NV405355,2026-07,Conservative,Active,2627.34
901761,NV405355,2026-06,Conservative,Active,1417.37
901761,NV405355,2026-07,Conservative,Active,1417.37
901762,NV405357,2026-03,Moderate,Active,1145.72
901762,NV405357,2026-04,Moderate,Active,1145.72
901762,NV405357,2026-05,Moderate,Active,1145.72
901762,NV405357,2026-06,Moderate,Active,1145.72
901762,NV405357,2026-07,Moderate,Active,1145.72
901763,NV405361,2026-03,Moderate,Active,3299.35
901763,NV405361,2026-04,Moderate,Paused,0.0
901763,NV405361,2026-05,Moderate,Active,3299.35
901763,NV405361,2026-06,Moderate,Active,3299.35
901763,NV405361,2026-07,Moderate,Active,3299.35
901764,NV405361,2026-04,Moderate,Active,1524.85
901764,NV405361,2026-05,Moderate,Active,1524.85
901764,NV405361,2026-06,Moderate,Active,1524.85
901764,NV405361,2026-07,Moderate,Active,1524.85
901765,NV405365,2026-03,Conservative,Active,1632.11
901765,NV405365,2026-04,Conservative,Active,1632.11
901765,NV405365,2026-05,Conservative,Active,1632.11
901765,NV405365,2026-06,Conservative,Active,1632.11
901765,NV405365,2026-07,Conservative,Active,1632.11
901766,NV405367,2026-03,Moderate,Active,1732.55
901766,NV405367,2026-04,Moderate,Active,1732.55
901766,NV405367,2026-05,Moderate,Active,1732.55
901766,NV405367,2026-06,Moderate,Active,1732.55
901766,NV405367,2026-07,Moderate,Active,1732.55
901767,NV405368,2026-03,Aggressive,Active,1951.57
901767,NV405368,2026-04,Aggressive,Active,1951.57
901767,NV405368,2026-05,Aggressive,Active,1951.57
901767,NV405368,2026-06,Aggressive,Active,1951.57
901767,NV405368,2026-07,Aggressive,Active,1951.57
901768,NV405377,2026-03,Moderate,Active,2982.47
901768,NV405377,2026-04,Moderate,Active,2982.47
901768,NV405377,2026-05,Moderate,Active,2982.47
901768,NV405377,2026-06,Moderate,Active,2982.47
901768,NV405377,2026-07,Moderate,Active,2982.47
901769,NV405379,2026-05,Moderate,Active,1417.47
901769,NV405379,2026-06,Moderate,Active,1417.47
901769,NV405379,2026-07,Moderate,Active,1417.47
901770,NV405380,2026-03,Moderate,Active,1337.74
901770,NV405380,2026-04,Moderate,Active,1337.74
901770,NV405380,2026-05,Moderate,Active,1337.74
901770,NV405380,2026-06,Moderate,Active,1337.74
901770,NV405380,2026-07,Moderate,Active,1337.74
901771,NV405382,2026-03,Moderate,Cancelled,0.0
901772,NV405385,2026-03,Aggressive,Active,8599.28
901772,NV405385,2026-04,Aggressive,Active,8599.28
901772,NV405385,2026-05,Aggressive,Active,8599.28
901772,NV405385,2026-06,Aggressive,Active,8599.28
901772,NV405385,2026-07,Aggressive,Paused,0.0
901773,NV405388,2026-03,Moderate,Active,1429.86
901773,NV405388,2026-04,Moderate,Active,1429.86
901773,NV405388,2026-05,Moderate,Cancelled,0.0
901774,NV405395,2026-03,Moderate,Active,6587.34
901774,NV405395,2026-04,Moderate,Active,6587.34
901774,NV405395,2026-05,Moderate,Active,6587.34
901774,NV405395,2026-06,Moderate,Active,6587.34
901774,NV405395,2026-07,Moderate,Active,6587.34
901775,NV405395,2026-06,Moderate,Active,3275.1
901775,NV405395,2026-07,Moderate,Active,3275.1
901776,NV405397,2026-03,Aggressive,Active,2705.63
901776,NV405397,2026-04,Aggressive,Active,2705.63
901776,NV405397,2026-05,Aggressive,Active,2705.63
901776,NV405397,2026-06,Aggressive,Active,2705.63
901776,NV405397,2026-07,Aggressive,Active,2705.63
901777,NV405399,2026-03,Moderate,Active,1706.49
901777,NV405399,2026-04,Moderate,Active,1706.49
901777,NV405399,2026-05,Moderate,Active,1706.49
901777,NV405399,2026-06,Moderate,Active,1706.49
901777,NV405399,2026-07,Moderate,Active,1706.49
901778,NV405402,2026-04,Aggressive,Active,3060.13
901778,NV405402,2026-05,Aggressive,Active,3060.13
901778,NV405402,2026-06,Aggressive,Active,3060.13
901778,NV405402,2026-07,Aggressive,Active,3060.13
901779,NV405403,2026-07,Aggressive,Active,1179.29
901780,NV405410,2026-03,Moderate,Active,5857.08
901780,NV405410,2026-04,Moderate,Active,5857.08
901780,NV405410,2026-05,Moderate,Active,5857.08
901780,NV405410,2026-06,Moderate,Active,5857.08
901780,NV405410,2026-07,Moderate,Active,5857.08
901781,NV405412,2026-03,Moderate,Active,10531.95
901781,NV405412,2026-04,Moderate,Paused,0.0
901781,NV405412,2026-05,Moderate,Cancelled,0.0
901782,NV405418,2026-03,Moderate,Active,5032.73
901782,NV405418,2026-04,Moderate,Active,5032.73
901782,NV405418,2026-05,Moderate,Active,5032.73
901782,NV405418,2026-06,Moderate,Active,5032.73
901782,NV405418,2026-07,Moderate,Active,5032.73
901783,NV405425,2026-06,Moderate,Active,3513.35
901783,NV405425,2026-07,Moderate,Active,3513.35
901784,NV405434,2026-05,Moderate,Active,828.54
901784,NV405434,2026-06,Moderate,Active,828.54
901784,NV405434,2026-07,Moderate,Active,828.54
901785,NV405441,2026-03,Moderate,Active,2608.91
901785,NV405441,2026-04,Moderate,Active,2608.91
901785,NV405441,2026-05,Moderate,Active,2608.91
901785,NV405441,2026-06,Moderate,Active,2608.91
901785,NV405441,2026-07,Moderate,Active,2608.91
901786,NV405444,2026-03,Moderate,Active,2083.2
901786,NV405444,2026-04,Moderate,Active,2083.2
901786,NV405444,2026-05,Moderate,Active,2083.2
901786,NV405444,2026-06,Moderate,Active,2083.2
901786,NV405444,2026-07,Moderate,Active,2083.2
901787,NV405449,2026-03,Moderate,Active,1547.97
901787,NV405449,2026-04,Moderate,Active,1547.97
901787,NV405449,2026-05,Moderate,Active,1547.97
901787,NV405449,2026-06,Moderate,Active,1547.97
901787,NV405449,2026-07,Moderate,Active,1547.97
901788,NV405451,2026-03,Moderate,Active,3531.78
901788,NV405451,2026-04,Moderate,Active,3531.78
901788,NV405451,2026-05,Moderate,Active,3531.78
901788,NV405451,2026-06,Moderate,Active,3531.78
901788,NV405451,2026-07,Moderate,Active,3531.78
901789,NV405462,2026-03,Conservative,Active,3348.37
901789,NV405462,2026-04,Conservative,Active,3348.37
901789,NV405462,2026-05,Conservative,Active,3348.37
901789,NV405462,2026-06,Conservative,Cancelled,0.0
901790,NV405462,2026-06,Conservative,Active,1867.54
901790,NV405462,2026-07,Conservative,Active,1867.54
901791,NV405464,2026-03,Aggressive,Active,2646.23
901791,NV405464,2026-04,Aggressive,Active,2646.23
901791,NV405464,2026-05,Aggressive,Active,2646.23
901791,NV405464,2026-06,Aggressive,Active,2646.23
901791,NV405464,2026-07,Aggressive,Active,2646.23
901792,NV405467,2026-03,Moderate,Active,2459.49
901792,NV405467,2026-04,Moderate,Active,2459.49
901792,NV405467,2026-05,Moderate,Active,2459.49
901792,NV405467,2026-06,Moderate,Active,2459.49
901792,NV405467,2026-07,Moderate,Active,2459.49
901793,NV405468,2026-03,Aggressive,Active,2684.78
901793,NV405468,2026-04,Aggressive,Active,2684.78
901793,NV405468,2026-05,Aggressive,Active,2684.78
901793,NV405468,2026-06,Aggressive,Active,2684.78
901793,NV405468,2026-07,Aggressive,Active,2684.78
901794,NV405472,2026-03,Aggressive,Active,4141.64
901794,NV405472,2026-04,Aggressive,Active,4141.64
901794,NV405472,2026-05,Aggressive,Active,4141.64
901794,NV405472,2026-06,Aggressive,Active,4141.64
901794,NV405472,2026-07,Aggressive,Active,4141.64
901795,NV405472,2026-04,Aggressive,Active,808.14
901795,NV405472,2026-05,Aggressive,Active,808.14
901795,NV405472,2026-06,Aggressive,Active,808.14
901795,NV405472,2026-07,Aggressive,Cancelled,0.0
901796,NV405475,2026-03,Moderate,Active,7310.11
901796,NV405475,2026-04,Moderate,Active,7310.11
901796,NV405475,2026-05,Moderate,Active,7310.11
901796,NV405475,2026-06,Moderate,Active,7310.11
901796,NV405475,2026-07,Moderate,Active,7310.11
901797,NV405476,2026-05,Aggressive,Active,3429.98
901797,NV405476,2026-06,Aggressive,Active,3429.98
901797,NV405476,2026-07,Aggressive,Active,3429.98
901798,NV405477,2026-07,Conservative,Active,1285.89
901799,NV405479,2026-05,Aggressive,Active,3543.25
901799,NV405479,2026-06,Aggressive,Paused,0.0
901799,NV405479,2026-07,Aggressive,Active,3543.25
901800,NV405485,2026-06,Moderate,Active,1700.41
901800,NV405485,2026-07,Moderate,Active,1700.41
901801,NV405488,2026-03,Moderate,Active,17790.98
901801,NV405488,2026-04,Moderate,Active,17790.98
901801,NV405488,2026-05,Moderate,Active,17790.98
901801,NV405488,2026-06,Moderate,Active,17790.98
901801,NV405488,2026-07,Moderate,Active,17790.98
901802,NV405493,2026-03,Moderate,Active,3507.5
901802,NV405493,2026-04,Moderate,Active,3507.5
901802,NV405493,2026-05,Moderate,Active,3507.5
901802,NV405493,2026-06,Moderate,Active,3507.5
901802,NV405493,2026-07,Moderate,Active,3507.5
901803,NV405497,2026-03,Moderate,Active,13051.73
901803,NV405497,2026-04,Moderate,Active,13051.73
901803,NV405497,2026-05,Moderate,Active,13051.73
901803,NV405497,2026-06,Moderate,Active,13051.73
901803,NV405497,2026-07,Moderate,Active,13051.73
901804,NV405503,2026-03,Conservative,Active,4333.4
901804,NV405503,2026-04,Conservative,Active,4333.4
901804,NV405503,2026-05,Conservative,Active,4333.4
901804,NV405503,2026-06,Conservative,Active,4333.4
901804,NV405503,2026-07,Conservative,Active,4333.4
901805,NV405508,2026-03,Conservative,Active,2486.86
901805,NV405508,2026-04,Conservative,Active,2486.86
901805,NV405508,2026-05,Conservative,Active,2486.86
901805,NV405508,2026-06,Conservative,Active,2486.86
901805,NV405508,2026-07,Conservative,Active,2486.86
901806,NV405509,2026-03,Moderate,Active,6638.41
901806,NV405509,2026-04,Moderate,Active,6638.41
901806,NV405509,2026-05,Moderate,Active,6638.41
901806,NV405509,2026-06,Moderate,Active,6638.41
901806,NV405509,2026-07,Moderate,Active,6638.41
901807,NV405517,2026-03,Aggressive,Active,1102.1
901807,NV405517,2026-04,Aggressive,Active,1102.1
901807,NV405517,2026-05,Aggressive,Active,1102.1
901807,NV405517,2026-06,Aggressive,Active,1102.1
901807,NV405517,2026-07,Aggressive,Active,1102.1
901808,NV405522,2026-03,Aggressive,Active,3068.47
901808,NV405522,2026-04,Aggressive,Active,3068.47
901808,NV405522,2026-05,Aggressive,Active,3068.47
901808,NV405522,2026-06,Aggressive,Active,3068.47
901808,NV405522,2026-07,Aggressive,Active,3068.47
901809,NV405523,2026-03,Moderate,Active,2331.89
901809,NV405523,2026-04,Moderate,Active,2331.89
901809,NV405523,2026-05,Moderate,Active,2331.89
901809,NV405523,2026-06,Moderate,Paused,0.0
901809,NV405523,2026-07,Moderate,Active,2331.89
901810,NV405524,2026-03,Conservative,Active,1572.23
901810,NV405524,2026-04,Conservative,Active,1572.23
901810,NV405524,2026-05,Conservative,Active,1572.23
901810,NV405524,2026-06,Conservative,Active,1572.23
901810,NV405524,2026-07,Conservative,Active,1572.23
901811,NV405526,2026-03,Aggressive,Active,3187.13
901811,NV405526,2026-04,Aggressive,Active,3187.13
901811,NV405526,2026-05,Aggressive,Active,3187.13
901811,NV405526,2026-06,Aggressive,Active,3187.13
901811,NV405526,2026-07,Aggressive,Active,3187.13
901812,NV405526,2026-05,Aggressive,Active,2728.31
901812,NV405526,2026-06,Aggressive,Active,2728.31
901812,NV405526,2026-07,Aggressive,Active,2728.31
901813,NV405527,2026-03,Conservative,Active,3069.19
901813,NV405527,2026-04,Conservative,Active,3069.19
901813,NV405527,2026-05,Conservative,Active,3069.19
901813,NV405527,2026-06,Conservative,Cancelled,0.0
901814,NV405528,2026-03,Conservative,Active,1803.94
901814,NV405528,2026-04,Conservative,Active,1803.94
901814,NV405528,2026-05,Conservative,Active,1803.94
901814,NV405528,2026-06,Conservative,Active,1803.94
901814,NV405528,2026-07,Conservative,Active,1803.94
901815,NV405532,2026-03,Moderate,Active,2275.1
901815,NV405532,2026-04,Moderate,Active,2275.1
901815,NV405532,2026-05,Moderate,Paused,0.0
901815,NV405532,2026-06,Moderate,Active,2275.1
901815,NV405532,2026-07,Moderate,Active,2275.1
901816,NV405534,2026-03,Moderate,Active,4331.17
901816,NV405534,2026-04,Moderate,Active,4331.17
901816,NV405534,2026-05,Moderate,Paused,0.0
901816,NV405534,2026-06,Moderate,Active,4331.17
901816,NV405534,2026-07,Moderate,Active,4331.17
901817,NV405538,2026-03,Conservative,Active,4780.19
901817,NV405538,2026-04,Conservative,Active,4780.19
901817,NV405538,2026-05,Conservative,Active,4780.19
901817,NV405538,2026-06,Conservative,Active,4780.19
901817,NV405538,2026-07,Conservative,Active,4780.19
901818,NV405544,2026-03,Conservative,Active,2513.27
901818,NV405544,2026-04,Conservative,Active,2513.27
901818,NV405544,2026-05,Conservative,Active,2513.27
901818,NV405544,2026-06,Conservative,Active,2513.27
901818,NV405544,2026-07,Conservative,Active,2513.27
901819,NV405544,2026-05,Conservative,Active,4328.34
901819,NV405544,2026-06,Conservative,Active,4328.34
901819,NV405544,2026-07,Conservative,Paused,0.0
901820,NV405547,2026-03,Conservative,Active,2022.2
901820,NV405547,2026-04,Conservative,Active,2022.2
901820,NV405547,2026-05,Conservative,Active,2022.2
901820,NV405547,2026-06,Conservative,Active,2022.2
901820,NV405547,2026-07,Conservative,Active,2022.2
901821,NV405547,2026-06,Conservative,Active,941.12
901821,NV405547,2026-07,Conservative,Active,941.12
901822,NV405549,2026-03,Conservative,Active,1820.84
901822,NV405549,2026-04,Conservative,Active,1820.84
901822,NV405549,2026-05,Conservative,Active,1820.84
901822,NV405549,2026-06,Conservative,Active,1820.84
901822,NV405549,2026-07,Conservative,Active,1820.84
901823,NV405549,2026-04,Conservative,Paused,0.0
901823,NV405549,2026-05,Conservative,Active,749.2
901823,NV405549,2026-06,Conservative,Active,749.2
901823,NV405549,2026-07,Conservative,Active,749.2
901824,NV405551,2026-03,Moderate,Active,5419.72
901824,NV405551,2026-04,Moderate,Active,5419.72
901824,NV405551,2026-05,Moderate,Active,5419.72
901824,NV405551,2026-06,Moderate,Active,5419.72
901824,NV405551,2026-07,Moderate,Active,5419.72
901825,NV405555,2026-04,Aggressive,Active,2437.44
901825,NV405555,2026-05,Aggressive,Active,2437.44
901825,NV405555,2026-06,Aggressive,Active,2437.44
901825,NV405555,2026-07,Aggressive,Cancelled,0.0
901826,NV405556,2026-05,Aggressive,Active,1561.2
901826,NV405556,2026-06,Aggressive,Active,1561.2
901826,NV405556,2026-07,Aggressive,Active,1561.2
901827,NV405558,2026-04,Aggressive,Active,3322.76
901827,NV405558,2026-05,Aggressive,Active,3322.76
901827,NV405558,2026-06,Aggressive,Active,3322.76
901827,NV405558,2026-07,Aggressive,Active,3322.76
901828,NV405563,2026-03,Aggressive,Active,2327.56
901828,NV405563,2026-04,Aggressive,Active,2327.56
901828,NV405563,2026-05,Aggressive,Active,2327.56
901828,NV405563,2026-06,Aggressive,Active,2327.56
901828,NV405563,2026-07,Aggressive,Active,2327.56
901829,NV405574,2026-03,Moderate,Active,4776.98
901829,NV405574,2026-04,Moderate,Active,4776.98
901829,NV405574,2026-05,Moderate,Active,4776.98
901829,NV405574,2026-06,Moderate,Active,4776.98
901829,NV405574,2026-07,Moderate,Active,4776.98
901830,NV405577,2026-03,Conservative,Active,2760.26
901830,NV405577,2026-04,Conservative,Active,2760.26
901830,NV405577,2026-05,Conservative,Cancelled,0.0
901831,NV405582,2026-03,Moderate,Active,1225.29
901831,NV405582,2026-04,Moderate,Active,1225.29
901831,NV405582,2026-05,Moderate,Active,1225.29
901831,NV405582,2026-06,Moderate,Active,1225.29
901831,NV405582,2026-07,Moderate,Active,1225.29
901832,NV405590,2026-03,Moderate,Active,2841.07
901832,NV405590,2026-04,Moderate,Active,2841.07
901832,NV405590,2026-05,Moderate,Active,2841.07
901832,NV405590,2026-06,Moderate,Active,2841.07
901832,NV405590,2026-07,Moderate,Active,2841.07
901833,NV405593,2026-03,Aggressive,Active,1945.8
901833,NV405593,2026-04,Aggressive,Active,1945.8
901833,NV405593,2026-05,Aggressive,Active,1945.8
901833,NV405593,2026-06,Aggressive,Active,1945.8
901833,NV405593,2026-07,Aggressive,Active,1945.8
901834,NV405593,2026-05,Aggressive,Active,2617.4
901834,NV405593,2026-06,Aggressive,Active,2617.4
901834,NV405593,2026-07,Aggressive,Active,2617.4
901835,NV405601,2026-03,Conservative,Active,1956.05
901835,NV405601,2026-04,Conservative,Active,1956.05
901835,NV405601,2026-05,Conservative,Active,1956.05
901835,NV405601,2026-06,Conservative,Active,1956.05
901835,NV405601,2026-07,Conservative,Active,1956.05
901836,NV405602,2026-03,Moderate,Active,2017.74
901836,NV405602,2026-04,Moderate,Active,2017.74
901836,NV405602,2026-05,Moderate,Active,2017.74
901836,NV405602,2026-06,Moderate,Active,2017.74
901836,NV405602,2026-07,Moderate,Active,2017.74
901837,NV405603,2026-03,Moderate,Active,5805.23
901837,NV405603,2026-04,Moderate,Active,5805.23
901837,NV405603,2026-05,Moderate,Paused,0.0
901837,NV405603,2026-06,Moderate,Active,5805.23
901837,NV405603,2026-07,Moderate,Active,5805.23
901838,NV405606,2026-03,Moderate,Active,1475.77
901838,NV405606,2026-04,Moderate,Active,1475.77
901838,NV405606,2026-05,Moderate,Active,1475.77
901838,NV405606,2026-06,Moderate,Active,1475.77
901838,NV405606,2026-07,Moderate,Active,1475.77
901839,NV405606,2026-05,Moderate,Active,1693.97
901839,NV405606,2026-06,Moderate,Active,1693.97
901839,NV405606,2026-07,Moderate,Active,1693.97
901840,NV405611,2026-03,Aggressive,Active,3947.68
901840,NV405611,2026-04,Aggressive,Active,3947.68
901840,NV405611,2026-05,Aggressive,Active,3947.68
901840,NV405611,2026-06,Aggressive,Active,3947.68
901840,NV405611,2026-07,Aggressive,Active,3947.68
901841,NV405617,2026-03,Aggressive,Active,4179.51
901841,NV405617,2026-04,Aggressive,Active,4179.51
901841,NV405617,2026-05,Aggressive,Active,4179.51
901841,NV405617,2026-06,Aggressive,Active,4179.51
901841,NV405617,2026-07,Aggressive,Active,4179.51
901842,NV405618,2026-03,Moderate,Active,1558.77
901842,NV405618,2026-04,Moderate,Active,1558.77
901842,NV405618,2026-05,Moderate,Active,1558.77
901842,NV405618,2026-06,Moderate,Active,1558.77
901842,NV405618,2026-07,Moderate,Active,1558.77
901843,NV405618,2026-07,Moderate,Paused,0.0
901844,NV405619,2026-03,Aggressive,Active,4192.68
901844,NV405619,2026-04,Aggressive,Active,4192.68
901844,NV405619,2026-05,Aggressive,Active,4192.68
901844,NV405619,2026-06,Aggressive,Active,4192.68
901844,NV405619,2026-07,Aggressive,Active,4192.68
901845,NV405624,2026-03,Moderate,Active,2801.67
901845,NV405624,2026-04,Moderate,Active,2801.67
901845,NV405624,2026-05,Moderate,Active,2801.67
901845,NV405624,2026-06,Moderate,Active,2801.67
901845,NV405624,2026-07,Moderate,Active,2801.67
901846,NV405626,2026-03,Aggressive,Active,3358.74
901846,NV405626,2026-04,Aggressive,Active,3358.74
901846,NV405626,2026-05,Aggressive,Active,3358.74
901846,NV405626,2026-06,Aggressive,Paused,0.0
901846,NV405626,2026-07,Aggressive,Active,3358.74
901847,NV405628,2026-03,Aggressive,Active,2830.75
901847,NV405628,2026-04,Aggressive,Active,2830.75
901847,NV405628,2026-05,Aggressive,Active,2830.75
901847,NV405628,2026-06,Aggressive,Active,2830.75
901847,NV405628,2026-07,Aggressive,Active,2830.75
901848,NV405630,2026-04,Moderate,Active,3224.22
901848,NV405630,2026-05,Moderate,Active,3224.22
901848,NV405630,2026-06,Moderate,Active,3224.22
901848,NV405630,2026-07,Moderate,Active,3224.22
901849,NV405630,2026-07,Moderate,Active,4046.81
901850,NV405632,2026-03,Conservative,Active,2804.16
901850,NV405632,2026-04,Conservative,Active,2804.16
901850,NV405632,2026-05,Conservative,Active,2804.16
901850,NV405632,2026-06,Conservative,Active,2804.16
901850,NV405632,2026-07,Conservative,Active,2804.16
901851,NV405637,2026-03,Conservative,Active,2106.92
901851,NV405637,2026-04,Conservative,Paused,0.0
901851,NV405637,2026-05,Conservative,Cancelled,0.0
901852,NV405639,2026-03,Conservative,Active,4136.36
901852,NV405639,2026-04,Conservative,Active,4136.36
901852,NV405639,2026-05,Conservative,Paused,0.0
901852,NV405639,2026-06,Conservative,Active,4136.36
901852,NV405639,2026-07,Conservative,Active,4136.36
901853,NV405640,2026-04,Moderate,Active,2531.67
901853,NV405640,2026-05,Moderate,Active,2531.67
901853,NV405640,2026-06,Moderate,Paused,0.0
901853,NV405640,2026-07,Moderate,Active,2531.67
901854,NV405640,2026-06,Moderate,Active,2276.46
901854,NV405640,2026-07,Moderate,Active,2276.46
901855,NV405644,2026-05,Aggressive,Active,500.0
901855,NV405644,2026-06,Aggressive,Active,500.0
901855,NV405644,2026-07,Aggressive,Active,500.0
901856,NV405645,2026-03,Moderate,Active,7643.49
901856,NV405645,2026-04,Moderate,Active,7643.49
901856,NV405645,2026-05,Moderate,Active,7643.49
901856,NV405645,2026-06,Moderate,Active,7643.49
901856,NV405645,2026-07,Moderate,Active,7643.49
901857,NV405646,2026-03,Conservative,Active,5203.68
901857,NV405646,2026-04,Conservative,Active,5203.68
901857,NV405646,2026-05,Conservative,Active,5203.68
901857,NV405646,2026-06,Conservative,Active,5203.68
901857,NV405646,2026-07,Conservative,Active,5203.68
901858,NV405647,2026-04,Aggressive,Active,2078.61
901858,NV405647,2026-05,Aggressive,Active,2078.61
901858,NV405647,2026-06,Aggressive,Active,2078.61
901858,NV405647,2026-07,Aggressive,Active,2078.61
901859,NV405660,2026-03,Moderate,Active,2019.02
901859,NV405660,2026-04,Moderate,Active,2019.02
901859,NV405660,2026-05,Moderate,Active,2019.02
901859,NV405660,2026-06,Moderate,Active,2019.02
901859,NV405660,2026-07,Moderate,Paused,0.0
901860,NV405661,2026-03,Conservative,Active,1684.8
901860,NV405661,2026-04,Conservative,Active,1684.8
901860,NV405661,2026-05,Conservative,Active,1684.8
901860,NV405661,2026-06,Conservative,Active,1684.8
901860,NV405661,2026-07,Conservative,Active,1684.8
901861,NV405663,2026-03,Conservative,Active,4368.2
901861,NV405663,2026-04,Conservative,Active,4368.2
901861,NV405663,2026-05,Conservative,Active,4368.2
901861,NV405663,2026-06,Conservative,Active,4368.2
901861,NV405663,2026-07,Conservative,Active,4368.2
901862,NV405663,2026-06,Conservative,Active,1093.13
901862,NV405663,2026-07,Conservative,Active,1093.13
901863,NV405672,2026-03,Conservative,Paused,0.0
901863,NV405672,2026-04,Conservative,Active,2087.7
901863,NV405672,2026-05,Conservative,Active,2087.7
901863,NV405672,2026-06,Conservative,Active,2087.7
901863,NV405672,2026-07,Conservative,Active,2087.7
901864,NV405676,2026-03,Aggressive,Active,2083.14
901864,NV405676,2026-04,Aggressive,Active,2083.14
901864,NV405676,2026-05,Aggressive,Active,2083.14
901864,NV405676,2026-06,Aggressive,Active,2083.14
901864,NV405676,2026-07,Aggressive,Active,2083.14
901865,NV405678,2026-03,Moderate,Active,6314.6
901865,NV405678,2026-04,Moderate,Active,6314.6
901865,NV405678,2026-05,Moderate,Active,6314.6
901865,NV405678,2026-06,Moderate,Active,6314.6
901865,NV405678,2026-07,Moderate,Active,6314.6
901866,NV405691,2026-03,Moderate,Active,2608.35
901866,NV405691,2026-04,Moderate,Active,2608.35
901866,NV405691,2026-05,Moderate,Active,2608.35
901866,NV405691,2026-06,Moderate,Active,2608.35
901866,NV405691,2026-07,Moderate,Active,2608.35
901867,NV405696,2026-03,Moderate,Active,4085.84
901867,NV405696,2026-04,Moderate,Active,4085.84
901867,NV405696,2026-05,Moderate,Active,4085.84
901867,NV405696,2026-06,Moderate,Active,4085.84
901867,NV405696,2026-07,Moderate,Active,4085.84
901868,NV405702,2026-03,Aggressive,Cancelled,0.0
901869,NV405703,2026-03,Moderate,Paused,0.0
901869,NV405703,2026-04,Moderate,Cancelled,0.0
901870,NV405705,2026-03,Moderate,Active,1824.52
901870,NV405705,2026-04,Moderate,Active,1824.52
901870,NV405705,2026-05,Moderate,Active,1824.52
901870,NV405705,2026-06,Moderate,Active,1824.52
901870,NV405705,2026-07,Moderate,Active,1824.52
901871,NV405710,2026-03,Moderate,Active,2092.37
901871,NV405710,2026-04,Moderate,Active,2092.37
901871,NV405710,2026-05,Moderate,Active,2092.37
901871,NV405710,2026-06,Moderate,Cancelled,0.0
901872,NV405715,2026-03,Aggressive,Active,9628.83
901872,NV405715,2026-04,Aggressive,Active,9628.83
901872,NV405715,2026-05,Aggressive,Active,9628.83
901872,NV405715,2026-06,Aggressive,Active,9628.83
901872,NV405715,2026-07,Aggressive,Active,9628.83
901873,NV405721,2026-03,Moderate,Active,2928.72
901873,NV405721,2026-04,Moderate,Active,2928.72
901873,NV405721,2026-05,Moderate,Active,2928.72
901873,NV405721,2026-06,Moderate,Active,2928.72
901873,NV405721,2026-07,Moderate,Active,2928.72
901874,NV405722,2026-03,Aggressive,Active,2395.34
901874,NV405722,2026-04,Aggressive,Active,2395.34
901874,NV405722,2026-05,Aggressive,Active,2395.34
901874,NV405722,2026-06,Aggressive,Active,2395.34
901874,NV405722,2026-07,Aggressive,Active,2395.34
901875,NV405722,2026-04,Aggressive,Paused,0.0
901875,NV405722,2026-05,Aggressive,Active,3879.09
901875,NV405722,2026-06,Aggressive,Active,3879.09
901875,NV405722,2026-07,Aggressive,Active,3879.09
901876,NV405723,2026-03,Aggressive,Active,5200.08
901876,NV405723,2026-04,Aggressive,Active,5200.08
901876,NV405723,2026-05,Aggressive,Active,5200.08
901876,NV405723,2026-06,Aggressive,Active,5200.08
901876,NV405723,2026-07,Aggressive,Active,5200.08
901877,NV405725,2026-03,Moderate,Active,712.74
901877,NV405725,2026-04,Moderate,Cancelled,0.0
901878,NV405725,2026-06,Moderate,Active,1463.29
901878,NV405725,2026-07,Moderate,Active,1463.29
901879,NV405726,2026-03,Moderate,Active,2338.41
901879,NV405726,2026-04,Moderate,Active,2338.41
901879,NV405726,2026-05,Moderate,Active,2338.41
901879,NV405726,2026-06,Moderate,Active,2338.41
901879,NV405726,2026-07,Moderate,Active,2338.41
901880,NV405726,2026-04,Moderate,Active,2626.12
901880,NV405726,2026-05,Moderate,Active,2626.12
901880,NV405726,2026-06,Moderate,Active,2626.12
901880,NV405726,2026-07,Moderate,Active,2626.12
901881,NV405728,2026-03,Moderate,Active,3077.19
901881,NV405728,2026-04,Moderate,Active,3077.19
901881,NV405728,2026-05,Moderate,Active,3077.19
901881,NV405728,2026-06,Moderate,Active,3077.19
901881,NV405728,2026-07,Moderate,Active,3077.19
901882,NV405731,2026-03,Moderate,Active,2468.87
901882,NV405731,2026-04,Moderate,Active,2468.87
901882,NV405731,2026-05,Moderate,Active,2468.87
901882,NV405731,2026-06,Moderate,Active,2468.87
901882,NV405731,2026-07,Moderate,Active,2468.87
901883,NV405732,2026-03,Conservative,Active,2000.98
901883,NV405732,2026-04,Conservative,Active,2000.98
901883,NV405732,2026-05,Conservative,Paused,0.0
901883,NV405732,2026-06,Conservative,Active,2000.98
901883,NV405732,2026-07,Conservative,Active,2000.98
901884,NV405735,2026-03,Aggressive,Active,4531.57
901884,NV405735,2026-04,Aggressive,Active,4531.57
901884,NV405735,2026-05,Aggressive,Active,4531.57
901884,NV405735,2026-06,Aggressive,Active,4531.57
901884,NV405735,2026-07,Aggressive,Active,4531.57
901885,NV405736,2026-03,Aggressive,Active,4043.4
901885,NV405736,2026-04,Aggressive,Active,4043.4
901885,NV405736,2026-05,Aggressive,Active,4043.4
901885,NV405736,2026-06,Aggressive,Active,4043.4
901885,NV405736,2026-07,Aggressive,Active,4043.4
901886,NV405740,2026-06,Aggressive,Active,2622.59
901886,NV405740,2026-07,Aggressive,Active,2622.59
901887,NV405742,2026-03,Aggressive,Active,2354.28
901887,NV405742,2026-04,Aggressive,Active,2354.28
901887,NV405742,2026-05,Aggressive,Active,2354.28
901887,NV405742,2026-06,Aggressive,Active,2354.28
901887,NV405742,2026-07,Aggressive,Active,2354.28
901888,NV405755,2026-05,Aggressive,Active,2947.6
901888,NV405755,2026-06,Aggressive,Active,2947.6
901888,NV405755,2026-07,Aggressive,Active,2947.6
901889,NV405756,2026-03,Aggressive,Active,889.45
901889,NV405756,2026-04,Aggressive,Active,889.45
901889,NV405756,2026-05,Aggressive,Active,889.45
901889,NV405756,2026-06,Aggressive,Active,889.45
901889,NV405756,2026-07,Aggressive,Active,889.45
901890,NV405758,2026-03,Aggressive,Active,4249.62
901890,NV405758,2026-04,Aggressive,Active,4249.62
901890,NV405758,2026-05,Aggressive,Active,4249.62
901890,NV405758,2026-06,Aggressive,Active,4249.62
901890,NV405758,2026-07,Aggressive,Active,4249.62
901891,NV405759,2026-03,Conservative,Active,2613.03
901891,NV405759,2026-04,Conservative,Active,2613.03
901891,NV405759,2026-05,Conservative,Paused,0.0
901891,NV405759,2026-06,Conservative,Active,2613.03
901891,NV405759,2026-07,Conservative,Cancelled,0.0
901892,NV405772,2026-03,Moderate,Active,2586.83
901892,NV405772,2026-04,Moderate,Active,2586.83
901892,NV405772,2026-05,Moderate,Active,2586.83
901892,NV405772,2026-06,Moderate,Active,2586.83
901892,NV405772,2026-07,Moderate,Active,2586.83
901893,NV405773,2026-04,Conservative,Active,2224.19
901893,NV405773,2026-05,Conservative,Active,2224.19
901893,NV405773,2026-06,Conservative,Active,2224.19
901893,NV405773,2026-07,Conservative,Active,2224.19
901894,NV405773,2026-07,Conservative,Active,1503.62
901895,NV405775,2026-03,Moderate,Active,4853.31
901895,NV405775,2026-04,Moderate,Active,4853.31
901895,NV405775,2026-05,Moderate,Active,4853.31
901895,NV405775,2026-06,Moderate,Active,4853.31
901895,NV405775,2026-07,Moderate,Active,4853.31
901896,NV405776,2026-03,Conservative,Active,1915.36
901896,NV405776,2026-04,Conservative,Active,1915.36
901896,NV405776,2026-05,Conservative,Cancelled,0.0
901897,NV405782,2026-03,Moderate,Active,2579.39
901897,NV405782,2026-04,Moderate,Active,2579.39
901897,NV405782,2026-05,Moderate,Active,2579.39
901897,NV405782,2026-06,Moderate,Paused,0.0
901897,NV405782,2026-07,Moderate,Cancelled,0.0
901898,NV405783,2026-05,Moderate,Active,2871.37
901898,NV405783,2026-06,Moderate,Active,2871.37
901898,NV405783,2026-07,Moderate,Active,2871.37
901899,NV405786,2026-03,Aggressive,Active,15333.21
901899,NV405786,2026-04,Aggressive,Active,15333.21
901899,NV405786,2026-05,Aggressive,Active,15333.21
901899,NV405786,2026-06,Aggressive,Cancelled,0.0
901900,NV405791,2026-03,Conservative,Active,5744.06
901900,NV405791,2026-04,Conservative,Active,5744.06
901900,NV405791,2026-05,Conservative,Active,5744.06
901900,NV405791,2026-06,Conservative,Active,5744.06
901900,NV405791,2026-07,Conservative,Active,5744.06
901901,NV405793,2026-03,Moderate,Active,5181.1
901901,NV405793,2026-04,Moderate,Active,5181.1
901901,NV405793,2026-05,Moderate,Active,5181.1
901901,NV405793,2026-06,Moderate,Paused,0.0
901901,NV405793,2026-07,Moderate,Active,5181.1
901902,NV405795,2026-03,Moderate,Active,2404.93
901902,NV405795,2026-04,Moderate,Active,2404.93
901902,NV405795,2026-05,Moderate,Active,2404.93
901902,NV405795,2026-06,Moderate,Paused,0.0
901902,NV405795,2026-07,Moderate,Active,2404.93
901903,NV405798,2026-03,Moderate,Active,2144.43
901903,NV405798,2026-04,Moderate,Active,2144.43
901903,NV405798,2026-05,Moderate,Active,2144.43
901903,NV405798,2026-06,Moderate,Paused,0.0
901903,NV405798,2026-07,Moderate,Active,2144.43
901904,NV405801,2026-03,Moderate,Active,2058.72
901904,NV405801,2026-04,Moderate,Active,2058.72
901904,NV405801,2026-05,Moderate,Active,2058.72
901904,NV405801,2026-06,Moderate,Active,2058.72
901904,NV405801,2026-07,Moderate,Active,2058.72
901905,NV405802,2026-03,Moderate,Active,1649.69
901905,NV405802,2026-04,Moderate,Active,1649.69
901905,NV405802,2026-05,Moderate,Active,1649.69
901905,NV405802,2026-06,Moderate,Active,1649.69
901905,NV405802,2026-07,Moderate,Active,1649.69
901906,NV405803,2026-03,Moderate,Active,4511.22
901906,NV405803,2026-04,Moderate,Active,4511.22
901906,NV405803,2026-05,Moderate,Active,4511.22
901906,NV405803,2026-06,Moderate,Active,4511.22
901906,NV405803,2026-07,Moderate,Active,4511.22
901907,NV405804,2026-03,Conservative,Active,6024.3
901907,NV405804,2026-04,Conservative,Active,6024.3
901907,NV405804,2026-05,Conservative,Cancelled,0.0
901908,NV405807,2026-03,Aggressive,Active,4581.73
901908,NV405807,2026-04,Aggressive,Active,4581.73
901908,NV405807,2026-05,Aggressive,Active,4581.73
901908,NV405807,2026-06,Aggressive,Active,4581.73
901908,NV405807,2026-07,Aggressive,Active,4581.73
901909,NV405811,2026-03,Aggressive,Active,2189.52
901909,NV405811,2026-04,Aggressive,Active,2189.52
901909,NV405811,2026-05,Aggressive,Active,2189.52
901909,NV405811,2026-06,Aggressive,Active,2189.52
901909,NV405811,2026-07,Aggressive,Active,2189.52
901910,NV405812,2026-03,Conservative,Active,3671.45
901910,NV405812,2026-04,Conservative,Active,3671.45
901910,NV405812,2026-05,Conservative,Active,3671.45
901910,NV405812,2026-06,Conservative,Active,3671.45
901910,NV405812,2026-07,Conservative,Active,3671.45
901911,NV405817,2026-03,Aggressive,Active,5753.31
901911,NV405817,2026-04,Aggressive,Active,5753.31
901911,NV405817,2026-05,Aggressive,Active,5753.31
901911,NV405817,2026-06,Aggressive,Active,5753.31
901911,NV405817,2026-07,Aggressive,Active,5753.31
901912,NV405821,2026-03,Conservative,Active,4367.29
901912,NV405821,2026-04,Conservative,Active,4367.29
901912,NV405821,2026-05,Conservative,Cancelled,0.0
901913,NV405821,2026-06,Conservative,Active,2390.29
901913,NV405821,2026-07,Conservative,Active,2390.29
901914,NV405823,2026-03,Moderate,Active,3502.71
901914,NV405823,2026-04,Moderate,Active,3502.71
901914,NV405823,2026-05,Moderate,Active,3502.71
901914,NV405823,2026-06,Moderate,Active,3502.71
901914,NV405823,2026-07,Moderate,Active,3502.71
901915,NV405831,2026-03,Conservative,Active,2221.32
901915,NV405831,2026-04,Conservative,Active,2221.32
901915,NV405831,2026-05,Conservative,Active,2221.32
901915,NV405831,2026-06,Conservative,Active,2221.32
901915,NV405831,2026-07,Conservative,Active,2221.32
901916,NV405831,2026-04,Conservative,Active,4826.49
901916,NV405831,2026-05,Conservative,Cancelled,0.0
901917,NV405842,2026-03,Moderate,Active,2429.88
901917,NV405842,2026-04,Moderate,Cancelled,0.0
901918,NV405846,2026-03,Aggressive,Active,1714.77
901918,NV405846,2026-04,Aggressive,Active,1714.77
901918,NV405846,2026-05,Aggressive,Active,1714.77
901918,NV405846,2026-06,Aggressive,Active,1714.77
901918,NV405846,2026-07,Aggressive,Active,1714.77
901919,NV405846,2026-04,Aggressive,Active,5316.25
901919,NV405846,2026-05,Aggressive,Active,5316.25
901919,NV405846,2026-06,Aggressive,Active,5316.25
901919,NV405846,2026-07,Aggressive,Active,5316.25
901920,NV405847,2026-03,Moderate,Active,2199.95
901920,NV405847,2026-04,Moderate,Active,2199.95
901920,NV405847,2026-05,Moderate,Active,2199.95
901920,NV405847,2026-06,Moderate,Active,2199.95
901920,NV405847,2026-07,Moderate,Active,2199.95
901921,NV405847,2026-05,Moderate,Active,2089.8
901921,NV405847,2026-06,Moderate,Cancelled,0.0
901922,NV405868,2026-03,Moderate,Active,2393.29
901922,NV405868,2026-04,Moderate,Active,2393.29
901922,NV405868,2026-05,Moderate,Active,2393.29
901922,NV405868,2026-06,Moderate,Active,2393.29
901922,NV405868,2026-07,Moderate,Active,2393.29
901923,NV405874,2026-03,Aggressive,Active,1298.32
901923,NV405874,2026-04,Aggressive,Active,1298.32
901923,NV405874,2026-05,Aggressive,Active,1298.32
901923,NV405874,2026-06,Aggressive,Active,1298.32
901923,NV405874,2026-07,Aggressive,Active,1298.32
901924,NV405875,2026-03,Moderate,Active,3046.34
901924,NV405875,2026-04,Moderate,Active,3046.34
901924,NV405875,2026-05,Moderate,Active,3046.34
901924,NV405875,2026-06,Moderate,Active,3046.34
901924,NV405875,2026-07,Moderate,Active,3046.34
901925,NV405875,2026-04,Moderate,Active,4035.37
901925,NV405875,2026-05,Moderate,Active,4035.37
901925,NV405875,2026-06,Moderate,Paused,0.0
901925,NV405875,2026-07,Moderate,Active,4035.37
901926,NV405881,2026-03,Conservative,Active,2454.06
901926,NV405881,2026-04,Conservative,Active,2454.06
901926,NV405881,2026-05,Conservative,Paused,0.0
901926,NV405881,2026-06,Conservative,Active,2454.06
901926,NV405881,2026-07,Conservative,Active,2454.06
901927,NV405885,2026-03,Moderate,Active,2525.83
901927,NV405885,2026-04,Moderate,Active,2525.83
901927,NV405885,2026-05,Moderate,Active,2525.83
901927,NV405885,2026-06,Moderate,Active,2525.83
901927,NV405885,2026-07,Moderate,Active,2525.83
901928,NV405885,2026-05,Moderate,Active,4269.99
901928,NV405885,2026-06,Moderate,Paused,0.0
901928,NV405885,2026-07,Moderate,Cancelled,0.0
901929,NV405887,2026-03,Conservative,Active,1740.38
901929,NV405887,2026-04,Conservative,Active,1740.38
901929,NV405887,2026-05,Conservative,Active,1740.38
901929,NV405887,2026-06,Conservative,Active,1740.38
901929,NV405887,2026-07,Conservative,Active,1740.38
901930,NV405888,2026-03,Conservative,Active,6697.47
901930,NV405888,2026-04,Conservative,Active,6697.47
901930,NV405888,2026-05,Conservative,Active,6697.47
901930,NV405888,2026-06,Conservative,Active,6697.47
901930,NV405888,2026-07,Conservative,Active,6697.47
901931,NV405889,2026-03,Moderate,Active,5597.02
901931,NV405889,2026-04,Moderate,Active,5597.02
901931,NV405889,2026-05,Moderate,Active,5597.02
901931,NV405889,2026-06,Moderate,Active,5597.02
901931,NV405889,2026-07,Moderate,Active,5597.02
901932,NV405892,2026-03,Moderate,Active,3310.63
901932,NV405892,2026-04,Moderate,Active,3310.63
901932,NV405892,2026-05,Moderate,Active,3310.63
901932,NV405892,2026-06,Moderate,Active,3310.63
901932,NV405892,2026-07,Moderate,Active,3310.63
901933,NV405895,2026-03,Aggressive,Active,2968.48
901933,NV405895,2026-04,Aggressive,Active,2968.48
901933,NV405895,2026-05,Aggressive,Active,2968.48
901933,NV405895,2026-06,Aggressive,Active,2968.48
901933,NV405895,2026-07,Aggressive,Active,2968.48
901934,NV405895,2026-04,Aggressive,Active,1514.23
901934,NV405895,2026-05,Aggressive,Active,1514.23
901934,NV405895,2026-06,Aggressive,Active,1514.23
901934,NV405895,2026-07,Aggressive,Active,1514.23
901935,NV405903,2026-03,Aggressive,Active,5202.37
901935,NV405903,2026-04,Aggressive,Active,5202.37
901935,NV405903,2026-05,Aggressive,Active,5202.37
901935,NV405903,2026-06,Aggressive,Active,5202.37
901935,NV405903,2026-07,Aggressive,Active,5202.37
901936,NV405908,2026-03,Conservative,Active,2130.15
901936,NV405908,2026-04,Conservative,Active,2130.15
901936,NV405908,2026-05,Conservative,Paused,0.0
901936,NV405908,2026-06,Conservative,Active,2130.15
901936,NV405908,2026-07,Conservative,Active,2130.15
901937,NV405908,2026-06,Conservative,Active,2006.73
901937,NV405908,2026-07,Conservative,Active,2006.73
901938,NV405911,2026-03,Moderate,Active,1002.14
901938,NV405911,2026-04,Moderate,Active,1002.14
901938,NV405911,2026-05,Moderate,Active,1002.14
901938,NV405911,2026-06,Moderate,Active,1002.14
901938,NV405911,2026-07,Moderate,Active,1002.14
901939,NV405914,2026-03,Conservative,Active,2341.06
901939,NV405914,2026-04,Conservative,Active,2341.06
901939,NV405914,2026-05,Conservative,Active,2341.06
901939,NV405914,2026-06,Conservative,Active,2341.06
901939,NV405914,2026-07,Conservative,Active,2341.06
901940,NV405914,2026-04,Conservative,Active,3623.72
901940,NV405914,2026-05,Conservative,Paused,0.0
901940,NV405914,2026-06,Conservative,Paused,0.0
901940,NV405914,2026-07,Conservative,Active,3623.72
901941,NV405916,2026-05,Conservative,Active,2175.86
901941,NV405916,2026-06,Conservative,Cancelled,0.0
901942,NV405917,2026-03,Conservative,Active,1678.09
901942,NV405917,2026-04,Conservative,Active,1678.09
901942,NV405917,2026-05,Conservative,Active,1678.09
901942,NV405917,2026-06,Conservative,Active,1678.09
901942,NV405917,2026-07,Conservative,Active,1678.09
901943,NV405921,2026-03,Aggressive,Active,1711.71
901943,NV405921,2026-04,Aggressive,Active,1711.71
901943,NV405921,2026-05,Aggressive,Active,1711.71
901943,NV405921,2026-06,Aggressive,Active,1711.71
901943,NV405921,2026-07,Aggressive,Active,1711.71
901944,NV405923,2026-03,Aggressive,Active,6648.0
901944,NV405923,2026-04,Aggressive,Active,6648.0
901944,NV405923,2026-05,Aggressive,Active,6648.0
901944,NV405923,2026-06,Aggressive,Active,6648.0
901944,NV405923,2026-07,Aggressive,Active,6648.0
901945,NV405923,2026-04,Aggressive,Active,2864.31
901945,NV405923,2026-05,Aggressive,Active,2864.31
901945,NV405923,2026-06,Aggressive,Active,2864.31
901945,NV405923,2026-07,Aggressive,Active,2864.31
901946,NV405926,2026-03,Aggressive,Paused,0.0
901946,NV405926,2026-04,Aggressive,Active,1628.85
901946,NV405926,2026-05,Aggressive,Active,1628.85
901946,NV405926,2026-06,Aggressive,Active,1628.85
901946,NV405926,2026-07,Aggressive,Active,1628.85
901947,NV405927,2026-03,Moderate,Active,4346.88
901947,NV405927,2026-04,Moderate,Active,4346.88
901947,NV405927,2026-05,Moderate,Active,4346.88
901947,NV405927,2026-06,Moderate,Active,4346.88
901947,NV405927,2026-07,Moderate,Active,4346.88
901948,NV405934,2026-05,Moderate,Active,1316.71
901948,NV405934,2026-06,Moderate,Active,1316.71
901948,NV405934,2026-07,Moderate,Active,1316.71
901949,NV405935,2026-05,Conservative,Active,963.39
901949,NV405935,2026-06,Conservative,Cancelled,0.0
901950,NV405944,2026-03,Moderate,Active,3372.24
901950,NV405944,2026-04,Moderate,Active,3372.24
901950,NV405944,2026-05,Moderate,Active,3372.24
901950,NV405944,2026-06,Moderate,Active,3372.24
901950,NV405944,2026-07,Moderate,Active,3372.24
901951,NV405947,2026-03,Moderate,Active,3184.41
901951,NV405947,2026-04,Moderate,Active,3184.41
901951,NV405947,2026-05,Moderate,Active,3184.41
901951,NV405947,2026-06,Moderate,Paused,0.0
901951,NV405947,2026-07,Moderate,Active,3184.41
901952,NV405950,2026-03,Moderate,Active,3401.12
901952,NV405950,2026-04,Moderate,Active,3401.12
901952,NV405950,2026-05,Moderate,Active,3401.12
901952,NV405950,2026-06,Moderate,Active,3401.12
901952,NV405950,2026-07,Moderate,Active,3401.12
901953,NV405953,2026-04,Moderate,Active,828.92
901953,NV405953,2026-05,Moderate,Active,828.92
901953,NV405953,2026-06,Moderate,Active,828.92
901953,NV405953,2026-07,Moderate,Active,828.92
901954,NV405964,2026-03,Moderate,Cancelled,0.0
901955,NV405969,2026-03,Conservative,Active,6052.31
901955,NV405969,2026-04,Conservative,Active,6052.31
901955,NV405969,2026-05,Conservative,Cancelled,0.0
901956,NV405970,2026-03,Moderate,Active,3883.39
901956,NV405970,2026-04,Moderate,Active,3883.39
901956,NV405970,2026-05,Moderate,Active,3883.39
901956,NV405970,2026-06,Moderate,Active,3883.39
901956,NV405970,2026-07,Moderate,Active,3883.39
901957,NV405972,2026-03,Moderate,Active,1578.78
901957,NV405972,2026-04,Moderate,Active,1578.78
901957,NV405972,2026-05,Moderate,Active,1578.78
901957,NV405972,2026-06,Moderate,Active,1578.78
901957,NV405972,2026-07,Moderate,Active,1578.78
901958,NV405972,2026-06,Moderate,Active,2137.04
901958,NV405972,2026-07,Moderate,Active,2137.04
901959,NV405974,2026-04,Moderate,Active,2655.47
901959,NV405974,2026-05,Moderate,Cancelled,0.0
901960,NV405975,2026-03,Aggressive,Active,5667.05
901960,NV405975,2026-04,Aggressive,Active,5667.05
901960,NV405975,2026-05,Aggressive,Active,5667.05
901960,NV405975,2026-06,Aggressive,Active,5667.05
901960,NV405975,2026-07,Aggressive,Active,5667.05
901961,NV405976,2026-03,Moderate,Active,673.14
901961,NV405976,2026-04,Moderate,Active,673.14
901961,NV405976,2026-05,Moderate,Active,673.14
901961,NV405976,2026-06,Moderate,Active,673.14
901961,NV405976,2026-07,Moderate,Active,673.14
901962,NV405980,2026-03,Aggressive,Active,3180.43
901962,NV405980,2026-04,Aggressive,Cancelled,0.0
901963,NV405981,2026-03,Conservative,Active,3658.43
901963,NV405981,2026-04,Conservative,Active,3658.43
901963,NV405981,2026-05,Conservative,Active,3658.43
901963,NV405981,2026-06,Conservative,Active,3658.43
901963,NV405981,2026-07,Conservative,Active,3658.43
901964,NV405982,2026-03,Conservative,Cancelled,0.0
901965,NV405989,2026-03,Conservative,Active,3050.06
901965,NV405989,2026-04,Conservative,Active,3050.06
901965,NV405989,2026-05,Conservative,Active,3050.06
901965,NV405989,2026-06,Conservative,Active,3050.06
901965,NV405989,2026-07,Conservative,Active,3050.06
901966,NV406002,2026-03,Aggressive,Active,2945.3
901966,NV406002,2026-04,Aggressive,Active,2945.3
901966,NV406002,2026-05,Aggressive,Active,2945.3
901966,NV406002,2026-06,Aggressive,Active,2945.3
901966,NV406002,2026-07,Aggressive,Active,2945.3
901967,NV406003,2026-03,Moderate,Active,2846.16
901967,NV406003,2026-04,Moderate,Active,2846.16
901967,NV406003,2026-05,Moderate,Active,2846.16
901967,NV406003,2026-06,Moderate,Active,2846.16
901967,NV406003,2026-07,Moderate,Active,2846.16
901968,NV406014,2026-03,Conservative,Active,2218.66
901968,NV406014,2026-04,Conservative,Active,2218.66
901968,NV406014,2026-05,Conservative,Paused,0.0
901968,NV406014,2026-06,Conservative,Active,2218.66
901968,NV406014,2026-07,Conservative,Active,2218.66
901969,NV406019,2026-03,Conservative,Active,3073.74
901969,NV406019,2026-04,Conservative,Active,3073.74
901969,NV406019,2026-05,Conservative,Paused,0.0
901969,NV406019,2026-06,Conservative,Active,3073.74
901969,NV406019,2026-07,Conservative,Paused,0.0
901970,NV406020,2026-06,Aggressive,Active,4482.11
901970,NV406020,2026-07,Aggressive,Active,4482.11
901971,NV406022,2026-03,Moderate,Active,1424.18
901971,NV406022,2026-04,Moderate,Active,1424.18
901971,NV406022,2026-05,Moderate,Active,1424.18
901971,NV406022,2026-06,Moderate,Active,1424.18
901971,NV406022,2026-07,Moderate,Active,1424.18
901972,NV406023,2026-03,Aggressive,Active,4300.0
901972,NV406023,2026-04,Aggressive,Active,4300.0
901972,NV406023,2026-05,Aggressive,Active,4300.0
901972,NV406023,2026-06,Aggressive,Active,4300.0
901972,NV406023,2026-07,Aggressive,Active,4300.0
901973,NV406027,2026-03,Conservative,Active,2203.06
901973,NV406027,2026-04,Conservative,Paused,0.0
901973,NV406027,2026-05,Conservative,Cancelled,0.0
901974,NV406028,2026-03,Moderate,Active,1315.83
901974,NV406028,2026-04,Moderate,Active,1315.83
901974,NV406028,2026-05,Moderate,Cancelled,0.0
901975,NV406038,2026-04,Moderate,Active,5271.7
901975,NV406038,2026-05,Moderate,Active,5271.7
901975,NV406038,2026-06,Moderate,Active,5271.7
901975,NV406038,2026-07,Moderate,Active,5271.7
901976,NV406040,2026-04,Moderate,Active,3439.59
901976,NV406040,2026-05,Moderate,Active,3439.59
901976,NV406040,2026-06,Moderate,Active,3439.59
901976,NV406040,2026-07,Moderate,Active,3439.59
901977,NV406046,2026-04,Moderate,Active,3120.48
901977,NV406046,2026-05,Moderate,Active,3120.48
901977,NV406046,2026-06,Moderate,Active,3120.48
901977,NV406046,2026-07,Moderate,Active,3120.48
901978,NV406048,2026-04,Moderate,Active,2028.04
901978,NV406048,2026-05,Moderate,Active,2028.04
901978,NV406048,2026-06,Moderate,Active,2028.04
901978,NV406048,2026-07,Moderate,Active,2028.04
901979,NV406049,2026-04,Aggressive,Active,4521.23
901979,NV406049,2026-05,Aggressive,Active,4521.23
901979,NV406049,2026-06,Aggressive,Active,4521.23
901979,NV406049,2026-07,Aggressive,Active,4521.23
901980,NV406054,2026-05,Moderate,Paused,0.0
901980,NV406054,2026-06,Moderate,Active,1483.75
901980,NV406054,2026-07,Moderate,Active,1483.75
901981,NV406054,2026-06,Moderate,Active,7418.98
901981,NV406054,2026-07,Moderate,Active,7418.98
901982,NV406060,2026-05,Moderate,Paused,0.0
901982,NV406060,2026-06,Moderate,Active,3737.34
901982,NV406060,2026-07,Moderate,Active,3737.34
901983,NV406064,2026-04,Aggressive,Active,5241.31
901983,NV406064,2026-05,Aggressive,Active,5241.31
901983,NV406064,2026-06,Aggressive,Active,5241.31
901983,NV406064,2026-07,Aggressive,Active,5241.31
901984,NV406065,2026-04,Moderate,Active,3043.96
901984,NV406065,2026-05,Moderate,Active,3043.96
901984,NV406065,2026-06,Moderate,Active,3043.96
901984,NV406065,2026-07,Moderate,Active,3043.96
901985,NV406074,2026-06,Aggressive,Active,5818.39
901985,NV406074,2026-07,Aggressive,Active,5818.39
901986,NV406075,2026-04,Moderate,Active,2150.69
901986,NV406075,2026-05,Moderate,Paused,0.0
901986,NV406075,2026-06,Moderate,Paused,0.0
901986,NV406075,2026-07,Moderate,Active,2150.69
901987,NV406078,2026-04,Conservative,Active,2733.75
901987,NV406078,2026-05,Conservative,Active,2733.75
901987,NV406078,2026-06,Conservative,Active,2733.75
901987,NV406078,2026-07,Conservative,Active,2733.75
901988,NV406080,2026-04,Aggressive,Active,8469.82
901988,NV406080,2026-05,Aggressive,Active,8469.82
901988,NV406080,2026-06,Aggressive,Active,8469.82
901988,NV406080,2026-07,Aggressive,Active,8469.82
901989,NV406081,2026-05,Aggressive,Active,999.97
901989,NV406081,2026-06,Aggressive,Active,999.97
901989,NV406081,2026-07,Aggressive,Active,999.97
901990,NV406088,2026-04,Aggressive,Active,2391.74
901990,NV406088,2026-05,Aggressive,Active,2391.74
901990,NV406088,2026-06,Aggressive,Active,2391.74
901990,NV406088,2026-07,Aggressive,Active,2391.74
901991,NV406088,2026-05,Aggressive,Active,2161.26
901991,NV406088,2026-06,Aggressive,Active,2161.26
901991,NV406088,2026-07,Aggressive,Cancelled,0.0
901992,NV406091,2026-04,Aggressive,Active,2521.69
901992,NV406091,2026-05,Aggressive,Paused,0.0
901992,NV406091,2026-06,Aggressive,Cancelled,0.0
901993,NV406092,2026-04,Moderate,Active,2733.84
901993,NV406092,2026-05,Moderate,Active,2733.84
901993,NV406092,2026-06,Moderate,Cancelled,0.0
901994,NV406094,2026-04,Moderate,Active,7365.7
901994,NV406094,2026-05,Moderate,Active,7365.7
901994,NV406094,2026-06,Moderate,Active,7365.7
901994,NV406094,2026-07,Moderate,Active,7365.7
901995,NV406099,2026-04,Moderate,Active,3240.08
901995,NV406099,2026-05,Moderate,Paused,0.0
901995,NV406099,2026-06,Moderate,Active,3240.08
901995,NV406099,2026-07,Moderate,Active,3240.08
901996,NV406102,2026-04,Conservative,Active,2056.53
901996,NV406102,2026-05,Conservative,Paused,0.0
901996,NV406102,2026-06,Conservative,Paused,0.0
901996,NV406102,2026-07,Conservative,Active,2056.53
901997,NV406102,2026-06,Conservative,Active,5064.87
901997,NV406102,2026-07,Conservative,Active,5064.87
901998,NV406103,2026-04,Moderate,Active,1273.63
901998,NV406103,2026-05,Moderate,Active,1273.63
901998,NV406103,2026-06,Moderate,Active,1273.63
901998,NV406103,2026-07,Moderate,Active,1273.63
901999,NV406105,2026-04,Moderate,Active,3075.02
901999,NV406105,2026-05,Moderate,Active,3075.02
901999,NV406105,2026-06,Moderate,Active,3075.02
901999,NV406105,2026-07,Moderate,Active,3075.02
902000,NV406105,2026-06,Moderate,Active,1831.52
902000,NV406105,2026-07,Moderate,Active,1831.52
902001,NV406106,2026-04,Moderate,Active,6073.08
902001,NV406106,2026-05,Moderate,Active,6073.08
902001,NV406106,2026-06,Moderate,Active,6073.08
902001,NV406106,2026-07,Moderate,Active,6073.08
902002,NV406106,2026-04,Moderate,Active,2238.48
902002,NV406106,2026-05,Moderate,Active,2238.48
902002,NV406106,2026-06,Moderate,Active,2238.48
902002,NV406106,2026-07,Moderate,Active,2238.48
902003,NV406109,2026-04,Moderate,Active,2420.96
902003,NV406109,2026-05,Moderate,Active,2420.96
902003,NV406109,2026-06,Moderate,Active,2420.96
902003,NV406109,2026-07,Moderate,Active,2420.96
902004,NV406118,2026-04,Moderate,Active,2955.76
902004,NV406118,2026-05,Moderate,Active,2955.76
902004,NV406118,2026-06,Moderate,Active,2955.76
902004,NV406118,2026-07,Moderate,Active,2955.76
902005,NV406120,2026-06,Aggressive,Active,2740.14
902005,NV406120,2026-07,Aggressive,Active,2740.14
902006,NV406121,2026-04,Moderate,Active,2026.01
902006,NV406121,2026-05,Moderate,Active,2026.01
902006,NV406121,2026-06,Moderate,Active,2026.01
902006,NV406121,2026-07,Moderate,Active,2026.01
902007,NV406125,2026-04,Conservative,Active,2951.44
902007,NV406125,2026-05,Conservative,Paused,0.0
902007,NV406125,2026-06,Conservative,Active,2951.44
902007,NV406125,2026-07,Conservative,Active,2951.44
902008,NV406128,2026-04,Conservative,Active,4954.76
902008,NV406128,2026-05,Conservative,Active,4954.76
902008,NV406128,2026-06,Conservative,Active,4954.76
902008,NV406128,2026-07,Conservative,Active,4954.76
902009,NV406130,2026-04,Moderate,Active,1320.61
902009,NV406130,2026-05,Moderate,Active,1320.61
902009,NV406130,2026-06,Moderate,Active,1320.61
902009,NV406130,2026-07,Moderate,Active,1320.61
902010,NV406131,2026-04,Moderate,Active,1741.05
902010,NV406131,2026-05,Moderate,Active,1741.05
902010,NV406131,2026-06,Moderate,Active,1741.05
902010,NV406131,2026-07,Moderate,Active,1741.05
902011,NV406133,2026-04,Aggressive,Active,2646.12
902011,NV406133,2026-05,Aggressive,Active,2646.12
902011,NV406133,2026-06,Aggressive,Active,2646.12
902011,NV406133,2026-07,Aggressive,Active,2646.12
902012,NV406135,2026-04,Moderate,Active,3879.12
902012,NV406135,2026-05,Moderate,Active,3879.12
902012,NV406135,2026-06,Moderate,Active,3879.12
902012,NV406135,2026-07,Moderate,Active,3879.12
902013,NV406137,2026-04,Aggressive,Active,2520.6
902013,NV406137,2026-05,Aggressive,Active,2520.6
902013,NV406137,2026-06,Aggressive,Active,2520.6
902013,NV406137,2026-07,Aggressive,Active,2520.6
902014,NV406144,2026-06,Moderate,Active,1139.9
902014,NV406144,2026-07,Moderate,Active,1139.9
902015,NV406145,2026-04,Moderate,Active,6416.05
902015,NV406145,2026-05,Moderate,Active,6416.05
902015,NV406145,2026-06,Moderate,Active,6416.05
902015,NV406145,2026-07,Moderate,Active,6416.05
902016,NV406150,2026-04,Moderate,Active,2299.19
902016,NV406150,2026-05,Moderate,Paused,0.0
902016,NV406150,2026-06,Moderate,Active,2299.19
902016,NV406150,2026-07,Moderate,Active,2299.19
902017,NV406152,2026-04,Aggressive,Active,2399.59
902017,NV406152,2026-05,Aggressive,Active,2399.59
902017,NV406152,2026-06,Aggressive,Active,2399.59
902017,NV406152,2026-07,Aggressive,Active,2399.59
902018,NV406155,2026-04,Conservative,Active,2181.11
902018,NV406155,2026-05,Conservative,Paused,0.0
902018,NV406155,2026-06,Conservative,Paused,0.0
902018,NV406155,2026-07,Conservative,Active,2181.11
902019,NV406158,2026-04,Moderate,Active,2319.64
902019,NV406158,2026-05,Moderate,Active,2319.64
902019,NV406158,2026-06,Moderate,Active,2319.64
902019,NV406158,2026-07,Moderate,Active,2319.64
902020,NV406162,2026-04,Aggressive,Active,6303.57
902020,NV406162,2026-05,Aggressive,Active,6303.57
902020,NV406162,2026-06,Aggressive,Active,6303.57
902020,NV406162,2026-07,Aggressive,Active,6303.57
902021,NV406162,2026-06,Aggressive,Active,1201.74
902021,NV406162,2026-07,Aggressive,Active,1201.74
902022,NV406165,2026-04,Moderate,Active,3194.32
902022,NV406165,2026-05,Moderate,Active,3194.32
902022,NV406165,2026-06,Moderate,Active,3194.32
902022,NV406165,2026-07,Moderate,Active,3194.32
902023,NV406165,2026-05,Moderate,Active,2375.24
902023,NV406165,2026-06,Moderate,Active,2375.24
902023,NV406165,2026-07,Moderate,Active,2375.24
902024,NV406170,2026-04,Moderate,Active,3199.78
902024,NV406170,2026-05,Moderate,Active,3199.78
902024,NV406170,2026-06,Moderate,Active,3199.78
902024,NV406170,2026-07,Moderate,Active,3199.78
902025,NV406170,2026-05,Moderate,Active,2181.82
902025,NV406170,2026-06,Moderate,Active,2181.82
902025,NV406170,2026-07,Moderate,Active,2181.82
902026,NV406171,2026-04,Moderate,Active,1486.27
902026,NV406171,2026-05,Moderate,Active,1486.27
902026,NV406171,2026-06,Moderate,Active,1486.27
902026,NV406171,2026-07,Moderate,Active,1486.27
902027,NV406174,2026-04,Conservative,Active,7257.62
902027,NV406174,2026-05,Conservative,Active,7257.62
902027,NV406174,2026-06,Conservative,Active,7257.62
902027,NV406174,2026-07,Conservative,Active,7257.62
902028,NV406175,2026-06,Aggressive,Paused,0.0
902028,NV406175,2026-07,Aggressive,Cancelled,0.0
902029,NV406177,2026-05,Conservative,Active,5554.43
902029,NV406177,2026-06,Conservative,Active,5554.43
902029,NV406177,2026-07,Conservative,Active,5554.43
902030,NV406182,2026-04,Conservative,Active,8755.96
902030,NV406182,2026-05,Conservative,Active,8755.96
902030,NV406182,2026-06,Conservative,Active,8755.96
902030,NV406182,2026-07,Conservative,Active,8755.96
902031,NV406183,2026-04,Conservative,Active,3278.82
902031,NV406183,2026-05,Conservative,Paused,0.0
902031,NV406183,2026-06,Conservative,Active,3278.82
902031,NV406183,2026-07,Conservative,Paused,0.0
902032,NV406184,2026-04,Conservative,Active,1101.21
902032,NV406184,2026-05,Conservative,Active,1101.21
902032,NV406184,2026-06,Conservative,Active,1101.21
902032,NV406184,2026-07,Conservative,Active,1101.21
902033,NV406189,2026-04,Moderate,Active,3178.63
902033,NV406189,2026-05,Moderate,Active,3178.63
902033,NV406189,2026-06,Moderate,Active,3178.63
902033,NV406189,2026-07,Moderate,Active,3178.63
902034,NV406191,2026-04,Moderate,Active,2975.08
902034,NV406191,2026-05,Moderate,Paused,0.0
902034,NV406191,2026-06,Moderate,Active,2975.08
902034,NV406191,2026-07,Moderate,Active,2975.08
902035,NV406192,2026-04,Moderate,Active,3131.53
902035,NV406192,2026-05,Moderate,Active,3131.53
902035,NV406192,2026-06,Moderate,Active,3131.53
902035,NV406192,2026-07,Moderate,Active,3131.53
902036,NV406193,2026-04,Aggressive,Active,2928.77
902036,NV406193,2026-05,Aggressive,Active,2928.77
902036,NV406193,2026-06,Aggressive,Active,2928.77
902036,NV406193,2026-07,Aggressive,Active,2928.77
902037,NV406197,2026-04,Aggressive,Active,2800.64
902037,NV406197,2026-05,Aggressive,Active,2800.64
902037,NV406197,2026-06,Aggressive,Active,2800.64
902037,NV406197,2026-07,Aggressive,Active,2800.64
902038,NV406197,2026-05,Aggressive,Active,4404.22
902038,NV406197,2026-06,Aggressive,Active,4404.22
902038,NV406197,2026-07,Aggressive,Active,4404.22
902039,NV406198,2026-04,Conservative,Active,1655.84
902039,NV406198,2026-05,Conservative,Active,1655.84
902039,NV406198,2026-06,Conservative,Active,1655.84
902039,NV406198,2026-07,Conservative,Active,1655.84
902040,NV406205,2026-04,Aggressive,Active,1695.88
902040,NV406205,2026-05,Aggressive,Active,1695.88
902040,NV406205,2026-06,Aggressive,Cancelled,0.0
902041,NV406213,2026-04,Conservative,Active,2579.34
902041,NV406213,2026-05,Conservative,Active,2579.34
902041,NV406213,2026-06,Conservative,Active,2579.34
902041,NV406213,2026-07,Conservative,Active,2579.34
902042,NV406216,2026-04,Aggressive,Active,1615.3
902042,NV406216,2026-05,Aggressive,Active,1615.3
902042,NV406216,2026-06,Aggressive,Active,1615.3
902042,NV406216,2026-07,Aggressive,Active,1615.3
902043,NV406222,2026-04,Conservative,Active,2012.53
902043,NV406222,2026-05,Conservative,Active,2012.53
902043,NV406222,2026-06,Conservative,Cancelled,0.0
902044,NV406222,2026-06,Conservative,Active,1738.0
902044,NV406222,2026-07,Conservative,Active,1738.0
902045,NV406234,2026-04,Conservative,Active,3523.8
902045,NV406234,2026-05,Conservative,Paused,0.0
902045,NV406234,2026-06,Conservative,Active,3523.8
902045,NV406234,2026-07,Conservative,Active,3523.8
902046,NV406241,2026-06,Moderate,Active,2542.75
902046,NV406241,2026-07,Moderate,Active,2542.75
902047,NV406243,2026-07,Moderate,Active,5177.85
902048,NV406245,2026-04,Moderate,Active,5028.44
902048,NV406245,2026-05,Moderate,Active,5028.44
902048,NV406245,2026-06,Moderate,Active,5028.44
902048,NV406245,2026-07,Moderate,Active,5028.44
902049,NV406245,2026-06,Moderate,Active,1875.55
902049,NV406245,2026-07,Moderate,Active,1875.55
902050,NV406248,2026-04,Conservative,Active,3179.63
902050,NV406248,2026-05,Conservative,Active,3179.63
902050,NV406248,2026-06,Conservative,Active,3179.63
902050,NV406248,2026-07,Conservative,Active,3179.63
902051,NV406251,2026-04,Moderate,Active,1419.83
902051,NV406251,2026-05,Moderate,Active,1419.83
902051,NV406251,2026-06,Moderate,Active,1419.83
902051,NV406251,2026-07,Moderate,Active,1419.83
902052,NV406252,2026-04,Moderate,Active,2380.77
902052,NV406252,2026-05,Moderate,Active,2380.77
902052,NV406252,2026-06,Moderate,Active,2380.77
902052,NV406252,2026-07,Moderate,Active,2380.77
902053,NV406254,2026-04,Conservative,Active,2271.08
902053,NV406254,2026-05,Conservative,Active,2271.08
902053,NV406254,2026-06,Conservative,Active,2271.08
902053,NV406254,2026-07,Conservative,Active,2271.08
902054,NV406254,2026-06,Conservative,Active,2211.31
902054,NV406254,2026-07,Conservative,Active,2211.31
902055,NV406257,2026-04,Moderate,Active,2122.66
902055,NV406257,2026-05,Moderate,Active,2122.66
902055,NV406257,2026-06,Moderate,Paused,0.0
902055,NV406257,2026-07,Moderate,Active,2122.66
902056,NV406267,2026-05,Moderate,Active,2559.07
902056,NV406267,2026-06,Moderate,Active,2559.07
902056,NV406267,2026-07,Moderate,Cancelled,0.0
902057,NV406268,2026-04,Conservative,Active,2421.9
902057,NV406268,2026-05,Conservative,Active,2421.9
902057,NV406268,2026-06,Conservative,Active,2421.9
902057,NV406268,2026-07,Conservative,Active,2421.9
902058,NV406270,2026-04,Moderate,Active,1247.31
902058,NV406270,2026-05,Moderate,Paused,0.0
902058,NV406270,2026-06,Moderate,Paused,0.0
902058,NV406270,2026-07,Moderate,Active,1247.31
902059,NV406276,2026-07,Aggressive,Active,2713.8
902060,NV406277,2026-05,Moderate,Active,4297.86
902060,NV406277,2026-06,Moderate,Active,4297.86
902060,NV406277,2026-07,Moderate,Active,4297.86
902061,NV406279,2026-04,Moderate,Active,2100.19
902061,NV406279,2026-05,Moderate,Cancelled,0.0
902062,NV406279,2026-05,Moderate,Active,2201.1
902062,NV406279,2026-06,Moderate,Active,2201.1
902062,NV406279,2026-07,Moderate,Active,2201.1
902063,NV406283,2026-04,Moderate,Active,3961.96
902063,NV406283,2026-05,Moderate,Active,3961.96
902063,NV406283,2026-06,Moderate,Active,3961.96
902063,NV406283,2026-07,Moderate,Active,3961.96
902064,NV406284,2026-04,Conservative,Paused,0.0
902064,NV406284,2026-05,Conservative,Paused,0.0
902064,NV406284,2026-06,Conservative,Active,1734.68
902064,NV406284,2026-07,Conservative,Active,1734.68
902065,NV406294,2026-04,Moderate,Active,2464.57
902065,NV406294,2026-05,Moderate,Active,2464.57
902065,NV406294,2026-06,Moderate,Active,2464.57
902065,NV406294,2026-07,Moderate,Paused,0.0
902066,NV406294,2026-06,Moderate,Active,5344.45
902066,NV406294,2026-07,Moderate,Active,5344.45
902067,NV406301,2026-04,Moderate,Active,4375.15
902067,NV406301,2026-05,Moderate,Active,4375.15
902067,NV406301,2026-06,Moderate,Active,4375.15
902067,NV406301,2026-07,Moderate,Active,4375.15
902068,NV406304,2026-04,Conservative,Active,1723.01
902068,NV406304,2026-05,Conservative,Active,1723.01
902068,NV406304,2026-06,Conservative,Active,1723.01
902068,NV406304,2026-07,Conservative,Active,1723.01
902069,NV406305,2026-04,Conservative,Active,1909.88
902069,NV406305,2026-05,Conservative,Active,1909.88
902069,NV406305,2026-06,Conservative,Active,1909.88
902069,NV406305,2026-07,Conservative,Cancelled,0.0
902070,NV406311,2026-04,Conservative,Active,2505.79
902070,NV406311,2026-05,Conservative,Active,2505.79
902070,NV406311,2026-06,Conservative,Active,2505.79
902070,NV406311,2026-07,Conservative,Active,2505.79
902071,NV406314,2026-04,Moderate,Active,2358.17
902071,NV406314,2026-05,Moderate,Active,2358.17
902071,NV406314,2026-06,Moderate,Active,2358.17
902071,NV406314,2026-07,Moderate,Active,2358.17
902072,NV406314,2026-06,Moderate,Active,963.05
902072,NV406314,2026-07,Moderate,Active,963.05
902073,NV406317,2026-04,Moderate,Active,1537.74
902073,NV406317,2026-05,Moderate,Active,1537.74
902073,NV406317,2026-06,Moderate,Active,1537.74
902073,NV406317,2026-07,Moderate,Active,1537.74
902074,NV406322,2026-05,Moderate,Active,4439.08
902074,NV406322,2026-06,Moderate,Active,4439.08
902074,NV406322,2026-07,Moderate,Active,4439.08
902075,NV406323,2026-04,Conservative,Active,2418.95
902075,NV406323,2026-05,Conservative,Active,2418.95
902075,NV406323,2026-06,Conservative,Active,2418.95
902075,NV406323,2026-07,Conservative,Active,2418.95
902076,NV406326,2026-04,Aggressive,Paused,0.0
902076,NV406326,2026-05,Aggressive,Active,4063.02
902076,NV406326,2026-06,Aggressive,Active,4063.02
902076,NV406326,2026-07,Aggressive,Active,4063.02
902077,NV406342,2026-04,Moderate,Active,3665.58
902077,NV406342,2026-05,Moderate,Active,3665.58
902077,NV406342,2026-06,Moderate,Active,3665.58
902077,NV406342,2026-07,Moderate,Active,3665.58
902078,NV406342,2026-05,Moderate,Active,5014.85
902078,NV406342,2026-06,Moderate,Cancelled,0.0
902079,NV406346,2026-04,Moderate,Active,3326.87
902079,NV406346,2026-05,Moderate,Cancelled,0.0
902080,NV406353,2026-04,Moderate,Active,1795.93
902080,NV406353,2026-05,Moderate,Active,1795.93
902080,NV406353,2026-06,Moderate,Active,1795.93
902080,NV406353,2026-07,Moderate,Active,1795.93
902081,NV406364,2026-04,Conservative,Active,4436.62
902081,NV406364,2026-05,Conservative,Active,4436.62
902081,NV406364,2026-06,Conservative,Active,4436.62
902081,NV406364,2026-07,Conservative,Active,4436.62
902082,NV406365,2026-05,Moderate,Active,2881.1
902082,NV406365,2026-06,Moderate,Active,2881.1
902082,NV406365,2026-07,Moderate,Active,2881.1
902083,NV406370,2026-04,Moderate,Active,2759.9
902083,NV406370,2026-05,Moderate,Active,2759.9
902083,NV406370,2026-06,Moderate,Active,2759.9
902083,NV406370,2026-07,Moderate,Active,2759.9
902084,NV406373,2026-04,Aggressive,Active,2667.53
902084,NV406373,2026-05,Aggressive,Active,2667.53
902084,NV406373,2026-06,Aggressive,Active,2667.53
902084,NV406373,2026-07,Aggressive,Active,2667.53
902085,NV406373,2026-05,Aggressive,Active,3245.94
902085,NV406373,2026-06,Aggressive,Active,3245.94
902085,NV406373,2026-07,Aggressive,Active,3245.94
902086,NV406376,2026-04,Moderate,Active,1400.41
902086,NV406376,2026-05,Moderate,Active,1400.41
902086,NV406376,2026-06,Moderate,Active,1400.41
902086,NV406376,2026-07,Moderate,Active,1400.41
902087,NV406377,2026-04,Conservative,Active,5740.65
902087,NV406377,2026-05,Conservative,Active,5740.65
902087,NV406377,2026-06,Conservative,Active,5740.65
902087,NV406377,2026-07,Conservative,Active,5740.65
902088,NV406379,2026-04,Conservative,Active,1435.2
902088,NV406379,2026-05,Conservative,Cancelled,0.0
902089,NV406385,2026-05,Moderate,Active,2123.5
902089,NV406385,2026-06,Moderate,Active,2123.5
902089,NV406385,2026-07,Moderate,Active,2123.5
902090,NV406391,2026-04,Moderate,Active,2035.32
902090,NV406391,2026-05,Moderate,Active,2035.32
902090,NV406391,2026-06,Moderate,Paused,0.0
902090,NV406391,2026-07,Moderate,Active,2035.32
902091,NV406391,2026-06,Moderate,Active,4600.25
902091,NV406391,2026-07,Moderate,Active,4600.25
902092,NV406398,2026-04,Aggressive,Active,2061.98
902092,NV406398,2026-05,Aggressive,Active,2061.98
902092,NV406398,2026-06,Aggressive,Active,2061.98
902092,NV406398,2026-07,Aggressive,Active,2061.98
902093,NV406400,2026-06,Moderate,Active,2892.53
902093,NV406400,2026-07,Moderate,Active,2892.53
902094,NV406405,2026-04,Moderate,Active,1882.31
902094,NV406405,2026-05,Moderate,Cancelled,0.0
902095,NV406409,2026-04,Moderate,Active,4721.02
902095,NV406409,2026-05,Moderate,Active,4721.02
902095,NV406409,2026-06,Moderate,Active,4721.02
902095,NV406409,2026-07,Moderate,Active,4721.02
902096,NV406410,2026-04,Conservative,Active,1569.12
902096,NV406410,2026-05,Conservative,Active,1569.12
902096,NV406410,2026-06,Conservative,Active,1569.12
902096,NV406410,2026-07,Conservative,Active,1569.12
902097,NV406413,2026-04,Conservative,Active,1806.98
902097,NV406413,2026-05,Conservative,Active,1806.98
902097,NV406413,2026-06,Conservative,Active,1806.98
902097,NV406413,2026-07,Conservative,Active,1806.98
902098,NV406424,2026-04,Moderate,Active,2294.78
902098,NV406424,2026-05,Moderate,Active,2294.78
902098,NV406424,2026-06,Moderate,Active,2294.78
902098,NV406424,2026-07,Moderate,Active,2294.78
902099,NV406428,2026-04,Moderate,Active,3294.46
902099,NV406428,2026-05,Moderate,Active,3294.46
902099,NV406428,2026-06,Moderate,Active,3294.46
902099,NV406428,2026-07,Moderate,Active,3294.46
902100,NV406432,2026-06,Moderate,Active,3036.7
902100,NV406432,2026-07,Moderate,Active,3036.7
902101,NV406434,2026-04,Moderate,Active,5955.96
902101,NV406434,2026-05,Moderate,Active,5955.96
902101,NV406434,2026-06,Moderate,Active,5955.96
902101,NV406434,2026-07,Moderate,Paused,0.0
902102,NV406435,2026-04,Aggressive,Active,4415.44
902102,NV406435,2026-05,Aggressive,Active,4415.44
902102,NV406435,2026-06,Aggressive,Active,4415.44
902102,NV406435,2026-07,Aggressive,Active,4415.44
902103,NV406438,2026-07,Aggressive,Active,4406.93
902104,NV406439,2026-04,Conservative,Active,3877.76
902104,NV406439,2026-05,Conservative,Active,3877.76
902104,NV406439,2026-06,Conservative,Active,3877.76
902104,NV406439,2026-07,Conservative,Active,3877.76
902105,NV406443,2026-04,Conservative,Active,3862.88
902105,NV406443,2026-05,Conservative,Active,3862.88
902105,NV406443,2026-06,Conservative,Active,3862.88
902105,NV406443,2026-07,Conservative,Active,3862.88
902106,NV406446,2026-04,Moderate,Active,1818.47
902106,NV406446,2026-05,Moderate,Active,1818.47
902106,NV406446,2026-06,Moderate,Active,1818.47
902106,NV406446,2026-07,Moderate,Cancelled,0.0
902107,NV406449,2026-07,Moderate,Active,828.81
902108,NV406455,2026-04,Conservative,Active,2484.45
902108,NV406455,2026-05,Conservative,Active,2484.45
902108,NV406455,2026-06,Conservative,Active,2484.45
902108,NV406455,2026-07,Conservative,Paused,0.0
902109,NV406457,2026-04,Conservative,Paused,0.0
902109,NV406457,2026-05,Conservative,Paused,0.0
902109,NV406457,2026-06,Conservative,Paused,0.0
902109,NV406457,2026-07,Conservative,Active,2800.36
902110,NV406457,2026-06,Conservative,Active,2888.81
902110,NV406457,2026-07,Conservative,Active,2888.81
902111,NV406464,2026-06,Moderate,Active,1979.07
902111,NV406464,2026-07,Moderate,Active,1979.07
902112,NV406466,2026-04,Moderate,Active,5940.87
902112,NV406466,2026-05,Moderate,Active,5940.87
902112,NV406466,2026-06,Moderate,Active,5940.87
902112,NV406466,2026-07,Moderate,Active,5940.87
902113,NV406470,2026-04,Conservative,Active,2267.96
902113,NV406470,2026-05,Conservative,Active,2267.96
902113,NV406470,2026-06,Conservative,Paused,0.0
902113,NV406470,2026-07,Conservative,Active,2267.96
902114,NV406473,2026-04,Conservative,Active,1329.84
902114,NV406473,2026-05,Conservative,Active,1329.84
902114,NV406473,2026-06,Conservative,Active,1329.84
902114,NV406473,2026-07,Conservative,Active,1329.84
902115,NV406474,2026-04,Moderate,Active,3132.72
902115,NV406474,2026-05,Moderate,Active,3132.72
902115,NV406474,2026-06,Moderate,Active,3132.72
902115,NV406474,2026-07,Moderate,Active,3132.72
902116,NV406475,2026-04,Moderate,Active,4758.93
902116,NV406475,2026-05,Moderate,Active,4758.93
902116,NV406475,2026-06,Moderate,Paused,0.0
902116,NV406475,2026-07,Moderate,Cancelled,0.0
902117,NV406478,2026-04,Aggressive,Active,4526.85
902117,NV406478,2026-05,Aggressive,Active,4526.85
902117,NV406478,2026-06,Aggressive,Active,4526.85
902117,NV406478,2026-07,Aggressive,Active,4526.85
902118,NV406480,2026-04,Conservative,Active,970.99
902118,NV406480,2026-05,Conservative,Paused,0.0
902118,NV406480,2026-06,Conservative,Active,970.99
902118,NV406480,2026-07,Conservative,Active,970.99
902119,NV406482,2026-04,Aggressive,Active,2284.25
902119,NV406482,2026-05,Aggressive,Active,2284.25
902119,NV406482,2026-06,Aggressive,Active,2284.25
902119,NV406482,2026-07,Aggressive,Paused,0.0
902120,NV406482,2026-07,Aggressive,Active,1704.96
902121,NV406485,2026-04,Aggressive,Active,3798.4
902121,NV406485,2026-05,Aggressive,Active,3798.4
902121,NV406485,2026-06,Aggressive,Active,3798.4
902121,NV406485,2026-07,Aggressive,Active,3798.4
902122,NV406486,2026-04,Aggressive,Active,3135.9
902122,NV406486,2026-05,Aggressive,Active,3135.9
902122,NV406486,2026-06,Aggressive,Active,3135.9
902122,NV406486,2026-07,Aggressive,Active,3135.9
902123,NV406488,2026-05,Conservative,Active,998.12
902123,NV406488,2026-06,Conservative,Active,998.12
902123,NV406488,2026-07,Conservative,Active,998.12
902124,NV406489,2026-04,Moderate,Active,4229.91
902124,NV406489,2026-05,Moderate,Active,4229.91
902124,NV406489,2026-06,Moderate,Cancelled,0.0
902125,NV406491,2026-04,Conservative,Active,4315.86
902125,NV406491,2026-05,Conservative,Active,4315.86
902125,NV406491,2026-06,Conservative,Paused,0.0
902125,NV406491,2026-07,Conservative,Active,4315.86
902126,NV406495,2026-04,Aggressive,Active,7197.05
902126,NV406495,2026-05,Aggressive,Active,7197.05
902126,NV406495,2026-06,Aggressive,Active,7197.05
902126,NV406495,2026-07,Aggressive,Active,7197.05
902127,NV406497,2026-04,Aggressive,Active,2514.23
902127,NV406497,2026-05,Aggressive,Active,2514.23
902127,NV406497,2026-06,Aggressive,Paused,0.0
902127,NV406497,2026-07,Aggressive,Active,2514.23
902128,NV406500,2026-04,Moderate,Active,2911.91
902128,NV406500,2026-05,Moderate,Active,2911.91
902128,NV406500,2026-06,Moderate,Active,2911.91
902128,NV406500,2026-07,Moderate,Active,2911.91
902129,NV406504,2026-04,Moderate,Active,8096.35
902129,NV406504,2026-05,Moderate,Active,8096.35
902129,NV406504,2026-06,Moderate,Active,8096.35
902129,NV406504,2026-07,Moderate,Active,8096.35
902130,NV406508,2026-04,Moderate,Active,2200.73
902130,NV406508,2026-05,Moderate,Active,2200.73
902130,NV406508,2026-06,Moderate,Active,2200.73
902130,NV406508,2026-07,Moderate,Active,2200.73
902131,NV406516,2026-07,Conservative,Active,2268.25
902132,NV406526,2026-04,Aggressive,Active,1574.04
902132,NV406526,2026-05,Aggressive,Active,1574.04
902132,NV406526,2026-06,Aggressive,Active,1574.04
902132,NV406526,2026-07,Aggressive,Active,1574.04
902133,NV406532,2026-04,Conservative,Active,6789.09
902133,NV406532,2026-05,Conservative,Active,6789.09
902133,NV406532,2026-06,Conservative,Active,6789.09
902133,NV406532,2026-07,Conservative,Active,6789.09
902134,NV406535,2026-04,Moderate,Active,2292.09
902134,NV406535,2026-05,Moderate,Active,2292.09
902134,NV406535,2026-06,Moderate,Active,2292.09
902134,NV406535,2026-07,Moderate,Active,2292.09
902135,NV406542,2026-04,Aggressive,Active,1531.61
902135,NV406542,2026-05,Aggressive,Active,1531.61
902135,NV406542,2026-06,Aggressive,Active,1531.61
902135,NV406542,2026-07,Aggressive,Active,1531.61
902136,NV406543,2026-04,Moderate,Active,3279.5
902136,NV406543,2026-05,Moderate,Active,3279.5
902136,NV406543,2026-06,Moderate,Active,3279.5
902136,NV406543,2026-07,Moderate,Active,3279.5
902137,NV406546,2026-04,Moderate,Active,1568.09
902137,NV406546,2026-05,Moderate,Paused,0.0
902137,NV406546,2026-06,Moderate,Paused,0.0
902137,NV406546,2026-07,Moderate,Cancelled,0.0
902138,NV406548,2026-04,Conservative,Active,2922.3
902138,NV406548,2026-05,Conservative,Active,2922.3
902138,NV406548,2026-06,Conservative,Cancelled,0.0
902139,NV406553,2026-04,Conservative,Active,4266.02
902139,NV406553,2026-05,Conservative,Paused,0.0
902139,NV406553,2026-06,Conservative,Active,4266.02
902139,NV406553,2026-07,Conservative,Active,4266.02
902140,NV406565,2026-04,Moderate,Active,1552.36
902140,NV406565,2026-05,Moderate,Active,1552.36
902140,NV406565,2026-06,Moderate,Active,1552.36
902140,NV406565,2026-07,Moderate,Active,1552.36
902141,NV406565,2026-06,Moderate,Active,1412.03
902141,NV406565,2026-07,Moderate,Active,1412.03
902142,NV406566,2026-04,Aggressive,Active,2518.33
902142,NV406566,2026-05,Aggressive,Active,2518.33
902142,NV406566,2026-06,Aggressive,Active,2518.33
902142,NV406566,2026-07,Aggressive,Active,2518.33
902143,NV406567,2026-04,Aggressive,Active,3151.52
902143,NV406567,2026-05,Aggressive,Active,3151.52
902143,NV406567,2026-06,Aggressive,Active,3151.52
902143,NV406567,2026-07,Aggressive,Active,3151.52
902144,NV406576,2026-05,Conservative,Active,4756.19
902144,NV406576,2026-06,Conservative,Active,4756.19
902144,NV406576,2026-07,Conservative,Active,4756.19
902145,NV406577,2026-04,Conservative,Active,3233.22
902145,NV406577,2026-05,Conservative,Active,3233.22
902145,NV406577,2026-06,Conservative,Active,3233.22
902145,NV406577,2026-07,Conservative,Active,3233.22
902146,NV406579,2026-04,Moderate,Active,2005.21
902146,NV406579,2026-05,Moderate,Active,2005.21
902146,NV406579,2026-06,Moderate,Active,2005.21
902146,NV406579,2026-07,Moderate,Active,2005.21
902147,NV406580,2026-04,Conservative,Active,3174.52
902147,NV406580,2026-05,Conservative,Active,3174.52
902147,NV406580,2026-06,Conservative,Active,3174.52
902147,NV406580,2026-07,Conservative,Active,3174.52
902148,NV406582,2026-06,Moderate,Active,4046.47
902148,NV406582,2026-07,Moderate,Active,4046.47
902149,NV406593,2026-04,Moderate,Active,2094.41
902149,NV406593,2026-05,Moderate,Active,2094.41
902149,NV406593,2026-06,Moderate,Active,2094.41
902149,NV406593,2026-07,Moderate,Active,2094.41
902150,NV406601,2026-06,Aggressive,Active,2995.49
902150,NV406601,2026-07,Aggressive,Active,2995.49
902151,NV406603,2026-04,Aggressive,Active,2614.85
902151,NV406603,2026-05,Aggressive,Active,2614.85
902151,NV406603,2026-06,Aggressive,Active,2614.85
902151,NV406603,2026-07,Aggressive,Active,2614.85
902152,NV406604,2026-04,Moderate,Active,1437.6
902152,NV406604,2026-05,Moderate,Paused,0.0
902152,NV406604,2026-06,Moderate,Active,1437.6
902152,NV406604,2026-07,Moderate,Active,1437.6
902153,NV406605,2026-04,Moderate,Active,1879.34
902153,NV406605,2026-05,Moderate,Active,1879.34
902153,NV406605,2026-06,Moderate,Active,1879.34
902153,NV406605,2026-07,Moderate,Active,1879.34
902154,NV406605,2026-06,Moderate,Active,2100.76
902154,NV406605,2026-07,Moderate,Active,2100.76
902155,NV406606,2026-04,Moderate,Active,2643.01
902155,NV406606,2026-05,Moderate,Active,2643.01
902155,NV406606,2026-06,Moderate,Active,2643.01
902155,NV406606,2026-07,Moderate,Active,2643.01
902156,NV406607,2026-05,Aggressive,Active,1305.58
902156,NV406607,2026-06,Aggressive,Active,1305.58
902156,NV406607,2026-07,Aggressive,Active,1305.58
902157,NV406614,2026-04,Conservative,Active,1220.23
902157,NV406614,2026-05,Conservative,Active,1220.23
902157,NV406614,2026-06,Conservative,Active,1220.23
902157,NV406614,2026-07,Conservative,Active,1220.23
902158,NV406614,2026-06,Conservative,Active,1343.98
902158,NV406614,2026-07,Conservative,Active,1343.98
902159,NV406620,2026-04,Conservative,Active,2999.15
902159,NV406620,2026-05,Conservative,Active,2999.15
902159,NV406620,2026-06,Conservative,Active,2999.15
902159,NV406620,2026-07,Conservative,Active,2999.15
902160,NV406620,2026-05,Conservative,Active,2628.6
902160,NV406620,2026-06,Conservative,Active,2628.6
902160,NV406620,2026-07,Conservative,Active,2628.6
902161,NV406622,2026-04,Moderate,Active,4408.65
902161,NV406622,2026-05,Moderate,Active,4408.65
902161,NV406622,2026-06,Moderate,Active,4408.65
902161,NV406622,2026-07,Moderate,Active,4408.65
902162,NV406622,2026-05,Moderate,Active,3404.72
902162,NV406622,2026-06,Moderate,Active,3404.72
902162,NV406622,2026-07,Moderate,Active,3404.72
902163,NV406626,2026-04,Conservative,Paused,0.0
902163,NV406626,2026-05,Conservative,Active,1504.06
902163,NV406626,2026-06,Conservative,Active,1504.06
902163,NV406626,2026-07,Conservative,Active,1504.06
902164,NV406629,2026-04,Moderate,Active,2027.49
902164,NV406629,2026-05,Moderate,Active,2027.49
902164,NV406629,2026-06,Moderate,Active,2027.49
902164,NV406629,2026-07,Moderate,Active,2027.49
902165,NV406630,2026-04,Aggressive,Active,1073.48
902165,NV406630,2026-05,Aggressive,Active,1073.48
902165,NV406630,2026-06,Aggressive,Active,1073.48
902165,NV406630,2026-07,Aggressive,Active,1073.48
902166,NV406630,2026-06,Aggressive,Paused,0.0
902166,NV406630,2026-07,Aggressive,Active,3923.63
902167,NV406631,2026-04,Moderate,Active,2395.23
902167,NV406631,2026-05,Moderate,Active,2395.23
902167,NV406631,2026-06,Moderate,Active,2395.23
902167,NV406631,2026-07,Moderate,Active,2395.23
902168,NV406631,2026-05,Moderate,Active,6588.55
902168,NV406631,2026-06,Moderate,Active,6588.55
902168,NV406631,2026-07,Moderate,Active,6588.55
902169,NV406637,2026-04,Aggressive,Active,1785.99
902169,NV406637,2026-05,Aggressive,Active,1785.99
902169,NV406637,2026-06,Aggressive,Active,1785.99
902169,NV406637,2026-07,Aggressive,Active,1785.99
902170,NV406644,2026-04,Moderate,Active,2258.52
902170,NV406644,2026-05,Moderate,Active,2258.52
902170,NV406644,2026-06,Moderate,Active,2258.52
902170,NV406644,2026-07,Moderate,Active,2258.52
902171,NV406646,2026-04,Moderate,Active,3435.72
902171,NV406646,2026-05,Moderate,Active,3435.72
902171,NV406646,2026-06,Moderate,Active,3435.72
902171,NV406646,2026-07,Moderate,Paused,0.0
902172,NV406647,2026-05,Aggressive,Active,885.47
902172,NV406647,2026-06,Aggressive,Active,885.47
902172,NV406647,2026-07,Aggressive,Active,885.47
902173,NV406649,2026-04,Aggressive,Active,4843.25
902173,NV406649,2026-05,Aggressive,Active,4843.25
902173,NV406649,2026-06,Aggressive,Active,4843.25
902173,NV406649,2026-07,Aggressive,Active,4843.25
902174,NV406659,2026-04,Moderate,Active,2371.27
902174,NV406659,2026-05,Moderate,Active,2371.27
902174,NV406659,2026-06,Moderate,Active,2371.27
902174,NV406659,2026-07,Moderate,Active,2371.27
902175,NV406662,2026-04,Moderate,Active,3497.69
902175,NV406662,2026-05,Moderate,Active,3497.69
902175,NV406662,2026-06,Moderate,Active,3497.69
902175,NV406662,2026-07,Moderate,Active,3497.69
902176,NV406670,2026-04,Moderate,Active,1696.85
902176,NV406670,2026-05,Moderate,Active,1696.85
902176,NV406670,2026-06,Moderate,Active,1696.85
902176,NV406670,2026-07,Moderate,Active,1696.85
902177,NV406676,2026-04,Moderate,Active,1555.75
902177,NV406676,2026-05,Moderate,Active,1555.75
902177,NV406676,2026-06,Moderate,Active,1555.75
902177,NV406676,2026-07,Moderate,Active,1555.75
902178,NV406683,2026-04,Moderate,Active,7146.69
902178,NV406683,2026-05,Moderate,Active,7146.69
902178,NV406683,2026-06,Moderate,Active,7146.69
902178,NV406683,2026-07,Moderate,Active,7146.69
902179,NV406684,2026-04,Moderate,Paused,0.0
902179,NV406684,2026-05,Moderate,Paused,0.0
902179,NV406684,2026-06,Moderate,Active,2175.13
902179,NV406684,2026-07,Moderate,Active,2175.13
902180,NV406687,2026-04,Aggressive,Active,1944.79
902180,NV406687,2026-05,Aggressive,Active,1944.79
902180,NV406687,2026-06,Aggressive,Active,1944.79
902180,NV406687,2026-07,Aggressive,Active,1944.79
902181,NV406690,2026-04,Conservative,Active,5315.59
902181,NV406690,2026-05,Conservative,Cancelled,0.0
902182,NV406692,2026-04,Aggressive,Active,3596.48
902182,NV406692,2026-05,Aggressive,Active,3596.48
902182,NV406692,2026-06,Aggressive,Active,3596.48
902182,NV406692,2026-07,Aggressive,Active,3596.48
902183,NV406695,2026-04,Aggressive,Active,2396.0
902183,NV406695,2026-05,Aggressive,Active,2396.0
902183,NV406695,2026-06,Aggressive,Active,2396.0
902183,NV406695,2026-07,Aggressive,Active,2396.0
902184,NV406698,2026-04,Conservative,Active,1679.95
902184,NV406698,2026-05,Conservative,Active,1679.95
902184,NV406698,2026-06,Conservative,Active,1679.95
902184,NV406698,2026-07,Conservative,Paused,0.0
902185,NV406703,2026-04,Moderate,Active,3412.55
902185,NV406703,2026-05,Moderate,Active,3412.55
902185,NV406703,2026-06,Moderate,Active,3412.55
902185,NV406703,2026-07,Moderate,Active,3412.55
902186,NV406717,2026-04,Moderate,Active,2819.23
902186,NV406717,2026-05,Moderate,Active,2819.23
902186,NV406717,2026-06,Moderate,Active,2819.23
902186,NV406717,2026-07,Moderate,Active,2819.23
902187,NV406717,2026-06,Moderate,Active,5336.82
902187,NV406717,2026-07,Moderate,Active,5336.82
902188,NV406718,2026-04,Aggressive,Active,4668.21
902188,NV406718,2026-05,Aggressive,Active,4668.21
902188,NV406718,2026-06,Aggressive,Active,4668.21
902188,NV406718,2026-07,Aggressive,Active,4668.21
902189,NV406720,2026-04,Moderate,Active,4152.15
902189,NV406720,2026-05,Moderate,Active,4152.15
902189,NV406720,2026-06,Moderate,Active,4152.15
902189,NV406720,2026-07,Moderate,Active,4152.15
902190,NV406720,2026-06,Moderate,Active,2536.13
902190,NV406720,2026-07,Moderate,Active,2536.13
902191,NV406724,2026-04,Conservative,Active,1191.02
902191,NV406724,2026-05,Conservative,Cancelled,0.0
902192,NV406727,2026-04,Conservative,Active,1630.69
902192,NV406727,2026-05,Conservative,Active,1630.69
902192,NV406727,2026-06,Conservative,Active,1630.69
902192,NV406727,2026-07,Conservative,Active,1630.69
902193,NV406730,2026-04,Conservative,Active,6422.73
902193,NV406730,2026-05,Conservative,Paused,0.0
902193,NV406730,2026-06,Conservative,Paused,0.0
902193,NV406730,2026-07,Conservative,Active,6422.73
902194,NV406731,2026-07,Moderate,Active,2359.06
902195,NV406733,2026-04,Aggressive,Active,2585.0
902195,NV406733,2026-05,Aggressive,Active,2585.0
902195,NV406733,2026-06,Aggressive,Active,2585.0
902195,NV406733,2026-07,Aggressive,Active,2585.0
902196,NV406734,2026-04,Conservative,Active,2338.65
902196,NV406734,2026-05,Conservative,Active,2338.65
902196,NV406734,2026-06,Conservative,Active,2338.65
902196,NV406734,2026-07,Conservative,Active,2338.65
902197,NV406735,2026-04,Aggressive,Active,4219.62
902197,NV406735,2026-05,Aggressive,Active,4219.62
902197,NV406735,2026-06,Aggressive,Active,4219.62
902197,NV406735,2026-07,Aggressive,Active,4219.62
902198,NV406735,2026-06,Aggressive,Paused,0.0
902198,NV406735,2026-07,Aggressive,Active,2442.93
902199,NV406737,2026-07,Aggressive,Active,1259.52
902200,NV406739,2026-05,Moderate,Paused,0.0
902200,NV406739,2026-06,Moderate,Paused,0.0
902200,NV406739,2026-07,Moderate,Active,1585.18
902201,NV406747,2026-04,Conservative,Active,1678.47
902201,NV406747,2026-05,Conservative,Active,1678.47
902201,NV406747,2026-06,Conservative,Active,1678.47
902201,NV406747,2026-07,Conservative,Active,1678.47
902202,NV406750,2026-04,Aggressive,Active,3628.74
902202,NV406750,2026-05,Aggressive,Active,3628.74
902202,NV406750,2026-06,Aggressive,Active,3628.74
902202,NV406750,2026-07,Aggressive,Active,3628.74
902203,NV406754,2026-04,Conservative,Active,2747.38
902203,NV406754,2026-05,Conservative,Active,2747.38
902203,NV406754,2026-06,Conservative,Active,2747.38
902203,NV406754,2026-07,Conservative,Active,2747.38
902204,NV406756,2026-04,Conservative,Active,3531.11
902204,NV406756,2026-05,Conservative,Active,3531.11
902204,NV406756,2026-06,Conservative,Active,3531.11
902204,NV406756,2026-07,Conservative,Active,3531.11
902205,NV406759,2026-04,Moderate,Active,1507.36
902205,NV406759,2026-05,Moderate,Active,1507.36
902205,NV406759,2026-06,Moderate,Active,1507.36
902205,NV406759,2026-07,Moderate,Active,1507.36
902206,NV406759,2026-06,Moderate,Active,3464.31
902206,NV406759,2026-07,Moderate,Active,3464.31
902207,NV406761,2026-07,Aggressive,Paused,0.0
902208,NV406763,2026-04,Conservative,Active,2865.08
902208,NV406763,2026-05,Conservative,Active,2865.08
902208,NV406763,2026-06,Conservative,Active,2865.08
902208,NV406763,2026-07,Conservative,Active,2865.08
902209,NV406766,2026-04,Conservative,Paused,0.0
902209,NV406766,2026-05,Conservative,Active,3250.08
902209,NV406766,2026-06,Conservative,Active,3250.08
902209,NV406766,2026-07,Conservative,Active,3250.08
902210,NV406771,2026-04,Conservative,Active,1681.56
902210,NV406771,2026-05,Conservative,Cancelled,0.0
902211,NV406771,2026-05,Conservative,Paused,0.0
902211,NV406771,2026-06,Conservative,Active,5158.9
902211,NV406771,2026-07,Conservative,Paused,0.0
902212,NV406775,2026-07,Aggressive,Active,8024.37
902213,NV406776,2026-04,Aggressive,Active,2747.32
902213,NV406776,2026-05,Aggressive,Active,2747.32
902213,NV406776,2026-06,Aggressive,Active,2747.32
902213,NV406776,2026-07,Aggressive,Active,2747.32
902214,NV406782,2026-04,Aggressive,Active,1053.98
902214,NV406782,2026-05,Aggressive,Active,1053.98
902214,NV406782,2026-06,Aggressive,Active,1053.98
902214,NV406782,2026-07,Aggressive,Active,1053.98
902215,NV406786,2026-04,Moderate,Active,3031.99
902215,NV406786,2026-05,Moderate,Active,3031.99
902215,NV406786,2026-06,Moderate,Active,3031.99
902215,NV406786,2026-07,Moderate,Active,3031.99
902216,NV406787,2026-04,Aggressive,Active,2125.35
902216,NV406787,2026-05,Aggressive,Active,2125.35
902216,NV406787,2026-06,Aggressive,Active,2125.35
902216,NV406787,2026-07,Aggressive,Active,2125.35
902217,NV406787,2026-06,Aggressive,Active,2607.38
902217,NV406787,2026-07,Aggressive,Active,2607.38
902218,NV406790,2026-04,Aggressive,Active,4408.09
902218,NV406790,2026-05,Aggressive,Active,4408.09
902218,NV406790,2026-06,Aggressive,Active,4408.09
902218,NV406790,2026-07,Aggressive,Active,4408.09
902219,NV406790,2026-05,Aggressive,Active,3479.17
902219,NV406790,2026-06,Aggressive,Active,3479.17
902219,NV406790,2026-07,Aggressive,Active,3479.17
902220,NV406791,2026-04,Moderate,Active,2230.26
902220,NV406791,2026-05,Moderate,Active,2230.26
902220,NV406791,2026-06,Moderate,Active,2230.26
902220,NV406791,2026-07,Moderate,Active,2230.26
902221,NV406791,2026-06,Moderate,Active,2889.72
902221,NV406791,2026-07,Moderate,Active,2889.72
902222,NV406797,2026-04,Conservative,Active,2127.17
902222,NV406797,2026-05,Conservative,Active,2127.17
902222,NV406797,2026-06,Conservative,Active,2127.17
902222,NV406797,2026-07,Conservative,Cancelled,0.0
902223,NV406804,2026-04,Moderate,Active,1272.35
902223,NV406804,2026-05,Moderate,Paused,0.0
902223,NV406804,2026-06,Moderate,Active,1272.35
902223,NV406804,2026-07,Moderate,Active,1272.35
902224,NV406805,2026-04,Aggressive,Active,3552.8
902224,NV406805,2026-05,Aggressive,Active,3552.8
902224,NV406805,2026-06,Aggressive,Active,3552.8
902224,NV406805,2026-07,Aggressive,Active,3552.8
902225,NV406806,2026-04,Moderate,Active,3775.25
902225,NV406806,2026-05,Moderate,Active,3775.25
902225,NV406806,2026-06,Moderate,Active,3775.25
902225,NV406806,2026-07,Moderate,Active,3775.25
902226,NV406809,2026-04,Conservative,Active,1988.21
902226,NV406809,2026-05,Conservative,Active,1988.21
902226,NV406809,2026-06,Conservative,Active,1988.21
902226,NV406809,2026-07,Conservative,Active,1988.21
902227,NV406809,2026-06,Conservative,Active,3098.55
902227,NV406809,2026-07,Conservative,Active,3098.55
902228,NV406812,2026-07,Aggressive,Active,4804.75
902229,NV406822,2026-04,Moderate,Paused,0.0
902229,NV406822,2026-05,Moderate,Active,2536.5
902229,NV406822,2026-06,Moderate,Active,2536.5
902229,NV406822,2026-07,Moderate,Active,2536.5
902230,NV406824,2026-04,Aggressive,Active,1610.5
902230,NV406824,2026-05,Aggressive,Active,1610.5
902230,NV406824,2026-06,Aggressive,Active,1610.5
902230,NV406824,2026-07,Aggressive,Active,1610.5
902231,NV406830,2026-05,Moderate,Active,3042.14
902231,NV406830,2026-06,Moderate,Paused,0.0
902231,NV406830,2026-07,Moderate,Active,3042.14
902232,NV406832,2026-05,Conservative,Active,933.55
902232,NV406832,2026-06,Conservative,Active,933.55
902232,NV406832,2026-07,Conservative,Active,933.55
902233,NV406833,2026-04,Moderate,Active,2948.72
902233,NV406833,2026-05,Moderate,Active,2948.72
902233,NV406833,2026-06,Moderate,Active,2948.72
902233,NV406833,2026-07,Moderate,Active,2948.72
902234,NV406833,2026-06,Moderate,Active,1659.76
902234,NV406833,2026-07,Moderate,Active,1659.76
902235,NV406834,2026-04,Moderate,Active,2404.89
902235,NV406834,2026-05,Moderate,Active,2404.89
902235,NV406834,2026-06,Moderate,Paused,0.0
902235,NV406834,2026-07,Moderate,Cancelled,0.0
902236,NV406836,2026-04,Moderate,Active,4623.23
902236,NV406836,2026-05,Moderate,Active,4623.23
902236,NV406836,2026-06,Moderate,Active,4623.23
902236,NV406836,2026-07,Moderate,Active,4623.23
902237,NV406836,2026-05,Moderate,Active,1991.48
902237,NV406836,2026-06,Moderate,Active,1991.48
902237,NV406836,2026-07,Moderate,Active,1991.48
902238,NV406840,2026-04,Conservative,Active,2206.77
902238,NV406840,2026-05,Conservative,Active,2206.77
902238,NV406840,2026-06,Conservative,Active,2206.77
902238,NV406840,2026-07,Conservative,Active,2206.77
902239,NV406847,2026-04,Moderate,Active,1677.23
902239,NV406847,2026-05,Moderate,Active,1677.23
902239,NV406847,2026-06,Moderate,Active,1677.23
902239,NV406847,2026-07,Moderate,Active,1677.23
902240,NV406850,2026-04,Moderate,Paused,0.0
902240,NV406850,2026-05,Moderate,Active,1943.44
902240,NV406850,2026-06,Moderate,Active,1943.44
902240,NV406850,2026-07,Moderate,Active,1943.44
902241,NV406857,2026-04,Conservative,Active,2987.75
902241,NV406857,2026-05,Conservative,Active,2987.75
902241,NV406857,2026-06,Conservative,Active,2987.75
902241,NV406857,2026-07,Conservative,Active,2987.75
902242,NV406866,2026-04,Conservative,Active,2397.54
902242,NV406866,2026-05,Conservative,Cancelled,0.0
902243,NV406872,2026-04,Conservative,Active,3521.9
902243,NV406872,2026-05,Conservative,Active,3521.9
902243,NV406872,2026-06,Conservative,Active,3521.9
902243,NV406872,2026-07,Conservative,Active,3521.9
902244,NV406873,2026-04,Aggressive,Active,2908.4
902244,NV406873,2026-05,Aggressive,Active,2908.4
902244,NV406873,2026-06,Aggressive,Active,2908.4
902244,NV406873,2026-07,Aggressive,Active,2908.4
902245,NV406874,2026-04,Moderate,Active,2409.53
902245,NV406874,2026-05,Moderate,Active,2409.53
902245,NV406874,2026-06,Moderate,Active,2409.53
902245,NV406874,2026-07,Moderate,Active,2409.53
902246,NV406882,2026-04,Conservative,Active,1950.29
902246,NV406882,2026-05,Conservative,Active,1950.29
902246,NV406882,2026-06,Conservative,Active,1950.29
902246,NV406882,2026-07,Conservative,Active,1950.29
902247,NV406884,2026-04,Conservative,Active,1708.43
902247,NV406884,2026-05,Conservative,Active,1708.43
902247,NV406884,2026-06,Conservative,Paused,0.0
902247,NV406884,2026-07,Conservative,Active,1708.43
902248,NV406886,2026-04,Conservative,Active,9920.04
902248,NV406886,2026-05,Conservative,Active,9920.04
902248,NV406886,2026-06,Conservative,Active,9920.04
902248,NV406886,2026-07,Conservative,Active,9920.04
902249,NV406887,2026-04,Aggressive,Paused,0.0
902249,NV406887,2026-05,Aggressive,Active,2874.5
902249,NV406887,2026-06,Aggressive,Active,2874.5
902249,NV406887,2026-07,Aggressive,Active,2874.5
902250,NV406888,2026-04,Moderate,Active,2616.62
902250,NV406888,2026-05,Moderate,Active,2616.62
902250,NV406888,2026-06,Moderate,Active,2616.62
902250,NV406888,2026-07,Moderate,Active,2616.62
902251,NV406893,2026-04,Conservative,Paused,0.0
902251,NV406893,2026-05,Conservative,Paused,0.0
902251,NV406893,2026-06,Conservative,Paused,0.0
902251,NV406893,2026-07,Conservative,Active,9821.87
902252,NV406912,2026-04,Conservative,Active,4891.86
902252,NV406912,2026-05,Conservative,Paused,0.0
902252,NV406912,2026-06,Conservative,Active,4891.86
902252,NV406912,2026-07,Conservative,Active,4891.86
902253,NV406917,2026-04,Moderate,Active,1704.51
902253,NV406917,2026-05,Moderate,Active,1704.51
902253,NV406917,2026-06,Moderate,Active,1704.51
902253,NV406917,2026-07,Moderate,Active,1704.51
902254,NV406917,2026-05,Moderate,Active,1827.3
902254,NV406917,2026-06,Moderate,Paused,0.0
902254,NV406917,2026-07,Moderate,Active,1827.3
902255,NV406920,2026-06,Moderate,Active,1699.84
902255,NV406920,2026-07,Moderate,Cancelled,0.0
902256,NV406924,2026-04,Moderate,Active,5469.46
902256,NV406924,2026-05,Moderate,Active,5469.46
902256,NV406924,2026-06,Moderate,Active,5469.46
902256,NV406924,2026-07,Moderate,Active,5469.46
902257,NV406926,2026-05,Conservative,Active,3589.05
902257,NV406926,2026-06,Conservative,Active,3589.05
902257,NV406926,2026-07,Conservative,Active,3589.05
902258,NV406929,2026-04,Moderate,Active,2626.57
902258,NV406929,2026-05,Moderate,Active,2626.57
902258,NV406929,2026-06,Moderate,Active,2626.57
902258,NV406929,2026-07,Moderate,Active,2626.57
902259,NV406934,2026-04,Aggressive,Active,5444.14
902259,NV406934,2026-05,Aggressive,Active,5444.14
902259,NV406934,2026-06,Aggressive,Active,5444.14
902259,NV406934,2026-07,Aggressive,Active,5444.14
902260,NV406941,2026-04,Moderate,Paused,0.0
902260,NV406941,2026-05,Moderate,Active,1938.92
902260,NV406941,2026-06,Moderate,Active,1938.92
902260,NV406941,2026-07,Moderate,Active,1938.92
902261,NV406946,2026-04,Moderate,Active,7164.24
902261,NV406946,2026-05,Moderate,Active,7164.24
902261,NV406946,2026-06,Moderate,Active,7164.24
902261,NV406946,2026-07,Moderate,Active,7164.24
902262,NV406946,2026-07,Moderate,Active,2160.56
902263,NV406947,2026-05,Moderate,Active,4177.09
902263,NV406947,2026-06,Moderate,Active,4177.09
902263,NV406947,2026-07,Moderate,Active,4177.09
902264,NV406948,2026-07,Moderate,Active,1419.87
902265,NV406952,2026-04,Aggressive,Active,6482.38
902265,NV406952,2026-05,Aggressive,Active,6482.38
902265,NV406952,2026-06,Aggressive,Active,6482.38
902265,NV406952,2026-07,Aggressive,Active,6482.38
902266,NV406957,2026-04,Conservative,Active,3103.48
902266,NV406957,2026-05,Conservative,Active,3103.48
902266,NV406957,2026-06,Conservative,Active,3103.48
902266,NV406957,2026-07,Conservative,Active,3103.48
902267,NV406960,2026-04,Aggressive,Active,5010.46
902267,NV406960,2026-05,Aggressive,Active,5010.46
902267,NV406960,2026-06,Aggressive,Active,5010.46
902267,NV406960,2026-07,Aggressive,Active,5010.46
902268,NV406962,2026-04,Moderate,Active,4166.93
902268,NV406962,2026-05,Moderate,Active,4166.93
902268,NV406962,2026-06,Moderate,Active,4166.93
902268,NV406962,2026-07,Moderate,Active,4166.93
902269,NV406963,2026-05,Aggressive,Active,2928.35
902269,NV406963,2026-06,Aggressive,Active,2928.35
902269,NV406963,2026-07,Aggressive,Active,2928.35
902270,NV406966,2026-04,Moderate,Active,1836.93
902270,NV406966,2026-05,Moderate,Active,1836.93
902270,NV406966,2026-06,Moderate,Active,1836.93
902270,NV406966,2026-07,Moderate,Active,1836.93
902271,NV406973,2026-04,Moderate,Active,2322.39
902271,NV406973,2026-05,Moderate,Active,2322.39
902271,NV406973,2026-06,Moderate,Cancelled,0.0
902272,NV406975,2026-04,Aggressive,Active,2249.29
902272,NV406975,2026-05,Aggressive,Cancelled,0.0
902273,NV406979,2026-06,Conservative,Active,4355.68
902273,NV406979,2026-07,Conservative,Active,4355.68
902274,NV406980,2026-04,Aggressive,Active,4864.59
902274,NV406980,2026-05,Aggressive,Active,4864.59
902274,NV406980,2026-06,Aggressive,Active,4864.59
902274,NV406980,2026-07,Aggressive,Active,4864.59
902275,NV406981,2026-04,Aggressive,Active,5696.21
902275,NV406981,2026-05,Aggressive,Active,5696.21
902275,NV406981,2026-06,Aggressive,Active,5696.21
902275,NV406981,2026-07,Aggressive,Active,5696.21
902276,NV406984,2026-04,Aggressive,Active,3849.57
902276,NV406984,2026-05,Aggressive,Active,3849.57
902276,NV406984,2026-06,Aggressive,Active,3849.57
902276,NV406984,2026-07,Aggressive,Active,3849.57
902277,NV406986,2026-04,Aggressive,Active,7307.53
902277,NV406986,2026-05,Aggressive,Active,7307.53
902277,NV406986,2026-06,Aggressive,Active,7307.53
902277,NV406986,2026-07,Aggressive,Active,7307.53
902278,NV406988,2026-04,Conservative,Active,2744.49
902278,NV406988,2026-05,Conservative,Active,2744.49
902278,NV406988,2026-06,Conservative,Active,2744.49
902278,NV406988,2026-07,Conservative,Active,2744.49
902279,NV406991,2026-05,Conservative,Active,1244.92
902279,NV406991,2026-06,Conservative,Active,1244.92
902279,NV406991,2026-07,Conservative,Active,1244.92
902280,NV406996,2026-04,Moderate,Cancelled,0.0
902281,NV406996,2026-06,Moderate,Active,760.3
902281,NV406996,2026-07,Moderate,Active,760.3
902282,NV406997,2026-04,Aggressive,Active,1465.84
902282,NV406997,2026-05,Aggressive,Active,1465.84
902282,NV406997,2026-06,Aggressive,Active,1465.84
902282,NV406997,2026-07,Aggressive,Active,1465.84
902283,NV407000,2026-04,Conservative,Active,1561.07
902283,NV407000,2026-05,Conservative,Active,1561.07
902283,NV407000,2026-06,Conservative,Active,1561.07
902283,NV407000,2026-07,Conservative,Active,1561.07
902284,NV407001,2026-04,Moderate,Active,3334.76
902284,NV407001,2026-05,Moderate,Active,3334.76
902284,NV407001,2026-06,Moderate,Active,3334.76
902284,NV407001,2026-07,Moderate,Paused,0.0
902285,NV407002,2026-04,Conservative,Active,2881.97
902285,NV407002,2026-05,Conservative,Paused,0.0
902285,NV407002,2026-06,Conservative,Paused,0.0
902285,NV407002,2026-07,Conservative,Active,2881.97
902286,NV407007,2026-04,Moderate,Active,1208.1
902286,NV407007,2026-05,Moderate,Cancelled,0.0
902287,NV407008,2026-04,Conservative,Active,4651.07
902287,NV407008,2026-05,Conservative,Active,4651.07
902287,NV407008,2026-06,Conservative,Active,4651.07
902287,NV407008,2026-07,Conservative,Active,4651.07
902288,NV407011,2026-04,Conservative,Active,2068.34
902288,NV407011,2026-05,Conservative,Active,2068.34
902288,NV407011,2026-06,Conservative,Paused,0.0
902288,NV407011,2026-07,Conservative,Active,2068.34
902289,NV407012,2026-04,Conservative,Active,1164.49
902289,NV407012,2026-05,Conservative,Paused,0.0
902289,NV407012,2026-06,Conservative,Paused,0.0
902289,NV407012,2026-07,Conservative,Cancelled,0.0
902290,NV407018,2026-04,Moderate,Active,1353.37
902290,NV407018,2026-05,Moderate,Active,1353.37
902290,NV407018,2026-06,Moderate,Active,1353.37
902290,NV407018,2026-07,Moderate,Active,1353.37
902291,NV407021,2026-04,Moderate,Active,4575.29
902291,NV407021,2026-05,Moderate,Active,4575.29
902291,NV407021,2026-06,Moderate,Active,4575.29
902291,NV407021,2026-07,Moderate,Active,4575.29
902292,NV407024,2026-04,Aggressive,Active,1571.4
902292,NV407024,2026-05,Aggressive,Active,1571.4
902292,NV407024,2026-06,Aggressive,Active,1571.4
902292,NV407024,2026-07,Aggressive,Active,1571.4
902293,NV407024,2026-05,Aggressive,Active,2037.8
902293,NV407024,2026-06,Aggressive,Active,2037.8
902293,NV407024,2026-07,Aggressive,Cancelled,0.0
902294,NV407025,2026-04,Moderate,Active,1941.19
902294,NV407025,2026-05,Moderate,Active,1941.19
902294,NV407025,2026-06,Moderate,Active,1941.19
902294,NV407025,2026-07,Moderate,Active,1941.19
902295,NV407027,2026-04,Conservative,Active,4788.62
902295,NV407027,2026-05,Conservative,Active,4788.62
902295,NV407027,2026-06,Conservative,Active,4788.62
902295,NV407027,2026-07,Conservative,Active,4788.62
902296,NV407029,2026-04,Conservative,Active,3205.02
902296,NV407029,2026-05,Conservative,Active,3205.02
902296,NV407029,2026-06,Conservative,Paused,0.0
902296,NV407029,2026-07,Conservative,Active,3205.02
902297,NV407030,2026-04,Aggressive,Active,3654.0
902297,NV407030,2026-05,Aggressive,Cancelled,0.0
902298,NV407032,2026-04,Aggressive,Active,2743.26
902298,NV407032,2026-05,Aggressive,Active,2743.26
902298,NV407032,2026-06,Aggressive,Active,2743.26
902298,NV407032,2026-07,Aggressive,Active,2743.26
902299,NV407033,2026-04,Moderate,Active,2328.84
902299,NV407033,2026-05,Moderate,Active,2328.84
902299,NV407033,2026-06,Moderate,Active,2328.84
902299,NV407033,2026-07,Moderate,Active,2328.84
902300,NV407039,2026-06,Moderate,Active,1829.28
902300,NV407039,2026-07,Moderate,Active,1829.28
902301,NV407045,2026-04,Moderate,Active,7254.85
902301,NV407045,2026-05,Moderate,Paused,0.0
902301,NV407045,2026-06,Moderate,Active,7254.85
902301,NV407045,2026-07,Moderate,Active,7254.85
902302,NV407045,2026-06,Moderate,Active,1650.43
902302,NV407045,2026-07,Moderate,Active,1650.43
902303,NV407048,2026-06,Moderate,Active,1192.84
902303,NV407048,2026-07,Moderate,Active,1192.84
902304,NV407050,2026-04,Conservative,Active,3615.32
902304,NV407050,2026-05,Conservative,Active,3615.32
902304,NV407050,2026-06,Conservative,Active,3615.32
902304,NV407050,2026-07,Conservative,Active,3615.32
902305,NV407051,2026-04,Aggressive,Active,3871.86
902305,NV407051,2026-05,Aggressive,Active,3871.86
902305,NV407051,2026-06,Aggressive,Active,3871.86
902305,NV407051,2026-07,Aggressive,Active,3871.86
902306,NV407052,2026-04,Moderate,Active,2896.46
902306,NV407052,2026-05,Moderate,Active,2896.46
902306,NV407052,2026-06,Moderate,Active,2896.46
902306,NV407052,2026-07,Moderate,Active,2896.46
902307,NV407053,2026-04,Aggressive,Active,4591.21
902307,NV407053,2026-05,Aggressive,Active,4591.21
902307,NV407053,2026-06,Aggressive,Active,4591.21
902307,NV407053,2026-07,Aggressive,Active,4591.21
902308,NV407054,2026-04,Moderate,Active,4189.96
902308,NV407054,2026-05,Moderate,Active,4189.96
902308,NV407054,2026-06,Moderate,Active,4189.96
902308,NV407054,2026-07,Moderate,Active,4189.96
902309,NV407057,2026-04,Aggressive,Active,1679.89
902309,NV407057,2026-05,Aggressive,Active,1679.89
902309,NV407057,2026-06,Aggressive,Active,1679.89
902309,NV407057,2026-07,Aggressive,Active,1679.89
902310,NV407058,2026-04,Conservative,Active,7741.19
902310,NV407058,2026-05,Conservative,Active,7741.19
902310,NV407058,2026-06,Conservative,Cancelled,0.0
902311,NV407062,2026-04,Moderate,Active,6261.77
902311,NV407062,2026-05,Moderate,Active,6261.77
902311,NV407062,2026-06,Moderate,Active,6261.77
902311,NV407062,2026-07,Moderate,Active,6261.77
902312,NV407069,2026-04,Aggressive,Active,4579.13
902312,NV407069,2026-05,Aggressive,Active,4579.13
902312,NV407069,2026-06,Aggressive,Paused,0.0
902312,NV407069,2026-07,Aggressive,Active,4579.13
902313,NV407071,2026-04,Conservative,Paused,0.0
902313,NV407071,2026-05,Conservative,Paused,0.0
902313,NV407071,2026-06,Conservative,Paused,0.0
902313,NV407071,2026-07,Conservative,Active,2656.67
902314,NV407071,2026-05,Conservative,Active,2210.25
902314,NV407071,2026-06,Conservative,Active,2210.25
902314,NV407071,2026-07,Conservative,Paused,0.0
902315,NV407072,2026-04,Moderate,Active,3078.07
902315,NV407072,2026-05,Moderate,Active,3078.07
902315,NV407072,2026-06,Moderate,Active,3078.07
902315,NV407072,2026-07,Moderate,Active,3078.07
902316,NV407073,2026-06,Moderate,Active,2855.63
902316,NV407073,2026-07,Moderate,Active,2855.63
902317,NV407076,2026-05,Moderate,Active,4072.56
902317,NV407076,2026-06,Moderate,Active,4072.56
902317,NV407076,2026-07,Moderate,Active,4072.56
902318,NV407076,2026-05,Moderate,Active,3951.3
902318,NV407076,2026-06,Moderate,Active,3951.3
902318,NV407076,2026-07,Moderate,Active,3951.3
902319,NV407077,2026-04,Aggressive,Active,1448.61
902319,NV407077,2026-05,Aggressive,Active,1448.61
902319,NV407077,2026-06,Aggressive,Paused,0.0
902319,NV407077,2026-07,Aggressive,Active,1448.61
902320,NV407078,2026-04,Conservative,Active,2188.99
902320,NV407078,2026-05,Conservative,Paused,0.0
902320,NV407078,2026-06,Conservative,Active,2188.99
902320,NV407078,2026-07,Conservative,Active,2188.99
902321,NV407079,2026-06,Moderate,Active,1241.53
902321,NV407079,2026-07,Moderate,Active,1241.53
902322,NV407084,2026-07,Moderate,Active,5435.39
902323,NV407089,2026-04,Moderate,Active,2289.32
902323,NV407089,2026-05,Moderate,Active,2289.32
902323,NV407089,2026-06,Moderate,Active,2289.32
902323,NV407089,2026-07,Moderate,Active,2289.32
902324,NV407094,2026-04,Conservative,Active,4519.76
902324,NV407094,2026-05,Conservative,Cancelled,0.0
902325,NV407095,2026-06,Moderate,Cancelled,0.0
902326,NV407101,2026-04,Moderate,Active,1742.67
902326,NV407101,2026-05,Moderate,Active,1742.67
902326,NV407101,2026-06,Moderate,Active,1742.67
902326,NV407101,2026-07,Moderate,Cancelled,0.0
902327,NV407103,2026-04,Conservative,Active,2868.7
902327,NV407103,2026-05,Conservative,Active,2868.7
902327,NV407103,2026-06,Conservative,Paused,0.0
902327,NV407103,2026-07,Conservative,Active,2868.7
902328,NV407112,2026-04,Conservative,Active,1482.41
902328,NV407112,2026-05,Conservative,Active,1482.41
902328,NV407112,2026-06,Conservative,Cancelled,0.0
902329,NV407122,2026-04,Aggressive,Active,4345.28
902329,NV407122,2026-05,Aggressive,Active,4345.28
902329,NV407122,2026-06,Aggressive,Active,4345.28
902329,NV407122,2026-07,Aggressive,Active,4345.28
902330,NV407127,2026-04,Aggressive,Active,3694.84
902330,NV407127,2026-05,Aggressive,Active,3694.84
902330,NV407127,2026-06,Aggressive,Active,3694.84
902330,NV407127,2026-07,Aggressive,Active,3694.84
902331,NV407127,2026-05,Aggressive,Active,5596.91
902331,NV407127,2026-06,Aggressive,Active,5596.91
902331,NV407127,2026-07,Aggressive,Active,5596.91
902332,NV407135,2026-06,Moderate,Active,2437.69
902332,NV407135,2026-07,Moderate,Active,2437.69
902333,NV407138,2026-04,Moderate,Active,4177.54
902333,NV407138,2026-05,Moderate,Active,4177.54
902333,NV407138,2026-06,Moderate,Active,4177.54
902333,NV407138,2026-07,Moderate,Active,4177.54
902334,NV407144,2026-04,Aggressive,Active,4969.73
902334,NV407144,2026-05,Aggressive,Active,4969.73
902334,NV407144,2026-06,Aggressive,Active,4969.73
902334,NV407144,2026-07,Aggressive,Active,4969.73
902335,NV407144,2026-07,Aggressive,Active,4162.13
902336,NV407148,2026-05,Conservative,Active,4506.2
902336,NV407148,2026-06,Conservative,Active,4506.2
902336,NV407148,2026-07,Conservative,Active,4506.2
902337,NV407150,2026-04,Aggressive,Paused,0.0
902337,NV407150,2026-05,Aggressive,Active,10494.64
902337,NV407150,2026-06,Aggressive,Active,10494.64
902337,NV407150,2026-07,Aggressive,Active,10494.64
902338,NV407153,2026-04,Moderate,Active,2390.77
902338,NV407153,2026-05,Moderate,Active,2390.77
902338,NV407153,2026-06,Moderate,Active,2390.77
902338,NV407153,2026-07,Moderate,Active,2390.77
902339,NV407155,2026-04,Conservative,Active,5831.37
902339,NV407155,2026-05,Conservative,Active,5831.37
902339,NV407155,2026-06,Conservative,Active,5831.37
902339,NV407155,2026-07,Conservative,Active,5831.37
902340,NV407159,2026-04,Aggressive,Active,6690.68
902340,NV407159,2026-05,Aggressive,Active,6690.68
902340,NV407159,2026-06,Aggressive,Active,6690.68
902340,NV407159,2026-07,Aggressive,Active,6690.68
902341,NV407170,2026-04,Conservative,Active,1108.35
902341,NV407170,2026-05,Conservative,Active,1108.35
902341,NV407170,2026-06,Conservative,Paused,0.0
902341,NV407170,2026-07,Conservative,Cancelled,0.0
902342,NV407170,2026-06,Conservative,Active,945.52
902342,NV407170,2026-07,Conservative,Active,945.52
902343,NV407176,2026-04,Moderate,Active,1814.47
902343,NV407176,2026-05,Moderate,Active,1814.47
902343,NV407176,2026-06,Moderate,Active,1814.47
902343,NV407176,2026-07,Moderate,Active,1814.47
902344,NV407183,2026-04,Moderate,Paused,0.0
902344,NV407183,2026-05,Moderate,Paused,0.0
902344,NV407183,2026-06,Moderate,Cancelled,0.0
902345,NV407184,2026-04,Conservative,Active,3603.79
902345,NV407184,2026-05,Conservative,Active,3603.79
902345,NV407184,2026-06,Conservative,Active,3603.79
902345,NV407184,2026-07,Conservative,Active,3603.79
902346,NV407187,2026-04,Aggressive,Active,2764.34
902346,NV407187,2026-05,Aggressive,Active,2764.34
902346,NV407187,2026-06,Aggressive,Active,2764.34
902346,NV407187,2026-07,Aggressive,Active,2764.34
902347,NV407191,2026-04,Aggressive,Active,1635.01
902347,NV407191,2026-05,Aggressive,Active,1635.01
902347,NV407191,2026-06,Aggressive,Active,1635.01
902347,NV407191,2026-07,Aggressive,Active,1635.01
902348,NV407192,2026-04,Aggressive,Active,1448.49
902348,NV407192,2026-05,Aggressive,Active,1448.49
902348,NV407192,2026-06,Aggressive,Active,1448.49
902348,NV407192,2026-07,Aggressive,Active,1448.49
902349,NV407192,2026-06,Aggressive,Active,5632.98
902349,NV407192,2026-07,Aggressive,Active,5632.98
902350,NV407194,2026-04,Moderate,Active,2183.78
902350,NV407194,2026-05,Moderate,Paused,0.0
902350,NV407194,2026-06,Moderate,Cancelled,0.0
902351,NV407195,2026-04,Moderate,Active,1742.74
902351,NV407195,2026-05,Moderate,Active,1742.74
902351,NV407195,2026-06,Moderate,Active,1742.74
902351,NV407195,2026-07,Moderate,Active,1742.74
902352,NV407198,2026-04,Moderate,Active,1617.3
902352,NV407198,2026-05,Moderate,Paused,0.0
902352,NV407198,2026-06,Moderate,Active,1617.3
902352,NV407198,2026-07,Moderate,Active,1617.3
902353,NV407199,2026-06,Conservative,Active,3193.31
902353,NV407199,2026-07,Conservative,Active,3193.31
902354,NV407202,2026-04,Moderate,Active,2909.99
902354,NV407202,2026-05,Moderate,Cancelled,0.0
902355,NV407202,2026-07,Moderate,Active,2260.74
902356,NV407205,2026-04,Moderate,Active,4780.32
902356,NV407205,2026-05,Moderate,Active,4780.32
902356,NV407205,2026-06,Moderate,Active,4780.32
902356,NV407205,2026-07,Moderate,Paused,0.0
902357,NV407205,2026-05,Moderate,Paused,0.0
902357,NV407205,2026-06,Moderate,Cancelled,0.0
902358,NV407212,2026-04,Conservative,Active,2722.71
902358,NV407212,2026-05,Conservative,Active,2722.71
902358,NV407212,2026-06,Conservative,Active,2722.71
902358,NV407212,2026-07,Conservative,Active,2722.71
902359,NV407215,2026-04,Conservative,Active,7021.99
902359,NV407215,2026-05,Conservative,Active,7021.99
902359,NV407215,2026-06,Conservative,Active,7021.99
902359,NV407215,2026-07,Conservative,Active,7021.99
902360,NV407216,2026-04,Conservative,Active,1209.43
902360,NV407216,2026-05,Conservative,Cancelled,0.0
902361,NV407219,2026-04,Aggressive,Active,2710.34
902361,NV407219,2026-05,Aggressive,Active,2710.34
902361,NV407219,2026-06,Aggressive,Active,2710.34
902361,NV407219,2026-07,Aggressive,Active,2710.34
902362,NV407221,2026-04,Conservative,Active,6126.81
902362,NV407221,2026-05,Conservative,Active,6126.81
902362,NV407221,2026-06,Conservative,Active,6126.81
902362,NV407221,2026-07,Conservative,Active,6126.81
902363,NV407227,2026-04,Aggressive,Active,5346.58
902363,NV407227,2026-05,Aggressive,Active,5346.58
902363,NV407227,2026-06,Aggressive,Active,5346.58
902363,NV407227,2026-07,Aggressive,Cancelled,0.0
902364,NV407227,2026-05,Aggressive,Active,2580.06
902364,NV407227,2026-06,Aggressive,Active,2580.06
902364,NV407227,2026-07,Aggressive,Active,2580.06
902365,NV407229,2026-06,Aggressive,Active,4100.78
902365,NV407229,2026-07,Aggressive,Active,4100.78
902366,NV407234,2026-04,Conservative,Active,2057.83
902366,NV407234,2026-05,Conservative,Active,2057.83
902366,NV407234,2026-06,Conservative,Active,2057.83
902366,NV407234,2026-07,Conservative,Active,2057.83
902367,NV407235,2026-04,Aggressive,Active,4318.18
902367,NV407235,2026-05,Aggressive,Active,4318.18
902367,NV407235,2026-06,Aggressive,Active,4318.18
902367,NV407235,2026-07,Aggressive,Active,4318.18
902368,NV407235,2026-06,Aggressive,Active,1524.85
902368,NV407235,2026-07,Aggressive,Active,1524.85
902369,NV407242,2026-04,Conservative,Active,2807.09
902369,NV407242,2026-05,Conservative,Active,2807.09
902369,NV407242,2026-06,Conservative,Active,2807.09
902369,NV407242,2026-07,Conservative,Active,2807.09
902370,NV407242,2026-06,Conservative,Active,3946.12
902370,NV407242,2026-07,Conservative,Active,3946.12
902371,NV407250,2026-04,Aggressive,Active,4072.2
902371,NV407250,2026-05,Aggressive,Active,4072.2
902371,NV407250,2026-06,Aggressive,Active,4072.2
902371,NV407250,2026-07,Aggressive,Active,4072.2
902372,NV407269,2026-05,Conservative,Active,997.11
902372,NV407269,2026-06,Conservative,Active,997.11
902372,NV407269,2026-07,Conservative,Active,997.11
902373,NV407276,2026-04,Aggressive,Active,3864.78
902373,NV407276,2026-05,Aggressive,Active,3864.78
902373,NV407276,2026-06,Aggressive,Paused,0.0
902373,NV407276,2026-07,Aggressive,Active,3864.78
902374,NV407276,2026-05,Aggressive,Active,1973.98
902374,NV407276,2026-06,Aggressive,Active,1973.98
902374,NV407276,2026-07,Aggressive,Active,1973.98
902375,NV407280,2026-04,Aggressive,Active,2826.9
902375,NV407280,2026-05,Aggressive,Active,2826.9
902375,NV407280,2026-06,Aggressive,Active,2826.9
902375,NV407280,2026-07,Aggressive,Active,2826.9
902376,NV407282,2026-04,Conservative,Active,1178.6
902376,NV407282,2026-05,Conservative,Cancelled,0.0
902377,NV407283,2026-04,Aggressive,Active,2236.55
902377,NV407283,2026-05,Aggressive,Active,2236.55
902377,NV407283,2026-06,Aggressive,Active,2236.55
902377,NV407283,2026-07,Aggressive,Active,2236.55
902378,NV407288,2026-04,Moderate,Active,1916.38
902378,NV407288,2026-05,Moderate,Active,1916.38
902378,NV407288,2026-06,Moderate,Active,1916.38
902378,NV407288,2026-07,Moderate,Paused,0.0
902379,NV407288,2026-06,Moderate,Active,869.4
902379,NV407288,2026-07,Moderate,Active,869.4
902380,NV407289,2026-04,Aggressive,Active,2255.17
902380,NV407289,2026-05,Aggressive,Active,2255.17
902380,NV407289,2026-06,Aggressive,Cancelled,0.0
902381,NV407300,2026-05,Conservative,Active,2313.36
902381,NV407300,2026-06,Conservative,Cancelled,0.0
902382,NV407305,2026-04,Moderate,Active,10172.78
902382,NV407305,2026-05,Moderate,Active,10172.78
902382,NV407305,2026-06,Moderate,Active,10172.78
902382,NV407305,2026-07,Moderate,Active,10172.78
902383,NV407305,2026-05,Moderate,Active,4511.29
902383,NV407305,2026-06,Moderate,Active,4511.29
902383,NV407305,2026-07,Moderate,Active,4511.29
902384,NV407309,2026-04,Conservative,Active,6459.27
902384,NV407309,2026-05,Conservative,Active,6459.27
902384,NV407309,2026-06,Conservative,Active,6459.27
902384,NV407309,2026-07,Conservative,Active,6459.27
902385,NV407310,2026-04,Conservative,Active,2000.83
902385,NV407310,2026-05,Conservative,Active,2000.83
902385,NV407310,2026-06,Conservative,Active,2000.83
902385,NV407310,2026-07,Conservative,Active,2000.83
902386,NV407312,2026-04,Moderate,Active,3379.97
902386,NV407312,2026-05,Moderate,Active,3379.97
902386,NV407312,2026-06,Moderate,Active,3379.97
902386,NV407312,2026-07,Moderate,Active,3379.97
902387,NV407313,2026-04,Conservative,Active,1591.05
902387,NV407313,2026-05,Conservative,Active,1591.05
902387,NV407313,2026-06,Conservative,Active,1591.05
902387,NV407313,2026-07,Conservative,Active,1591.05
902388,NV407320,2026-04,Aggressive,Active,2910.87
902388,NV407320,2026-05,Aggressive,Active,2910.87
902388,NV407320,2026-06,Aggressive,Active,2910.87
902388,NV407320,2026-07,Aggressive,Active,2910.87
902389,NV407321,2026-04,Aggressive,Active,1933.69
902389,NV407321,2026-05,Aggressive,Active,1933.69
902389,NV407321,2026-06,Aggressive,Active,1933.69
902389,NV407321,2026-07,Aggressive,Active,1933.69
902390,NV407326,2026-04,Aggressive,Active,3149.12
902390,NV407326,2026-05,Aggressive,Active,3149.12
902390,NV407326,2026-06,Aggressive,Active,3149.12
902390,NV407326,2026-07,Aggressive,Active,3149.12
902391,NV407326,2026-06,Aggressive,Active,2319.6
902391,NV407326,2026-07,Aggressive,Active,2319.6
902392,NV407328,2026-04,Aggressive,Active,2988.49
902392,NV407328,2026-05,Aggressive,Active,2988.49
902392,NV407328,2026-06,Aggressive,Active,2988.49
902392,NV407328,2026-07,Aggressive,Active,2988.49
902393,NV407330,2026-04,Aggressive,Active,2525.59
902393,NV407330,2026-05,Aggressive,Active,2525.59
902393,NV407330,2026-06,Aggressive,Active,2525.59
902393,NV407330,2026-07,Aggressive,Active,2525.59
902394,NV407331,2026-04,Aggressive,Active,2643.31
902394,NV407331,2026-05,Aggressive,Active,2643.31
902394,NV407331,2026-06,Aggressive,Active,2643.31
902394,NV407331,2026-07,Aggressive,Active,2643.31
902395,NV407332,2026-05,Aggressive,Active,3055.68
902395,NV407332,2026-06,Aggressive,Active,3055.68
902395,NV407332,2026-07,Aggressive,Active,3055.68
902396,NV407332,2026-06,Aggressive,Active,2931.68
902396,NV407332,2026-07,Aggressive,Active,2931.68
902397,NV407334,2026-04,Moderate,Active,2242.44
902397,NV407334,2026-05,Moderate,Paused,0.0
902397,NV407334,2026-06,Moderate,Paused,0.0
902397,NV407334,2026-07,Moderate,Active,2242.44
902398,NV407336,2026-04,Conservative,Active,7546.0
902398,NV407336,2026-05,Conservative,Active,7546.0
902398,NV407336,2026-06,Conservative,Active,7546.0
902398,NV407336,2026-07,Conservative,Active,7546.0
902399,NV407345,2026-05,Moderate,Active,1705.07
902399,NV407345,2026-06,Moderate,Active,1705.07
902399,NV407345,2026-07,Moderate,Active,1705.07
902400,NV407347,2026-04,Moderate,Active,7148.78
902400,NV407347,2026-05,Moderate,Active,7148.78
902400,NV407347,2026-06,Moderate,Paused,0.0
902400,NV407347,2026-07,Moderate,Active,7148.78
902401,NV407348,2026-04,Moderate,Active,2855.67
902401,NV407348,2026-05,Moderate,Active,2855.67
902401,NV407348,2026-06,Moderate,Active,2855.67
902401,NV407348,2026-07,Moderate,Active,2855.67
902402,NV407348,2026-06,Moderate,Paused,0.0
902402,NV407348,2026-07,Moderate,Active,919.15
902403,NV407351,2026-07,Moderate,Active,4227.56
902404,NV407356,2026-07,Aggressive,Active,2232.94
902405,NV407369,2026-04,Moderate,Active,1096.7
902405,NV407369,2026-05,Moderate,Active,1096.7
902405,NV407369,2026-06,Moderate,Active,1096.7
902405,NV407369,2026-07,Moderate,Active,1096.7
902406,NV407370,2026-05,Conservative,Active,1721.77
902406,NV407370,2026-06,Conservative,Paused,0.0
902406,NV407370,2026-07,Conservative,Active,1721.77
902407,NV407371,2026-04,Conservative,Active,2720.0
902407,NV407371,2026-05,Conservative,Active,2720.0
902407,NV407371,2026-06,Conservative,Paused,0.0
902407,NV407371,2026-07,Conservative,Active,2720.0
902408,NV407375,2026-04,Conservative,Active,903.43
902408,NV407375,2026-05,Conservative,Active,903.43
902408,NV407375,2026-06,Conservative,Active,903.43
902408,NV407375,2026-07,Conservative,Active,903.43
902409,NV407378,2026-04,Moderate,Active,2050.57
902409,NV407378,2026-05,Moderate,Active,2050.57
902409,NV407378,2026-06,Moderate,Active,2050.57
902409,NV407378,2026-07,Moderate,Active,2050.57
902410,NV407379,2026-04,Conservative,Active,2658.61
902410,NV407379,2026-05,Conservative,Active,2658.61
902410,NV407379,2026-06,Conservative,Active,2658.61
902410,NV407379,2026-07,Conservative,Active,2658.61
902411,NV407380,2026-04,Moderate,Active,1636.12
902411,NV407380,2026-05,Moderate,Active,1636.12
902411,NV407380,2026-06,Moderate,Active,1636.12
902411,NV407380,2026-07,Moderate,Active,1636.12
902412,NV407382,2026-04,Aggressive,Active,2874.55
902412,NV407382,2026-05,Aggressive,Active,2874.55
902412,NV407382,2026-06,Aggressive,Active,2874.55
902412,NV407382,2026-07,Aggressive,Active,2874.55
902413,NV407394,2026-04,Moderate,Active,2446.43
902413,NV407394,2026-05,Moderate,Active,2446.43
902413,NV407394,2026-06,Moderate,Active,2446.43
902413,NV407394,2026-07,Moderate,Active,2446.43
902414,NV407396,2026-04,Aggressive,Active,972.77
902414,NV407396,2026-05,Aggressive,Active,972.77
902414,NV407396,2026-06,Aggressive,Active,972.77
902414,NV407396,2026-07,Aggressive,Active,972.77
902415,NV407396,2026-05,Aggressive,Active,2100.72
902415,NV407396,2026-06,Aggressive,Active,2100.72
902415,NV407396,2026-07,Aggressive,Active,2100.72
902416,NV407405,2026-04,Moderate,Active,3047.77
902416,NV407405,2026-05,Moderate,Active,3047.77
902416,NV407405,2026-06,Moderate,Active,3047.77
902416,NV407405,2026-07,Moderate,Active,3047.77
902417,NV407406,2026-04,Aggressive,Active,3498.18
902417,NV407406,2026-05,Aggressive,Active,3498.18
902417,NV407406,2026-06,Aggressive,Active,3498.18
902417,NV407406,2026-07,Aggressive,Active,3498.18
902418,NV407408,2026-04,Moderate,Active,2230.47
902418,NV407408,2026-05,Moderate,Active,2230.47
902418,NV407408,2026-06,Moderate,Active,2230.47
902418,NV407408,2026-07,Moderate,Active,2230.47
902419,NV407408,2026-06,Moderate,Active,4445.32
902419,NV407408,2026-07,Moderate,Active,4445.32
902420,NV407414,2026-04,Aggressive,Active,3284.63
902420,NV407414,2026-05,Aggressive,Active,3284.63
902420,NV407414,2026-06,Aggressive,Active,3284.63
902420,NV407414,2026-07,Aggressive,Active,3284.63
902421,NV407414,2026-06,Aggressive,Active,5220.49
902421,NV407414,2026-07,Aggressive,Active,5220.49
902422,NV407422,2026-04,Conservative,Active,1629.16
902422,NV407422,2026-05,Conservative,Active,1629.16
902422,NV407422,2026-06,Conservative,Active,1629.16
902422,NV407422,2026-07,Conservative,Active,1629.16
902423,NV407425,2026-04,Moderate,Active,3581.62
902423,NV407425,2026-05,Moderate,Active,3581.62
902423,NV407425,2026-06,Moderate,Active,3581.62
902423,NV407425,2026-07,Moderate,Active,3581.62
902424,NV407432,2026-04,Conservative,Active,2904.95
902424,NV407432,2026-05,Conservative,Active,2904.95
902424,NV407432,2026-06,Conservative,Active,2904.95
902424,NV407432,2026-07,Conservative,Paused,0.0
902425,NV407435,2026-04,Moderate,Active,2795.49
902425,NV407435,2026-05,Moderate,Active,2795.49
902425,NV407435,2026-06,Moderate,Active,2795.49
902425,NV407435,2026-07,Moderate,Active,2795.49
902426,NV407435,2026-05,Moderate,Active,4524.76
902426,NV407435,2026-06,Moderate,Active,4524.76
902426,NV407435,2026-07,Moderate,Active,4524.76
902427,NV407437,2026-04,Moderate,Active,3211.73
902427,NV407437,2026-05,Moderate,Cancelled,0.0
902428,NV407449,2026-04,Moderate,Active,881.21
902428,NV407449,2026-05,Moderate,Paused,0.0
902428,NV407449,2026-06,Moderate,Active,881.21
902428,NV407449,2026-07,Moderate,Active,881.21
902429,NV407454,2026-04,Aggressive,Active,3141.65
902429,NV407454,2026-05,Aggressive,Active,3141.65
902429,NV407454,2026-06,Aggressive,Active,3141.65
902429,NV407454,2026-07,Aggressive,Active,3141.65
902430,NV407454,2026-06,Aggressive,Active,1070.71
902430,NV407454,2026-07,Aggressive,Active,1070.71
902431,NV407459,2026-04,Aggressive,Active,7288.08
902431,NV407459,2026-05,Aggressive,Active,7288.08
902431,NV407459,2026-06,Aggressive,Active,7288.08
902431,NV407459,2026-07,Aggressive,Active,7288.08
902432,NV407462,2026-04,Conservative,Active,2979.15
902432,NV407462,2026-05,Conservative,Active,2979.15
902432,NV407462,2026-06,Conservative,Active,2979.15
902432,NV407462,2026-07,Conservative,Active,2979.15
902433,NV407472,2026-04,Moderate,Active,699.23
902433,NV407472,2026-05,Moderate,Active,699.23
902433,NV407472,2026-06,Moderate,Active,699.23
902433,NV407472,2026-07,Moderate,Active,699.23
902434,NV407474,2026-04,Moderate,Active,2579.83
902434,NV407474,2026-05,Moderate,Active,2579.83
902434,NV407474,2026-06,Moderate,Cancelled,0.0
902435,NV407477,2026-04,Moderate,Active,5042.93
902435,NV407477,2026-05,Moderate,Active,5042.93
902435,NV407477,2026-06,Moderate,Active,5042.93
902435,NV407477,2026-07,Moderate,Active,5042.93
902436,NV407477,2026-05,Moderate,Active,3565.91
902436,NV407477,2026-06,Moderate,Active,3565.91
902436,NV407477,2026-07,Moderate,Active,3565.91
902437,NV407492,2026-04,Conservative,Active,1466.99
902437,NV407492,2026-05,Conservative,Cancelled,0.0
902438,NV407505,2026-04,Moderate,Active,2339.63
902438,NV407505,2026-05,Moderate,Active,2339.63
902438,NV407505,2026-06,Moderate,Active,2339.63
902438,NV407505,2026-07,Moderate,Active,2339.63
902439,NV407505,2026-05,Moderate,Active,1880.13
902439,NV407505,2026-06,Moderate,Active,1880.13
902439,NV407505,2026-07,Moderate,Active,1880.13
902440,NV407507,2026-04,Aggressive,Active,1121.66
902440,NV407507,2026-05,Aggressive,Active,1121.66
902440,NV407507,2026-06,Aggressive,Active,1121.66
902440,NV407507,2026-07,Aggressive,Active,1121.66
902441,NV407510,2026-04,Moderate,Active,5318.06
902441,NV407510,2026-05,Moderate,Active,5318.06
902441,NV407510,2026-06,Moderate,Paused,0.0
902441,NV407510,2026-07,Moderate,Active,5318.06
902442,NV407512,2026-04,Moderate,Active,3667.87
902442,NV407512,2026-05,Moderate,Active,3667.87
902442,NV407512,2026-06,Moderate,Active,3667.87
902442,NV407512,2026-07,Moderate,Active,3667.87
902443,NV407516,2026-04,Moderate,Active,2458.91
902443,NV407516,2026-05,Moderate,Active,2458.91
902443,NV407516,2026-06,Moderate,Paused,0.0
902443,NV407516,2026-07,Moderate,Cancelled,0.0
902444,NV407519,2026-04,Conservative,Paused,0.0
902444,NV407519,2026-05,Conservative,Paused,0.0
902444,NV407519,2026-06,Conservative,Paused,0.0
902444,NV407519,2026-07,Conservative,Cancelled,0.0
902445,NV407519,2026-06,Conservative,Active,2063.66
902445,NV407519,2026-07,Conservative,Active,2063.66
902446,NV407524,2026-04,Moderate,Active,3940.44
902446,NV407524,2026-05,Moderate,Active,3940.44
902446,NV407524,2026-06,Moderate,Active,3940.44
902446,NV407524,2026-07,Moderate,Active,3940.44
902447,NV407526,2026-04,Aggressive,Active,1864.18
902447,NV407526,2026-05,Aggressive,Active,1864.18
902447,NV407526,2026-06,Aggressive,Active,1864.18
902447,NV407526,2026-07,Aggressive,Active,1864.18
902448,NV407526,2026-07,Aggressive,Active,3352.39
902449,NV407527,2026-04,Aggressive,Active,1231.69
902449,NV407527,2026-05,Aggressive,Active,1231.69
902449,NV407527,2026-06,Aggressive,Active,1231.69
902449,NV407527,2026-07,Aggressive,Cancelled,0.0
902450,NV407529,2026-04,Conservative,Active,5636.05
902450,NV407529,2026-05,Conservative,Active,5636.05
902450,NV407529,2026-06,Conservative,Active,5636.05
902450,NV407529,2026-07,Conservative,Active,5636.05
902451,NV407529,2026-07,Conservative,Active,893.54
902452,NV407530,2026-04,Aggressive,Active,1557.64
902452,NV407530,2026-05,Aggressive,Active,1557.64
902452,NV407530,2026-06,Aggressive,Active,1557.64
902452,NV407530,2026-07,Aggressive,Active,1557.64
902453,NV407530,2026-06,Aggressive,Active,6158.04
902453,NV407530,2026-07,Aggressive,Active,6158.04
902454,NV407532,2026-04,Conservative,Active,1220.5
902454,NV407532,2026-05,Conservative,Active,1220.5
902454,NV407532,2026-06,Conservative,Active,1220.5
902454,NV407532,2026-07,Conservative,Active,1220.5
902455,NV407532,2026-07,Conservative,Active,8067.3
902456,NV407540,2026-04,Conservative,Active,4636.37
902456,NV407540,2026-05,Conservative,Active,4636.37
902456,NV407540,2026-06,Conservative,Paused,0.0
902456,NV407540,2026-07,Conservative,Active,4636.37
902457,NV407543,2026-04,Conservative,Active,2600.75
902457,NV407543,2026-05,Conservative,Paused,0.0
902457,NV407543,2026-06,Conservative,Cancelled,0.0
902458,NV407544,2026-04,Conservative,Active,3462.53
902458,NV407544,2026-05,Conservative,Active,3462.53
902458,NV407544,2026-06,Conservative,Active,3462.53
902458,NV407544,2026-07,Conservative,Active,3462.53
902459,NV407547,2026-04,Aggressive,Active,7588.71
902459,NV407547,2026-05,Aggressive,Active,7588.71
902459,NV407547,2026-06,Aggressive,Active,7588.71
902459,NV407547,2026-07,Aggressive,Active,7588.71
902460,NV407549,2026-04,Moderate,Cancelled,0.0
902461,NV407556,2026-04,Conservative,Active,901.27
902461,NV407556,2026-05,Conservative,Active,901.27
902461,NV407556,2026-06,Conservative,Active,901.27
902461,NV407556,2026-07,Conservative,Active,901.27
902462,NV407562,2026-04,Moderate,Active,2978.28
902462,NV407562,2026-05,Moderate,Active,2978.28
902462,NV407562,2026-06,Moderate,Active,2978.28
902462,NV407562,2026-07,Moderate,Active,2978.28
902463,NV407569,2026-04,Aggressive,Active,1758.18
902463,NV407569,2026-05,Aggressive,Active,1758.18
902463,NV407569,2026-06,Aggressive,Paused,0.0
902463,NV407569,2026-07,Aggressive,Active,1758.18
902464,NV407573,2026-04,Moderate,Active,3378.37
902464,NV407573,2026-05,Moderate,Active,3378.37
902464,NV407573,2026-06,Moderate,Active,3378.37
902464,NV407573,2026-07,Moderate,Active,3378.37
902465,NV407574,2026-04,Aggressive,Active,2969.26
902465,NV407574,2026-05,Aggressive,Active,2969.26
902465,NV407574,2026-06,Aggressive,Active,2969.26
902465,NV407574,2026-07,Aggressive,Paused,0.0
902466,NV407582,2026-04,Moderate,Active,1060.1
902466,NV407582,2026-05,Moderate,Active,1060.1
902466,NV407582,2026-06,Moderate,Active,1060.1
902466,NV407582,2026-07,Moderate,Active,1060.1
902467,NV407585,2026-04,Moderate,Active,4250.91
902467,NV407585,2026-05,Moderate,Paused,0.0
902467,NV407585,2026-06,Moderate,Paused,0.0
902467,NV407585,2026-07,Moderate,Active,4250.91
902468,NV407586,2026-04,Moderate,Active,2092.46
902468,NV407586,2026-05,Moderate,Cancelled,0.0
902469,NV407586,2026-05,Moderate,Active,3118.43
902469,NV407586,2026-06,Moderate,Active,3118.43
902469,NV407586,2026-07,Moderate,Active,3118.43
902470,NV407587,2026-04,Moderate,Active,4294.89
902470,NV407587,2026-05,Moderate,Active,4294.89
902470,NV407587,2026-06,Moderate,Active,4294.89
902470,NV407587,2026-07,Moderate,Active,4294.89
902471,NV407589,2026-04,Conservative,Active,2845.82
902471,NV407589,2026-05,Conservative,Active,2845.82
902471,NV407589,2026-06,Conservative,Active,2845.82
902471,NV407589,2026-07,Conservative,Active,2845.82
902472,NV407592,2026-04,Aggressive,Active,3791.08
902472,NV407592,2026-05,Aggressive,Active,3791.08
902472,NV407592,2026-06,Aggressive,Active,3791.08
902472,NV407592,2026-07,Aggressive,Active,3791.08
902473,NV407594,2026-04,Aggressive,Active,3583.09
902473,NV407594,2026-05,Aggressive,Active,3583.09
902473,NV407594,2026-06,Aggressive,Active,3583.09
902473,NV407594,2026-07,Aggressive,Paused,0.0
902474,NV407595,2026-04,Moderate,Active,5156.82
902474,NV407595,2026-05,Moderate,Active,5156.82
902474,NV407595,2026-06,Moderate,Active,5156.82
902474,NV407595,2026-07,Moderate,Active,5156.82
902475,NV407599,2026-04,Aggressive,Active,1833.28
902475,NV407599,2026-05,Aggressive,Active,1833.28
902475,NV407599,2026-06,Aggressive,Active,1833.28
902475,NV407599,2026-07,Aggressive,Active,1833.28
902476,NV407601,2026-04,Aggressive,Active,1770.86
902476,NV407601,2026-05,Aggressive,Active,1770.86
902476,NV407601,2026-06,Aggressive,Active,1770.86
902476,NV407601,2026-07,Aggressive,Active,1770.86
902477,NV407602,2026-04,Conservative,Active,1190.16
902477,NV407602,2026-05,Conservative,Active,1190.16
902477,NV407602,2026-06,Conservative,Active,1190.16
902477,NV407602,2026-07,Conservative,Active,1190.16
902478,NV407603,2026-04,Conservative,Active,2240.53
902478,NV407603,2026-05,Conservative,Active,2240.53
902478,NV407603,2026-06,Conservative,Active,2240.53
902478,NV407603,2026-07,Conservative,Active,2240.53
902479,NV407608,2026-07,Moderate,Active,670.54
902480,NV407610,2026-06,Aggressive,Active,2583.48
902480,NV407610,2026-07,Aggressive,Active,2583.48
902481,NV407618,2026-04,Aggressive,Active,1682.72
902481,NV407618,2026-05,Aggressive,Active,1682.72
902481,NV407618,2026-06,Aggressive,Active,1682.72
902481,NV407618,2026-07,Aggressive,Paused,0.0
902482,NV407618,2026-06,Aggressive,Active,1300.89
902482,NV407618,2026-07,Aggressive,Active,1300.89
902483,NV407619,2026-04,Conservative,Active,2768.67
902483,NV407619,2026-05,Conservative,Active,2768.67
902483,NV407619,2026-06,Conservative,Active,2768.67
902483,NV407619,2026-07,Conservative,Active,2768.67
902484,NV407621,2026-04,Moderate,Active,9636.4
902484,NV407621,2026-05,Moderate,Active,9636.4
902484,NV407621,2026-06,Moderate,Active,9636.4
902484,NV407621,2026-07,Moderate,Active,9636.4
902485,NV407627,2026-04,Moderate,Active,6988.79
902485,NV407627,2026-05,Moderate,Paused,0.0
902485,NV407627,2026-06,Moderate,Paused,0.0
902485,NV407627,2026-07,Moderate,Active,6988.79
902486,NV407634,2026-06,Aggressive,Active,1616.41
902486,NV407634,2026-07,Aggressive,Active,1616.41
902487,NV407635,2026-05,Moderate,Active,3595.56
902487,NV407635,2026-06,Moderate,Active,3595.56
902487,NV407635,2026-07,Moderate,Active,3595.56
902488,NV407637,2026-05,Conservative,Paused,0.0
902488,NV407637,2026-06,Conservative,Active,1775.2
902488,NV407637,2026-07,Conservative,Active,1775.2
902489,NV407639,2026-04,Aggressive,Active,4361.48
902489,NV407639,2026-05,Aggressive,Active,4361.48
902489,NV407639,2026-06,Aggressive,Active,4361.48
902489,NV407639,2026-07,Aggressive,Active,4361.48
902490,NV407640,2026-04,Conservative,Active,3209.38
902490,NV407640,2026-05,Conservative,Active,3209.38
902490,NV407640,2026-06,Conservative,Active,3209.38
902490,NV407640,2026-07,Conservative,Active,3209.38
902491,NV407644,2026-04,Aggressive,Active,1595.81
902491,NV407644,2026-05,Aggressive,Active,1595.81
902491,NV407644,2026-06,Aggressive,Active,1595.81
902491,NV407644,2026-07,Aggressive,Active,1595.81
902492,NV407646,2026-04,Moderate,Active,10320.34
902492,NV407646,2026-05,Moderate,Active,10320.34
902492,NV407646,2026-06,Moderate,Active,10320.34
902492,NV407646,2026-07,Moderate,Active,10320.34
902493,NV407646,2026-07,Moderate,Active,1130.39
902494,NV407649,2026-04,Conservative,Active,2664.57
902494,NV407649,2026-05,Conservative,Active,2664.57
902494,NV407649,2026-06,Conservative,Active,2664.57
902494,NV407649,2026-07,Conservative,Active,2664.57
902495,NV407650,2026-04,Conservative,Paused,0.0
902495,NV407650,2026-05,Conservative,Paused,0.0
902495,NV407650,2026-06,Conservative,Active,1228.42
902495,NV407650,2026-07,Conservative,Active,1228.42
902496,NV407654,2026-04,Conservative,Active,3046.51
902496,NV407654,2026-05,Conservative,Paused,0.0
902496,NV407654,2026-06,Conservative,Cancelled,0.0
902497,NV407659,2026-04,Moderate,Active,6742.37
902497,NV407659,2026-05,Moderate,Paused,0.0
902497,NV407659,2026-06,Moderate,Paused,0.0
902497,NV407659,2026-07,Moderate,Active,6742.37
902498,NV407659,2026-06,Moderate,Active,1916.27
902498,NV407659,2026-07,Moderate,Active,1916.27
902499,NV407665,2026-06,Moderate,Active,1339.08
902499,NV407665,2026-07,Moderate,Active,1339.08
902500,NV407667,2026-04,Aggressive,Active,3215.37
902500,NV407667,2026-05,Aggressive,Active,3215.37
902500,NV407667,2026-06,Aggressive,Active,3215.37
902500,NV407667,2026-07,Aggressive,Active,3215.37
902501,NV407667,2026-05,Aggressive,Active,4154.39
902501,NV407667,2026-06,Aggressive,Active,4154.39
902501,NV407667,2026-07,Aggressive,Paused,0.0
902502,NV407668,2026-04,Moderate,Active,4432.72
902502,NV407668,2026-05,Moderate,Active,4432.72
902502,NV407668,2026-06,Moderate,Active,4432.72
902502,NV407668,2026-07,Moderate,Active,4432.72
902503,NV407671,2026-04,Conservative,Active,8481.04
902503,NV407671,2026-05,Conservative,Active,8481.04
902503,NV407671,2026-06,Conservative,Active,8481.04
902503,NV407671,2026-07,Conservative,Active,8481.04
902504,NV407679,2026-04,Aggressive,Active,2877.13
902504,NV407679,2026-05,Aggressive,Active,2877.13
902504,NV407679,2026-06,Aggressive,Active,2877.13
902504,NV407679,2026-07,Aggressive,Active,2877.13
902505,NV407679,2026-06,Aggressive,Active,3016.93
902505,NV407679,2026-07,Aggressive,Active,3016.93
902506,NV407680,2026-04,Aggressive,Active,1840.66
902506,NV407680,2026-05,Aggressive,Active,1840.66
902506,NV407680,2026-06,Aggressive,Paused,0.0
902506,NV407680,2026-07,Aggressive,Active,1840.66
902507,NV407681,2026-04,Aggressive,Active,2944.42
902507,NV407681,2026-05,Aggressive,Active,2944.42
902507,NV407681,2026-06,Aggressive,Active,2944.42
902507,NV407681,2026-07,Aggressive,Active,2944.42
902508,NV407685,2026-04,Moderate,Active,1922.33
902508,NV407685,2026-05,Moderate,Active,1922.33
902508,NV407685,2026-06,Moderate,Active,1922.33
902508,NV407685,2026-07,Moderate,Active,1922.33
902509,NV407688,2026-04,Moderate,Active,1237.76
902509,NV407688,2026-05,Moderate,Active,1237.76
902509,NV407688,2026-06,Moderate,Paused,0.0
902509,NV407688,2026-07,Moderate,Active,1237.76
902510,NV407689,2026-04,Aggressive,Active,1270.91
902510,NV407689,2026-05,Aggressive,Active,1270.91
902510,NV407689,2026-06,Aggressive,Active,1270.91
902510,NV407689,2026-07,Aggressive,Active,1270.91
902511,NV407695,2026-04,Moderate,Active,2863.51
902511,NV407695,2026-05,Moderate,Paused,0.0
902511,NV407695,2026-06,Moderate,Paused,0.0
902511,NV407695,2026-07,Moderate,Active,2863.51
902512,NV407700,2026-04,Aggressive,Active,4925.3
902512,NV407700,2026-05,Aggressive,Active,4925.3
902512,NV407700,2026-06,Aggressive,Active,4925.3
902512,NV407700,2026-07,Aggressive,Active,4925.3
902513,NV407710,2026-04,Conservative,Active,2641.07
902513,NV407710,2026-05,Conservative,Active,2641.07
902513,NV407710,2026-06,Conservative,Active,2641.07
902513,NV407710,2026-07,Conservative,Active,2641.07
902514,NV407712,2026-04,Conservative,Active,4503.23
902514,NV407712,2026-05,Conservative,Active,4503.23
902514,NV407712,2026-06,Conservative,Active,4503.23
902514,NV407712,2026-07,Conservative,Active,4503.23
902515,NV407718,2026-04,Conservative,Active,2162.14
902515,NV407718,2026-05,Conservative,Active,2162.14
902515,NV407718,2026-06,Conservative,Active,2162.14
902515,NV407718,2026-07,Conservative,Active,2162.14
902516,NV407720,2026-04,Conservative,Active,2789.19
902516,NV407720,2026-05,Conservative,Active,2789.19
902516,NV407720,2026-06,Conservative,Active,2789.19
902516,NV407720,2026-07,Conservative,Active,2789.19
902517,NV407721,2026-05,Aggressive,Active,4567.89
902517,NV407721,2026-06,Aggressive,Active,4567.89
902517,NV407721,2026-07,Aggressive,Active,4567.89
902518,NV407725,2026-04,Moderate,Active,1748.77
902518,NV407725,2026-05,Moderate,Active,1748.77
902518,NV407725,2026-06,Moderate,Active,1748.77
902518,NV407725,2026-07,Moderate,Active,1748.77
902519,NV407727,2026-04,Moderate,Active,5092.75
902519,NV407727,2026-05,Moderate,Active,5092.75
902519,NV407727,2026-06,Moderate,Active,5092.75
902519,NV407727,2026-07,Moderate,Active,5092.75
902520,NV407731,2026-04,Moderate,Active,1691.21
902520,NV407731,2026-05,Moderate,Active,1691.21
902520,NV407731,2026-06,Moderate,Active,1691.21
902520,NV407731,2026-07,Moderate,Active,1691.21
902521,NV407732,2026-04,Conservative,Active,4438.59
902521,NV407732,2026-05,Conservative,Active,4438.59
902521,NV407732,2026-06,Conservative,Active,4438.59
902521,NV407732,2026-07,Conservative,Active,4438.59
902522,NV407739,2026-04,Moderate,Active,3950.66
902522,NV407739,2026-05,Moderate,Active,3950.66
902522,NV407739,2026-06,Moderate,Active,3950.66
902522,NV407739,2026-07,Moderate,Active,3950.66
902523,NV407747,2026-06,Moderate,Active,2734.69
902523,NV407747,2026-07,Moderate,Active,2734.69
902524,NV407752,2026-04,Moderate,Active,12485.12
902524,NV407752,2026-05,Moderate,Active,12485.12
902524,NV407752,2026-06,Moderate,Active,12485.12
902524,NV407752,2026-07,Moderate,Active,12485.12
902525,NV407754,2026-04,Aggressive,Active,2648.36
902525,NV407754,2026-05,Aggressive,Active,2648.36
902525,NV407754,2026-06,Aggressive,Active,2648.36
902525,NV407754,2026-07,Aggressive,Active,2648.36
902526,NV407755,2026-04,Moderate,Active,3733.17
902526,NV407755,2026-05,Moderate,Active,3733.17
902526,NV407755,2026-06,Moderate,Active,3733.17
902526,NV407755,2026-07,Moderate,Active,3733.17
902527,NV407757,2026-04,Moderate,Active,728.79
902527,NV407757,2026-05,Moderate,Active,728.79
902527,NV407757,2026-06,Moderate,Active,728.79
902527,NV407757,2026-07,Moderate,Active,728.79
902528,NV407758,2026-04,Moderate,Active,2497.46
902528,NV407758,2026-05,Moderate,Paused,0.0
902528,NV407758,2026-06,Moderate,Paused,0.0
902528,NV407758,2026-07,Moderate,Active,2497.46
902529,NV407761,2026-07,Conservative,Active,1457.07
902530,NV407764,2026-04,Aggressive,Active,4065.74
902530,NV407764,2026-05,Aggressive,Cancelled,0.0
902531,NV407768,2026-04,Aggressive,Active,2118.43
902531,NV407768,2026-05,Aggressive,Active,2118.43
902531,NV407768,2026-06,Aggressive,Active,2118.43
902531,NV407768,2026-07,Aggressive,Active,2118.43
902532,NV407773,2026-04,Aggressive,Active,8711.37
902532,NV407773,2026-05,Aggressive,Active,8711.37
902532,NV407773,2026-06,Aggressive,Active,8711.37
902532,NV407773,2026-07,Aggressive,Active,8711.37
902533,NV407774,2026-04,Moderate,Active,3201.74
902533,NV407774,2026-05,Moderate,Active,3201.74
902533,NV407774,2026-06,Moderate,Active,3201.74
902533,NV407774,2026-07,Moderate,Active,3201.74
902534,NV407776,2026-04,Moderate,Active,6311.87
902534,NV407776,2026-05,Moderate,Active,6311.87
902534,NV407776,2026-06,Moderate,Active,6311.87
902534,NV407776,2026-07,Moderate,Active,6311.87
902535,NV407783,2026-04,Moderate,Active,1422.25
902535,NV407783,2026-05,Moderate,Active,1422.25
902535,NV407783,2026-06,Moderate,Active,1422.25
902535,NV407783,2026-07,Moderate,Active,1422.25
902536,NV407794,2026-04,Moderate,Active,2698.59
902536,NV407794,2026-05,Moderate,Paused,0.0
902536,NV407794,2026-06,Moderate,Active,2698.59
902536,NV407794,2026-07,Moderate,Active,2698.59
902537,NV407794,2026-05,Moderate,Active,4676.17
902537,NV407794,2026-06,Moderate,Active,4676.17
902537,NV407794,2026-07,Moderate,Active,4676.17
902538,NV407799,2026-04,Aggressive,Active,5747.35
902538,NV407799,2026-05,Aggressive,Active,5747.35
902538,NV407799,2026-06,Aggressive,Paused,0.0
902538,NV407799,2026-07,Aggressive,Active,5747.35
902539,NV407805,2026-04,Conservative,Active,1992.85
902539,NV407805,2026-05,Conservative,Active,1992.85
902539,NV407805,2026-06,Conservative,Active,1992.85
902539,NV407805,2026-07,Conservative,Active,1992.85
902540,NV407808,2026-04,Moderate,Active,1756.04
902540,NV407808,2026-05,Moderate,Active,1756.04
902540,NV407808,2026-06,Moderate,Active,1756.04
902540,NV407808,2026-07,Moderate,Active,1756.04
902541,NV407810,2026-06,Aggressive,Active,2324.54
902541,NV407810,2026-07,Aggressive,Active,2324.54
902542,NV407812,2026-05,Moderate,Paused,0.0
902542,NV407812,2026-06,Moderate,Cancelled,0.0
902543,NV407815,2026-04,Conservative,Active,3526.08
902543,NV407815,2026-05,Conservative,Active,3526.08
902543,NV407815,2026-06,Conservative,Active,3526.08
902543,NV407815,2026-07,Conservative,Active,3526.08
902544,NV407816,2026-04,Aggressive,Active,2649.73
902544,NV407816,2026-05,Aggressive,Active,2649.73
902544,NV407816,2026-06,Aggressive,Active,2649.73
902544,NV407816,2026-07,Aggressive,Active,2649.73
902545,NV407818,2026-04,Moderate,Active,3778.92
902545,NV407818,2026-05,Moderate,Active,3778.92
902545,NV407818,2026-06,Moderate,Active,3778.92
902545,NV407818,2026-07,Moderate,Active,3778.92
902546,NV407819,2026-04,Conservative,Active,2063.99
902546,NV407819,2026-05,Conservative,Active,2063.99
902546,NV407819,2026-06,Conservative,Active,2063.99
902546,NV407819,2026-07,Conservative,Active,2063.99
902547,NV407819,2026-06,Conservative,Active,4122.11
902547,NV407819,2026-07,Conservative,Active,4122.11
902548,NV407821,2026-04,Moderate,Active,1604.81
902548,NV407821,2026-05,Moderate,Paused,0.0
902548,NV407821,2026-06,Moderate,Cancelled,0.0
902549,NV407822,2026-04,Conservative,Active,3650.8
902549,NV407822,2026-05,Conservative,Active,3650.8
902549,NV407822,2026-06,Conservative,Paused,0.0
902549,NV407822,2026-07,Conservative,Active,3650.8
902550,NV407822,2026-05,Conservative,Active,5596.14
902550,NV407822,2026-06,Conservative,Active,5596.14
902550,NV407822,2026-07,Conservative,Active,5596.14
902551,NV407824,2026-04,Aggressive,Cancelled,0.0
902552,NV407829,2026-04,Moderate,Active,2640.28
902552,NV407829,2026-05,Moderate,Active,2640.28
902552,NV407829,2026-06,Moderate,Active,2640.28
902552,NV407829,2026-07,Moderate,Active,2640.28
902553,NV407837,2026-04,Aggressive,Active,3020.0
902553,NV407837,2026-05,Aggressive,Active,3020.0
902553,NV407837,2026-06,Aggressive,Active,3020.0
902553,NV407837,2026-07,Aggressive,Active,3020.0
902554,NV407839,2026-04,Conservative,Active,963.01
902554,NV407839,2026-05,Conservative,Active,963.01
902554,NV407839,2026-06,Conservative,Paused,0.0
902554,NV407839,2026-07,Conservative,Active,963.01
902555,NV407845,2026-04,Aggressive,Active,4163.05
902555,NV407845,2026-05,Aggressive,Active,4163.05
902555,NV407845,2026-06,Aggressive,Active,4163.05
902555,NV407845,2026-07,Aggressive,Active,4163.05
902556,NV407855,2026-04,Conservative,Active,5619.03
902556,NV407855,2026-05,Conservative,Active,5619.03
902556,NV407855,2026-06,Conservative,Active,5619.03
902556,NV407855,2026-07,Conservative,Active,5619.03
902557,NV407855,2026-07,Conservative,Cancelled,0.0
902558,NV407856,2026-04,Aggressive,Paused,0.0
902558,NV407856,2026-05,Aggressive,Paused,0.0
902558,NV407856,2026-06,Aggressive,Paused,0.0
902558,NV407856,2026-07,Aggressive,Active,5179.87
902559,NV407860,2026-04,Conservative,Active,3780.44
902559,NV407860,2026-05,Conservative,Active,3780.44
902559,NV407860,2026-06,Conservative,Cancelled,0.0
902560,NV407866,2026-04,Moderate,Active,3311.45
902560,NV407866,2026-05,Moderate,Active,3311.45
902560,NV407866,2026-06,Moderate,Active,3311.45
902560,NV407866,2026-07,Moderate,Active,3311.45
902561,NV407868,2026-06,Moderate,Active,1228.32
902561,NV407868,2026-07,Moderate,Active,1228.32
902562,NV407870,2026-04,Moderate,Active,1381.31
902562,NV407870,2026-05,Moderate,Active,1381.31
902562,NV407870,2026-06,Moderate,Active,1381.31
902562,NV407870,2026-07,Moderate,Active,1381.31
902563,NV407875,2026-04,Conservative,Active,2304.02
902563,NV407875,2026-05,Conservative,Active,2304.02
902563,NV407875,2026-06,Conservative,Active,2304.02
902563,NV407875,2026-07,Conservative,Active,2304.02
902564,NV407875,2026-07,Conservative,Active,1495.04
902565,NV407876,2026-04,Aggressive,Active,1802.27
902565,NV407876,2026-05,Aggressive,Active,1802.27
902565,NV407876,2026-06,Aggressive,Active,1802.27
902565,NV407876,2026-07,Aggressive,Active,1802.27
902566,NV407876,2026-07,Aggressive,Active,1024.61
902567,NV407881,2026-04,Conservative,Active,4613.93
902567,NV407881,2026-05,Conservative,Active,4613.93
902567,NV407881,2026-06,Conservative,Active,4613.93
902567,NV407881,2026-07,Conservative,Active,4613.93
902568,NV407886,2026-04,Moderate,Active,3391.04
902568,NV407886,2026-05,Moderate,Active,3391.04
902568,NV407886,2026-06,Moderate,Active,3391.04
902568,NV407886,2026-07,Moderate,Active,3391.04
902569,NV407895,2026-04,Conservative,Active,3397.93
902569,NV407895,2026-05,Conservative,Cancelled,0.0
902570,NV407898,2026-04,Conservative,Active,3952.88
902570,NV407898,2026-05,Conservative,Active,3952.88
902570,NV407898,2026-06,Conservative,Active,3952.88
902570,NV407898,2026-07,Conservative,Cancelled,0.0
902571,NV407899,2026-04,Aggressive,Active,1693.72
902571,NV407899,2026-05,Aggressive,Active,1693.72
902571,NV407899,2026-06,Aggressive,Active,1693.72
902571,NV407899,2026-07,Aggressive,Active,1693.72
902572,NV407901,2026-04,Moderate,Active,1618.17
902572,NV407901,2026-05,Moderate,Active,1618.17
902572,NV407901,2026-06,Moderate,Active,1618.17
902572,NV407901,2026-07,Moderate,Active,1618.17
902573,NV407904,2026-04,Moderate,Active,3632.46
902573,NV407904,2026-05,Moderate,Cancelled,0.0
902574,NV407904,2026-05,Moderate,Active,2194.02
902574,NV407904,2026-06,Moderate,Active,2194.02
902574,NV407904,2026-07,Moderate,Active,2194.02
902575,NV407920,2026-04,Conservative,Active,2737.25
902575,NV407920,2026-05,Conservative,Paused,0.0
902575,NV407920,2026-06,Conservative,Active,2737.25
902575,NV407920,2026-07,Conservative,Active,2737.25
902576,NV407921,2026-05,Conservative,Paused,0.0
902576,NV407921,2026-06,Conservative,Paused,0.0
902576,NV407921,2026-07,Conservative,Active,1938.7
902577,NV407922,2026-05,Moderate,Paused,0.0
902577,NV407922,2026-06,Moderate,Cancelled,0.0
902578,NV407925,2026-04,Aggressive,Paused,0.0
902578,NV407925,2026-05,Aggressive,Active,2760.64
902578,NV407925,2026-06,Aggressive,Active,2760.64
902578,NV407925,2026-07,Aggressive,Active,2760.64
902579,NV407927,2026-06,Aggressive,Active,2639.78
902579,NV407927,2026-07,Aggressive,Active,2639.78
902580,NV407944,2026-06,Conservative,Active,1357.14
902580,NV407944,2026-07,Conservative,Active,1357.14
902581,NV407946,2026-04,Moderate,Active,1386.97
902581,NV407946,2026-05,Moderate,Active,1386.97
902581,NV407946,2026-06,Moderate,Active,1386.97
902581,NV407946,2026-07,Moderate,Active,1386.97
902582,NV407948,2026-04,Conservative,Active,1513.32
902582,NV407948,2026-05,Conservative,Active,1513.32
902582,NV407948,2026-06,Conservative,Cancelled,0.0
902583,NV407948,2026-06,Conservative,Active,706.95
902583,NV407948,2026-07,Conservative,Active,706.95
902584,NV407952,2026-05,Moderate,Active,2732.33
902584,NV407952,2026-06,Moderate,Active,2732.33
902584,NV407952,2026-07,Moderate,Active,2732.33
902585,NV407955,2026-05,Moderate,Active,3849.74
902585,NV407955,2026-06,Moderate,Paused,0.0
902585,NV407955,2026-07,Moderate,Active,3849.74
902586,NV407957,2026-05,Aggressive,Active,1708.51
902586,NV407957,2026-06,Aggressive,Cancelled,0.0
902587,NV407957,2026-07,Aggressive,Active,1568.06
902588,NV407958,2026-07,Moderate,Active,3535.11
902589,NV407963,2026-05,Moderate,Active,3097.21
902589,NV407963,2026-06,Moderate,Active,3097.21
902589,NV407963,2026-07,Moderate,Active,3097.21
902590,NV407967,2026-06,Moderate,Active,2772.81
902590,NV407967,2026-07,Moderate,Active,2772.81
902591,NV407970,2026-05,Moderate,Active,1560.49
902591,NV407970,2026-06,Moderate,Active,1560.49
902591,NV407970,2026-07,Moderate,Active,1560.49
902592,NV407973,2026-06,Moderate,Active,1796.36
902592,NV407973,2026-07,Moderate,Active,1796.36
902593,NV407978,2026-05,Moderate,Active,2199.37
902593,NV407978,2026-06,Moderate,Active,2199.37
902593,NV407978,2026-07,Moderate,Active,2199.37
902594,NV407983,2026-05,Aggressive,Active,2278.57
902594,NV407983,2026-06,Aggressive,Active,2278.57
902594,NV407983,2026-07,Aggressive,Active,2278.57
902595,NV407985,2026-05,Conservative,Active,2614.89
902595,NV407985,2026-06,Conservative,Active,2614.89
902595,NV407985,2026-07,Conservative,Active,2614.89
902596,NV407990,2026-05,Moderate,Active,1240.02
902596,NV407990,2026-06,Moderate,Active,1240.02
902596,NV407990,2026-07,Moderate,Active,1240.02
902597,NV407991,2026-05,Aggressive,Active,1670.02
902597,NV407991,2026-06,Aggressive,Active,1670.02
902597,NV407991,2026-07,Aggressive,Active,1670.02
902598,NV407996,2026-05,Conservative,Active,2233.81
902598,NV407996,2026-06,Conservative,Paused,0.0
902598,NV407996,2026-07,Conservative,Active,2233.81
902599,NV407999,2026-05,Aggressive,Active,1973.23
902599,NV407999,2026-06,Aggressive,Active,1973.23
902599,NV407999,2026-07,Aggressive,Active,1973.23
902600,NV408002,2026-05,Moderate,Active,2167.18
902600,NV408002,2026-06,Moderate,Active,2167.18
902600,NV408002,2026-07,Moderate,Active,2167.18
902601,NV408004,2026-05,Conservative,Active,1274.62
902601,NV408004,2026-06,Conservative,Active,1274.62
902601,NV408004,2026-07,Conservative,Paused,0.0
902602,NV408005,2026-07,Moderate,Active,1848.85
902603,NV408006,2026-05,Aggressive,Active,6838.55
902603,NV408006,2026-06,Aggressive,Active,6838.55
902603,NV408006,2026-07,Aggressive,Active,6838.55
902604,NV408007,2026-06,Moderate,Active,1184.74
902604,NV408007,2026-07,Moderate,Active,1184.74
902605,NV408014,2026-05,Conservative,Active,2399.49
902605,NV408014,2026-06,Conservative,Active,2399.49
902605,NV408014,2026-07,Conservative,Paused,0.0
902606,NV408015,2026-05,Aggressive,Active,4724.13
902606,NV408015,2026-06,Aggressive,Active,4724.13
902606,NV408015,2026-07,Aggressive,Active,4724.13
902607,NV408016,2026-05,Aggressive,Active,3647.49
902607,NV408016,2026-06,Aggressive,Active,3647.49
902607,NV408016,2026-07,Aggressive,Active,3647.49
902608,NV408016,2026-06,Aggressive,Active,3718.24
902608,NV408016,2026-07,Aggressive,Active,3718.24
902609,NV408019,2026-05,Aggressive,Active,1527.66
902609,NV408019,2026-06,Aggressive,Active,1527.66
902609,NV408019,2026-07,Aggressive,Active,1527.66
902610,NV408019,2026-07,Aggressive,Active,954.42
902611,NV408021,2026-05,Moderate,Active,1229.4
902611,NV408021,2026-06,Moderate,Active,1229.4
902611,NV408021,2026-07,Moderate,Paused,0.0
902612,NV408026,2026-05,Conservative,Active,3540.31
902612,NV408026,2026-06,Conservative,Active,3540.31
902612,NV408026,2026-07,Conservative,Active,3540.31
902613,NV408028,2026-05,Aggressive,Active,2459.9
902613,NV408028,2026-06,Aggressive,Active,2459.9
902613,NV408028,2026-07,Aggressive,Active,2459.9
902614,NV408029,2026-05,Conservative,Paused,0.0
902614,NV408029,2026-06,Conservative,Paused,0.0
902614,NV408029,2026-07,Conservative,Active,2900.82
902615,NV408029,2026-06,Conservative,Active,3653.11
902615,NV408029,2026-07,Conservative,Active,3653.11
902616,NV408034,2026-05,Moderate,Cancelled,0.0
902617,NV408036,2026-06,Conservative,Active,8389.2
902617,NV408036,2026-07,Conservative,Active,8389.2
902618,NV408037,2026-05,Aggressive,Active,899.58
902618,NV408037,2026-06,Aggressive,Active,899.58
902618,NV408037,2026-07,Aggressive,Active,899.58
902619,NV408040,2026-05,Conservative,Active,2401.83
902619,NV408040,2026-06,Conservative,Active,2401.83
902619,NV408040,2026-07,Conservative,Active,2401.83
902620,NV408050,2026-05,Conservative,Active,4656.79
902620,NV408050,2026-06,Conservative,Active,4656.79
902620,NV408050,2026-07,Conservative,Active,4656.79
902621,NV408051,2026-05,Conservative,Active,2563.76
902621,NV408051,2026-06,Conservative,Active,2563.76
902621,NV408051,2026-07,Conservative,Active,2563.76
902622,NV408053,2026-05,Moderate,Active,1706.59
902622,NV408053,2026-06,Moderate,Active,1706.59
902622,NV408053,2026-07,Moderate,Active,1706.59
902623,NV408058,2026-05,Conservative,Active,3771.5
902623,NV408058,2026-06,Conservative,Active,3771.5
902623,NV408058,2026-07,Conservative,Active,3771.5
902624,NV408060,2026-05,Moderate,Active,2168.93
902624,NV408060,2026-06,Moderate,Active,2168.93
902624,NV408060,2026-07,Moderate,Active,2168.93
902625,NV408061,2026-05,Moderate,Active,3276.07
902625,NV408061,2026-06,Moderate,Active,3276.07
902625,NV408061,2026-07,Moderate,Active,3276.07
902626,NV408061,2026-06,Moderate,Cancelled,0.0
902627,NV408066,2026-06,Aggressive,Active,5306.3
902627,NV408066,2026-07,Aggressive,Active,5306.3
902628,NV408067,2026-05,Moderate,Active,3383.64
902628,NV408067,2026-06,Moderate,Active,3383.64
902628,NV408067,2026-07,Moderate,Active,3383.64
902629,NV408072,2026-05,Conservative,Active,1751.61
902629,NV408072,2026-06,Conservative,Active,1751.61
902629,NV408072,2026-07,Conservative,Active,1751.61
902630,NV408075,2026-05,Moderate,Active,4771.14
902630,NV408075,2026-06,Moderate,Active,4771.14
902630,NV408075,2026-07,Moderate,Active,4771.14
902631,NV408075,2026-07,Moderate,Active,1654.74
902632,NV408080,2026-05,Conservative,Active,1420.24
902632,NV408080,2026-06,Conservative,Active,1420.24
902632,NV408080,2026-07,Conservative,Active,1420.24
902633,NV408081,2026-05,Moderate,Active,1420.17
902633,NV408081,2026-06,Moderate,Active,1420.17
902633,NV408081,2026-07,Moderate,Active,1420.17
902634,NV408089,2026-05,Moderate,Active,2118.86
902634,NV408089,2026-06,Moderate,Active,2118.86
902634,NV408089,2026-07,Moderate,Active,2118.86
902635,NV408099,2026-05,Moderate,Active,649.45
902635,NV408099,2026-06,Moderate,Active,649.45
902635,NV408099,2026-07,Moderate,Active,649.45
902636,NV408102,2026-05,Moderate,Active,1090.79
902636,NV408102,2026-06,Moderate,Active,1090.79
902636,NV408102,2026-07,Moderate,Active,1090.79
902637,NV408114,2026-05,Aggressive,Active,1898.58
902637,NV408114,2026-06,Aggressive,Active,1898.58
902637,NV408114,2026-07,Aggressive,Active,1898.58
902638,NV408114,2026-07,Aggressive,Active,1965.96
902639,NV408116,2026-05,Moderate,Active,3354.19
902639,NV408116,2026-06,Moderate,Active,3354.19
902639,NV408116,2026-07,Moderate,Active,3354.19
902640,NV408118,2026-05,Conservative,Paused,0.0
902640,NV408118,2026-06,Conservative,Cancelled,0.0
902641,NV408126,2026-05,Aggressive,Active,2083.95
902641,NV408126,2026-06,Aggressive,Paused,0.0
902641,NV408126,2026-07,Aggressive,Active,2083.95
902642,NV408128,2026-05,Moderate,Active,1851.66
902642,NV408128,2026-06,Moderate,Active,1851.66
902642,NV408128,2026-07,Moderate,Active,1851.66
902643,NV408136,2026-05,Conservative,Active,5884.96
902643,NV408136,2026-06,Conservative,Active,5884.96
902643,NV408136,2026-07,Conservative,Active,5884.96
902644,NV408141,2026-05,Moderate,Active,1175.77
902644,NV408141,2026-06,Moderate,Active,1175.77
902644,NV408141,2026-07,Moderate,Active,1175.77
902645,NV408144,2026-05,Moderate,Active,930.54
902645,NV408144,2026-06,Moderate,Active,930.54
902645,NV408144,2026-07,Moderate,Paused,0.0
902646,NV408148,2026-05,Conservative,Active,4455.53
902646,NV408148,2026-06,Conservative,Active,4455.53
902646,NV408148,2026-07,Conservative,Active,4455.53
902647,NV408150,2026-05,Moderate,Paused,0.0
902647,NV408150,2026-06,Moderate,Active,2111.13
902647,NV408150,2026-07,Moderate,Active,2111.13
902648,NV408155,2026-06,Moderate,Active,1229.06
902648,NV408155,2026-07,Moderate,Active,1229.06
902649,NV408157,2026-06,Aggressive,Active,1384.5
902649,NV408157,2026-07,Aggressive,Paused,0.0
902650,NV408161,2026-06,Aggressive,Active,4835.38
902650,NV408161,2026-07,Aggressive,Active,4835.38
902651,NV408161,2026-06,Aggressive,Active,5507.79
902651,NV408161,2026-07,Aggressive,Cancelled,0.0
902652,NV408171,2026-05,Aggressive,Active,2942.5
902652,NV408171,2026-06,Aggressive,Active,2942.5
902652,NV408171,2026-07,Aggressive,Active,2942.5
902653,NV408174,2026-07,Moderate,Active,2977.73
902654,NV408178,2026-05,Moderate,Active,2113.57
902654,NV408178,2026-06,Moderate,Active,2113.57
902654,NV408178,2026-07,Moderate,Active,2113.57
902655,NV408178,2026-06,Moderate,Cancelled,0.0
902656,NV408180,2026-05,Conservative,Active,1528.18
902656,NV408180,2026-06,Conservative,Paused,0.0
902656,NV408180,2026-07,Conservative,Active,1528.18
902657,NV408188,2026-05,Aggressive,Active,1677.26
902657,NV408188,2026-06,Aggressive,Active,1677.26
902657,NV408188,2026-07,Aggressive,Active,1677.26
902658,NV408189,2026-05,Aggressive,Cancelled,0.0
902659,NV408194,2026-05,Conservative,Active,2685.75
902659,NV408194,2026-06,Conservative,Active,2685.75
902659,NV408194,2026-07,Conservative,Active,2685.75
902660,NV408197,2026-05,Conservative,Active,1755.44
902660,NV408197,2026-06,Conservative,Cancelled,0.0
902661,NV408199,2026-05,Moderate,Active,2402.6
902661,NV408199,2026-06,Moderate,Paused,0.0
902661,NV408199,2026-07,Moderate,Cancelled,0.0
902662,NV408200,2026-05,Aggressive,Active,1491.45
902662,NV408200,2026-06,Aggressive,Active,1491.45
902662,NV408200,2026-07,Aggressive,Active,1491.45
902663,NV408206,2026-06,Aggressive,Active,5011.87
902663,NV408206,2026-07,Aggressive,Active,5011.87
902664,NV408210,2026-05,Moderate,Active,3976.69
902664,NV408210,2026-06,Moderate,Active,3976.69
902664,NV408210,2026-07,Moderate,Active,3976.69
902665,NV408211,2026-05,Conservative,Active,2614.19
902665,NV408211,2026-06,Conservative,Active,2614.19
902665,NV408211,2026-07,Conservative,Active,2614.19
902666,NV408216,2026-05,Aggressive,Active,1444.54
902666,NV408216,2026-06,Aggressive,Active,1444.54
902666,NV408216,2026-07,Aggressive,Paused,0.0
902667,NV408216,2026-07,Aggressive,Active,1047.78
902668,NV408217,2026-05,Conservative,Active,3194.8
902668,NV408217,2026-06,Conservative,Active,3194.8
902668,NV408217,2026-07,Conservative,Active,3194.8
902669,NV408218,2026-05,Moderate,Active,1816.4
902669,NV408218,2026-06,Moderate,Active,1816.4
902669,NV408218,2026-07,Moderate,Active,1816.4
902670,NV408221,2026-06,Moderate,Active,2398.42
902670,NV408221,2026-07,Moderate,Active,2398.42
902671,NV408223,2026-05,Moderate,Active,3726.89
902671,NV408223,2026-06,Moderate,Active,3726.89
902671,NV408223,2026-07,Moderate,Active,3726.89
902672,NV408223,2026-06,Moderate,Active,1526.06
902672,NV408223,2026-07,Moderate,Paused,0.0
902673,NV408227,2026-05,Moderate,Active,1455.09
902673,NV408227,2026-06,Moderate,Active,1455.09
902673,NV408227,2026-07,Moderate,Active,1455.09
902674,NV408235,2026-05,Conservative,Active,2116.16
902674,NV408235,2026-06,Conservative,Active,2116.16
902674,NV408235,2026-07,Conservative,Active,2116.16
902675,NV408241,2026-05,Conservative,Active,868.19
902675,NV408241,2026-06,Conservative,Active,868.19
902675,NV408241,2026-07,Conservative,Active,868.19
902676,NV408245,2026-05,Moderate,Active,1492.93
902676,NV408245,2026-06,Moderate,Active,1492.93
902676,NV408245,2026-07,Moderate,Active,1492.93
902677,NV408245,2026-06,Moderate,Active,5467.12
902677,NV408245,2026-07,Moderate,Active,5467.12
902678,NV408248,2026-05,Conservative,Active,3469.58
902678,NV408248,2026-06,Conservative,Active,3469.58
902678,NV408248,2026-07,Conservative,Active,3469.58
902679,NV408249,2026-06,Moderate,Active,5486.41
902679,NV408249,2026-07,Moderate,Active,5486.41
902680,NV408251,2026-05,Aggressive,Active,7957.11
902680,NV408251,2026-06,Aggressive,Active,7957.11
902680,NV408251,2026-07,Aggressive,Paused,0.0
902681,NV408252,2026-05,Moderate,Active,3290.73
902681,NV408252,2026-06,Moderate,Active,3290.73
902681,NV408252,2026-07,Moderate,Cancelled,0.0
902682,NV408253,2026-05,Moderate,Paused,0.0
902682,NV408253,2026-06,Moderate,Paused,0.0
902682,NV408253,2026-07,Moderate,Active,1367.16
902683,NV408263,2026-05,Moderate,Active,3104.16
902683,NV408263,2026-06,Moderate,Active,3104.16
902683,NV408263,2026-07,Moderate,Active,3104.16
902684,NV408268,2026-05,Aggressive,Active,500.0
902684,NV408268,2026-06,Aggressive,Active,500.0
902684,NV408268,2026-07,Aggressive,Active,500.0
902685,NV408268,2026-07,Aggressive,Active,1598.85
902686,NV408274,2026-05,Aggressive,Active,2606.71
902686,NV408274,2026-06,Aggressive,Cancelled,0.0
902687,NV408276,2026-05,Moderate,Active,2276.11
902687,NV408276,2026-06,Moderate,Active,2276.11
902687,NV408276,2026-07,Moderate,Active,2276.11
902688,NV408277,2026-05,Conservative,Cancelled,0.0
902689,NV408284,2026-05,Moderate,Active,2664.53
902689,NV408284,2026-06,Moderate,Active,2664.53
902689,NV408284,2026-07,Moderate,Active,2664.53
902690,NV408287,2026-05,Moderate,Active,2816.52
902690,NV408287,2026-06,Moderate,Active,2816.52
902690,NV408287,2026-07,Moderate,Active,2816.52
902691,NV408290,2026-05,Conservative,Active,5040.2
902691,NV408290,2026-06,Conservative,Active,5040.2
902691,NV408290,2026-07,Conservative,Active,5040.2
902692,NV408295,2026-05,Moderate,Active,3107.74
902692,NV408295,2026-06,Moderate,Active,3107.74
902692,NV408295,2026-07,Moderate,Active,3107.74
902693,NV408296,2026-06,Aggressive,Active,1670.45
902693,NV408296,2026-07,Aggressive,Active,1670.45
902694,NV408297,2026-05,Moderate,Active,8318.81
902694,NV408297,2026-06,Moderate,Active,8318.81
902694,NV408297,2026-07,Moderate,Active,8318.81
902695,NV408305,2026-05,Moderate,Active,4234.62
902695,NV408305,2026-06,Moderate,Active,4234.62
902695,NV408305,2026-07,Moderate,Active,4234.62
902696,NV408311,2026-05,Moderate,Active,8798.52
902696,NV408311,2026-06,Moderate,Active,8798.52
902696,NV408311,2026-07,Moderate,Active,8798.52
902697,NV408313,2026-05,Moderate,Active,2791.16
902697,NV408313,2026-06,Moderate,Active,2791.16
902697,NV408313,2026-07,Moderate,Active,2791.16
902698,NV408315,2026-05,Moderate,Active,1002.53
902698,NV408315,2026-06,Moderate,Active,1002.53
902698,NV408315,2026-07,Moderate,Active,1002.53
902699,NV408315,2026-06,Moderate,Active,1218.57
902699,NV408315,2026-07,Moderate,Active,1218.57
902700,NV408320,2026-05,Conservative,Active,4398.47
902700,NV408320,2026-06,Conservative,Active,4398.47
902700,NV408320,2026-07,Conservative,Active,4398.47
902701,NV408328,2026-05,Conservative,Active,1429.17
902701,NV408328,2026-06,Conservative,Active,1429.17
902701,NV408328,2026-07,Conservative,Active,1429.17
902702,NV408330,2026-06,Conservative,Active,8982.15
902702,NV408330,2026-07,Conservative,Active,8982.15
902703,NV408335,2026-05,Moderate,Active,5759.36
902703,NV408335,2026-06,Moderate,Active,5759.36
902703,NV408335,2026-07,Moderate,Active,5759.36
902704,NV408337,2026-05,Aggressive,Active,3345.32
902704,NV408337,2026-06,Aggressive,Active,3345.32
902704,NV408337,2026-07,Aggressive,Active,3345.32
902705,NV408353,2026-05,Moderate,Cancelled,0.0
902706,NV408356,2026-05,Aggressive,Cancelled,0.0
902707,NV408356,2026-07,Aggressive,Active,2186.48
902708,NV408369,2026-05,Moderate,Active,3154.45
902708,NV408369,2026-06,Moderate,Active,3154.45
902708,NV408369,2026-07,Moderate,Active,3154.45
902709,NV408372,2026-05,Moderate,Cancelled,0.0
902710,NV408379,2026-05,Moderate,Active,2488.92
902710,NV408379,2026-06,Moderate,Active,2488.92
902710,NV408379,2026-07,Moderate,Active,2488.92
902711,NV408381,2026-05,Aggressive,Active,4035.19
902711,NV408381,2026-06,Aggressive,Active,4035.19
902711,NV408381,2026-07,Aggressive,Active,4035.19
902712,NV408384,2026-05,Conservative,Active,2336.23
902712,NV408384,2026-06,Conservative,Active,2336.23
902712,NV408384,2026-07,Conservative,Active,2336.23
902713,NV408386,2026-05,Moderate,Active,2727.59
902713,NV408386,2026-06,Moderate,Paused,0.0
902713,NV408386,2026-07,Moderate,Active,2727.59
902714,NV408388,2026-05,Moderate,Active,4330.39
902714,NV408388,2026-06,Moderate,Paused,0.0
902714,NV408388,2026-07,Moderate,Active,4330.39
902715,NV408389,2026-05,Aggressive,Active,5760.06
902715,NV408389,2026-06,Aggressive,Active,5760.06
902715,NV408389,2026-07,Aggressive,Active,5760.06
902716,NV408392,2026-07,Moderate,Active,5827.73
902717,NV408393,2026-05,Moderate,Active,2951.33
902717,NV408393,2026-06,Moderate,Active,2951.33
902717,NV408393,2026-07,Moderate,Active,2951.33
902718,NV408399,2026-05,Aggressive,Active,1600.66
902718,NV408399,2026-06,Aggressive,Active,1600.66
902718,NV408399,2026-07,Aggressive,Paused,0.0
902719,NV408409,2026-05,Aggressive,Active,2399.62
902719,NV408409,2026-06,Aggressive,Active,2399.62
902719,NV408409,2026-07,Aggressive,Active,2399.62
902720,NV408413,2026-05,Aggressive,Active,4444.93
902720,NV408413,2026-06,Aggressive,Active,4444.93
902720,NV408413,2026-07,Aggressive,Active,4444.93
902721,NV408419,2026-07,Aggressive,Active,1617.44
902722,NV408427,2026-05,Conservative,Cancelled,0.0
902723,NV408438,2026-05,Conservative,Cancelled,0.0
902724,NV408444,2026-05,Moderate,Paused,0.0
902724,NV408444,2026-06,Moderate,Cancelled,0.0
902725,NV408448,2026-07,Aggressive,Active,3089.52
902726,NV408456,2026-07,Moderate,Active,1687.25
902727,NV408457,2026-06,Conservative,Active,1527.42
902727,NV408457,2026-07,Conservative,Active,1527.42
902728,NV408463,2026-05,Moderate,Active,4561.75
902728,NV408463,2026-06,Moderate,Active,4561.75
902728,NV408463,2026-07,Moderate,Active,4561.75
902729,NV408472,2026-05,Conservative,Active,3902.86
902729,NV408472,2026-06,Conservative,Active,3902.86
902729,NV408472,2026-07,Conservative,Active,3902.86
902730,NV408473,2026-05,Moderate,Active,3600.41
902730,NV408473,2026-06,Moderate,Active,3600.41
902730,NV408473,2026-07,Moderate,Active,3600.41
902731,NV408475,2026-05,Moderate,Active,918.95
902731,NV408475,2026-06,Moderate,Cancelled,0.0
902732,NV408475,2026-06,Moderate,Active,4223.1
902732,NV408475,2026-07,Moderate,Active,4223.1
902733,NV408476,2026-05,Conservative,Active,4954.91
902733,NV408476,2026-06,Conservative,Active,4954.91
902733,NV408476,2026-07,Conservative,Active,4954.91
902734,NV408476,2026-07,Conservative,Active,500.0
902735,NV408480,2026-06,Aggressive,Active,1691.6
902735,NV408480,2026-07,Aggressive,Active,1691.6
902736,NV408487,2026-05,Moderate,Active,2158.71
902736,NV408487,2026-06,Moderate,Active,2158.71
902736,NV408487,2026-07,Moderate,Active,2158.71
902737,NV408491,2026-05,Moderate,Active,2530.8
902737,NV408491,2026-06,Moderate,Active,2530.8
902737,NV408491,2026-07,Moderate,Active,2530.8
902738,NV408492,2026-06,Conservative,Active,2647.85
902738,NV408492,2026-07,Conservative,Active,2647.85
902739,NV408492,2026-06,Conservative,Active,1793.66
902739,NV408492,2026-07,Conservative,Active,1793.66
902740,NV408493,2026-05,Conservative,Active,2488.02
902740,NV408493,2026-06,Conservative,Active,2488.02
902740,NV408493,2026-07,Conservative,Active,2488.02
902741,NV408494,2026-05,Moderate,Active,2423.85
902741,NV408494,2026-06,Moderate,Active,2423.85
902741,NV408494,2026-07,Moderate,Active,2423.85
902742,NV408497,2026-05,Aggressive,Active,6000.99
902742,NV408497,2026-06,Aggressive,Active,6000.99
902742,NV408497,2026-07,Aggressive,Active,6000.99
902743,NV408499,2026-05,Aggressive,Active,1314.59
902743,NV408499,2026-06,Aggressive,Active,1314.59
902743,NV408499,2026-07,Aggressive,Active,1314.59
902744,NV408499,2026-06,Aggressive,Active,4096.78
902744,NV408499,2026-07,Aggressive,Paused,0.0
902745,NV408503,2026-05,Conservative,Active,1105.48
902745,NV408503,2026-06,Conservative,Active,1105.48
902745,NV408503,2026-07,Conservative,Active,1105.48
902746,NV408504,2026-05,Moderate,Active,9393.43
902746,NV408504,2026-06,Moderate,Active,9393.43
902746,NV408504,2026-07,Moderate,Active,9393.43
902747,NV408506,2026-05,Aggressive,Active,1505.89
902747,NV408506,2026-06,Aggressive,Active,1505.89
902747,NV408506,2026-07,Aggressive,Active,1505.89
902748,NV408520,2026-05,Moderate,Active,9273.44
902748,NV408520,2026-06,Moderate,Active,9273.44
902748,NV408520,2026-07,Moderate,Active,9273.44
902749,NV408520,2026-07,Moderate,Paused,0.0
902750,NV408526,2026-05,Conservative,Active,3588.55
902750,NV408526,2026-06,Conservative,Active,3588.55
902750,NV408526,2026-07,Conservative,Active,3588.55
902751,NV408526,2026-07,Conservative,Active,1335.05
902752,NV408530,2026-05,Conservative,Active,7100.1
902752,NV408530,2026-06,Conservative,Active,7100.1
902752,NV408530,2026-07,Conservative,Paused,0.0
902753,NV408538,2026-06,Moderate,Active,2587.87
902753,NV408538,2026-07,Moderate,Active,2587.87
902754,NV408539,2026-05,Moderate,Active,1166.13
902754,NV408539,2026-06,Moderate,Active,1166.13
902754,NV408539,2026-07,Moderate,Active,1166.13
902755,NV408542,2026-07,Moderate,Active,2388.71
902756,NV408544,2026-05,Conservative,Active,7972.19
902756,NV408544,2026-06,Conservative,Active,7972.19
902756,NV408544,2026-07,Conservative,Active,7972.19
902757,NV408546,2026-05,Moderate,Active,2674.36
902757,NV408546,2026-06,Moderate,Active,2674.36
902757,NV408546,2026-07,Moderate,Active,2674.36
902758,NV408547,2026-05,Conservative,Active,5271.04
902758,NV408547,2026-06,Conservative,Paused,0.0
902758,NV408547,2026-07,Conservative,Active,5271.04
902759,NV408548,2026-05,Aggressive,Active,3107.43
902759,NV408548,2026-06,Aggressive,Active,3107.43
902759,NV408548,2026-07,Aggressive,Active,3107.43
902760,NV408548,2026-07,Aggressive,Active,2270.58
902761,NV408550,2026-05,Aggressive,Active,10967.26
902761,NV408550,2026-06,Aggressive,Active,10967.26
902761,NV408550,2026-07,Aggressive,Active,10967.26
902762,NV408558,2026-05,Moderate,Active,2113.14
902762,NV408558,2026-06,Moderate,Active,2113.14
902762,NV408558,2026-07,Moderate,Active,2113.14
902763,NV408561,2026-05,Aggressive,Active,3191.51
902763,NV408561,2026-06,Aggressive,Paused,0.0
902763,NV408561,2026-07,Aggressive,Active,3191.51
902764,NV408567,2026-06,Moderate,Active,4879.17
902764,NV408567,2026-07,Moderate,Active,4879.17
902765,NV408573,2026-05,Moderate,Active,1812.62
902765,NV408573,2026-06,Moderate,Active,1812.62
902765,NV408573,2026-07,Moderate,Active,1812.62
902766,NV408583,2026-05,Conservative,Active,2139.54
902766,NV408583,2026-06,Conservative,Active,2139.54
902766,NV408583,2026-07,Conservative,Active,2139.54
902767,NV408589,2026-05,Conservative,Active,2297.84
902767,NV408589,2026-06,Conservative,Active,2297.84
902767,NV408589,2026-07,Conservative,Active,2297.84
902768,NV408591,2026-05,Aggressive,Active,4305.78
902768,NV408591,2026-06,Aggressive,Active,4305.78
902768,NV408591,2026-07,Aggressive,Active,4305.78
902769,NV408593,2026-05,Conservative,Active,2345.82
902769,NV408593,2026-06,Conservative,Active,2345.82
902769,NV408593,2026-07,Conservative,Active,2345.82
902770,NV408593,2026-06,Conservative,Active,2515.31
902770,NV408593,2026-07,Conservative,Active,2515.31
902771,NV408594,2026-06,Conservative,Active,3159.85
902771,NV408594,2026-07,Conservative,Active,3159.85
902772,NV408599,2026-05,Aggressive,Active,3019.69
902772,NV408599,2026-06,Aggressive,Active,3019.69
902772,NV408599,2026-07,Aggressive,Active,3019.69
902773,NV408604,2026-05,Aggressive,Active,6693.95
902773,NV408604,2026-06,Aggressive,Active,6693.95
902773,NV408604,2026-07,Aggressive,Active,6693.95
902774,NV408612,2026-07,Aggressive,Active,2012.48
902775,NV408620,2026-05,Moderate,Cancelled,0.0
902776,NV408629,2026-05,Moderate,Active,4010.9
902776,NV408629,2026-06,Moderate,Active,4010.9
902776,NV408629,2026-07,Moderate,Active,4010.9
902777,NV408629,2026-06,Moderate,Paused,0.0
902777,NV408629,2026-07,Moderate,Active,3482.22
902778,NV408631,2026-05,Conservative,Paused,0.0
902778,NV408631,2026-06,Conservative,Paused,0.0
902778,NV408631,2026-07,Conservative,Active,1722.33
902779,NV408636,2026-05,Moderate,Active,5803.5
902779,NV408636,2026-06,Moderate,Active,5803.5
902779,NV408636,2026-07,Moderate,Active,5803.5
902780,NV408638,2026-05,Conservative,Active,4620.48
902780,NV408638,2026-06,Conservative,Active,4620.48
902780,NV408638,2026-07,Conservative,Active,4620.48
902781,NV408638,2026-06,Conservative,Active,1268.15
902781,NV408638,2026-07,Conservative,Active,1268.15
902782,NV408641,2026-05,Conservative,Active,2840.36
902782,NV408641,2026-06,Conservative,Active,2840.36
902782,NV408641,2026-07,Conservative,Active,2840.36
902783,NV408644,2026-05,Aggressive,Active,3551.11
902783,NV408644,2026-06,Aggressive,Active,3551.11
902783,NV408644,2026-07,Aggressive,Active,3551.11
902784,NV408649,2026-05,Aggressive,Paused,0.0
902784,NV408649,2026-06,Aggressive,Paused,0.0
902784,NV408649,2026-07,Aggressive,Active,2055.92
902785,NV408650,2026-05,Aggressive,Active,1487.77
902785,NV408650,2026-06,Aggressive,Active,1487.77
902785,NV408650,2026-07,Aggressive,Active,1487.77
902786,NV408652,2026-05,Conservative,Cancelled,0.0
902787,NV408656,2026-05,Moderate,Active,2497.31
902787,NV408656,2026-06,Moderate,Active,2497.31
902787,NV408656,2026-07,Moderate,Active,2497.31
902788,NV408662,2026-05,Conservative,Active,4016.6
902788,NV408662,2026-06,Conservative,Active,4016.6
902788,NV408662,2026-07,Conservative,Active,4016.6
902789,NV408662,2026-06,Conservative,Active,853.48
902789,NV408662,2026-07,Conservative,Active,853.48
902790,NV408665,2026-05,Moderate,Active,1810.81
902790,NV408665,2026-06,Moderate,Active,1810.81
902790,NV408665,2026-07,Moderate,Active,1810.81
902791,NV408667,2026-05,Moderate,Active,1637.96
902791,NV408667,2026-06,Moderate,Paused,0.0
902791,NV408667,2026-07,Moderate,Active,1637.96
902792,NV408673,2026-06,Aggressive,Active,1842.6
902792,NV408673,2026-07,Aggressive,Active,1842.6
902793,NV408674,2026-05,Conservative,Paused,0.0
902793,NV408674,2026-06,Conservative,Active,3324.47
902793,NV408674,2026-07,Conservative,Active,3324.47
902794,NV408677,2026-05,Conservative,Active,1826.91
902794,NV408677,2026-06,Conservative,Active,1826.91
902794,NV408677,2026-07,Conservative,Active,1826.91
902795,NV408679,2026-05,Aggressive,Active,7348.77
902795,NV408679,2026-06,Aggressive,Active,7348.77
902795,NV408679,2026-07,Aggressive,Active,7348.77
902796,NV408680,2026-05,Conservative,Paused,0.0
902796,NV408680,2026-06,Conservative,Paused,0.0
902796,NV408680,2026-07,Conservative,Active,1939.99
902797,NV408691,2026-06,Moderate,Active,1674.33
902797,NV408691,2026-07,Moderate,Active,1674.33
902798,NV408696,2026-05,Aggressive,Active,2299.86
902798,NV408696,2026-06,Aggressive,Active,2299.86
902798,NV408696,2026-07,Aggressive,Active,2299.86
902799,NV408696,2026-07,Aggressive,Paused,0.0
902800,NV408698,2026-05,Moderate,Active,3018.93
902800,NV408698,2026-06,Moderate,Active,3018.93
902800,NV408698,2026-07,Moderate,Active,3018.93
902801,NV408699,2026-05,Conservative,Active,1237.93
902801,NV408699,2026-06,Conservative,Active,1237.93
902801,NV408699,2026-07,Conservative,Active,1237.93
902802,NV408700,2026-06,Aggressive,Active,2724.72
902802,NV408700,2026-07,Aggressive,Active,2724.72
902803,NV408701,2026-05,Moderate,Active,2265.54
902803,NV408701,2026-06,Moderate,Active,2265.54
902803,NV408701,2026-07,Moderate,Active,2265.54
902804,NV408701,2026-06,Moderate,Active,1483.0
902804,NV408701,2026-07,Moderate,Active,1483.0
902805,NV408710,2026-05,Conservative,Active,5057.98
902805,NV408710,2026-06,Conservative,Active,5057.98
902805,NV408710,2026-07,Conservative,Active,5057.98
902806,NV408713,2026-05,Conservative,Active,1976.03
902806,NV408713,2026-06,Conservative,Cancelled,0.0
902807,NV408716,2026-05,Aggressive,Cancelled,0.0
902808,NV408718,2026-05,Moderate,Active,5727.46
902808,NV408718,2026-06,Moderate,Active,5727.46
902808,NV408718,2026-07,Moderate,Active,5727.46
902809,NV408720,2026-05,Moderate,Active,3624.55
902809,NV408720,2026-06,Moderate,Cancelled,0.0
902810,NV408720,2026-07,Moderate,Active,4810.35
902811,NV408725,2026-05,Aggressive,Active,3403.84
902811,NV408725,2026-06,Aggressive,Active,3403.84
902811,NV408725,2026-07,Aggressive,Active,3403.84
902812,NV408734,2026-06,Aggressive,Active,3948.99
902812,NV408734,2026-07,Aggressive,Active,3948.99
902813,NV408736,2026-05,Conservative,Active,4443.84
902813,NV408736,2026-06,Conservative,Active,4443.84
902813,NV408736,2026-07,Conservative,Active,4443.84
902814,NV408737,2026-05,Conservative,Paused,0.0
902814,NV408737,2026-06,Conservative,Active,7208.01
902814,NV408737,2026-07,Conservative,Active,7208.01
902815,NV408740,2026-05,Aggressive,Active,3910.34
902815,NV408740,2026-06,Aggressive,Active,3910.34
902815,NV408740,2026-07,Aggressive,Active,3910.34
902816,NV408743,2026-05,Aggressive,Active,3330.16
902816,NV408743,2026-06,Aggressive,Active,3330.16
902816,NV408743,2026-07,Aggressive,Active,3330.16
902817,NV408747,2026-05,Conservative,Active,3318.84
902817,NV408747,2026-06,Conservative,Active,3318.84
902817,NV408747,2026-07,Conservative,Active,3318.84
902818,NV408748,2026-05,Aggressive,Active,4722.01
902818,NV408748,2026-06,Aggressive,Active,4722.01
902818,NV408748,2026-07,Aggressive,Active,4722.01
902819,NV408753,2026-05,Conservative,Active,2139.94
902819,NV408753,2026-06,Conservative,Cancelled,0.0
902820,NV408756,2026-05,Moderate,Active,1879.64
902820,NV408756,2026-06,Moderate,Active,1879.64
902820,NV408756,2026-07,Moderate,Active,1879.64
902821,NV408757,2026-05,Conservative,Active,4040.09
902821,NV408757,2026-06,Conservative,Active,4040.09
902821,NV408757,2026-07,Conservative,Active,4040.09
902822,NV408759,2026-05,Aggressive,Active,2112.35
902822,NV408759,2026-06,Aggressive,Active,2112.35
902822,NV408759,2026-07,Aggressive,Active,2112.35
902823,NV408759,2026-06,Aggressive,Paused,0.0
902823,NV408759,2026-07,Aggressive,Cancelled,0.0
902824,NV408765,2026-06,Moderate,Active,4740.99
902824,NV408765,2026-07,Moderate,Active,4740.99
902825,NV408766,2026-05,Aggressive,Active,4106.92
902825,NV408766,2026-06,Aggressive,Active,4106.92
902825,NV408766,2026-07,Aggressive,Active,4106.92
902826,NV408766,2026-07,Aggressive,Active,2872.37
902827,NV408768,2026-05,Moderate,Active,3069.65
902827,NV408768,2026-06,Moderate,Active,3069.65
902827,NV408768,2026-07,Moderate,Active,3069.65
902828,NV408775,2026-05,Moderate,Paused,0.0
902828,NV408775,2026-06,Moderate,Cancelled,0.0
902829,NV408775,2026-07,Moderate,Active,3171.88
902830,NV408776,2026-05,Moderate,Cancelled,0.0
902831,NV408777,2026-05,Conservative,Active,7133.09
902831,NV408777,2026-06,Conservative,Active,7133.09
902831,NV408777,2026-07,Conservative,Active,7133.09
902832,NV408777,2026-06,Conservative,Paused,0.0
902832,NV408777,2026-07,Conservative,Active,4388.4
902833,NV408778,2026-05,Aggressive,Active,4915.48
902833,NV408778,2026-06,Aggressive,Active,4915.48
902833,NV408778,2026-07,Aggressive,Paused,0.0
902834,NV408778,2026-07,Aggressive,Active,2159.87
902835,NV408781,2026-05,Aggressive,Active,4300.88
902835,NV408781,2026-06,Aggressive,Active,4300.88
902835,NV408781,2026-07,Aggressive,Active,4300.88
902836,NV408781,2026-06,Aggressive,Active,2836.85
902836,NV408781,2026-07,Aggressive,Active,2836.85
902837,NV408782,2026-06,Moderate,Active,1301.67
902837,NV408782,2026-07,Moderate,Active,1301.67
902838,NV408783,2026-05,Moderate,Active,1123.15
902838,NV408783,2026-06,Moderate,Active,1123.15
902838,NV408783,2026-07,Moderate,Active,1123.15
902839,NV408788,2026-05,Aggressive,Active,2060.65
902839,NV408788,2026-06,Aggressive,Paused,0.0
902839,NV408788,2026-07,Aggressive,Active,2060.65
902840,NV408794,2026-06,Aggressive,Active,977.64
902840,NV408794,2026-07,Aggressive,Active,977.64
902841,NV408796,2026-05,Conservative,Paused,0.0
902841,NV408796,2026-06,Conservative,Cancelled,0.0
902842,NV408797,2026-05,Aggressive,Active,1887.54
902842,NV408797,2026-06,Aggressive,Active,1887.54
902842,NV408797,2026-07,Aggressive,Active,1887.54
902843,NV408801,2026-05,Moderate,Active,3970.45
902843,NV408801,2026-06,Moderate,Active,3970.45
902843,NV408801,2026-07,Moderate,Active,3970.45
902844,NV408804,2026-05,Moderate,Active,1638.17
902844,NV408804,2026-06,Moderate,Active,1638.17
902844,NV408804,2026-07,Moderate,Active,1638.17
902845,NV408807,2026-05,Aggressive,Active,1921.27
902845,NV408807,2026-06,Aggressive,Active,1921.27
902845,NV408807,2026-07,Aggressive,Active,1921.27
902846,NV408807,2026-06,Aggressive,Active,3722.97
902846,NV408807,2026-07,Aggressive,Paused,0.0
902847,NV408808,2026-05,Conservative,Active,2979.79
902847,NV408808,2026-06,Conservative,Active,2979.79
902847,NV408808,2026-07,Conservative,Active,2979.79
902848,NV408808,2026-06,Conservative,Active,1299.66
902848,NV408808,2026-07,Conservative,Active,1299.66
902849,NV408812,2026-05,Conservative,Active,1882.88
902849,NV408812,2026-06,Conservative,Paused,0.0
902849,NV408812,2026-07,Conservative,Active,1882.88
902850,NV408813,2026-05,Moderate,Active,12234.24
902850,NV408813,2026-06,Moderate,Active,12234.24
902850,NV408813,2026-07,Moderate,Active,12234.24
902851,NV408813,2026-06,Moderate,Paused,0.0
902851,NV408813,2026-07,Moderate,Active,5132.41
902852,NV408815,2026-05,Moderate,Active,2725.15
902852,NV408815,2026-06,Moderate,Active,2725.15
902852,NV408815,2026-07,Moderate,Active,2725.15
902853,NV408816,2026-05,Conservative,Active,5157.33
902853,NV408816,2026-06,Conservative,Active,5157.33
902853,NV408816,2026-07,Conservative,Active,5157.33
902854,NV408825,2026-05,Moderate,Active,2948.13
902854,NV408825,2026-06,Moderate,Active,2948.13
902854,NV408825,2026-07,Moderate,Active,2948.13
902855,NV408826,2026-05,Moderate,Active,2164.36
902855,NV408826,2026-06,Moderate,Active,2164.36
902855,NV408826,2026-07,Moderate,Active,2164.36
902856,NV408829,2026-05,Moderate,Active,2370.83
902856,NV408829,2026-06,Moderate,Active,2370.83
902856,NV408829,2026-07,Moderate,Active,2370.83
902857,NV408832,2026-06,Moderate,Paused,0.0
902857,NV408832,2026-07,Moderate,Active,3202.45
902858,NV408833,2026-05,Moderate,Active,4425.43
902858,NV408833,2026-06,Moderate,Active,4425.43
902858,NV408833,2026-07,Moderate,Active,4425.43
902859,NV408836,2026-05,Moderate,Cancelled,0.0
902860,NV408837,2026-05,Conservative,Active,1744.3
902860,NV408837,2026-06,Conservative,Active,1744.3
902860,NV408837,2026-07,Conservative,Active,1744.3
902861,NV408838,2026-05,Conservative,Paused,0.0
902861,NV408838,2026-06,Conservative,Cancelled,0.0
902862,NV408839,2026-05,Moderate,Active,1669.59
902862,NV408839,2026-06,Moderate,Active,1669.59
902862,NV408839,2026-07,Moderate,Active,1669.59
902863,NV408841,2026-05,Moderate,Active,1866.15
902863,NV408841,2026-06,Moderate,Active,1866.15
902863,NV408841,2026-07,Moderate,Active,1866.15
902864,NV408842,2026-05,Moderate,Active,2997.9
902864,NV408842,2026-06,Moderate,Active,2997.9
902864,NV408842,2026-07,Moderate,Active,2997.9
902865,NV408844,2026-05,Aggressive,Paused,0.0
902865,NV408844,2026-06,Aggressive,Paused,0.0
902865,NV408844,2026-07,Aggressive,Active,2838.52
902866,NV408844,2026-06,Aggressive,Active,3282.22
902866,NV408844,2026-07,Aggressive,Active,3282.22
902867,NV408847,2026-05,Aggressive,Active,3227.36
902867,NV408847,2026-06,Aggressive,Active,3227.36
902867,NV408847,2026-07,Aggressive,Active,3227.36
902868,NV408847,2026-06,Aggressive,Active,1790.24
902868,NV408847,2026-07,Aggressive,Active,1790.24
902869,NV408852,2026-05,Conservative,Paused,0.0
902869,NV408852,2026-06,Conservative,Active,3991.35
902869,NV408852,2026-07,Conservative,Active,3991.35
902870,NV408854,2026-06,Moderate,Active,3426.19
902870,NV408854,2026-07,Moderate,Active,3426.19
902871,NV408858,2026-05,Moderate,Active,2411.1
902871,NV408858,2026-06,Moderate,Active,2411.1
902871,NV408858,2026-07,Moderate,Active,2411.1
902872,NV408858,2026-06,Moderate,Active,1056.69
902872,NV408858,2026-07,Moderate,Active,1056.69
902873,NV408859,2026-05,Moderate,Active,4830.38
902873,NV408859,2026-06,Moderate,Active,4830.38
902873,NV408859,2026-07,Moderate,Active,4830.38
902874,NV408861,2026-05,Aggressive,Active,912.29
902874,NV408861,2026-06,Aggressive,Cancelled,0.0
902875,NV408864,2026-05,Conservative,Active,2720.09
902875,NV408864,2026-06,Conservative,Active,2720.09
902875,NV408864,2026-07,Conservative,Active,2720.09
902876,NV408865,2026-05,Moderate,Active,2990.29
902876,NV408865,2026-06,Moderate,Active,2990.29
902876,NV408865,2026-07,Moderate,Paused,0.0
902877,NV408874,2026-05,Moderate,Active,2427.91
902877,NV408874,2026-06,Moderate,Active,2427.91
902877,NV408874,2026-07,Moderate,Active,2427.91
902878,NV408874,2026-07,Moderate,Active,11826.22
902879,NV408875,2026-05,Moderate,Active,3320.45
902879,NV408875,2026-06,Moderate,Active,3320.45
902879,NV408875,2026-07,Moderate,Active,3320.45
902880,NV408880,2026-05,Aggressive,Active,4460.13
902880,NV408880,2026-06,Aggressive,Active,4460.13
902880,NV408880,2026-07,Aggressive,Active,4460.13
902881,NV408883,2026-05,Moderate,Active,3470.93
902881,NV408883,2026-06,Moderate,Active,3470.93
902881,NV408883,2026-07,Moderate,Active,3470.93
902882,NV408884,2026-05,Conservative,Active,1052.42
902882,NV408884,2026-06,Conservative,Active,1052.42
902882,NV408884,2026-07,Conservative,Active,1052.42
902883,NV408886,2026-05,Conservative,Active,842.97
902883,NV408886,2026-06,Conservative,Active,842.97
902883,NV408886,2026-07,Conservative,Active,842.97
902884,NV408887,2026-06,Moderate,Active,1836.74
902884,NV408887,2026-07,Moderate,Active,1836.74
902885,NV408893,2026-05,Aggressive,Active,3799.0
902885,NV408893,2026-06,Aggressive,Paused,0.0
902885,NV408893,2026-07,Aggressive,Cancelled,0.0
902886,NV408900,2026-05,Conservative,Active,4158.93
902886,NV408900,2026-06,Conservative,Active,4158.93
902886,NV408900,2026-07,Conservative,Active,4158.93
902887,NV408901,2026-05,Conservative,Active,2165.3
902887,NV408901,2026-06,Conservative,Active,2165.3
902887,NV408901,2026-07,Conservative,Active,2165.3
902888,NV408902,2026-06,Moderate,Active,2200.89
902888,NV408902,2026-07,Moderate,Active,2200.89
902889,NV408902,2026-07,Moderate,Active,1638.32
902890,NV408903,2026-05,Moderate,Active,5974.78
902890,NV408903,2026-06,Moderate,Cancelled,0.0
902891,NV408903,2026-06,Moderate,Active,2219.3
902891,NV408903,2026-07,Moderate,Active,2219.3
902892,NV408904,2026-05,Moderate,Active,2240.06
902892,NV408904,2026-06,Moderate,Active,2240.06
902892,NV408904,2026-07,Moderate,Active,2240.06
902893,NV408906,2026-07,Moderate,Active,3121.63
902894,NV408908,2026-05,Moderate,Active,5131.9
902894,NV408908,2026-06,Moderate,Active,5131.9
902894,NV408908,2026-07,Moderate,Active,5131.9
902895,NV408908,2026-06,Moderate,Active,1804.03
902895,NV408908,2026-07,Moderate,Active,1804.03
902896,NV408913,2026-05,Aggressive,Active,2558.29
902896,NV408913,2026-06,Aggressive,Active,2558.29
902896,NV408913,2026-07,Aggressive,Active,2558.29
902897,NV408917,2026-05,Conservative,Paused,0.0
902897,NV408917,2026-06,Conservative,Cancelled,0.0
902898,NV408919,2026-05,Moderate,Active,1230.08
902898,NV408919,2026-06,Moderate,Active,1230.08
902898,NV408919,2026-07,Moderate,Paused,0.0
902899,NV408919,2026-06,Moderate,Active,4763.3
902899,NV408919,2026-07,Moderate,Active,4763.3
902900,NV408926,2026-05,Conservative,Paused,0.0
902900,NV408926,2026-06,Conservative,Active,5115.6
902900,NV408926,2026-07,Conservative,Paused,0.0
902901,NV408927,2026-06,Aggressive,Active,2914.61
902901,NV408927,2026-07,Aggressive,Active,2914.61
902902,NV408931,2026-05,Moderate,Active,2837.89
902902,NV408931,2026-06,Moderate,Active,2837.89
902902,NV408931,2026-07,Moderate,Active,2837.89
902903,NV408934,2026-05,Aggressive,Active,3246.73
902903,NV408934,2026-06,Aggressive,Cancelled,0.0
902904,NV408935,2026-05,Moderate,Active,2900.69
902904,NV408935,2026-06,Moderate,Active,2900.69
902904,NV408935,2026-07,Moderate,Active,2900.69
902905,NV408935,2026-07,Moderate,Active,614.92
902906,NV408936,2026-05,Conservative,Active,4633.95
902906,NV408936,2026-06,Conservative,Active,4633.95
902906,NV408936,2026-07,Conservative,Active,4633.95
902907,NV408956,2026-05,Moderate,Active,5548.87
902907,NV408956,2026-06,Moderate,Active,5548.87
902907,NV408956,2026-07,Moderate,Active,5548.87
902908,NV408961,2026-05,Aggressive,Active,5320.75
902908,NV408961,2026-06,Aggressive,Active,5320.75
902908,NV408961,2026-07,Aggressive,Active,5320.75
902909,NV408964,2026-05,Moderate,Paused,0.0
902909,NV408964,2026-06,Moderate,Active,5853.94
902909,NV408964,2026-07,Moderate,Active,5853.94
902910,NV408971,2026-05,Moderate,Active,1007.82
902910,NV408971,2026-06,Moderate,Active,1007.82
902910,NV408971,2026-07,Moderate,Active,1007.82
902911,NV408974,2026-05,Moderate,Paused,0.0
902911,NV408974,2026-06,Moderate,Active,2866.65
902911,NV408974,2026-07,Moderate,Active,2866.65
902912,NV408979,2026-05,Aggressive,Active,3719.01
902912,NV408979,2026-06,Aggressive,Active,3719.01
902912,NV408979,2026-07,Aggressive,Active,3719.01
902913,NV408980,2026-06,Conservative,Active,4417.6
902913,NV408980,2026-07,Conservative,Active,4417.6
902914,NV408982,2026-05,Moderate,Active,3890.32
902914,NV408982,2026-06,Moderate,Active,3890.32
902914,NV408982,2026-07,Moderate,Active,3890.32
902915,NV408983,2026-05,Moderate,Active,12991.83
902915,NV408983,2026-06,Moderate,Active,12991.83
902915,NV408983,2026-07,Moderate,Active,12991.83
902916,NV408988,2026-05,Conservative,Paused,0.0
902916,NV408988,2026-06,Conservative,Cancelled,0.0
902917,NV408995,2026-05,Conservative,Active,3056.97
902917,NV408995,2026-06,Conservative,Active,3056.97
902917,NV408995,2026-07,Conservative,Active,3056.97
902918,NV408998,2026-05,Moderate,Active,2529.17
902918,NV408998,2026-06,Moderate,Active,2529.17
902918,NV408998,2026-07,Moderate,Cancelled,0.0
902919,NV409003,2026-05,Conservative,Active,4002.74
902919,NV409003,2026-06,Conservative,Active,4002.74
902919,NV409003,2026-07,Conservative,Active,4002.74
902920,NV409009,2026-05,Aggressive,Active,1117.36
902920,NV409009,2026-06,Aggressive,Active,1117.36
902920,NV409009,2026-07,Aggressive,Active,1117.36
902921,NV409013,2026-05,Moderate,Active,2778.75
902921,NV409013,2026-06,Moderate,Active,2778.75
902921,NV409013,2026-07,Moderate,Active,2778.75
902922,NV409018,2026-06,Moderate,Active,3166.67
902922,NV409018,2026-07,Moderate,Active,3166.67
902923,NV409019,2026-05,Conservative,Active,2286.39
902923,NV409019,2026-06,Conservative,Active,2286.39
902923,NV409019,2026-07,Conservative,Active,2286.39
902924,NV409020,2026-05,Moderate,Active,2888.71
902924,NV409020,2026-06,Moderate,Active,2888.71
902924,NV409020,2026-07,Moderate,Active,2888.71
902925,NV409024,2026-05,Conservative,Active,5372.25
902925,NV409024,2026-06,Conservative,Paused,0.0
902925,NV409024,2026-07,Conservative,Active,5372.25
902926,NV409029,2026-05,Moderate,Active,1833.29
902926,NV409029,2026-06,Moderate,Cancelled,0.0
902927,NV409029,2026-06,Moderate,Active,2604.13
902927,NV409029,2026-07,Moderate,Active,2604.13
902928,NV409032,2026-05,Conservative,Active,3853.61
902928,NV409032,2026-06,Conservative,Paused,0.0
902928,NV409032,2026-07,Conservative,Cancelled,0.0
902929,NV409033,2026-05,Conservative,Paused,0.0
902929,NV409033,2026-06,Conservative,Active,1343.0
902929,NV409033,2026-07,Conservative,Active,1343.0
902930,NV409034,2026-05,Moderate,Active,6042.77
902930,NV409034,2026-06,Moderate,Active,6042.77
902930,NV409034,2026-07,Moderate,Paused,0.0
902931,NV409036,2026-05,Moderate,Active,6245.98
902931,NV409036,2026-06,Moderate,Active,6245.98
902931,NV409036,2026-07,Moderate,Active,6245.98
902932,NV409036,2026-06,Moderate,Active,3265.32
902932,NV409036,2026-07,Moderate,Active,3265.32
902933,NV409037,2026-05,Moderate,Active,4086.26
902933,NV409037,2026-06,Moderate,Active,4086.26
902933,NV409037,2026-07,Moderate,Active,4086.26
902934,NV409038,2026-05,Conservative,Active,2307.74
902934,NV409038,2026-06,Conservative,Active,2307.74
902934,NV409038,2026-07,Conservative,Active,2307.74
902935,NV409041,2026-05,Moderate,Active,3210.43
902935,NV409041,2026-06,Moderate,Active,3210.43
902935,NV409041,2026-07,Moderate,Active,3210.43
902936,NV409043,2026-05,Conservative,Cancelled,0.0
902937,NV409045,2026-05,Moderate,Active,601.55
902937,NV409045,2026-06,Moderate,Active,601.55
902937,NV409045,2026-07,Moderate,Active,601.55
902938,NV409051,2026-05,Moderate,Active,2660.97
902938,NV409051,2026-06,Moderate,Active,2660.97
902938,NV409051,2026-07,Moderate,Active,2660.97
902939,NV409053,2026-05,Aggressive,Active,4113.54
902939,NV409053,2026-06,Aggressive,Active,4113.54
902939,NV409053,2026-07,Aggressive,Active,4113.54
902940,NV409053,2026-06,Aggressive,Active,5815.75
902940,NV409053,2026-07,Aggressive,Active,5815.75
902941,NV409055,2026-05,Moderate,Active,5871.81
902941,NV409055,2026-06,Moderate,Active,5871.81
902941,NV409055,2026-07,Moderate,Active,5871.81
902942,NV409056,2026-05,Aggressive,Active,5321.35
902942,NV409056,2026-06,Aggressive,Paused,0.0
902942,NV409056,2026-07,Aggressive,Active,5321.35
902943,NV409057,2026-05,Moderate,Active,1119.72
902943,NV409057,2026-06,Moderate,Active,1119.72
902943,NV409057,2026-07,Moderate,Active,1119.72
902944,NV409058,2026-05,Moderate,Paused,0.0
902944,NV409058,2026-06,Moderate,Active,1617.45
902944,NV409058,2026-07,Moderate,Active,1617.45
902945,NV409059,2026-05,Aggressive,Active,1865.61
902945,NV409059,2026-06,Aggressive,Active,1865.61
902945,NV409059,2026-07,Aggressive,Active,1865.61
902946,NV409060,2026-05,Conservative,Active,3610.71
902946,NV409060,2026-06,Conservative,Paused,0.0
902946,NV409060,2026-07,Conservative,Active,3610.71
902947,NV409069,2026-06,Moderate,Active,855.37
902947,NV409069,2026-07,Moderate,Active,855.37
902948,NV409073,2026-05,Aggressive,Active,4704.54
902948,NV409073,2026-06,Aggressive,Active,4704.54
902948,NV409073,2026-07,Aggressive,Active,4704.54
902949,NV409079,2026-05,Moderate,Active,1700.7
902949,NV409079,2026-06,Moderate,Active,1700.7
902949,NV409079,2026-07,Moderate,Active,1700.7
902950,NV409081,2026-05,Conservative,Active,2104.31
902950,NV409081,2026-06,Conservative,Active,2104.31
902950,NV409081,2026-07,Conservative,Active,2104.31
902951,NV409083,2026-05,Moderate,Active,1961.62
902951,NV409083,2026-06,Moderate,Active,1961.62
902951,NV409083,2026-07,Moderate,Active,1961.62
902952,NV409088,2026-05,Aggressive,Active,4477.65
902952,NV409088,2026-06,Aggressive,Active,4477.65
902952,NV409088,2026-07,Aggressive,Active,4477.65
902953,NV409088,2026-07,Aggressive,Active,3009.4
902954,NV409091,2026-05,Conservative,Active,3223.78
902954,NV409091,2026-06,Conservative,Cancelled,0.0
902955,NV409092,2026-05,Moderate,Cancelled,0.0
902956,NV409092,2026-07,Moderate,Active,2110.49
902957,NV409093,2026-06,Aggressive,Active,4063.63
902957,NV409093,2026-07,Aggressive,Active,4063.63
902958,NV409096,2026-05,Moderate,Active,2255.75
902958,NV409096,2026-06,Moderate,Active,2255.75
902958,NV409096,2026-07,Moderate,Active,2255.75
902959,NV409107,2026-06,Aggressive,Active,3564.06
902959,NV409107,2026-07,Aggressive,Active,3564.06
902960,NV409110,2026-05,Conservative,Active,3515.54
902960,NV409110,2026-06,Conservative,Active,3515.54
902960,NV409110,2026-07,Conservative,Active,3515.54
902961,NV409114,2026-05,Moderate,Active,1951.72
902961,NV409114,2026-06,Moderate,Active,1951.72
902961,NV409114,2026-07,Moderate,Active,1951.72
902962,NV409118,2026-05,Moderate,Active,3766.31
902962,NV409118,2026-06,Moderate,Active,3766.31
902962,NV409118,2026-07,Moderate,Active,3766.31
902963,NV409118,2026-06,Moderate,Active,2875.06
902963,NV409118,2026-07,Moderate,Active,2875.06
902964,NV409122,2026-05,Moderate,Active,4025.47
902964,NV409122,2026-06,Moderate,Active,4025.47
902964,NV409122,2026-07,Moderate,Active,4025.47
902965,NV409130,2026-05,Aggressive,Active,875.76
902965,NV409130,2026-06,Aggressive,Active,875.76
902965,NV409130,2026-07,Aggressive,Active,875.76
902966,NV409131,2026-06,Aggressive,Active,1759.98
902966,NV409131,2026-07,Aggressive,Active,1759.98
902967,NV409143,2026-05,Moderate,Active,1432.97
902967,NV409143,2026-06,Moderate,Paused,0.0
902967,NV409143,2026-07,Moderate,Cancelled,0.0
902968,NV409146,2026-05,Aggressive,Active,5300.29
902968,NV409146,2026-06,Aggressive,Active,5300.29
902968,NV409146,2026-07,Aggressive,Active,5300.29
902969,NV409146,2026-06,Aggressive,Active,1051.11
902969,NV409146,2026-07,Aggressive,Active,1051.11
902970,NV409150,2026-05,Moderate,Active,5491.74
902970,NV409150,2026-06,Moderate,Cancelled,0.0
902971,NV409150,2026-07,Moderate,Active,4551.77
902972,NV409151,2026-05,Aggressive,Active,2926.22
902972,NV409151,2026-06,Aggressive,Active,2926.22
902972,NV409151,2026-07,Aggressive,Active,2926.22
902973,NV409153,2026-05,Moderate,Active,825.21
902973,NV409153,2026-06,Moderate,Paused,0.0
902973,NV409153,2026-07,Moderate,Cancelled,0.0
902974,NV409155,2026-05,Moderate,Active,1992.78
902974,NV409155,2026-06,Moderate,Active,1992.78
902974,NV409155,2026-07,Moderate,Active,1992.78
902975,NV409155,2026-06,Moderate,Active,3495.2
902975,NV409155,2026-07,Moderate,Active,3495.2
902976,NV409163,2026-06,Aggressive,Active,1764.52
902976,NV409163,2026-07,Aggressive,Active,1764.52
902977,NV409164,2026-05,Moderate,Paused,0.0
902977,NV409164,2026-06,Moderate,Active,5564.96
902977,NV409164,2026-07,Moderate,Active,5564.96
902978,NV409164,2026-07,Moderate,Active,2013.63
902979,NV409165,2026-05,Conservative,Active,2605.12
902979,NV409165,2026-06,Conservative,Active,2605.12
902979,NV409165,2026-07,Conservative,Paused,0.0
902980,NV409166,2026-05,Moderate,Active,5335.43
902980,NV409166,2026-06,Moderate,Active,5335.43
902980,NV409166,2026-07,Moderate,Active,5335.43
902981,NV409169,2026-05,Moderate,Active,2489.82
902981,NV409169,2026-06,Moderate,Active,2489.82
902981,NV409169,2026-07,Moderate,Active,2489.82
902982,NV409169,2026-07,Moderate,Active,8154.56
902983,NV409173,2026-05,Aggressive,Active,2834.52
902983,NV409173,2026-06,Aggressive,Active,2834.52
902983,NV409173,2026-07,Aggressive,Active,2834.52
902984,NV409174,2026-06,Aggressive,Active,1169.63
902984,NV409174,2026-07,Aggressive,Active,1169.63
902985,NV409180,2026-05,Moderate,Active,1741.59
902985,NV409180,2026-06,Moderate,Active,1741.59
902985,NV409180,2026-07,Moderate,Active,1741.59
902986,NV409183,2026-05,Aggressive,Active,4241.57
902986,NV409183,2026-06,Aggressive,Active,4241.57
902986,NV409183,2026-07,Aggressive,Active,4241.57
902987,NV409186,2026-05,Moderate,Active,3949.05
902987,NV409186,2026-06,Moderate,Active,3949.05
902987,NV409186,2026-07,Moderate,Paused,0.0
902988,NV409192,2026-05,Moderate,Active,3325.93
902988,NV409192,2026-06,Moderate,Active,3325.93
902988,NV409192,2026-07,Moderate,Active,3325.93
902989,NV409197,2026-06,Moderate,Active,3902.98
902989,NV409197,2026-07,Moderate,Active,3902.98
902990,NV409198,2026-05,Moderate,Paused,0.0
902990,NV409198,2026-06,Moderate,Active,3572.13
902990,NV409198,2026-07,Moderate,Active,3572.13
902991,NV409198,2026-06,Moderate,Active,1244.48
902991,NV409198,2026-07,Moderate,Active,1244.48
902992,NV409201,2026-05,Moderate,Active,6692.48
902992,NV409201,2026-06,Moderate,Active,6692.48
902992,NV409201,2026-07,Moderate,Active,6692.48
902993,NV409202,2026-05,Moderate,Active,2629.55
902993,NV409202,2026-06,Moderate,Active,2629.55
902993,NV409202,2026-07,Moderate,Active,2629.55
902994,NV409205,2026-05,Aggressive,Active,3410.24
902994,NV409205,2026-06,Aggressive,Active,3410.24
902994,NV409205,2026-07,Aggressive,Active,3410.24
902995,NV409205,2026-06,Aggressive,Active,2117.01
902995,NV409205,2026-07,Aggressive,Active,2117.01
902996,NV409206,2026-05,Moderate,Paused,0.0
902996,NV409206,2026-06,Moderate,Cancelled,0.0
902997,NV409212,2026-05,Conservative,Active,3304.46
902997,NV409212,2026-06,Conservative,Active,3304.46
902997,NV409212,2026-07,Conservative,Active,3304.46
902998,NV409213,2026-05,Moderate,Active,2733.65
902998,NV409213,2026-06,Moderate,Active,2733.65
902998,NV409213,2026-07,Moderate,Active,2733.65
902999,NV409214,2026-05,Moderate,Active,6981.98
902999,NV409214,2026-06,Moderate,Active,6981.98
902999,NV409214,2026-07,Moderate,Active,6981.98
903000,NV409215,2026-06,Moderate,Active,2169.27
903000,NV409215,2026-07,Moderate,Active,2169.27
903001,NV409222,2026-05,Moderate,Active,3903.52
903001,NV409222,2026-06,Moderate,Active,3903.52
903001,NV409222,2026-07,Moderate,Active,3903.52
903002,NV409222,2026-07,Moderate,Active,2800.55
903003,NV409230,2026-05,Moderate,Active,1153.79
903003,NV409230,2026-06,Moderate,Active,1153.79
903003,NV409230,2026-07,Moderate,Active,1153.79
903004,NV409235,2026-05,Conservative,Active,2302.1
903004,NV409235,2026-06,Conservative,Active,2302.1
903004,NV409235,2026-07,Conservative,Active,2302.1
903005,NV409236,2026-05,Conservative,Active,3255.55
903005,NV409236,2026-06,Conservative,Cancelled,0.0
903006,NV409240,2026-05,Moderate,Active,19941.29
903006,NV409240,2026-06,Moderate,Active,19941.29
903006,NV409240,2026-07,Moderate,Paused,0.0
903007,NV409240,2026-05,Moderate,Active,2355.49
903007,NV409240,2026-06,Moderate,Active,2355.49
903007,NV409240,2026-07,Moderate,Active,2355.49
903008,NV409243,2026-05,Moderate,Active,1540.7
903008,NV409243,2026-06,Moderate,Active,1540.7
903008,NV409243,2026-07,Moderate,Active,1540.7
903009,NV409256,2026-05,Conservative,Active,6995.31
903009,NV409256,2026-06,Conservative,Active,6995.31
903009,NV409256,2026-07,Conservative,Active,6995.31
903010,NV409257,2026-05,Moderate,Active,1192.38
903010,NV409257,2026-06,Moderate,Active,1192.38
903010,NV409257,2026-07,Moderate,Active,1192.38
903011,NV409258,2026-06,Moderate,Active,3452.05
903011,NV409258,2026-07,Moderate,Active,3452.05
903012,NV409261,2026-06,Aggressive,Active,2220.31
903012,NV409261,2026-07,Aggressive,Active,2220.31
903013,NV409262,2026-05,Moderate,Active,2622.38
903013,NV409262,2026-06,Moderate,Active,2622.38
903013,NV409262,2026-07,Moderate,Active,2622.38
903014,NV409266,2026-05,Moderate,Active,2327.05
903014,NV409266,2026-06,Moderate,Active,2327.05
903014,NV409266,2026-07,Moderate,Active,2327.05
903015,NV409268,2026-05,Conservative,Paused,0.0
903015,NV409268,2026-06,Conservative,Paused,0.0
903015,NV409268,2026-07,Conservative,Cancelled,0.0
903016,NV409269,2026-05,Moderate,Active,9538.73
903016,NV409269,2026-06,Moderate,Active,9538.73
903016,NV409269,2026-07,Moderate,Active,9538.73
903017,NV409269,2026-06,Moderate,Active,2055.81
903017,NV409269,2026-07,Moderate,Active,2055.81
903018,NV409273,2026-05,Moderate,Active,2554.63
903018,NV409273,2026-06,Moderate,Active,2554.63
903018,NV409273,2026-07,Moderate,Active,2554.63
903019,NV409275,2026-05,Moderate,Active,2516.06
903019,NV409275,2026-06,Moderate,Active,2516.06
903019,NV409275,2026-07,Moderate,Active,2516.06
903020,NV409276,2026-05,Aggressive,Active,7626.0
903020,NV409276,2026-06,Aggressive,Paused,0.0
903020,NV409276,2026-07,Aggressive,Active,7626.0
903021,NV409279,2026-05,Conservative,Active,3752.41
903021,NV409279,2026-06,Conservative,Active,3752.41
903021,NV409279,2026-07,Conservative,Active,3752.41
903022,NV409282,2026-05,Moderate,Active,1596.57
903022,NV409282,2026-06,Moderate,Active,1596.57
903022,NV409282,2026-07,Moderate,Active,1596.57
903023,NV409285,2026-05,Aggressive,Active,4493.87
903023,NV409285,2026-06,Aggressive,Active,4493.87
903023,NV409285,2026-07,Aggressive,Active,4493.87
903024,NV409286,2026-05,Aggressive,Paused,0.0
903024,NV409286,2026-06,Aggressive,Active,3055.11
903024,NV409286,2026-07,Aggressive,Active,3055.11
903025,NV409287,2026-05,Aggressive,Active,1658.18
903025,NV409287,2026-06,Aggressive,Active,1658.18
903025,NV409287,2026-07,Aggressive,Active,1658.18
903026,NV409288,2026-05,Conservative,Active,2789.47
903026,NV409288,2026-06,Conservative,Active,2789.47
903026,NV409288,2026-07,Conservative,Active,2789.47
903027,NV409292,2026-05,Aggressive,Active,1189.18
903027,NV409292,2026-06,Aggressive,Active,1189.18
903027,NV409292,2026-07,Aggressive,Active,1189.18
903028,NV409297,2026-05,Aggressive,Active,1575.08
903028,NV409297,2026-06,Aggressive,Active,1575.08
903028,NV409297,2026-07,Aggressive,Active,1575.08
903029,NV409297,2026-07,Aggressive,Paused,0.0
903030,NV409298,2026-05,Conservative,Active,3957.9
903030,NV409298,2026-06,Conservative,Active,3957.9
903030,NV409298,2026-07,Conservative,Active,3957.9
903031,NV409298,2026-06,Conservative,Active,6606.86
903031,NV409298,2026-07,Conservative,Active,6606.86
903032,NV409300,2026-05,Conservative,Active,2150.0
903032,NV409300,2026-06,Conservative,Active,2150.0
903032,NV409300,2026-07,Conservative,Active,2150.0
903033,NV409301,2026-05,Aggressive,Active,960.69
903033,NV409301,2026-06,Aggressive,Active,960.69
903033,NV409301,2026-07,Aggressive,Active,960.69
903034,NV409301,2026-07,Aggressive,Active,6714.48
903035,NV409307,2026-05,Moderate,Active,6721.24
903035,NV409307,2026-06,Moderate,Active,6721.24
903035,NV409307,2026-07,Moderate,Active,6721.24
903036,NV409318,2026-05,Moderate,Active,6324.93
903036,NV409318,2026-06,Moderate,Active,6324.93
903036,NV409318,2026-07,Moderate,Active,6324.93
903037,NV409324,2026-05,Aggressive,Active,1673.67
903037,NV409324,2026-06,Aggressive,Active,1673.67
903037,NV409324,2026-07,Aggressive,Active,1673.67
903038,NV409326,2026-05,Conservative,Active,2257.81
903038,NV409326,2026-06,Conservative,Active,2257.81
903038,NV409326,2026-07,Conservative,Active,2257.81
903039,NV409328,2026-05,Conservative,Active,2111.84
903039,NV409328,2026-06,Conservative,Active,2111.84
903039,NV409328,2026-07,Conservative,Active,2111.84
903040,NV409329,2026-05,Conservative,Cancelled,0.0
903041,NV409332,2026-05,Aggressive,Paused,0.0
903041,NV409332,2026-06,Aggressive,Paused,0.0
903041,NV409332,2026-07,Aggressive,Active,2478.05
903042,NV409333,2026-05,Conservative,Active,1606.57
903042,NV409333,2026-06,Conservative,Active,1606.57
903042,NV409333,2026-07,Conservative,Active,1606.57
903043,NV409334,2026-05,Aggressive,Active,4389.99
903043,NV409334,2026-06,Aggressive,Active,4389.99
903043,NV409334,2026-07,Aggressive,Active,4389.99
903044,NV409355,2026-05,Aggressive,Active,5185.11
903044,NV409355,2026-06,Aggressive,Active,5185.11
903044,NV409355,2026-07,Aggressive,Active,5185.11
903045,NV409360,2026-05,Moderate,Active,3870.22
903045,NV409360,2026-06,Moderate,Active,3870.22
903045,NV409360,2026-07,Moderate,Active,3870.22
903046,NV409360,2026-06,Moderate,Active,2021.71
903046,NV409360,2026-07,Moderate,Active,2021.71
903047,NV409364,2026-05,Conservative,Active,2823.57
903047,NV409364,2026-06,Conservative,Active,2823.57
903047,NV409364,2026-07,Conservative,Active,2823.57
903048,NV409366,2026-05,Conservative,Active,1765.48
903048,NV409366,2026-06,Conservative,Active,1765.48
903048,NV409366,2026-07,Conservative,Active,1765.48
903049,NV409369,2026-05,Aggressive,Active,4494.07
903049,NV409369,2026-06,Aggressive,Active,4494.07
903049,NV409369,2026-07,Aggressive,Active,4494.07
903050,NV409371,2026-05,Aggressive,Active,4001.94
903050,NV409371,2026-06,Aggressive,Paused,0.0
903050,NV409371,2026-07,Aggressive,Active,4001.94
903051,NV409372,2026-05,Conservative,Cancelled,0.0
903052,NV409376,2026-05,Conservative,Active,2390.53
903052,NV409376,2026-06,Conservative,Active,2390.53
903052,NV409376,2026-07,Conservative,Active,2390.53
903053,NV409380,2026-05,Aggressive,Active,7784.23
903053,NV409380,2026-06,Aggressive,Active,7784.23
903053,NV409380,2026-07,Aggressive,Active,7784.23
903054,NV409381,2026-05,Conservative,Active,2459.96
903054,NV409381,2026-06,Conservative,Paused,0.0
903054,NV409381,2026-07,Conservative,Cancelled,0.0
903055,NV409383,2026-05,Moderate,Active,3141.29
903055,NV409383,2026-06,Moderate,Active,3141.29
903055,NV409383,2026-07,Moderate,Active,3141.29
903056,NV409387,2026-05,Aggressive,Active,7674.32
903056,NV409387,2026-06,Aggressive,Active,7674.32
903056,NV409387,2026-07,Aggressive,Active,7674.32
903057,NV409387,2026-06,Aggressive,Active,2701.97
903057,NV409387,2026-07,Aggressive,Active,2701.97
903058,NV409388,2026-05,Moderate,Active,3873.85
903058,NV409388,2026-06,Moderate,Active,3873.85
903058,NV409388,2026-07,Moderate,Active,3873.85
903059,NV409390,2026-05,Conservative,Active,4521.78
903059,NV409390,2026-06,Conservative,Active,4521.78
903059,NV409390,2026-07,Conservative,Active,4521.78
903060,NV409392,2026-05,Aggressive,Active,2316.53
903060,NV409392,2026-06,Aggressive,Active,2316.53
903060,NV409392,2026-07,Aggressive,Active,2316.53
903061,NV409396,2026-05,Conservative,Active,2755.03
903061,NV409396,2026-06,Conservative,Active,2755.03
903061,NV409396,2026-07,Conservative,Active,2755.03
903062,NV409400,2026-06,Conservative,Cancelled,0.0
903063,NV409402,2026-07,Moderate,Active,3430.93
903064,NV409403,2026-05,Moderate,Active,4876.53
903064,NV409403,2026-06,Moderate,Active,4876.53
903064,NV409403,2026-07,Moderate,Active,4876.53
903065,NV409405,2026-05,Conservative,Active,5884.58
903065,NV409405,2026-06,Conservative,Active,5884.58
903065,NV409405,2026-07,Conservative,Active,5884.58
903066,NV409406,2026-05,Moderate,Active,2538.75
903066,NV409406,2026-06,Moderate,Active,2538.75
903066,NV409406,2026-07,Moderate,Active,2538.75
903067,NV409408,2026-05,Aggressive,Active,5343.67
903067,NV409408,2026-06,Aggressive,Active,5343.67
903067,NV409408,2026-07,Aggressive,Active,5343.67
903068,NV409412,2026-05,Moderate,Active,2799.87
903068,NV409412,2026-06,Moderate,Active,2799.87
903068,NV409412,2026-07,Moderate,Active,2799.87
903069,NV409412,2026-06,Moderate,Active,3319.04
903069,NV409412,2026-07,Moderate,Active,3319.04
903070,NV409413,2026-05,Aggressive,Active,1311.53
903070,NV409413,2026-06,Aggressive,Active,1311.53
903070,NV409413,2026-07,Aggressive,Active,1311.53
903071,NV409416,2026-05,Conservative,Active,1662.33
903071,NV409416,2026-06,Conservative,Active,1662.33
903071,NV409416,2026-07,Conservative,Active,1662.33
903072,NV409416,2026-06,Conservative,Active,2107.0
903072,NV409416,2026-07,Conservative,Active,2107.0
903073,NV409426,2026-05,Conservative,Active,1319.26
903073,NV409426,2026-06,Conservative,Active,1319.26
903073,NV409426,2026-07,Conservative,Active,1319.26
903074,NV409427,2026-05,Moderate,Active,1822.42
903074,NV409427,2026-06,Moderate,Active,1822.42
903074,NV409427,2026-07,Moderate,Active,1822.42
903075,NV409428,2026-05,Conservative,Active,4975.2
903075,NV409428,2026-06,Conservative,Active,4975.2
903075,NV409428,2026-07,Conservative,Active,4975.2
903076,NV409431,2026-05,Moderate,Active,2575.27
903076,NV409431,2026-06,Moderate,Active,2575.27
903076,NV409431,2026-07,Moderate,Active,2575.27
903077,NV409433,2026-05,Aggressive,Active,5881.11
903077,NV409433,2026-06,Aggressive,Active,5881.11
903077,NV409433,2026-07,Aggressive,Active,5881.11
903078,NV409433,2026-07,Aggressive,Active,1084.93
903079,NV409435,2026-05,Conservative,Active,1587.71
903079,NV409435,2026-06,Conservative,Active,1587.71
903079,NV409435,2026-07,Conservative,Active,1587.71
903080,NV409436,2026-05,Conservative,Active,3646.52
903080,NV409436,2026-06,Conservative,Paused,0.0
903080,NV409436,2026-07,Conservative,Active,3646.52
903081,NV409439,2026-05,Moderate,Cancelled,0.0
903082,NV409448,2026-06,Moderate,Active,2244.2
903082,NV409448,2026-07,Moderate,Active,2244.2
903083,NV409450,2026-05,Moderate,Active,1038.19
903083,NV409450,2026-06,Moderate,Cancelled,0.0
903084,NV409452,2026-05,Moderate,Active,7121.4
903084,NV409452,2026-06,Moderate,Active,7121.4
903084,NV409452,2026-07,Moderate,Active,7121.4
903085,NV409456,2026-05,Aggressive,Active,5746.55
903085,NV409456,2026-06,Aggressive,Active,5746.55
903085,NV409456,2026-07,Aggressive,Active,5746.55
903086,NV409456,2026-06,Aggressive,Active,2491.53
903086,NV409456,2026-07,Aggressive,Active,2491.53
903087,NV409459,2026-05,Moderate,Paused,0.0
903087,NV409459,2026-06,Moderate,Paused,0.0
903087,NV409459,2026-07,Moderate,Active,3777.27
903088,NV409459,2026-06,Moderate,Paused,0.0
903088,NV409459,2026-07,Moderate,Active,1291.29
903089,NV409463,2026-05,Aggressive,Active,2119.1
903089,NV409463,2026-06,Aggressive,Active,2119.1
903089,NV409463,2026-07,Aggressive,Active,2119.1
903090,NV409465,2026-05,Moderate,Active,3957.26
903090,NV409465,2026-06,Moderate,Active,3957.26
903090,NV409465,2026-07,Moderate,Active,3957.26
903091,NV409469,2026-05,Conservative,Active,1956.7
903091,NV409469,2026-06,Conservative,Active,1956.7
903091,NV409469,2026-07,Conservative,Active,1956.7
903092,NV409474,2026-05,Moderate,Active,3482.09
903092,NV409474,2026-06,Moderate,Active,3482.09
903092,NV409474,2026-07,Moderate,Active,3482.09
903093,NV409476,2026-05,Aggressive,Active,3074.32
903093,NV409476,2026-06,Aggressive,Active,3074.32
903093,NV409476,2026-07,Aggressive,Active,3074.32
903094,NV409479,2026-05,Moderate,Active,2414.53
903094,NV409479,2026-06,Moderate,Active,2414.53
903094,NV409479,2026-07,Moderate,Active,2414.53
903095,NV409480,2026-05,Moderate,Active,1621.78
903095,NV409480,2026-06,Moderate,Active,1621.78
903095,NV409480,2026-07,Moderate,Active,1621.78
903096,NV409481,2026-05,Aggressive,Active,2139.54
903096,NV409481,2026-06,Aggressive,Cancelled,0.0
903097,NV409481,2026-06,Aggressive,Active,2117.82
903097,NV409481,2026-07,Aggressive,Active,2117.82
903098,NV409482,2026-05,Moderate,Active,3176.51
903098,NV409482,2026-06,Moderate,Active,3176.51
903098,NV409482,2026-07,Moderate,Paused,0.0
903099,NV409487,2026-05,Moderate,Active,2947.21
903099,NV409487,2026-06,Moderate,Active,2947.21
903099,NV409487,2026-07,Moderate,Active,2947.21
903100,NV409492,2026-05,Moderate,Active,4591.54
903100,NV409492,2026-06,Moderate,Paused,0.0
903100,NV409492,2026-07,Moderate,Active,4591.54
903101,NV409492,2026-06,Moderate,Active,2414.85
903101,NV409492,2026-07,Moderate,Active,2414.85
903102,NV409498,2026-05,Aggressive,Active,4762.67
903102,NV409498,2026-06,Aggressive,Active,4762.67
903102,NV409498,2026-07,Aggressive,Active,4762.67
903103,NV409498,2026-07,Aggressive,Active,2375.84
903104,NV409501,2026-07,Moderate,Active,3786.81
903105,NV409508,2026-05,Conservative,Active,3428.42
903105,NV409508,2026-06,Conservative,Active,3428.42
903105,NV409508,2026-07,Conservative,Active,3428.42
903106,NV409521,2026-05,Conservative,Active,2011.0
903106,NV409521,2026-06,Conservative,Active,2011.0
903106,NV409521,2026-07,Conservative,Active,2011.0
903107,NV409521,2026-07,Conservative,Active,1076.93
903108,NV409531,2026-05,Aggressive,Active,2684.99
903108,NV409531,2026-06,Aggressive,Active,2684.99
903108,NV409531,2026-07,Aggressive,Active,2684.99
903109,NV409532,2026-05,Moderate,Active,2611.31
903109,NV409532,2026-06,Moderate,Active,2611.31
903109,NV409532,2026-07,Moderate,Active,2611.31
903110,NV409533,2026-05,Aggressive,Active,2399.43
903110,NV409533,2026-06,Aggressive,Active,2399.43
903110,NV409533,2026-07,Aggressive,Active,2399.43
903111,NV409534,2026-06,Conservative,Active,1845.16
903111,NV409534,2026-07,Conservative,Active,1845.16
903112,NV409535,2026-05,Moderate,Active,5630.79
903112,NV409535,2026-06,Moderate,Active,5630.79
903112,NV409535,2026-07,Moderate,Active,5630.79
903113,NV409538,2026-05,Conservative,Active,5203.79
903113,NV409538,2026-06,Conservative,Active,5203.79
903113,NV409538,2026-07,Conservative,Active,5203.79
903114,NV409546,2026-05,Conservative,Active,5396.22
903114,NV409546,2026-06,Conservative,Active,5396.22
903114,NV409546,2026-07,Conservative,Active,5396.22
903115,NV409548,2026-05,Moderate,Active,5516.12
903115,NV409548,2026-06,Moderate,Active,5516.12
903115,NV409548,2026-07,Moderate,Active,5516.12
903116,NV409559,2026-05,Moderate,Active,3934.75
903116,NV409559,2026-06,Moderate,Paused,0.0
903116,NV409559,2026-07,Moderate,Active,3934.75
903117,NV409567,2026-05,Conservative,Cancelled,0.0
903118,NV409569,2026-05,Conservative,Active,1620.26
903118,NV409569,2026-06,Conservative,Active,1620.26
903118,NV409569,2026-07,Conservative,Active,1620.26
903119,NV409569,2026-06,Conservative,Active,1667.08
903119,NV409569,2026-07,Conservative,Active,1667.08
903120,NV409575,2026-06,Aggressive,Active,2106.42
903120,NV409575,2026-07,Aggressive,Active,2106.42
903121,NV409579,2026-05,Conservative,Paused,0.0
903121,NV409579,2026-06,Conservative,Active,3659.74
903121,NV409579,2026-07,Conservative,Active,3659.74
903122,NV409582,2026-05,Conservative,Paused,0.0
903122,NV409582,2026-06,Conservative,Cancelled,0.0
903123,NV409584,2026-07,Conservative,Active,6234.38
903124,NV409585,2026-05,Moderate,Active,1308.63
903124,NV409585,2026-06,Moderate,Active,1308.63
903124,NV409585,2026-07,Moderate,Active,1308.63
903125,NV409585,2026-06,Moderate,Active,1850.7
903125,NV409585,2026-07,Moderate,Active,1850.7
