user_id,signup_date,signup_month,acquisition_channel,city_tier,age_bracket,risk_profile
NV400000,2026-01-17,2026-01,Organic App Store,Tier 2,18-24,Moderate
NV400001,2026-01-28,2026-01,Organic App Store,Tier 1,25-34,Conservative
NV400002,2026-01-15,2026-01,Organic App Store,Tier 2,45-54,Conservative
NV400003,2026-01-03,2026-01,Organic App Store,Tier 3,25-34,Conservative
NV400004,2026-01-18,2026-01,Paid Ads,Tier 1,18-24,Moderate
NV400005,2026-01-21,2026-01,Organic App Store,Tier 1,35-44,Conservative
NV400006,2026-01-03,2026-01,Influencer/Content,Tier 1,35-44,Aggressive
NV400007,2026-01-15,2026-01,Organic App Store,Tier 3,45-54,Conservative
NV400008,2026-01-11,2026-01,Influencer/Content,Tier 2,18-24,Moderate
NV400009,2026-01-21,2026-01,Paid Ads,Tier 2,55+,Moderate
NV400010,2026-01-21,2026-01,Influencer/Content,Tier 1,18-24,Aggressive
NV400011,2026-01-02,2026-01,Paid Ads,Tier 2,25-34,Moderate
NV400012,2026-01-06,2026-01,Paid Ads,Tier 1,18-24,Aggressive
NV400013,2026-01-02,2026-01,Organic App Store,Tier 1,35-44,Aggressive
NV400014,2026-01-23,2026-01,Referral,Tier 1,25-34,Moderate
NV400015,2026-01-06,2026-01,Paid Ads,Tier 3,35-44,Aggressive
NV400016,2026-01-27,2026-01,Referral,Tier 2,25-34,Moderate
NV400017,2026-01-30,2026-01,Paid Ads,Tier 3,35-44,Aggressive
NV400018,2026-01-19,2026-01,Paid Ads,Tier 1,35-44,Conservative
NV400019,2026-01-10,2026-01,Paid Ads,Tier 2,25-34,Aggressive
NV400020,2026-01-10,2026-01,Influencer/Content,Tier 1,25-34,Aggressive
NV400021,2026-01-18,2026-01,Organic App Store,Tier 2,25-34,Moderate
NV400022,2026-01-25,2026-01,Influencer/Content,Tier 1,25-34,Moderate
NV400023,2026-01-30,2026-01,Organic App Store,Tier 3,35-44,Moderate
NV400024,2026-01-02,2026-01,Referral,Tier 2,25-34,Aggressive
NV400025,2026-01-22,2026-01,Organic App Store,Tier 3,25-34,Moderate
NV400026,2026-01-04,2026-01,Organic App Store,Tier 2,45-54,Conservative
NV400027,2026-01-07,2026-01,Organic App Store,Tier 1,35-44,Conservative
NV400028,2026-01-09,2026-01,Paid Ads,Tier 3,35-44,Conservative
NV400029,2026-01-13,2026-01,Paid Ads,Tier 2,35-44,Conservative
NV400030,2026-01-20,2026-01,Referral,Tier 3,35-44,Conservative
NV400031,2026-01-04,2026-01,Paid Ads,Tier 3,25-34,Conservative
NV400032,2026-01-17,2026-01,Organic App Store,Tier 1,25-34,Moderate
NV400033,2026-01-09,2026-01,Organic App Store,Tier 1,45-54,Moderate
NV400034,2026-01-01,2026-01,Organic App Store,Tier 1,35-44,Conservative
NV400035,2026-01-10,2026-01,Organic App Store,Tier 2,35-44,Moderate
NV400036,2026-01-15,2026-01,Organic App Store,Tier 1,35-44,Conservative
NV400037,2026-01-01,2026-01,Organic App Store,Tier 1,35-44,Conservative
NV400038,2026-01-22,2026-01,Organic App Store,Tier 1,35-44,Aggressive
NV400039,2026-01-26,2026-01,Influencer/Content,Tier 2,25-34,Aggressive
NV400040,2026-01-29,2026-01,Organic App Store,Tier 1,55+,Conservative
NV400041,2026-01-27,2026-01,Organic App Store,Tier 1,35-44,Conservative
NV400042,2026-01-26,2026-01,Organic App Store,Tier 3,18-24,Aggressive
NV400043,2026-01-16,2026-01,Referral,Tier 1,25-34,Moderate
NV400044,2026-01-10,2026-01,Influencer/Content,Tier 3,35-44,Moderate
NV400045,2026-01-20,2026-01,Referral,Tier 2,25-34,Moderate
NV400046,2026-01-02,2026-01,Influencer/Content,Tier 3,25-34,Moderate
NV400047,2026-01-18,2026-01,Paid Ads,Tier 1,35-44,Moderate
NV400048,2026-01-18,2026-01,Referral,Tier 2,25-34,Aggressive
NV400049,2026-01-20,2026-01,Referral,Tier 3,25-34,Moderate
NV400050,2026-01-07,2026-01,Organic App Store,Tier 1,35-44,Moderate
NV400051,2026-01-30,2026-01,Paid Ads,Tier 2,35-44,Aggressive
NV400052,2026-01-19,2026-01,Organic App Store,Tier 2,35-44,Moderate
NV400053,2026-01-18,2026-01,Influencer/Content,Tier 1,25-34,Aggressive
NV400054,2026-01-12,2026-01,Organic App Store,Tier 1,25-34,Conservative
NV400055,2026-01-05,2026-01,Organic App Store,Tier 1,25-34,Moderate
NV400056,2026-01-24,2026-01,Organic App Store,Tier 1,35-44,Aggressive
NV400057,2026-01-21,2026-01,Referral,Tier 3,18-24,Aggressive
NV400058,2026-01-18,2026-01,Organic App Store,Tier 2,35-44,Conservative
NV400059,2026-01-21,2026-01,Organic App Store,Tier 1,25-34,Moderate
NV400060,2026-01-28,2026-01,Influencer/Content,Tier 1,25-34,Moderate
NV400061,2026-01-26,2026-01,Paid Ads,Tier 2,25-34,Conservative
NV400062,2026-01-20,2026-01,Organic App Store,Tier 2,35-44,Moderate
NV400063,2026-01-21,2026-01,Organic App Store,Tier 2,45-54,Moderate
NV400064,2026-01-05,2026-01,Paid Ads,Tier 3,35-44,Moderate
NV400065,2026-01-10,2026-01,Referral,Tier 2,18-24,Conservative
NV400066,2026-01-11,2026-01,Organic App Store,Tier 3,35-44,Conservative
NV400067,2026-01-02,2026-01,Influencer/Content,Tier 2,35-44,Aggressive
NV400068,2026-01-12,2026-01,Organic App Store,Tier 3,35-44,Aggressive
NV400069,2026-01-14,2026-01,Referral,Tier 3,25-34,Conservative
NV400070,2026-01-25,2026-01,Referral,Tier 2,25-34,Moderate
NV400071,2026-01-19,2026-01,Influencer/Content,Tier 1,35-44,Conservative
NV400072,2026-01-30,2026-01,Paid Ads,Tier 2,35-44,Moderate
NV400073,2026-01-23,2026-01,Referral,Tier 2,18-24,Moderate
NV400074,2026-01-23,2026-01,Paid Ads,Tier 3,25-34,Aggressive
NV400075,2026-01-21,2026-01,Organic App Store,Tier 2,25-34,Moderate
NV400076,2026-01-06,2026-01,Influencer/Content,Tier 1,25-34,Moderate
NV400077,2026-01-18,2026-01,Influencer/Content,Tier 3,25-34,Moderate
NV400078,2026-01-15,2026-01,Influencer/Content,Tier 1,55+,Moderate
NV400079,2026-01-19,2026-01,Organic App Store,Tier 2,45-54,Conservative
NV400080,2026-01-14,2026-01,Referral,Tier 3,25-34,Aggressive
NV400081,2026-01-07,2026-01,Influencer/Content,Tier 1,35-44,Moderate
NV400082,2026-01-11,2026-01,Paid Ads,Tier 1,35-44,Moderate
NV400083,2026-01-12,2026-01,Influencer/Content,Tier 1,45-54,Conservative
NV400084,2026-01-20,2026-01,Influencer/Content,Tier 1,25-34,Aggressive
NV400085,2026-01-13,2026-01,Referral,Tier 1,35-44,Conservative
NV400086,2026-01-11,2026-01,Organic App Store,Tier 3,18-24,Moderate
NV400087,2026-01-02,2026-01,Organic App Store,Tier 1,25-34,Conservative
NV400088,2026-01-09,2026-01,Organic App Store,Tier 2,35-44,Conservative
NV400089,2026-01-29,2026-01,Organic App Store,Tier 3,25-34,Conservative
NV400090,2026-01-07,2026-01,Paid Ads,Tier 2,25-34,Moderate
NV400091,2026-01-03,2026-01,Influencer/Content,Tier 3,45-54,Moderate
NV400092,2026-01-23,2026-01,Influencer/Content,Tier 3,25-34,Conservative
NV400093,2026-01-30,2026-01,Paid Ads,Tier 2,25-34,Moderate
NV400094,2026-01-07,2026-01,Organic App Store,Tier 2,35-44,Moderate
NV400095,2026-01-24,2026-01,Organic App Store,Tier 1,18-24,Moderate
NV400096,2026-01-23,2026-01,Organic App Store,Tier 2,25-34,Moderate
NV400097,2026-01-07,2026-01,Organic App Store,Tier 1,18-24,Moderate
NV400098,2026-01-26,2026-01,Influencer/Content,Tier 3,18-24,Aggressive
NV400099,2026-01-11,2026-01,Organic App Store,Tier 1,18-24,Conservative
NV400100,2026-01-15,2026-01,Organic App Store,Tier 1,35-44,Aggressive
NV400101,2026-01-08,2026-01,Referral,Tier 1,25-34,Conservative
NV400102,2026-01-17,2026-01,Influencer/Content,Tier 3,55+,Moderate
NV400103,2026-01-19,2026-01,Referral,Tier 1,35-44,Moderate
NV400104,2026-01-03,2026-01,Organic App Store,Tier 1,18-24,Aggressive
NV400105,2026-01-01,2026-01,Organic App Store,Tier 3,25-34,Aggressive
NV400106,2026-01-20,2026-01,Referral,Tier 2,18-24,Aggressive
NV400107,2026-01-13,2026-01,Paid Ads,Tier 2,55+,Aggressive
NV400108,2026-01-18,2026-01,Organic App Store,Tier 3,35-44,Moderate
NV400109,2026-01-23,2026-01,Referral,Tier 2,45-54,Moderate
NV400110,2026-01-03,2026-01,Influencer/Content,Tier 1,18-24,Aggressive
NV400111,2026-01-14,2026-01,Organic App Store,Tier 3,25-34,Moderate
NV400112,2026-01-16,2026-01,Organic App Store,Tier 2,18-24,Moderate
NV400113,2026-01-19,2026-01,Influencer/Content,Tier 1,35-44,Aggressive
NV400114,2026-01-24,2026-01,Organic App Store,Tier 2,35-44,Aggressive
NV400115,2026-01-13,2026-01,Organic App Store,Tier 1,35-44,Conservative
NV400116,2026-01-30,2026-01,Influencer/Content,Tier 1,25-34,Aggressive
NV400117,2026-01-19,2026-01,Influencer/Content,Tier 2,35-44,Moderate
NV400118,2026-01-23,2026-01,Referral,Tier 3,35-44,Moderate
NV400119,2026-01-26,2026-01,Organic App Store,Tier 2,18-24,Conservative
NV400120,2026-01-19,2026-01,Referral,Tier 3,45-54,Aggressive
NV400121,2026-01-21,2026-01,Paid Ads,Tier 2,35-44,Moderate
NV400122,2026-01-24,2026-01,Paid Ads,Tier 2,25-34,Moderate
NV400123,2026-01-27,2026-01,Referral,Tier 3,55+,Moderate
NV400124,2026-01-12,2026-01,Organic App Store,Tier 3,18-24,Moderate
NV400125,2026-01-26,2026-01,Influencer/Content,Tier 3,35-44,Conservative
NV400126,2026-01-09,2026-01,Referral,Tier 1,55+,Moderate
NV400127,2026-01-16,2026-01,Influencer/Content,Tier 2,18-24,Conservative
NV400128,2026-01-16,2026-01,Referral,Tier 1,45-54,Moderate
NV400129,2026-01-13,2026-01,Influencer/Content,Tier 1,18-24,Moderate
NV400130,2026-01-15,2026-01,Paid Ads,Tier 2,25-34,Conservative
NV400131,2026-01-21,2026-01,Influencer/Content,Tier 1,25-34,Conservative
NV400132,2026-01-01,2026-01,Paid Ads,Tier 3,45-54,Moderate
NV400133,2026-01-21,2026-01,Paid Ads,Tier 1,18-24,Moderate
NV400134,2026-01-09,2026-01,Organic App Store,Tier 3,35-44,Conservative
NV400135,2026-01-10,2026-01,Influencer/Content,Tier 1,35-44,Moderate
NV400136,2026-01-16,2026-01,Influencer/Content,Tier 1,25-34,Conservative
NV400137,2026-01-19,2026-01,Referral,Tier 1,35-44,Moderate
NV400138,2026-01-18,2026-01,Referral,Tier 3,25-34,Conservative
NV400139,2026-01-12,2026-01,Organic App Store,Tier 2,45-54,Moderate
NV400140,2026-01-29,2026-01,Referral,Tier 2,18-24,Aggressive
NV400141,2026-01-30,2026-01,Paid Ads,Tier 3,18-24,Moderate
NV400142,2026-01-10,2026-01,Organic App Store,Tier 2,35-44,Moderate
NV400143,2026-01-07,2026-01,Paid Ads,Tier 3,25-34,Conservative
NV400144,2026-01-14,2026-01,Influencer/Content,Tier 2,35-44,Conservative
NV400145,2026-01-13,2026-01,Referral,Tier 3,35-44,Aggressive
NV400146,2026-01-11,2026-01,Paid Ads,Tier 1,45-54,Moderate
NV400147,2026-01-26,2026-01,Referral,Tier 1,18-24,Moderate
NV400148,2026-01-02,2026-01,Organic App Store,Tier 2,18-24,Conservative
NV400149,2026-01-15,2026-01,Paid Ads,Tier 2,35-44,Moderate
NV400150,2026-01-13,2026-01,Referral,Tier 1,18-24,Moderate
NV400151,2026-01-08,2026-01,Referral,Tier 2,18-24,Aggressive
NV400152,2026-01-16,2026-01,Referral,Tier 3,35-44,Aggressive
NV400153,2026-01-07,2026-01,Influencer/Content,Tier 1,25-34,Moderate
NV400154,2026-01-02,2026-01,Organic App Store,Tier 3,18-24,Moderate
NV400155,2026-01-22,2026-01,Influencer/Content,Tier 2,25-34,Conservative
NV400156,2026-01-18,2026-01,Organic App Store,Tier 1,55+,Moderate
NV400157,2026-01-20,2026-01,Referral,Tier 1,25-34,Conservative
NV400158,2026-01-24,2026-01,Referral,Tier 1,25-34,Conservative
NV400159,2026-01-10,2026-01,Organic App Store,Tier 1,45-54,Conservative
NV400160,2026-01-29,2026-01,Referral,Tier 2,18-24,Moderate
NV400161,2026-01-10,2026-01,Organic App Store,Tier 3,25-34,Conservative
NV400162,2026-01-19,2026-01,Organic App Store,Tier 1,35-44,Conservative
NV400163,2026-01-16,2026-01,Referral,Tier 1,25-34,Moderate
NV400164,2026-01-19,2026-01,Organic App Store,Tier 2,25-34,Moderate
NV400165,2026-01-27,2026-01,Paid Ads,Tier 2,25-34,Aggressive
NV400166,2026-01-05,2026-01,Paid Ads,Tier 1,25-34,Conservative
NV400167,2026-01-20,2026-01,Referral,Tier 1,55+,Moderate
NV400168,2026-01-15,2026-01,Paid Ads,Tier 1,25-34,Aggressive
NV400169,2026-01-02,2026-01,Organic App Store,Tier 2,45-54,Conservative
NV400170,2026-01-25,2026-01,Organic App Store,Tier 1,18-24,Moderate
NV400171,2026-01-19,2026-01,Organic App Store,Tier 1,45-54,Moderate
NV400172,2026-01-20,2026-01,Organic App Store,Tier 1,35-44,Moderate
NV400173,2026-01-29,2026-01,Influencer/Content,Tier 1,18-24,Aggressive
NV400174,2026-01-19,2026-01,Influencer/Content,Tier 1,35-44,Moderate
NV400175,2026-01-13,2026-01,Organic App Store,Tier 2,25-34,Moderate
NV400176,2026-01-25,2026-01,Organic App Store,Tier 3,18-24,Conservative
NV400177,2026-01-27,2026-01,Paid Ads,Tier 2,45-54,Moderate
NV400178,2026-01-10,2026-01,Influencer/Content,Tier 2,35-44,Moderate
NV400179,2026-01-28,2026-01,Organic App Store,Tier 3,35-44,Conservative
NV400180,2026-01-18,2026-01,Organic App Store,Tier 2,25-34,Moderate
NV400181,2026-01-07,2026-01,Organic App Store,Tier 1,35-44,Moderate
NV400182,2026-01-04,2026-01,Paid Ads,Tier 3,55+,Moderate
NV400183,2026-01-11,2026-01,Influencer/Content,Tier 1,25-34,Moderate
NV400184,2026-01-28,2026-01,Referral,Tier 1,25-34,Moderate
NV400185,2026-01-07,2026-01,Influencer/Content,Tier 2,45-54,Aggressive
NV400186,2026-01-15,2026-01,Organic App Store,Tier 2,18-24,Aggressive
NV400187,2026-01-15,2026-01,Referral,Tier 1,35-44,Aggressive
NV400188,2026-01-25,2026-01,Influencer/Content,Tier 2,25-34,Moderate
NV400189,2026-01-21,2026-01,Referral,Tier 2,18-24,Moderate
NV400190,2026-01-16,2026-01,Organic App Store,Tier 2,35-44,Moderate
NV400191,2026-01-24,2026-01,Organic App Store,Tier 2,25-34,Conservative
NV400192,2026-01-25,2026-01,Influencer/Content,Tier 1,35-44,Moderate
NV400193,2026-01-02,2026-01,Influencer/Content,Tier 2,25-34,Moderate
NV400194,2026-01-01,2026-01,Organic App Store,Tier 2,18-24,Conservative
NV400195,2026-01-28,2026-01,Referral,Tier 1,25-34,Moderate
NV400196,2026-01-19,2026-01,Influencer/Content,Tier 1,45-54,Aggressive
NV400197,2026-01-03,2026-01,Paid Ads,Tier 1,18-24,Moderate
NV400198,2026-01-07,2026-01,Organic App Store,Tier 3,18-24,Conservative
NV400199,2026-01-28,2026-01,Organic App Store,Tier 3,25-34,Moderate
NV400200,2026-01-24,2026-01,Organic App Store,Tier 2,45-54,Conservative
NV400201,2026-01-15,2026-01,Organic App Store,Tier 3,25-34,Aggressive
NV400202,2026-01-06,2026-01,Influencer/Content,Tier 2,25-34,Aggressive
NV400203,2026-01-03,2026-01,Influencer/Content,Tier 2,25-34,Moderate
NV400204,2026-01-11,2026-01,Paid Ads,Tier 3,25-34,Conservative
NV400205,2026-01-01,2026-01,Paid Ads,Tier 1,25-34,Aggressive
NV400206,2026-01-03,2026-01,Referral,Tier 2,35-44,Aggressive
NV400207,2026-01-04,2026-01,Referral,Tier 2,25-34,Conservative
NV400208,2026-01-11,2026-01,Referral,Tier 1,25-34,Conservative
NV400209,2026-01-01,2026-01,Organic App Store,Tier 2,35-44,Moderate
NV400210,2026-01-01,2026-01,Paid Ads,Tier 2,25-34,Aggressive
NV400211,2026-01-29,2026-01,Paid Ads,Tier 1,25-34,Aggressive
NV400212,2026-01-02,2026-01,Organic App Store,Tier 1,35-44,Aggressive
NV400213,2026-01-18,2026-01,Influencer/Content,Tier 1,25-34,Aggressive
NV400214,2026-01-30,2026-01,Referral,Tier 2,45-54,Aggressive
NV400215,2026-01-08,2026-01,Organic App Store,Tier 1,25-34,Moderate
NV400216,2026-01-19,2026-01,Organic App Store,Tier 1,25-34,Conservative
NV400217,2026-01-03,2026-01,Organic App Store,Tier 2,18-24,Conservative
NV400218,2026-01-06,2026-01,Organic App Store,Tier 2,25-34,Aggressive
NV400219,2026-01-17,2026-01,Paid Ads,Tier 2,35-44,Conservative
NV400220,2026-01-19,2026-01,Influencer/Content,Tier 3,25-34,Moderate
NV400221,2026-01-12,2026-01,Referral,Tier 3,25-34,Moderate
NV400222,2026-01-12,2026-01,Organic App Store,Tier 2,35-44,Aggressive
NV400223,2026-01-05,2026-01,Referral,Tier 1,18-24,Conservative
NV400224,2026-01-06,2026-01,Organic App Store,Tier 3,18-24,Moderate
NV400225,2026-01-09,2026-01,Paid Ads,Tier 1,25-34,Conservative
NV400226,2026-01-08,2026-01,Organic App Store,Tier 2,25-34,Conservative
NV400227,2026-01-23,2026-01,Paid Ads,Tier 3,25-34,Conservative
NV400228,2026-01-24,2026-01,Organic App Store,Tier 2,35-44,Moderate
NV400229,2026-01-02,2026-01,Influencer/Content,Tier 2,25-34,Moderate
NV400230,2026-01-22,2026-01,Paid Ads,Tier 2,35-44,Moderate
NV400231,2026-01-25,2026-01,Influencer/Content,Tier 1,35-44,Conservative
NV400232,2026-01-01,2026-01,Referral,Tier 2,18-24,Moderate
NV400233,2026-01-28,2026-01,Influencer/Content,Tier 2,45-54,Moderate
NV400234,2026-01-30,2026-01,Organic App Store,Tier 1,18-24,Conservative
NV400235,2026-01-27,2026-01,Influencer/Content,Tier 1,25-34,Moderate
NV400236,2026-01-15,2026-01,Paid Ads,Tier 1,18-24,Conservative
NV400237,2026-01-04,2026-01,Influencer/Content,Tier 3,25-34,Moderate
NV400238,2026-01-13,2026-01,Influencer/Content,Tier 2,25-34,Moderate
NV400239,2026-01-25,2026-01,Paid Ads,Tier 2,45-54,Moderate
NV400240,2026-01-05,2026-01,Referral,Tier 1,25-34,Aggressive
NV400241,2026-01-21,2026-01,Paid Ads,Tier 2,35-44,Moderate
NV400242,2026-01-20,2026-01,Organic App Store,Tier 2,18-24,Conservative
NV400243,2026-01-02,2026-01,Influencer/Content,Tier 1,25-34,Aggressive
NV400244,2026-01-18,2026-01,Influencer/Content,Tier 1,25-34,Conservative
NV400245,2026-01-05,2026-01,Influencer/Content,Tier 2,35-44,Conservative
NV400246,2026-01-28,2026-01,Organic App Store,Tier 1,35-44,Moderate
NV400247,2026-01-12,2026-01,Influencer/Content,Tier 3,35-44,Conservative
NV400248,2026-01-15,2026-01,Referral,Tier 2,25-34,Moderate
NV400249,2026-01-14,2026-01,Organic App Store,Tier 1,25-34,Aggressive
NV400250,2026-01-05,2026-01,Paid Ads,Tier 2,18-24,Moderate
NV400251,2026-01-21,2026-01,Paid Ads,Tier 1,35-44,Moderate
NV400252,2026-01-22,2026-01,Influencer/Content,Tier 2,25-34,Moderate
NV400253,2026-01-19,2026-01,Referral,Tier 2,18-24,Aggressive
NV400254,2026-01-12,2026-01,Referral,Tier 2,25-34,Conservative
NV400255,2026-01-19,2026-01,Paid Ads,Tier 2,25-34,Moderate
NV400256,2026-01-18,2026-01,Paid Ads,Tier 3,35-44,Conservative
NV400257,2026-01-08,2026-01,Influencer/Content,Tier 2,25-34,Moderate
NV400258,2026-01-11,2026-01,Organic App Store,Tier 1,35-44,Moderate
NV400259,2026-01-30,2026-01,Organic App Store,Tier 2,25-34,Conservative
NV400260,2026-01-05,2026-01,Paid Ads,Tier 1,18-24,Aggressive
NV400261,2026-01-27,2026-01,Paid Ads,Tier 2,25-34,Conservative
NV400262,2026-01-17,2026-01,Influencer/Content,Tier 2,25-34,Conservative
NV400263,2026-01-08,2026-01,Paid Ads,Tier 1,25-34,Aggressive
NV400264,2026-01-20,2026-01,Influencer/Content,Tier 1,25-34,Moderate
NV400265,2026-01-28,2026-01,Influencer/Content,Tier 2,45-54,Aggressive
NV400266,2026-01-19,2026-01,Influencer/Content,Tier 2,18-24,Moderate
NV400267,2026-01-25,2026-01,Referral,Tier 2,55+,Conservative
NV400268,2026-01-10,2026-01,Organic App Store,Tier 3,45-54,Moderate
NV400269,2026-01-10,2026-01,Referral,Tier 3,35-44,Moderate
NV400270,2026-01-20,2026-01,Influencer/Content,Tier 2,35-44,Moderate
NV400271,2026-01-26,2026-01,Referral,Tier 2,35-44,Moderate
NV400272,2026-01-20,2026-01,Organic App Store,Tier 2,45-54,Aggressive
NV400273,2026-01-20,2026-01,Paid Ads,Tier 2,25-34,Moderate
NV400274,2026-01-05,2026-01,Referral,Tier 2,35-44,Aggressive
NV400275,2026-01-18,2026-01,Organic App Store,Tier 1,18-24,Moderate
NV400276,2026-01-03,2026-01,Referral,Tier 3,25-34,Moderate
NV400277,2026-01-11,2026-01,Paid Ads,Tier 1,18-24,Conservative
NV400278,2026-01-14,2026-01,Influencer/Content,Tier 3,25-34,Moderate
NV400279,2026-01-01,2026-01,Organic App Store,Tier 3,18-24,Moderate
NV400280,2026-01-29,2026-01,Influencer/Content,Tier 1,18-24,Aggressive
NV400281,2026-01-28,2026-01,Referral,Tier 2,45-54,Moderate
NV400282,2026-01-10,2026-01,Referral,Tier 3,25-34,Moderate
NV400283,2026-01-28,2026-01,Paid Ads,Tier 2,18-24,Conservative
NV400284,2026-01-20,2026-01,Influencer/Content,Tier 1,25-34,Moderate
NV400285,2026-01-17,2026-01,Referral,Tier 2,25-34,Conservative
NV400286,2026-01-11,2026-01,Influencer/Content,Tier 1,25-34,Moderate
NV400287,2026-01-20,2026-01,Organic App Store,Tier 2,25-34,Moderate
NV400288,2026-01-09,2026-01,Organic App Store,Tier 1,25-34,Moderate
NV400289,2026-01-24,2026-01,Influencer/Content,Tier 3,25-34,Moderate
NV400290,2026-01-27,2026-01,Influencer/Content,Tier 3,25-34,Moderate
NV400291,2026-01-01,2026-01,Organic App Store,Tier 1,35-44,Conservative
NV400292,2026-01-27,2026-01,Referral,Tier 3,18-24,Aggressive
NV400293,2026-01-07,2026-01,Paid Ads,Tier 1,35-44,Moderate
NV400294,2026-01-10,2026-01,Organic App Store,Tier 1,55+,Moderate
NV400295,2026-01-03,2026-01,Paid Ads,Tier 2,25-34,Moderate
NV400296,2026-01-15,2026-01,Referral,Tier 3,35-44,Conservative
NV400297,2026-01-30,2026-01,Referral,Tier 1,35-44,Moderate
NV400298,2026-01-08,2026-01,Organic App Store,Tier 1,35-44,Moderate
NV400299,2026-01-15,2026-01,Paid Ads,Tier 2,25-34,Aggressive
NV400300,2026-01-25,2026-01,Influencer/Content,Tier 2,35-44,Moderate
NV400301,2026-01-12,2026-01,Organic App Store,Tier 3,18-24,Conservative
NV400302,2026-01-17,2026-01,Influencer/Content,Tier 2,35-44,Aggressive
NV400303,2026-01-24,2026-01,Influencer/Content,Tier 1,55+,Conservative
NV400304,2026-01-23,2026-01,Organic App Store,Tier 2,45-54,Moderate
NV400305,2026-01-15,2026-01,Influencer/Content,Tier 1,18-24,Aggressive
NV400306,2026-01-30,2026-01,Influencer/Content,Tier 1,35-44,Aggressive
NV400307,2026-01-17,2026-01,Paid Ads,Tier 1,18-24,Conservative
NV400308,2026-01-22,2026-01,Paid Ads,Tier 2,25-34,Moderate
NV400309,2026-01-29,2026-01,Influencer/Content,Tier 1,18-24,Conservative
NV400310,2026-01-28,2026-01,Paid Ads,Tier 2,55+,Moderate
NV400311,2026-01-19,2026-01,Organic App Store,Tier 1,18-24,Moderate
NV400312,2026-01-11,2026-01,Paid Ads,Tier 1,25-34,Aggressive
NV400313,2026-01-12,2026-01,Paid Ads,Tier 3,45-54,Conservative
NV400314,2026-01-11,2026-01,Referral,Tier 1,25-34,Conservative
NV400315,2026-01-13,2026-01,Organic App Store,Tier 3,55+,Conservative
NV400316,2026-01-13,2026-01,Paid Ads,Tier 1,18-24,Conservative
NV400317,2026-01-19,2026-01,Influencer/Content,Tier 3,25-34,Moderate
NV400318,2026-01-25,2026-01,Organic App Store,Tier 1,25-34,Moderate
NV400319,2026-01-13,2026-01,Organic App Store,Tier 1,25-34,Conservative
NV400320,2026-01-18,2026-01,Referral,Tier 1,35-44,Moderate
NV400321,2026-01-16,2026-01,Referral,Tier 1,55+,Moderate
NV400322,2026-01-21,2026-01,Paid Ads,Tier 2,18-24,Aggressive
NV400323,2026-01-20,2026-01,Paid Ads,Tier 2,18-24,Aggressive
NV400324,2026-01-12,2026-01,Influencer/Content,Tier 1,25-34,Conservative
NV400325,2026-01-13,2026-01,Referral,Tier 3,25-34,Aggressive
NV400326,2026-01-05,2026-01,Organic App Store,Tier 2,25-34,Conservative
NV400327,2026-01-22,2026-01,Paid Ads,Tier 1,45-54,Conservative
NV400328,2026-01-19,2026-01,Influencer/Content,Tier 1,45-54,Moderate
NV400329,2026-01-30,2026-01,Referral,Tier 2,45-54,Aggressive
NV400330,2026-01-24,2026-01,Organic App Store,Tier 2,45-54,Moderate
NV400331,2026-01-29,2026-01,Influencer/Content,Tier 3,35-44,Conservative
NV400332,2026-01-24,2026-01,Referral,Tier 2,35-44,Moderate
NV400333,2026-01-03,2026-01,Organic App Store,Tier 3,25-34,Moderate
NV400334,2026-01-10,2026-01,Organic App Store,Tier 1,35-44,Moderate
NV400335,2026-01-23,2026-01,Referral,Tier 1,25-34,Aggressive
NV400336,2026-01-08,2026-01,Organic App Store,Tier 1,35-44,Conservative
NV400337,2026-01-12,2026-01,Paid Ads,Tier 2,18-24,Conservative
NV400338,2026-01-28,2026-01,Organic App Store,Tier 3,18-24,Moderate
NV400339,2026-01-17,2026-01,Influencer/Content,Tier 3,25-34,Moderate
NV400340,2026-01-12,2026-01,Influencer/Content,Tier 3,25-34,Aggressive
NV400341,2026-01-02,2026-01,Organic App Store,Tier 2,25-34,Moderate
NV400342,2026-01-02,2026-01,Paid Ads,Tier 1,25-34,Moderate
NV400343,2026-01-29,2026-01,Paid Ads,Tier 3,25-34,Moderate
NV400344,2026-01-23,2026-01,Referral,Tier 2,25-34,Conservative
NV400345,2026-01-26,2026-01,Paid Ads,Tier 1,18-24,Moderate
NV400346,2026-01-05,2026-01,Paid Ads,Tier 1,25-34,Aggressive
NV400347,2026-01-28,2026-01,Influencer/Content,Tier 1,35-44,Aggressive
NV400348,2026-01-25,2026-01,Influencer/Content,Tier 3,35-44,Aggressive
NV400349,2026-01-04,2026-01,Influencer/Content,Tier 1,35-44,Aggressive
NV400350,2026-01-09,2026-01,Referral,Tier 2,35-44,Moderate
NV400351,2026-01-11,2026-01,Organic App Store,Tier 3,25-34,Moderate
NV400352,2026-01-23,2026-01,Referral,Tier 3,25-34,Conservative
NV400353,2026-01-15,2026-01,Influencer/Content,Tier 1,18-24,Moderate
NV400354,2026-01-03,2026-01,Influencer/Content,Tier 3,25-34,Conservative
NV400355,2026-01-15,2026-01,Organic App Store,Tier 2,35-44,Moderate
NV400356,2026-01-21,2026-01,Influencer/Content,Tier 2,35-44,Aggressive
NV400357,2026-01-26,2026-01,Influencer/Content,Tier 2,25-34,Aggressive
NV400358,2026-01-28,2026-01,Organic App Store,Tier 2,45-54,Aggressive
NV400359,2026-01-19,2026-01,Influencer/Content,Tier 1,45-54,Moderate
NV400360,2026-01-15,2026-01,Referral,Tier 2,25-34,Moderate
NV400361,2026-01-27,2026-01,Organic App Store,Tier 1,25-34,Conservative
NV400362,2026-01-26,2026-01,Paid Ads,Tier 3,35-44,Aggressive
NV400363,2026-01-01,2026-01,Paid Ads,Tier 2,55+,Moderate
NV400364,2026-01-20,2026-01,Paid Ads,Tier 3,25-34,Moderate
NV400365,2026-01-08,2026-01,Paid Ads,Tier 2,35-44,Conservative
NV400366,2026-01-30,2026-01,Influencer/Content,Tier 1,25-34,Aggressive
NV400367,2026-01-05,2026-01,Referral,Tier 1,45-54,Moderate
NV400368,2026-01-26,2026-01,Influencer/Content,Tier 2,18-24,Moderate
NV400369,2026-01-27,2026-01,Influencer/Content,Tier 1,25-34,Conservative
NV400370,2026-01-12,2026-01,Paid Ads,Tier 1,25-34,Aggressive
NV400371,2026-01-26,2026-01,Paid Ads,Tier 1,35-44,Conservative
NV400372,2026-01-02,2026-01,Referral,Tier 1,18-24,Moderate
NV400373,2026-01-21,2026-01,Paid Ads,Tier 1,35-44,Conservative
NV400374,2026-01-12,2026-01,Referral,Tier 2,35-44,Conservative
NV400375,2026-01-06,2026-01,Referral,Tier 1,25-34,Moderate
NV400376,2026-01-07,2026-01,Influencer/Content,Tier 3,25-34,Moderate
NV400377,2026-01-23,2026-01,Referral,Tier 1,25-34,Moderate
NV400378,2026-01-02,2026-01,Organic App Store,Tier 1,25-34,Moderate
NV400379,2026-01-19,2026-01,Organic App Store,Tier 1,35-44,Moderate
NV400380,2026-01-29,2026-01,Paid Ads,Tier 1,35-44,Moderate
NV400381,2026-01-23,2026-01,Organic App Store,Tier 1,35-44,Conservative
NV400382,2026-01-29,2026-01,Paid Ads,Tier 2,25-34,Aggressive
NV400383,2026-01-14,2026-01,Referral,Tier 1,35-44,Aggressive
NV400384,2026-01-18,2026-01,Paid Ads,Tier 1,25-34,Moderate
NV400385,2026-01-21,2026-01,Paid Ads,Tier 3,25-34,Aggressive
NV400386,2026-01-26,2026-01,Referral,Tier 2,25-34,Moderate
NV400387,2026-01-30,2026-01,Organic App Store,Tier 3,25-34,Aggressive
NV400388,2026-01-03,2026-01,Influencer/Content,Tier 1,25-34,Moderate
NV400389,2026-01-30,2026-01,Organic App Store,Tier 1,25-34,Moderate
NV400390,2026-01-30,2026-01,Organic App Store,Tier 2,25-34,Conservative
NV400391,2026-01-28,2026-01,Influencer/Content,Tier 2,25-34,Moderate
NV400392,2026-01-07,2026-01,Organic App Store,Tier 2,25-34,Conservative
NV400393,2026-01-02,2026-01,Paid Ads,Tier 1,18-24,Moderate
NV400394,2026-01-13,2026-01,Organic App Store,Tier 3,45-54,Moderate
NV400395,2026-01-22,2026-01,Organic App Store,Tier 1,35-44,Aggressive
NV400396,2026-01-23,2026-01,Influencer/Content,Tier 3,35-44,Moderate
NV400397,2026-01-05,2026-01,Paid Ads,Tier 2,25-34,Moderate
NV400398,2026-01-01,2026-01,Influencer/Content,Tier 2,25-34,Moderate
NV400399,2026-01-09,2026-01,Paid Ads,Tier 2,18-24,Moderate
NV400400,2026-01-09,2026-01,Referral,Tier 3,45-54,Aggressive
NV400401,2026-01-17,2026-01,Organic App Store,Tier 3,18-24,Aggressive
NV400402,2026-01-10,2026-01,Referral,Tier 1,35-44,Aggressive
NV400403,2026-01-26,2026-01,Organic App Store,Tier 1,35-44,Moderate
NV400404,2026-01-25,2026-01,Influencer/Content,Tier 1,25-34,Conservative
NV400405,2026-01-27,2026-01,Referral,Tier 3,18-24,Conservative
NV400406,2026-01-25,2026-01,Referral,Tier 3,25-34,Moderate
NV400407,2026-01-12,2026-01,Organic App Store,Tier 2,25-34,Aggressive
NV400408,2026-01-16,2026-01,Organic App Store,Tier 1,25-34,Conservative
NV400409,2026-01-27,2026-01,Referral,Tier 1,35-44,Conservative
NV400410,2026-01-29,2026-01,Referral,Tier 1,45-54,Moderate
NV400411,2026-01-15,2026-01,Paid Ads,Tier 3,35-44,Moderate
NV400412,2026-01-14,2026-01,Organic App Store,Tier 1,18-24,Moderate
NV400413,2026-01-01,2026-01,Organic App Store,Tier 2,35-44,Conservative
NV400414,2026-01-07,2026-01,Influencer/Content,Tier 2,25-34,Conservative
NV400415,2026-01-25,2026-01,Organic App Store,Tier 1,45-54,Moderate
NV400416,2026-01-17,2026-01,Paid Ads,Tier 2,25-34,Moderate
NV400417,2026-01-15,2026-01,Paid Ads,Tier 3,25-34,Moderate
NV400418,2026-01-16,2026-01,Organic App Store,Tier 1,25-34,Aggressive
NV400419,2026-01-08,2026-01,Paid Ads,Tier 1,25-34,Conservative
NV400420,2026-01-04,2026-01,Referral,Tier 3,45-54,Conservative
NV400421,2026-01-05,2026-01,Organic App Store,Tier 1,35-44,Aggressive
NV400422,2026-01-12,2026-01,Paid Ads,Tier 1,25-34,Conservative
NV400423,2026-01-17,2026-01,Paid Ads,Tier 1,35-44,Conservative
NV400424,2026-01-25,2026-01,Referral,Tier 2,18-24,Moderate
NV400425,2026-01-21,2026-01,Referral,Tier 2,18-24,Moderate
NV400426,2026-01-20,2026-01,Paid Ads,Tier 3,25-34,Conservative
NV400427,2026-01-30,2026-01,Organic App Store,Tier 2,18-24,Aggressive
NV400428,2026-01-27,2026-01,Influencer/Content,Tier 2,25-34,Aggressive
NV400429,2026-01-26,2026-01,Paid Ads,Tier 1,45-54,Conservative
NV400430,2026-01-20,2026-01,Organic App Store,Tier 2,45-54,Conservative
NV400431,2026-01-21,2026-01,Referral,Tier 2,35-44,Aggressive
NV400432,2026-01-05,2026-01,Referral,Tier 3,45-54,Aggressive
NV400433,2026-01-19,2026-01,Influencer/Content,Tier 2,18-24,Conservative
NV400434,2026-01-17,2026-01,Organic App Store,Tier 3,25-34,Conservative
NV400435,2026-01-05,2026-01,Influencer/Content,Tier 2,35-44,Moderate
NV400436,2026-01-14,2026-01,Organic App Store,Tier 1,25-34,Moderate
NV400437,2026-01-22,2026-01,Referral,Tier 2,18-24,Conservative
NV400438,2026-01-03,2026-01,Referral,Tier 1,35-44,Aggressive
NV400439,2026-01-08,2026-01,Organic App Store,Tier 3,35-44,Moderate
NV400440,2026-01-16,2026-01,Organic App Store,Tier 1,25-34,Moderate
NV400441,2026-01-15,2026-01,Influencer/Content,Tier 1,25-34,Moderate
NV400442,2026-01-17,2026-01,Influencer/Content,Tier 3,35-44,Moderate
NV400443,2026-01-28,2026-01,Organic App Store,Tier 2,35-44,Conservative
NV400444,2026-01-22,2026-01,Organic App Store,Tier 3,25-34,Aggressive
NV400445,2026-01-21,2026-01,Paid Ads,Tier 1,25-34,Aggressive
NV400446,2026-01-18,2026-01,Paid Ads,Tier 1,35-44,Aggressive
NV400447,2026-01-08,2026-01,Organic App Store,Tier 2,25-34,Aggressive
NV400448,2026-01-26,2026-01,Paid Ads,Tier 3,25-34,Moderate
NV400449,2026-01-22,2026-01,Organic App Store,Tier 2,35-44,Aggressive
NV400450,2026-01-24,2026-01,Organic App Store,Tier 2,45-54,Moderate
NV400451,2026-01-11,2026-01,Referral,Tier 1,45-54,Moderate
NV400452,2026-01-01,2026-01,Influencer/Content,Tier 1,35-44,Moderate
NV400453,2026-01-25,2026-01,Referral,Tier 1,45-54,Aggressive
NV400454,2026-01-20,2026-01,Referral,Tier 2,18-24,Aggressive
NV400455,2026-01-11,2026-01,Paid Ads,Tier 1,35-44,Aggressive
NV400456,2026-01-08,2026-01,Organic App Store,Tier 1,35-44,Moderate
NV400457,2026-01-21,2026-01,Organic App Store,Tier 3,35-44,Aggressive
NV400458,2026-01-19,2026-01,Referral,Tier 3,18-24,Moderate
NV400459,2026-01-12,2026-01,Referral,Tier 3,45-54,Conservative
NV400460,2026-01-24,2026-01,Paid Ads,Tier 1,55+,Moderate
NV400461,2026-01-03,2026-01,Influencer/Content,Tier 2,35-44,Conservative
NV400462,2026-01-16,2026-01,Organic App Store,Tier 2,35-44,Aggressive
NV400463,2026-01-01,2026-01,Paid Ads,Tier 2,18-24,Moderate
NV400464,2026-01-12,2026-01,Organic App Store,Tier 2,25-34,Moderate
NV400465,2026-01-07,2026-01,Organic App Store,Tier 2,25-34,Conservative
NV400466,2026-01-28,2026-01,Influencer/Content,Tier 3,18-24,Conservative
NV400467,2026-01-28,2026-01,Referral,Tier 3,25-34,Moderate
NV400468,2026-01-10,2026-01,Referral,Tier 1,25-34,Conservative
NV400469,2026-01-16,2026-01,Referral,Tier 1,18-24,Conservative
NV400470,2026-01-11,2026-01,Paid Ads,Tier 3,25-34,Aggressive
NV400471,2026-01-24,2026-01,Paid Ads,Tier 1,18-24,Moderate
NV400472,2026-01-02,2026-01,Influencer/Content,Tier 1,25-34,Moderate
NV400473,2026-01-15,2026-01,Influencer/Content,Tier 3,25-34,Aggressive
NV400474,2026-01-07,2026-01,Paid Ads,Tier 1,25-34,Aggressive
NV400475,2026-01-24,2026-01,Referral,Tier 1,25-34,Conservative
NV400476,2026-01-23,2026-01,Referral,Tier 1,45-54,Moderate
NV400477,2026-01-27,2026-01,Paid Ads,Tier 3,35-44,Aggressive
NV400478,2026-01-10,2026-01,Referral,Tier 2,45-54,Moderate
NV400479,2026-01-30,2026-01,Referral,Tier 1,35-44,Conservative
NV400480,2026-01-24,2026-01,Referral,Tier 3,25-34,Conservative
NV400481,2026-01-20,2026-01,Organic App Store,Tier 2,25-34,Conservative
NV400482,2026-01-24,2026-01,Referral,Tier 1,35-44,Conservative
NV400483,2026-01-13,2026-01,Organic App Store,Tier 1,25-34,Conservative
NV400484,2026-01-27,2026-01,Organic App Store,Tier 2,35-44,Conservative
NV400485,2026-01-13,2026-01,Organic App Store,Tier 1,35-44,Aggressive
NV400486,2026-01-16,2026-01,Referral,Tier 2,18-24,Aggressive
NV400487,2026-01-08,2026-01,Organic App Store,Tier 3,25-34,Conservative
NV400488,2026-01-28,2026-01,Referral,Tier 1,25-34,Moderate
NV400489,2026-01-29,2026-01,Influencer/Content,Tier 1,35-44,Conservative
NV400490,2026-01-24,2026-01,Paid Ads,Tier 3,45-54,Conservative
NV400491,2026-01-26,2026-01,Paid Ads,Tier 2,25-34,Moderate
NV400492,2026-01-09,2026-01,Paid Ads,Tier 3,25-34,Moderate
NV400493,2026-01-23,2026-01,Organic App Store,Tier 1,35-44,Conservative
NV400494,2026-01-19,2026-01,Referral,Tier 2,25-34,Aggressive
NV400495,2026-01-08,2026-01,Organic App Store,Tier 3,35-44,Conservative
NV400496,2026-01-16,2026-01,Referral,Tier 1,55+,Moderate
NV400497,2026-01-02,2026-01,Organic App Store,Tier 1,18-24,Aggressive
NV400498,2026-01-19,2026-01,Influencer/Content,Tier 1,45-54,Moderate
NV400499,2026-01-17,2026-01,Influencer/Content,Tier 2,35-44,Aggressive
NV400500,2026-01-30,2026-01,Paid Ads,Tier 1,18-24,Moderate
NV400501,2026-01-07,2026-01,Organic App Store,Tier 2,25-34,Conservative
NV400502,2026-01-29,2026-01,Organic App Store,Tier 2,18-24,Moderate
NV400503,2026-01-21,2026-01,Influencer/Content,Tier 1,18-24,Conservative
NV400504,2026-01-28,2026-01,Organic App Store,Tier 2,25-34,Conservative
NV400505,2026-01-02,2026-01,Organic App Store,Tier 1,18-24,Moderate
NV400506,2026-01-27,2026-01,Referral,Tier 3,35-44,Conservative
NV400507,2026-01-12,2026-01,Influencer/Content,Tier 3,18-24,Aggressive
NV400508,2026-01-02,2026-01,Organic App Store,Tier 1,45-54,Moderate
NV400509,2026-01-22,2026-01,Organic App Store,Tier 3,25-34,Moderate
NV400510,2026-01-28,2026-01,Influencer/Content,Tier 1,45-54,Moderate
NV400511,2026-01-13,2026-01,Paid Ads,Tier 2,35-44,Moderate
NV400512,2026-01-09,2026-01,Influencer/Content,Tier 1,25-34,Conservative
NV400513,2026-01-19,2026-01,Influencer/Content,Tier 2,45-54,Moderate
NV400514,2026-01-06,2026-01,Referral,Tier 1,25-34,Moderate
NV400515,2026-01-10,2026-01,Organic App Store,Tier 1,25-34,Aggressive
NV400516,2026-01-20,2026-01,Organic App Store,Tier 3,18-24,Conservative
NV400517,2026-01-14,2026-01,Organic App Store,Tier 2,25-34,Moderate
NV400518,2026-01-13,2026-01,Organic App Store,Tier 2,35-44,Moderate
NV400519,2026-01-28,2026-01,Paid Ads,Tier 1,35-44,Moderate
NV400520,2026-01-23,2026-01,Referral,Tier 3,45-54,Aggressive
NV400521,2026-01-27,2026-01,Referral,Tier 3,45-54,Moderate
NV400522,2026-01-05,2026-01,Influencer/Content,Tier 2,25-34,Moderate
NV400523,2026-01-24,2026-01,Paid Ads,Tier 2,35-44,Moderate
NV400524,2026-01-09,2026-01,Referral,Tier 2,25-34,Aggressive
NV400525,2026-01-12,2026-01,Influencer/Content,Tier 2,45-54,Moderate
NV400526,2026-01-22,2026-01,Organic App Store,Tier 1,25-34,Conservative
NV400527,2026-01-22,2026-01,Influencer/Content,Tier 1,35-44,Conservative
NV400528,2026-01-02,2026-01,Organic App Store,Tier 1,25-34,Moderate
NV400529,2026-01-17,2026-01,Influencer/Content,Tier 3,35-44,Moderate
NV400530,2026-01-03,2026-01,Organic App Store,Tier 2,45-54,Aggressive
NV400531,2026-01-06,2026-01,Influencer/Content,Tier 1,35-44,Conservative
NV400532,2026-01-29,2026-01,Organic App Store,Tier 1,25-34,Conservative
NV400533,2026-01-29,2026-01,Organic App Store,Tier 1,45-54,Conservative
NV400534,2026-01-15,2026-01,Referral,Tier 2,25-34,Moderate
NV400535,2026-01-09,2026-01,Organic App Store,Tier 1,45-54,Aggressive
NV400536,2026-01-03,2026-01,Paid Ads,Tier 3,35-44,Conservative
NV400537,2026-01-16,2026-01,Organic App Store,Tier 1,35-44,Conservative
NV400538,2026-01-28,2026-01,Organic App Store,Tier 1,25-34,Aggressive
NV400539,2026-01-29,2026-01,Referral,Tier 1,45-54,Moderate
NV400540,2026-01-04,2026-01,Referral,Tier 3,45-54,Moderate
NV400541,2026-01-21,2026-01,Organic App Store,Tier 1,35-44,Moderate
NV400542,2026-01-20,2026-01,Organic App Store,Tier 2,18-24,Conservative
NV400543,2026-01-29,2026-01,Organic App Store,Tier 1,45-54,Moderate
NV400544,2026-01-30,2026-01,Referral,Tier 1,18-24,Aggressive
NV400545,2026-01-28,2026-01,Organic App Store,Tier 1,25-34,Moderate
NV400546,2026-01-07,2026-01,Referral,Tier 2,35-44,Moderate
NV400547,2026-01-14,2026-01,Referral,Tier 1,25-34,Moderate
NV400548,2026-01-05,2026-01,Organic App Store,Tier 1,55+,Aggressive
NV400549,2026-01-14,2026-01,Organic App Store,Tier 1,25-34,Aggressive
NV400550,2026-01-05,2026-01,Paid Ads,Tier 2,18-24,Aggressive
NV400551,2026-01-19,2026-01,Organic App Store,Tier 1,25-34,Conservative
NV400552,2026-01-16,2026-01,Influencer/Content,Tier 1,35-44,Aggressive
NV400553,2026-01-25,2026-01,Influencer/Content,Tier 2,35-44,Moderate
NV400554,2026-01-08,2026-01,Paid Ads,Tier 1,18-24,Aggressive
NV400555,2026-01-08,2026-01,Referral,Tier 3,18-24,Moderate
NV400556,2026-01-13,2026-01,Influencer/Content,Tier 1,35-44,Aggressive
NV400557,2026-01-18,2026-01,Referral,Tier 2,55+,Moderate
NV400558,2026-01-18,2026-01,Influencer/Content,Tier 2,18-24,Conservative
NV400559,2026-01-02,2026-01,Referral,Tier 1,35-44,Aggressive
NV400560,2026-01-19,2026-01,Influencer/Content,Tier 3,25-34,Moderate
NV400561,2026-01-06,2026-01,Influencer/Content,Tier 2,18-24,Moderate
NV400562,2026-01-29,2026-01,Influencer/Content,Tier 2,25-34,Conservative
NV400563,2026-01-03,2026-01,Referral,Tier 3,25-34,Moderate
NV400564,2026-01-02,2026-01,Referral,Tier 3,18-24,Moderate
NV400565,2026-01-08,2026-01,Influencer/Content,Tier 2,35-44,Moderate
NV400566,2026-01-11,2026-01,Paid Ads,Tier 3,25-34,Conservative
NV400567,2026-01-07,2026-01,Referral,Tier 3,45-54,Moderate
NV400568,2026-01-05,2026-01,Referral,Tier 2,35-44,Moderate
NV400569,2026-01-25,2026-01,Paid Ads,Tier 3,25-34,Conservative
NV400570,2026-01-04,2026-01,Influencer/Content,Tier 2,25-34,Conservative
NV400571,2026-01-11,2026-01,Organic App Store,Tier 2,18-24,Conservative
NV400572,2026-01-17,2026-01,Referral,Tier 1,25-34,Aggressive
NV400573,2026-01-04,2026-01,Referral,Tier 2,45-54,Aggressive
NV400574,2026-01-14,2026-01,Referral,Tier 3,25-34,Moderate
NV400575,2026-01-05,2026-01,Paid Ads,Tier 1,45-54,Aggressive
NV400576,2026-01-16,2026-01,Organic App Store,Tier 2,18-24,Aggressive
NV400577,2026-01-28,2026-01,Organic App Store,Tier 1,25-34,Conservative
NV400578,2026-01-05,2026-01,Paid Ads,Tier 3,18-24,Conservative
NV400579,2026-01-12,2026-01,Influencer/Content,Tier 2,55+,Aggressive
NV400580,2026-01-06,2026-01,Paid Ads,Tier 1,35-44,Aggressive
NV400581,2026-01-25,2026-01,Paid Ads,Tier 2,45-54,Moderate
NV400582,2026-01-22,2026-01,Paid Ads,Tier 2,18-24,Conservative
NV400583,2026-01-09,2026-01,Influencer/Content,Tier 2,18-24,Moderate
NV400584,2026-01-30,2026-01,Referral,Tier 2,25-34,Conservative
NV400585,2026-01-09,2026-01,Influencer/Content,Tier 3,45-54,Aggressive
NV400586,2026-01-05,2026-01,Referral,Tier 1,25-34,Moderate
NV400587,2026-01-25,2026-01,Paid Ads,Tier 1,45-54,Moderate
NV400588,2026-01-09,2026-01,Referral,Tier 2,45-54,Moderate
NV400589,2026-01-08,2026-01,Referral,Tier 2,25-34,Aggressive
NV400590,2026-01-24,2026-01,Organic App Store,Tier 2,35-44,Conservative
NV400591,2026-01-28,2026-01,Referral,Tier 2,35-44,Moderate
NV400592,2026-01-20,2026-01,Referral,Tier 1,35-44,Moderate
NV400593,2026-01-19,2026-01,Organic App Store,Tier 2,25-34,Moderate
NV400594,2026-01-25,2026-01,Organic App Store,Tier 1,25-34,Aggressive
NV400595,2026-01-03,2026-01,Organic App Store,Tier 2,45-54,Moderate
NV400596,2026-01-10,2026-01,Referral,Tier 3,55+,Moderate
NV400597,2026-01-20,2026-01,Influencer/Content,Tier 1,25-34,Conservative
NV400598,2026-01-25,2026-01,Organic App Store,Tier 1,35-44,Aggressive
NV400599,2026-01-18,2026-01,Referral,Tier 1,18-24,Moderate
NV400600,2026-01-22,2026-01,Referral,Tier 2,45-54,Aggressive
NV400601,2026-01-12,2026-01,Influencer/Content,Tier 3,25-34,Conservative
NV400602,2026-01-18,2026-01,Influencer/Content,Tier 3,25-34,Conservative
NV400603,2026-01-21,2026-01,Paid Ads,Tier 1,45-54,Moderate
NV400604,2026-01-17,2026-01,Influencer/Content,Tier 2,25-34,Moderate
NV400605,2026-01-03,2026-01,Organic App Store,Tier 2,18-24,Moderate
NV400606,2026-01-30,2026-01,Influencer/Content,Tier 2,25-34,Conservative
NV400607,2026-01-18,2026-01,Organic App Store,Tier 1,25-34,Moderate
NV400608,2026-01-05,2026-01,Referral,Tier 3,18-24,Moderate
NV400609,2026-01-30,2026-01,Referral,Tier 1,18-24,Aggressive
NV400610,2026-01-06,2026-01,Organic App Store,Tier 2,25-34,Moderate
NV400611,2026-01-01,2026-01,Influencer/Content,Tier 1,45-54,Conservative
NV400612,2026-01-27,2026-01,Organic App Store,Tier 2,25-34,Aggressive
NV400613,2026-01-22,2026-01,Influencer/Content,Tier 1,35-44,Conservative
NV400614,2026-01-29,2026-01,Paid Ads,Tier 2,25-34,Conservative
NV400615,2026-01-16,2026-01,Referral,Tier 1,25-34,Moderate
NV400616,2026-01-08,2026-01,Influencer/Content,Tier 1,25-34,Moderate
NV400617,2026-01-27,2026-01,Referral,Tier 2,25-34,Moderate
NV400618,2026-01-18,2026-01,Referral,Tier 1,25-34,Moderate
NV400619,2026-01-08,2026-01,Paid Ads,Tier 1,18-24,Conservative
NV400620,2026-01-22,2026-01,Organic App Store,Tier 1,25-34,Moderate
NV400621,2026-01-01,2026-01,Referral,Tier 2,18-24,Aggressive
NV400622,2026-01-13,2026-01,Organic App Store,Tier 1,18-24,Aggressive
NV400623,2026-01-01,2026-01,Influencer/Content,Tier 3,25-34,Aggressive
NV400624,2026-01-13,2026-01,Influencer/Content,Tier 2,25-34,Moderate
NV400625,2026-01-13,2026-01,Paid Ads,Tier 3,35-44,Moderate
NV400626,2026-01-15,2026-01,Referral,Tier 3,25-34,Conservative
NV400627,2026-01-06,2026-01,Organic App Store,Tier 2,35-44,Moderate
NV400628,2026-01-15,2026-01,Organic App Store,Tier 2,25-34,Moderate
NV400629,2026-01-17,2026-01,Referral,Tier 1,35-44,Conservative
NV400630,2026-01-07,2026-01,Organic App Store,Tier 2,45-54,Conservative
NV400631,2026-01-12,2026-01,Organic App Store,Tier 2,25-34,Moderate
NV400632,2026-01-04,2026-01,Influencer/Content,Tier 1,55+,Moderate
NV400633,2026-01-10,2026-01,Organic App Store,Tier 3,35-44,Moderate
NV400634,2026-01-12,2026-01,Referral,Tier 2,18-24,Conservative
NV400635,2026-01-24,2026-01,Influencer/Content,Tier 1,25-34,Moderate
NV400636,2026-01-27,2026-01,Paid Ads,Tier 2,25-34,Conservative
NV400637,2026-01-03,2026-01,Influencer/Content,Tier 1,35-44,Aggressive
NV400638,2026-01-18,2026-01,Paid Ads,Tier 1,35-44,Aggressive
NV400639,2026-01-01,2026-01,Organic App Store,Tier 2,25-34,Moderate
NV400640,2026-01-09,2026-01,Organic App Store,Tier 1,45-54,Moderate
NV400641,2026-01-08,2026-01,Paid Ads,Tier 1,35-44,Moderate
NV400642,2026-01-09,2026-01,Paid Ads,Tier 2,18-24,Aggressive
NV400643,2026-01-07,2026-01,Influencer/Content,Tier 1,45-54,Moderate
NV400644,2026-01-23,2026-01,Paid Ads,Tier 2,35-44,Moderate
NV400645,2026-01-10,2026-01,Organic App Store,Tier 3,18-24,Moderate
NV400646,2026-01-12,2026-01,Influencer/Content,Tier 2,55+,Conservative
NV400647,2026-01-10,2026-01,Influencer/Content,Tier 1,45-54,Moderate
NV400648,2026-01-22,2026-01,Influencer/Content,Tier 3,25-34,Conservative
NV400649,2026-01-02,2026-01,Referral,Tier 2,25-34,Conservative
NV400650,2026-01-18,2026-01,Organic App Store,Tier 2,18-24,Aggressive
NV400651,2026-01-09,2026-01,Referral,Tier 1,35-44,Moderate
NV400652,2026-01-28,2026-01,Organic App Store,Tier 3,25-34,Moderate
NV400653,2026-01-22,2026-01,Organic App Store,Tier 2,25-34,Conservative
NV400654,2026-01-03,2026-01,Paid Ads,Tier 3,35-44,Conservative
NV400655,2026-01-01,2026-01,Organic App Store,Tier 2,35-44,Moderate
NV400656,2026-01-22,2026-01,Referral,Tier 1,18-24,Moderate
NV400657,2026-01-07,2026-01,Paid Ads,Tier 1,18-24,Moderate
NV400658,2026-01-09,2026-01,Organic App Store,Tier 2,35-44,Moderate
NV400659,2026-01-09,2026-01,Referral,Tier 3,25-34,Moderate
NV400660,2026-01-18,2026-01,Referral,Tier 1,18-24,Moderate
NV400661,2026-01-22,2026-01,Paid Ads,Tier 3,25-34,Moderate
NV400662,2026-01-21,2026-01,Referral,Tier 1,35-44,Aggressive
NV400663,2026-01-10,2026-01,Influencer/Content,Tier 3,25-34,Conservative
NV400664,2026-01-17,2026-01,Referral,Tier 2,25-34,Conservative
NV400665,2026-01-14,2026-01,Referral,Tier 2,25-34,Aggressive
NV400666,2026-01-26,2026-01,Organic App Store,Tier 2,25-34,Conservative
NV400667,2026-01-08,2026-01,Paid Ads,Tier 1,25-34,Conservative
NV400668,2026-01-01,2026-01,Referral,Tier 2,25-34,Moderate
NV400669,2026-01-11,2026-01,Organic App Store,Tier 1,45-54,Moderate
NV400670,2026-01-10,2026-01,Influencer/Content,Tier 2,25-34,Aggressive
NV400671,2026-01-28,2026-01,Organic App Store,Tier 1,18-24,Moderate
NV400672,2026-01-19,2026-01,Organic App Store,Tier 2,25-34,Conservative
NV400673,2026-01-29,2026-01,Paid Ads,Tier 3,25-34,Conservative
NV400674,2026-01-12,2026-01,Influencer/Content,Tier 3,18-24,Aggressive
NV400675,2026-01-22,2026-01,Referral,Tier 1,25-34,Moderate
NV400676,2026-01-29,2026-01,Referral,Tier 1,25-34,Moderate
NV400677,2026-01-12,2026-01,Referral,Tier 1,25-34,Conservative
NV400678,2026-01-26,2026-01,Referral,Tier 2,35-44,Moderate
NV400679,2026-01-07,2026-01,Paid Ads,Tier 1,25-34,Conservative
NV400680,2026-01-05,2026-01,Referral,Tier 3,25-34,Moderate
NV400681,2026-01-10,2026-01,Referral,Tier 2,25-34,Aggressive
NV400682,2026-01-14,2026-01,Organic App Store,Tier 1,25-34,Moderate
NV400683,2026-01-07,2026-01,Paid Ads,Tier 1,25-34,Conservative
NV400684,2026-01-18,2026-01,Referral,Tier 1,45-54,Moderate
NV400685,2026-01-10,2026-01,Organic App Store,Tier 2,45-54,Aggressive
NV400686,2026-01-18,2026-01,Paid Ads,Tier 1,25-34,Conservative
NV400687,2026-01-01,2026-01,Influencer/Content,Tier 1,25-34,Aggressive
NV400688,2026-01-01,2026-01,Organic App Store,Tier 1,35-44,Conservative
NV400689,2026-01-20,2026-01,Influencer/Content,Tier 1,25-34,Moderate
NV400690,2026-01-30,2026-01,Paid Ads,Tier 2,25-34,Aggressive
NV400691,2026-01-16,2026-01,Organic App Store,Tier 1,35-44,Moderate
NV400692,2026-01-25,2026-01,Organic App Store,Tier 2,35-44,Conservative
NV400693,2026-01-23,2026-01,Referral,Tier 1,35-44,Aggressive
NV400694,2026-01-15,2026-01,Influencer/Content,Tier 1,35-44,Conservative
NV400695,2026-01-03,2026-01,Influencer/Content,Tier 1,35-44,Aggressive
NV400696,2026-01-11,2026-01,Organic App Store,Tier 1,55+,Moderate
NV400697,2026-01-10,2026-01,Organic App Store,Tier 2,25-34,Moderate
NV400698,2026-01-03,2026-01,Organic App Store,Tier 1,35-44,Moderate
NV400699,2026-01-14,2026-01,Organic App Store,Tier 1,25-34,Conservative
NV400700,2026-01-10,2026-01,Organic App Store,Tier 1,35-44,Moderate
NV400701,2026-01-06,2026-01,Referral,Tier 2,18-24,Aggressive
NV400702,2026-01-21,2026-01,Organic App Store,Tier 2,25-34,Moderate
NV400703,2026-01-21,2026-01,Referral,Tier 1,25-34,Conservative
NV400704,2026-01-17,2026-01,Organic App Store,Tier 2,35-44,Aggressive
NV400705,2026-01-30,2026-01,Referral,Tier 2,35-44,Moderate
NV400706,2026-01-07,2026-01,Influencer/Content,Tier 2,25-34,Moderate
NV400707,2026-01-10,2026-01,Organic App Store,Tier 2,25-34,Moderate
NV400708,2026-01-28,2026-01,Influencer/Content,Tier 1,45-54,Moderate
NV400709,2026-01-09,2026-01,Referral,Tier 1,35-44,Moderate
NV400710,2026-01-22,2026-01,Influencer/Content,Tier 3,25-34,Moderate
NV400711,2026-01-01,2026-01,Organic App Store,Tier 1,35-44,Moderate
NV400712,2026-01-22,2026-01,Paid Ads,Tier 1,18-24,Moderate
NV400713,2026-01-03,2026-01,Paid Ads,Tier 3,35-44,Conservative
NV400714,2026-01-22,2026-01,Paid Ads,Tier 2,35-44,Conservative
NV400715,2026-01-24,2026-01,Paid Ads,Tier 2,45-54,Conservative
NV400716,2026-01-25,2026-01,Paid Ads,Tier 1,25-34,Moderate
NV400717,2026-01-23,2026-01,Paid Ads,Tier 1,35-44,Moderate
NV400718,2026-01-09,2026-01,Organic App Store,Tier 2,45-54,Moderate
NV400719,2026-01-24,2026-01,Referral,Tier 2,18-24,Moderate
NV400720,2026-01-02,2026-01,Organic App Store,Tier 2,25-34,Moderate
NV400721,2026-01-15,2026-01,Referral,Tier 3,25-34,Moderate
NV400722,2026-01-03,2026-01,Paid Ads,Tier 2,25-34,Conservative
NV400723,2026-01-29,2026-01,Referral,Tier 3,35-44,Moderate
NV400724,2026-01-18,2026-01,Organic App Store,Tier 1,25-34,Conservative
NV400725,2026-01-27,2026-01,Organic App Store,Tier 3,45-54,Aggressive
NV400726,2026-01-09,2026-01,Referral,Tier 2,25-34,Conservative
NV400727,2026-01-07,2026-01,Influencer/Content,Tier 2,45-54,Moderate
NV400728,2026-01-24,2026-01,Organic App Store,Tier 1,25-34,Aggressive
NV400729,2026-01-11,2026-01,Organic App Store,Tier 1,18-24,Moderate
NV400730,2026-01-20,2026-01,Paid Ads,Tier 3,25-34,Conservative
NV400731,2026-01-13,2026-01,Organic App Store,Tier 2,35-44,Moderate
NV400732,2026-01-15,2026-01,Organic App Store,Tier 1,35-44,Moderate
NV400733,2026-01-13,2026-01,Paid Ads,Tier 2,35-44,Moderate
NV400734,2026-01-19,2026-01,Organic App Store,Tier 1,55+,Aggressive
NV400735,2026-01-17,2026-01,Influencer/Content,Tier 2,55+,Aggressive
NV400736,2026-01-10,2026-01,Influencer/Content,Tier 2,35-44,Moderate
NV400737,2026-01-17,2026-01,Organic App Store,Tier 1,35-44,Conservative
NV400738,2026-01-17,2026-01,Organic App Store,Tier 3,25-34,Aggressive
NV400739,2026-01-01,2026-01,Referral,Tier 1,18-24,Moderate
NV400740,2026-01-05,2026-01,Paid Ads,Tier 2,25-34,Moderate
NV400741,2026-01-21,2026-01,Paid Ads,Tier 2,35-44,Moderate
NV400742,2026-01-22,2026-01,Organic App Store,Tier 1,18-24,Conservative
NV400743,2026-01-09,2026-01,Organic App Store,Tier 2,45-54,Aggressive
NV400744,2026-01-07,2026-01,Referral,Tier 1,45-54,Moderate
NV400745,2026-01-16,2026-01,Organic App Store,Tier 1,45-54,Aggressive
NV400746,2026-01-27,2026-01,Paid Ads,Tier 1,18-24,Moderate
NV400747,2026-01-04,2026-01,Paid Ads,Tier 2,45-54,Aggressive
NV400748,2026-01-18,2026-01,Referral,Tier 1,25-34,Moderate
NV400749,2026-01-28,2026-01,Paid Ads,Tier 2,45-54,Conservative
NV400750,2026-01-25,2026-01,Organic App Store,Tier 2,25-34,Moderate
NV400751,2026-01-03,2026-01,Referral,Tier 3,45-54,Aggressive
NV400752,2026-01-22,2026-01,Influencer/Content,Tier 1,25-34,Aggressive
NV400753,2026-01-10,2026-01,Referral,Tier 1,45-54,Conservative
NV400754,2026-01-11,2026-01,Organic App Store,Tier 1,25-34,Moderate
NV400755,2026-01-02,2026-01,Paid Ads,Tier 1,35-44,Aggressive
NV400756,2026-01-09,2026-01,Paid Ads,Tier 1,25-34,Moderate
NV400757,2026-01-14,2026-01,Influencer/Content,Tier 1,35-44,Moderate
NV400758,2026-01-28,2026-01,Organic App Store,Tier 1,25-34,Moderate
NV400759,2026-01-27,2026-01,Organic App Store,Tier 1,35-44,Moderate
NV400760,2026-01-11,2026-01,Organic App Store,Tier 2,25-34,Moderate
NV400761,2026-01-01,2026-01,Referral,Tier 2,18-24,Aggressive
NV400762,2026-01-11,2026-01,Paid Ads,Tier 3,55+,Aggressive
NV400763,2026-01-22,2026-01,Organic App Store,Tier 1,25-34,Moderate
NV400764,2026-01-11,2026-01,Paid Ads,Tier 3,25-34,Conservative
NV400765,2026-01-03,2026-01,Organic App Store,Tier 1,25-34,Aggressive
NV400766,2026-01-12,2026-01,Paid Ads,Tier 2,35-44,Moderate
NV400767,2026-01-13,2026-01,Paid Ads,Tier 1,25-34,Conservative
NV400768,2026-01-04,2026-01,Organic App Store,Tier 1,35-44,Conservative
NV400769,2026-01-02,2026-01,Influencer/Content,Tier 1,25-34,Aggressive
NV400770,2026-01-07,2026-01,Paid Ads,Tier 1,45-54,Moderate
NV400771,2026-01-16,2026-01,Referral,Tier 1,35-44,Conservative
NV400772,2026-01-03,2026-01,Referral,Tier 3,18-24,Aggressive
NV400773,2026-01-21,2026-01,Referral,Tier 2,35-44,Conservative
NV400774,2026-01-08,2026-01,Organic App Store,Tier 3,25-34,Conservative
NV400775,2026-01-25,2026-01,Organic App Store,Tier 1,25-34,Aggressive
NV400776,2026-01-16,2026-01,Referral,Tier 2,25-34,Moderate
NV400777,2026-01-04,2026-01,Organic App Store,Tier 1,25-34,Moderate
NV400778,2026-01-26,2026-01,Organic App Store,Tier 2,25-34,Aggressive
NV400779,2026-01-12,2026-01,Influencer/Content,Tier 2,35-44,Moderate
NV400780,2026-01-09,2026-01,Referral,Tier 1,25-34,Aggressive
NV400781,2026-01-09,2026-01,Organic App Store,Tier 2,35-44,Aggressive
NV400782,2026-01-19,2026-01,Influencer/Content,Tier 1,25-34,Aggressive
NV400783,2026-01-13,2026-01,Organic App Store,Tier 3,18-24,Moderate
NV400784,2026-01-16,2026-01,Paid Ads,Tier 1,18-24,Aggressive
NV400785,2026-01-14,2026-01,Organic App Store,Tier 1,25-34,Aggressive
NV400786,2026-01-17,2026-01,Paid Ads,Tier 2,18-24,Aggressive
NV400787,2026-01-06,2026-01,Influencer/Content,Tier 2,35-44,Moderate
NV400788,2026-01-04,2026-01,Organic App Store,Tier 1,45-54,Conservative
NV400789,2026-01-22,2026-01,Influencer/Content,Tier 1,25-34,Moderate
NV400790,2026-01-07,2026-01,Referral,Tier 1,25-34,Moderate
NV400791,2026-01-29,2026-01,Influencer/Content,Tier 1,35-44,Moderate
NV400792,2026-01-26,2026-01,Paid Ads,Tier 2,35-44,Conservative
NV400793,2026-01-10,2026-01,Organic App Store,Tier 3,25-34,Aggressive
NV400794,2026-01-06,2026-01,Organic App Store,Tier 1,35-44,Moderate
NV400795,2026-01-13,2026-01,Influencer/Content,Tier 2,35-44,Aggressive
NV400796,2026-01-14,2026-01,Paid Ads,Tier 2,18-24,Aggressive
NV400797,2026-01-27,2026-01,Paid Ads,Tier 2,25-34,Aggressive
NV400798,2026-01-26,2026-01,Referral,Tier 1,45-54,Moderate
NV400799,2026-01-23,2026-01,Paid Ads,Tier 2,35-44,Conservative
NV400800,2026-01-28,2026-01,Paid Ads,Tier 1,45-54,Aggressive
NV400801,2026-01-20,2026-01,Organic App Store,Tier 3,25-34,Conservative
NV400802,2026-01-23,2026-01,Referral,Tier 1,35-44,Moderate
NV400803,2026-01-22,2026-01,Influencer/Content,Tier 2,25-34,Conservative
NV400804,2026-01-11,2026-01,Referral,Tier 1,35-44,Moderate
NV400805,2026-01-04,2026-01,Referral,Tier 3,35-44,Moderate
NV400806,2026-01-29,2026-01,Paid Ads,Tier 1,18-24,Aggressive
NV400807,2026-01-21,2026-01,Organic App Store,Tier 3,35-44,Aggressive
NV400808,2026-01-03,2026-01,Organic App Store,Tier 2,25-34,Aggressive
NV400809,2026-01-08,2026-01,Influencer/Content,Tier 1,25-34,Moderate
NV400810,2026-01-12,2026-01,Influencer/Content,Tier 1,25-34,Aggressive
NV400811,2026-01-21,2026-01,Referral,Tier 2,35-44,Aggressive
NV400812,2026-01-11,2026-01,Influencer/Content,Tier 3,35-44,Aggressive
NV400813,2026-01-14,2026-01,Organic App Store,Tier 3,18-24,Moderate
NV400814,2026-01-17,2026-01,Organic App Store,Tier 2,35-44,Aggressive
NV400815,2026-01-29,2026-01,Organic App Store,Tier 2,25-34,Aggressive
NV400816,2026-01-16,2026-01,Referral,Tier 3,25-34,Conservative
NV400817,2026-01-23,2026-01,Influencer/Content,Tier 3,35-44,Moderate
NV400818,2026-01-06,2026-01,Influencer/Content,Tier 2,25-34,Moderate
NV400819,2026-01-02,2026-01,Paid Ads,Tier 2,25-34,Aggressive
NV400820,2026-01-03,2026-01,Referral,Tier 2,35-44,Aggressive
NV400821,2026-01-02,2026-01,Organic App Store,Tier 1,25-34,Moderate
NV400822,2026-01-21,2026-01,Organic App Store,Tier 2,35-44,Conservative
NV400823,2026-01-29,2026-01,Organic App Store,Tier 2,25-34,Moderate
NV400824,2026-01-28,2026-01,Organic App Store,Tier 1,18-24,Aggressive
NV400825,2026-01-06,2026-01,Referral,Tier 1,35-44,Aggressive
NV400826,2026-01-12,2026-01,Referral,Tier 2,45-54,Moderate
NV400827,2026-01-17,2026-01,Organic App Store,Tier 1,18-24,Conservative
NV400828,2026-01-24,2026-01,Paid Ads,Tier 1,35-44,Moderate
NV400829,2026-01-03,2026-01,Paid Ads,Tier 2,25-34,Moderate
NV400830,2026-01-07,2026-01,Organic App Store,Tier 1,18-24,Aggressive
NV400831,2026-01-09,2026-01,Organic App Store,Tier 2,25-34,Aggressive
NV400832,2026-01-10,2026-01,Organic App Store,Tier 1,25-34,Moderate
NV400833,2026-01-20,2026-01,Influencer/Content,Tier 1,35-44,Conservative
NV400834,2026-01-20,2026-01,Paid Ads,Tier 1,25-34,Moderate
NV400835,2026-01-02,2026-01,Paid Ads,Tier 1,18-24,Conservative
NV400836,2026-01-21,2026-01,Organic App Store,Tier 1,45-54,Aggressive
NV400837,2026-01-11,2026-01,Influencer/Content,Tier 2,45-54,Moderate
NV400838,2026-01-10,2026-01,Referral,Tier 1,25-34,Conservative
NV400839,2026-01-07,2026-01,Organic App Store,Tier 2,18-24,Aggressive
NV400840,2026-01-29,2026-01,Organic App Store,Tier 3,25-34,Aggressive
NV400841,2026-01-15,2026-01,Organic App Store,Tier 1,18-24,Moderate
NV400842,2026-01-18,2026-01,Organic App Store,Tier 2,35-44,Moderate
NV400843,2026-01-18,2026-01,Organic App Store,Tier 2,25-34,Moderate
NV400844,2026-01-27,2026-01,Organic App Store,Tier 1,35-44,Conservative
NV400845,2026-01-06,2026-01,Influencer/Content,Tier 2,25-34,Moderate
NV400846,2026-01-19,2026-01,Influencer/Content,Tier 2,18-24,Aggressive
NV400847,2026-01-05,2026-01,Paid Ads,Tier 1,18-24,Aggressive
NV400848,2026-01-18,2026-01,Paid Ads,Tier 3,25-34,Conservative
NV400849,2026-01-04,2026-01,Organic App Store,Tier 2,25-34,Moderate
NV400850,2026-01-06,2026-01,Referral,Tier 1,18-24,Aggressive
NV400851,2026-01-04,2026-01,Organic App Store,Tier 2,25-34,Moderate
NV400852,2026-01-20,2026-01,Organic App Store,Tier 3,35-44,Moderate
NV400853,2026-01-23,2026-01,Organic App Store,Tier 2,35-44,Aggressive
NV400854,2026-01-01,2026-01,Referral,Tier 2,25-34,Moderate
NV400855,2026-01-16,2026-01,Organic App Store,Tier 3,45-54,Conservative
NV400856,2026-01-05,2026-01,Influencer/Content,Tier 2,18-24,Conservative
NV400857,2026-01-16,2026-01,Referral,Tier 1,18-24,Conservative
NV400858,2026-01-02,2026-01,Paid Ads,Tier 3,25-34,Moderate
NV400859,2026-01-03,2026-01,Organic App Store,Tier 2,18-24,Moderate
NV400860,2026-01-17,2026-01,Organic App Store,Tier 1,25-34,Moderate
NV400861,2026-01-01,2026-01,Referral,Tier 1,25-34,Aggressive
NV400862,2026-01-17,2026-01,Influencer/Content,Tier 2,25-34,Moderate
NV400863,2026-01-23,2026-01,Referral,Tier 2,18-24,Conservative
NV400864,2026-01-25,2026-01,Organic App Store,Tier 1,25-34,Aggressive
NV400865,2026-01-27,2026-01,Influencer/Content,Tier 2,25-34,Conservative
NV400866,2026-01-02,2026-01,Influencer/Content,Tier 1,25-34,Conservative
NV400867,2026-01-19,2026-01,Paid Ads,Tier 3,25-34,Conservative
NV400868,2026-01-07,2026-01,Paid Ads,Tier 2,25-34,Conservative
NV400869,2026-01-09,2026-01,Influencer/Content,Tier 2,25-34,Conservative
NV400870,2026-01-12,2026-01,Influencer/Content,Tier 2,25-34,Moderate
NV400871,2026-01-11,2026-01,Referral,Tier 2,18-24,Moderate
NV400872,2026-01-30,2026-01,Organic App Store,Tier 1,18-24,Moderate
NV400873,2026-01-03,2026-01,Paid Ads,Tier 3,35-44,Moderate
NV400874,2026-01-17,2026-01,Influencer/Content,Tier 3,25-34,Moderate
NV400875,2026-01-06,2026-01,Influencer/Content,Tier 1,25-34,Aggressive
NV400876,2026-01-17,2026-01,Referral,Tier 1,35-44,Conservative
NV400877,2026-01-30,2026-01,Paid Ads,Tier 1,25-34,Aggressive
NV400878,2026-01-22,2026-01,Paid Ads,Tier 1,25-34,Conservative
NV400879,2026-01-27,2026-01,Organic App Store,Tier 2,35-44,Conservative
NV400880,2026-01-03,2026-01,Influencer/Content,Tier 1,18-24,Conservative
NV400881,2026-01-15,2026-01,Organic App Store,Tier 2,25-34,Aggressive
NV400882,2026-01-16,2026-01,Paid Ads,Tier 1,25-34,Conservative
NV400883,2026-01-19,2026-01,Influencer/Content,Tier 2,25-34,Moderate
NV400884,2026-01-07,2026-01,Paid Ads,Tier 2,25-34,Moderate
NV400885,2026-01-30,2026-01,Paid Ads,Tier 1,18-24,Aggressive
NV400886,2026-01-13,2026-01,Referral,Tier 3,25-34,Moderate
NV400887,2026-01-28,2026-01,Organic App Store,Tier 2,18-24,Conservative
NV400888,2026-01-22,2026-01,Influencer/Content,Tier 2,35-44,Conservative
NV400889,2026-01-19,2026-01,Influencer/Content,Tier 1,25-34,Moderate
NV400890,2026-01-27,2026-01,Referral,Tier 1,25-34,Moderate
NV400891,2026-01-18,2026-01,Paid Ads,Tier 3,25-34,Moderate
NV400892,2026-01-10,2026-01,Referral,Tier 2,18-24,Moderate
NV400893,2026-01-22,2026-01,Organic App Store,Tier 1,35-44,Conservative
NV400894,2026-01-30,2026-01,Referral,Tier 1,25-34,Moderate
NV400895,2026-01-09,2026-01,Influencer/Content,Tier 1,35-44,Moderate
NV400896,2026-01-21,2026-01,Influencer/Content,Tier 2,25-34,Moderate
NV400897,2026-01-14,2026-01,Organic App Store,Tier 1,18-24,Moderate
NV400898,2026-01-10,2026-01,Organic App Store,Tier 1,25-34,Moderate
NV400899,2026-01-27,2026-01,Paid Ads,Tier 3,25-34,Conservative
NV400900,2026-01-19,2026-01,Referral,Tier 2,35-44,Moderate
NV400901,2026-01-18,2026-01,Referral,Tier 2,25-34,Moderate
NV400902,2026-01-21,2026-01,Paid Ads,Tier 3,55+,Aggressive
NV400903,2026-01-25,2026-01,Paid Ads,Tier 2,18-24,Conservative
NV400904,2026-01-22,2026-01,Referral,Tier 3,35-44,Conservative
NV400905,2026-01-07,2026-01,Organic App Store,Tier 1,25-34,Conservative
NV400906,2026-01-07,2026-01,Influencer/Content,Tier 2,25-34,Conservative
NV400907,2026-01-26,2026-01,Paid Ads,Tier 2,45-54,Moderate
NV400908,2026-01-11,2026-01,Organic App Store,Tier 1,25-34,Moderate
NV400909,2026-01-10,2026-01,Influencer/Content,Tier 1,35-44,Conservative
NV400910,2026-01-27,2026-01,Referral,Tier 1,25-34,Moderate
NV400911,2026-01-04,2026-01,Organic App Store,Tier 3,25-34,Aggressive
NV400912,2026-01-26,2026-01,Paid Ads,Tier 3,35-44,Moderate
NV400913,2026-01-26,2026-01,Influencer/Content,Tier 2,25-34,Moderate
NV400914,2026-01-02,2026-01,Paid Ads,Tier 1,18-24,Conservative
NV400915,2026-01-21,2026-01,Referral,Tier 1,35-44,Moderate
NV400916,2026-01-19,2026-01,Referral,Tier 2,25-34,Aggressive
NV400917,2026-01-04,2026-01,Referral,Tier 1,25-34,Aggressive
NV400918,2026-01-09,2026-01,Organic App Store,Tier 2,25-34,Moderate
NV400919,2026-01-10,2026-01,Organic App Store,Tier 2,35-44,Moderate
NV400920,2026-01-22,2026-01,Organic App Store,Tier 2,35-44,Conservative
NV400921,2026-01-24,2026-01,Organic App Store,Tier 2,25-34,Moderate
NV400922,2026-01-26,2026-01,Influencer/Content,Tier 1,25-34,Moderate
NV400923,2026-01-12,2026-01,Organic App Store,Tier 1,35-44,Aggressive
NV400924,2026-01-21,2026-01,Paid Ads,Tier 2,45-54,Conservative
NV400925,2026-01-19,2026-01,Referral,Tier 2,25-34,Moderate
NV400926,2026-01-05,2026-01,Paid Ads,Tier 1,25-34,Aggressive
NV400927,2026-01-16,2026-01,Referral,Tier 1,35-44,Conservative
NV400928,2026-01-13,2026-01,Referral,Tier 1,35-44,Conservative
NV400929,2026-01-18,2026-01,Influencer/Content,Tier 2,18-24,Conservative
NV400930,2026-01-13,2026-01,Influencer/Content,Tier 1,35-44,Aggressive
NV400931,2026-01-10,2026-01,Influencer/Content,Tier 1,18-24,Aggressive
NV400932,2026-01-03,2026-01,Influencer/Content,Tier 1,25-34,Aggressive
NV400933,2026-01-13,2026-01,Referral,Tier 2,25-34,Aggressive
NV400934,2026-01-19,2026-01,Influencer/Content,Tier 1,18-24,Conservative
NV400935,2026-01-08,2026-01,Paid Ads,Tier 1,18-24,Moderate
NV400936,2026-01-28,2026-01,Paid Ads,Tier 2,35-44,Moderate
NV400937,2026-01-26,2026-01,Referral,Tier 1,35-44,Moderate
NV400938,2026-01-06,2026-01,Paid Ads,Tier 3,35-44,Conservative
NV400939,2026-01-06,2026-01,Referral,Tier 3,25-34,Aggressive
NV400940,2026-01-05,2026-01,Referral,Tier 1,45-54,Moderate
NV400941,2026-01-29,2026-01,Referral,Tier 1,25-34,Conservative
NV400942,2026-01-17,2026-01,Referral,Tier 1,35-44,Conservative
NV400943,2026-01-10,2026-01,Paid Ads,Tier 2,45-54,Conservative
NV400944,2026-01-25,2026-01,Organic App Store,Tier 1,25-34,Conservative
NV400945,2026-01-09,2026-01,Referral,Tier 2,45-54,Aggressive
NV400946,2026-01-25,2026-01,Influencer/Content,Tier 1,35-44,Conservative
NV400947,2026-01-21,2026-01,Organic App Store,Tier 2,25-34,Conservative
NV400948,2026-01-23,2026-01,Paid Ads,Tier 1,25-34,Moderate
NV400949,2026-01-19,2026-01,Organic App Store,Tier 1,18-24,Moderate
NV400950,2026-01-26,2026-01,Referral,Tier 1,35-44,Moderate
NV400951,2026-01-08,2026-01,Referral,Tier 1,25-34,Moderate
NV400952,2026-01-17,2026-01,Organic App Store,Tier 1,25-34,Aggressive
NV400953,2026-01-30,2026-01,Organic App Store,Tier 1,25-34,Conservative
NV400954,2026-01-20,2026-01,Paid Ads,Tier 1,25-34,Moderate
NV400955,2026-01-25,2026-01,Paid Ads,Tier 1,25-34,Moderate
NV400956,2026-01-15,2026-01,Influencer/Content,Tier 2,25-34,Conservative
NV400957,2026-01-28,2026-01,Influencer/Content,Tier 1,35-44,Conservative
NV400958,2026-01-13,2026-01,Organic App Store,Tier 3,35-44,Moderate
NV400959,2026-01-26,2026-01,Organic App Store,Tier 3,55+,Conservative
NV400960,2026-01-11,2026-01,Referral,Tier 1,55+,Aggressive
NV400961,2026-01-21,2026-01,Paid Ads,Tier 3,45-54,Conservative
NV400962,2026-01-03,2026-01,Paid Ads,Tier 1,35-44,Moderate
NV400963,2026-01-29,2026-01,Organic App Store,Tier 2,25-34,Conservative
NV400964,2026-01-25,2026-01,Paid Ads,Tier 2,35-44,Moderate
NV400965,2026-01-30,2026-01,Referral,Tier 2,25-34,Aggressive
NV400966,2026-01-28,2026-01,Referral,Tier 1,25-34,Moderate
NV400967,2026-01-28,2026-01,Paid Ads,Tier 2,35-44,Moderate
NV400968,2026-01-21,2026-01,Organic App Store,Tier 1,18-24,Aggressive
NV400969,2026-01-28,2026-01,Organic App Store,Tier 3,25-34,Moderate
NV400970,2026-01-29,2026-01,Referral,Tier 3,18-24,Aggressive
NV400971,2026-01-21,2026-01,Organic App Store,Tier 1,35-44,Moderate
NV400972,2026-01-21,2026-01,Paid Ads,Tier 2,18-24,Aggressive
NV400973,2026-01-16,2026-01,Paid Ads,Tier 1,25-34,Moderate
NV400974,2026-01-25,2026-01,Influencer/Content,Tier 2,18-24,Moderate
NV400975,2026-01-25,2026-01,Referral,Tier 1,18-24,Conservative
NV400976,2026-01-05,2026-01,Referral,Tier 2,18-24,Moderate
NV400977,2026-01-16,2026-01,Referral,Tier 2,35-44,Moderate
NV400978,2026-01-24,2026-01,Organic App Store,Tier 2,25-34,Aggressive
NV400979,2026-01-22,2026-01,Influencer/Content,Tier 1,18-24,Moderate
NV400980,2026-01-22,2026-01,Influencer/Content,Tier 2,25-34,Conservative
NV400981,2026-01-04,2026-01,Referral,Tier 1,25-34,Conservative
NV400982,2026-01-16,2026-01,Paid Ads,Tier 2,35-44,Aggressive
NV400983,2026-01-11,2026-01,Paid Ads,Tier 2,35-44,Conservative
NV400984,2026-01-01,2026-01,Influencer/Content,Tier 1,25-34,Moderate
NV400985,2026-01-06,2026-01,Influencer/Content,Tier 1,25-34,Conservative
NV400986,2026-01-11,2026-01,Organic App Store,Tier 2,35-44,Moderate
NV400987,2026-01-21,2026-01,Influencer/Content,Tier 3,18-24,Moderate
NV400988,2026-01-04,2026-01,Referral,Tier 1,25-34,Moderate
NV400989,2026-01-25,2026-01,Influencer/Content,Tier 2,35-44,Moderate
NV400990,2026-01-16,2026-01,Influencer/Content,Tier 1,55+,Conservative
NV400991,2026-01-06,2026-01,Organic App Store,Tier 1,45-54,Aggressive
NV400992,2026-01-04,2026-01,Organic App Store,Tier 1,25-34,Conservative
NV400993,2026-01-26,2026-01,Organic App Store,Tier 3,25-34,Moderate
NV400994,2026-01-06,2026-01,Organic App Store,Tier 1,18-24,Aggressive
NV400995,2026-01-22,2026-01,Organic App Store,Tier 1,35-44,Moderate
NV400996,2026-01-16,2026-01,Organic App Store,Tier 1,25-34,Moderate
NV400997,2026-01-18,2026-01,Referral,Tier 1,25-34,Aggressive
NV400998,2026-01-25,2026-01,Organic App Store,Tier 2,35-44,Aggressive
NV400999,2026-01-25,2026-01,Organic App Store,Tier 3,45-54,Moderate
NV401000,2026-01-24,2026-01,Paid Ads,Tier 1,25-34,Aggressive
NV401001,2026-01-04,2026-01,Paid Ads,Tier 2,25-34,Conservative
NV401002,2026-01-27,2026-01,Organic App Store,Tier 3,35-44,Moderate
NV401003,2026-01-28,2026-01,Organic App Store,Tier 2,25-34,Moderate
NV401004,2026-01-23,2026-01,Influencer/Content,Tier 2,18-24,Conservative
NV401005,2026-01-06,2026-01,Paid Ads,Tier 2,35-44,Conservative
NV401006,2026-01-24,2026-01,Organic App Store,Tier 2,35-44,Aggressive
NV401007,2026-01-20,2026-01,Referral,Tier 2,25-34,Conservative
NV401008,2026-01-08,2026-01,Paid Ads,Tier 3,25-34,Conservative
NV401009,2026-01-16,2026-01,Organic App Store,Tier 2,35-44,Moderate
NV401010,2026-01-30,2026-01,Influencer/Content,Tier 1,25-34,Conservative
NV401011,2026-01-04,2026-01,Organic App Store,Tier 2,25-34,Moderate
NV401012,2026-01-28,2026-01,Influencer/Content,Tier 1,45-54,Aggressive
NV401013,2026-01-29,2026-01,Referral,Tier 2,45-54,Aggressive
NV401014,2026-01-18,2026-01,Paid Ads,Tier 2,35-44,Moderate
NV401015,2026-01-08,2026-01,Organic App Store,Tier 1,25-34,Conservative
NV401016,2026-01-29,2026-01,Influencer/Content,Tier 1,35-44,Aggressive
NV401017,2026-01-07,2026-01,Organic App Store,Tier 1,18-24,Conservative
NV401018,2026-01-05,2026-01,Paid Ads,Tier 3,35-44,Conservative
NV401019,2026-01-14,2026-01,Referral,Tier 2,25-34,Conservative
NV401020,2026-01-22,2026-01,Organic App Store,Tier 1,25-34,Moderate
NV401021,2026-01-01,2026-01,Organic App Store,Tier 3,18-24,Aggressive
NV401022,2026-01-15,2026-01,Organic App Store,Tier 1,25-34,Moderate
NV401023,2026-01-13,2026-01,Paid Ads,Tier 2,35-44,Moderate
NV401024,2026-01-12,2026-01,Organic App Store,Tier 2,25-34,Conservative
NV401025,2026-01-27,2026-01,Paid Ads,Tier 2,25-34,Moderate
NV401026,2026-01-01,2026-01,Organic App Store,Tier 2,25-34,Conservative
NV401027,2026-01-03,2026-01,Referral,Tier 2,45-54,Aggressive
NV401028,2026-01-02,2026-01,Paid Ads,Tier 3,25-34,Conservative
NV401029,2026-01-11,2026-01,Influencer/Content,Tier 1,55+,Moderate
NV401030,2026-01-14,2026-01,Organic App Store,Tier 2,55+,Aggressive
NV401031,2026-01-06,2026-01,Influencer/Content,Tier 3,18-24,Conservative
NV401032,2026-01-27,2026-01,Paid Ads,Tier 1,45-54,Aggressive
NV401033,2026-01-15,2026-01,Referral,Tier 1,35-44,Moderate
NV401034,2026-01-16,2026-01,Organic App Store,Tier 2,25-34,Aggressive
NV401035,2026-01-14,2026-01,Influencer/Content,Tier 2,35-44,Conservative
NV401036,2026-01-27,2026-01,Organic App Store,Tier 3,25-34,Moderate
NV401037,2026-01-29,2026-01,Organic App Store,Tier 2,55+,Moderate
NV401038,2026-01-08,2026-01,Paid Ads,Tier 2,18-24,Moderate
NV401039,2026-01-12,2026-01,Organic App Store,Tier 1,35-44,Aggressive
NV401040,2026-01-13,2026-01,Influencer/Content,Tier 2,18-24,Conservative
NV401041,2026-01-19,2026-01,Organic App Store,Tier 2,18-24,Moderate
NV401042,2026-01-13,2026-01,Organic App Store,Tier 3,35-44,Conservative
NV401043,2026-01-26,2026-01,Influencer/Content,Tier 1,35-44,Aggressive
NV401044,2026-01-20,2026-01,Organic App Store,Tier 2,35-44,Moderate
NV401045,2026-01-19,2026-01,Organic App Store,Tier 1,35-44,Moderate
NV401046,2026-01-06,2026-01,Influencer/Content,Tier 2,35-44,Moderate
NV401047,2026-01-13,2026-01,Organic App Store,Tier 2,25-34,Conservative
NV401048,2026-01-17,2026-01,Influencer/Content,Tier 3,35-44,Conservative
NV401049,2026-01-24,2026-01,Organic App Store,Tier 2,35-44,Moderate
NV401050,2026-01-03,2026-01,Referral,Tier 1,25-34,Conservative
NV401051,2026-01-18,2026-01,Referral,Tier 3,45-54,Conservative
NV401052,2026-01-02,2026-01,Influencer/Content,Tier 3,35-44,Moderate
NV401053,2026-01-16,2026-01,Paid Ads,Tier 1,25-34,Aggressive
NV401054,2026-01-29,2026-01,Organic App Store,Tier 2,35-44,Moderate
NV401055,2026-01-22,2026-01,Paid Ads,Tier 3,25-34,Aggressive
NV401056,2026-01-30,2026-01,Organic App Store,Tier 3,25-34,Moderate
NV401057,2026-01-28,2026-01,Paid Ads,Tier 3,45-54,Aggressive
NV401058,2026-01-25,2026-01,Paid Ads,Tier 1,25-34,Conservative
NV401059,2026-01-08,2026-01,Paid Ads,Tier 1,35-44,Aggressive
NV401060,2026-01-23,2026-01,Organic App Store,Tier 1,25-34,Moderate
NV401061,2026-01-12,2026-01,Organic App Store,Tier 2,35-44,Moderate
NV401062,2026-01-27,2026-01,Referral,Tier 1,45-54,Aggressive
NV401063,2026-01-28,2026-01,Referral,Tier 3,25-34,Aggressive
NV401064,2026-01-06,2026-01,Referral,Tier 2,45-54,Conservative
NV401065,2026-01-21,2026-01,Organic App Store,Tier 3,45-54,Conservative
NV401066,2026-01-11,2026-01,Organic App Store,Tier 1,25-34,Conservative
NV401067,2026-01-18,2026-01,Organic App Store,Tier 2,35-44,Aggressive
NV401068,2026-01-26,2026-01,Paid Ads,Tier 2,25-34,Moderate
NV401069,2026-01-21,2026-01,Organic App Store,Tier 2,25-34,Aggressive
NV401070,2026-01-16,2026-01,Paid Ads,Tier 1,35-44,Moderate
NV401071,2026-01-05,2026-01,Organic App Store,Tier 1,45-54,Aggressive
NV401072,2026-01-01,2026-01,Influencer/Content,Tier 3,25-34,Aggressive
NV401073,2026-01-22,2026-01,Influencer/Content,Tier 3,25-34,Aggressive
NV401074,2026-01-27,2026-01,Referral,Tier 1,25-34,Moderate
NV401075,2026-01-25,2026-01,Referral,Tier 1,25-34,Moderate
NV401076,2026-01-26,2026-01,Organic App Store,Tier 2,25-34,Aggressive
NV401077,2026-01-14,2026-01,Influencer/Content,Tier 1,25-34,Moderate
NV401078,2026-01-11,2026-01,Influencer/Content,Tier 1,25-34,Conservative
NV401079,2026-01-11,2026-01,Paid Ads,Tier 2,35-44,Moderate
NV401080,2026-01-30,2026-01,Organic App Store,Tier 1,55+,Moderate
NV401081,2026-01-30,2026-01,Organic App Store,Tier 1,35-44,Moderate
NV401082,2026-01-26,2026-01,Paid Ads,Tier 1,35-44,Moderate
NV401083,2026-01-21,2026-01,Influencer/Content,Tier 1,45-54,Moderate
NV401084,2026-01-11,2026-01,Organic App Store,Tier 2,45-54,Moderate
NV401085,2026-01-20,2026-01,Influencer/Content,Tier 1,35-44,Aggressive
NV401086,2026-01-03,2026-01,Organic App Store,Tier 2,25-34,Moderate
NV401087,2026-01-11,2026-01,Organic App Store,Tier 1,25-34,Conservative
NV401088,2026-01-06,2026-01,Referral,Tier 1,35-44,Moderate
NV401089,2026-01-26,2026-01,Paid Ads,Tier 1,45-54,Aggressive
NV401090,2026-01-18,2026-01,Influencer/Content,Tier 1,25-34,Aggressive
NV401091,2026-01-27,2026-01,Organic App Store,Tier 1,45-54,Moderate
NV401092,2026-01-19,2026-01,Organic App Store,Tier 2,35-44,Moderate
NV401093,2026-01-03,2026-01,Referral,Tier 1,35-44,Moderate
NV401094,2026-01-14,2026-01,Paid Ads,Tier 2,45-54,Moderate
NV401095,2026-01-05,2026-01,Organic App Store,Tier 1,18-24,Conservative
NV401096,2026-01-29,2026-01,Organic App Store,Tier 2,25-34,Conservative
NV401097,2026-01-23,2026-01,Influencer/Content,Tier 1,18-24,Moderate
NV401098,2026-01-21,2026-01,Influencer/Content,Tier 1,25-34,Moderate
NV401099,2026-01-15,2026-01,Organic App Store,Tier 1,55+,Moderate
NV401100,2026-01-18,2026-01,Organic App Store,Tier 1,18-24,Conservative
NV401101,2026-01-03,2026-01,Influencer/Content,Tier 2,45-54,Aggressive
NV401102,2026-01-29,2026-01,Paid Ads,Tier 1,25-34,Aggressive
NV401103,2026-01-14,2026-01,Influencer/Content,Tier 1,18-24,Moderate
NV401104,2026-01-29,2026-01,Organic App Store,Tier 2,45-54,Conservative
NV401105,2026-01-01,2026-01,Referral,Tier 1,18-24,Aggressive
NV401106,2026-01-24,2026-01,Organic App Store,Tier 2,45-54,Moderate
NV401107,2026-01-25,2026-01,Referral,Tier 1,25-34,Aggressive
NV401108,2026-01-24,2026-01,Paid Ads,Tier 2,25-34,Moderate
NV401109,2026-01-18,2026-01,Organic App Store,Tier 2,35-44,Conservative
NV401110,2026-01-10,2026-01,Referral,Tier 1,35-44,Moderate
NV401111,2026-01-27,2026-01,Paid Ads,Tier 1,35-44,Moderate
NV401112,2026-01-06,2026-01,Referral,Tier 1,35-44,Aggressive
NV401113,2026-01-22,2026-01,Paid Ads,Tier 3,25-34,Moderate
NV401114,2026-01-21,2026-01,Influencer/Content,Tier 3,55+,Conservative
NV401115,2026-01-19,2026-01,Paid Ads,Tier 1,25-34,Aggressive
NV401116,2026-01-16,2026-01,Paid Ads,Tier 2,35-44,Moderate
NV401117,2026-01-13,2026-01,Organic App Store,Tier 2,35-44,Conservative
NV401118,2026-01-13,2026-01,Paid Ads,Tier 1,18-24,Conservative
NV401119,2026-01-01,2026-01,Paid Ads,Tier 3,25-34,Moderate
NV401120,2026-01-27,2026-01,Referral,Tier 1,45-54,Aggressive
NV401121,2026-01-24,2026-01,Organic App Store,Tier 1,25-34,Conservative
NV401122,2026-01-25,2026-01,Referral,Tier 1,25-34,Aggressive
NV401123,2026-01-03,2026-01,Influencer/Content,Tier 2,35-44,Moderate
NV401124,2026-01-23,2026-01,Referral,Tier 2,25-34,Moderate
NV401125,2026-01-20,2026-01,Paid Ads,Tier 1,18-24,Conservative
NV401126,2026-01-09,2026-01,Influencer/Content,Tier 1,25-34,Conservative
NV401127,2026-01-17,2026-01,Referral,Tier 2,25-34,Conservative
NV401128,2026-01-01,2026-01,Paid Ads,Tier 2,25-34,Moderate
NV401129,2026-01-11,2026-01,Influencer/Content,Tier 3,35-44,Moderate
NV401130,2026-01-04,2026-01,Referral,Tier 2,35-44,Conservative
NV401131,2026-01-09,2026-01,Referral,Tier 1,45-54,Moderate
NV401132,2026-01-07,2026-01,Organic App Store,Tier 1,25-34,Conservative
NV401133,2026-01-24,2026-01,Referral,Tier 2,25-34,Moderate
NV401134,2026-01-21,2026-01,Referral,Tier 3,45-54,Moderate
NV401135,2026-01-03,2026-01,Influencer/Content,Tier 1,18-24,Aggressive
NV401136,2026-01-12,2026-01,Organic App Store,Tier 1,25-34,Moderate
NV401137,2026-01-02,2026-01,Organic App Store,Tier 2,55+,Conservative
NV401138,2026-01-05,2026-01,Referral,Tier 1,55+,Conservative
NV401139,2026-01-03,2026-01,Organic App Store,Tier 2,25-34,Moderate
NV401140,2026-01-13,2026-01,Organic App Store,Tier 2,35-44,Conservative
NV401141,2026-01-22,2026-01,Organic App Store,Tier 3,25-34,Conservative
NV401142,2026-01-09,2026-01,Organic App Store,Tier 1,25-34,Moderate
NV401143,2026-01-14,2026-01,Influencer/Content,Tier 1,35-44,Moderate
NV401144,2026-01-30,2026-01,Referral,Tier 2,45-54,Aggressive
NV401145,2026-01-12,2026-01,Influencer/Content,Tier 1,18-24,Aggressive
NV401146,2026-01-17,2026-01,Influencer/Content,Tier 2,35-44,Aggressive
NV401147,2026-01-12,2026-01,Influencer/Content,Tier 1,25-34,Aggressive
NV401148,2026-01-27,2026-01,Referral,Tier 1,18-24,Aggressive
NV401149,2026-01-28,2026-01,Organic App Store,Tier 1,18-24,Conservative
NV401150,2026-01-30,2026-01,Referral,Tier 2,25-34,Conservative
NV401151,2026-01-03,2026-01,Referral,Tier 2,35-44,Aggressive
NV401152,2026-01-12,2026-01,Referral,Tier 1,35-44,Moderate
NV401153,2026-01-26,2026-01,Organic App Store,Tier 3,25-34,Moderate
NV401154,2026-01-19,2026-01,Influencer/Content,Tier 3,25-34,Conservative
NV401155,2026-01-18,2026-01,Paid Ads,Tier 1,18-24,Conservative
NV401156,2026-01-20,2026-01,Paid Ads,Tier 1,25-34,Moderate
NV401157,2026-01-22,2026-01,Referral,Tier 3,25-34,Moderate
NV401158,2026-01-27,2026-01,Referral,Tier 1,25-34,Moderate
NV401159,2026-01-02,2026-01,Organic App Store,Tier 3,25-34,Moderate
NV401160,2026-01-18,2026-01,Influencer/Content,Tier 1,45-54,Aggressive
NV401161,2026-01-22,2026-01,Paid Ads,Tier 1,55+,Moderate
NV401162,2026-01-11,2026-01,Paid Ads,Tier 2,25-34,Moderate
NV401163,2026-01-17,2026-01,Paid Ads,Tier 2,45-54,Aggressive
NV401164,2026-01-07,2026-01,Referral,Tier 3,18-24,Aggressive
NV401165,2026-01-15,2026-01,Paid Ads,Tier 1,25-34,Aggressive
NV401166,2026-01-13,2026-01,Organic App Store,Tier 2,45-54,Conservative
NV401167,2026-01-07,2026-01,Organic App Store,Tier 1,25-34,Conservative
NV401168,2026-01-12,2026-01,Paid Ads,Tier 3,35-44,Aggressive
NV401169,2026-01-21,2026-01,Influencer/Content,Tier 2,25-34,Conservative
NV401170,2026-01-15,2026-01,Paid Ads,Tier 2,55+,Aggressive
NV401171,2026-01-19,2026-01,Referral,Tier 2,25-34,Conservative
NV401172,2026-01-20,2026-01,Organic App Store,Tier 3,25-34,Moderate
NV401173,2026-01-11,2026-01,Influencer/Content,Tier 3,18-24,Moderate
NV401174,2026-01-25,2026-01,Influencer/Content,Tier 1,25-34,Aggressive
NV401175,2026-01-20,2026-01,Organic App Store,Tier 1,25-34,Moderate
NV401176,2026-01-27,2026-01,Referral,Tier 1,25-34,Conservative
NV401177,2026-01-08,2026-01,Referral,Tier 1,25-34,Moderate
NV401178,2026-01-12,2026-01,Referral,Tier 1,18-24,Aggressive
NV401179,2026-01-27,2026-01,Influencer/Content,Tier 3,35-44,Conservative
NV401180,2026-01-09,2026-01,Organic App Store,Tier 2,45-54,Moderate
NV401181,2026-01-22,2026-01,Influencer/Content,Tier 1,35-44,Aggressive
NV401182,2026-01-13,2026-01,Organic App Store,Tier 1,45-54,Conservative
NV401183,2026-01-19,2026-01,Influencer/Content,Tier 3,45-54,Moderate
NV401184,2026-01-16,2026-01,Influencer/Content,Tier 3,18-24,Moderate
NV401185,2026-01-05,2026-01,Paid Ads,Tier 2,18-24,Moderate
NV401186,2026-01-10,2026-01,Referral,Tier 2,35-44,Moderate
NV401187,2026-01-10,2026-01,Referral,Tier 1,25-34,Aggressive
NV401188,2026-01-01,2026-01,Referral,Tier 2,45-54,Aggressive
NV401189,2026-01-24,2026-01,Paid Ads,Tier 1,35-44,Aggressive
NV401190,2026-01-15,2026-01,Referral,Tier 1,45-54,Moderate
NV401191,2026-01-24,2026-01,Referral,Tier 3,25-34,Moderate
NV401192,2026-01-08,2026-01,Organic App Store,Tier 1,18-24,Moderate
NV401193,2026-01-07,2026-01,Paid Ads,Tier 2,25-34,Aggressive
NV401194,2026-01-27,2026-01,Paid Ads,Tier 3,25-34,Moderate
NV401195,2026-01-09,2026-01,Referral,Tier 2,45-54,Moderate
NV401196,2026-01-18,2026-01,Referral,Tier 2,25-34,Moderate
NV401197,2026-01-16,2026-01,Referral,Tier 3,25-34,Moderate
NV401198,2026-01-19,2026-01,Influencer/Content,Tier 1,25-34,Aggressive
NV401199,2026-01-04,2026-01,Paid Ads,Tier 3,35-44,Conservative
NV401200,2026-01-09,2026-01,Influencer/Content,Tier 2,18-24,Conservative
NV401201,2026-01-23,2026-01,Referral,Tier 1,25-34,Conservative
NV401202,2026-01-15,2026-01,Referral,Tier 2,25-34,Conservative
NV401203,2026-01-14,2026-01,Influencer/Content,Tier 3,25-34,Conservative
NV401204,2026-01-10,2026-01,Organic App Store,Tier 3,25-34,Moderate
NV401205,2026-01-28,2026-01,Influencer/Content,Tier 2,45-54,Moderate
NV401206,2026-01-27,2026-01,Influencer/Content,Tier 2,18-24,Moderate
NV401207,2026-01-27,2026-01,Referral,Tier 2,18-24,Moderate
NV401208,2026-01-13,2026-01,Organic App Store,Tier 3,35-44,Aggressive
NV401209,2026-01-15,2026-01,Organic App Store,Tier 3,45-54,Conservative
NV401210,2026-01-07,2026-01,Referral,Tier 1,25-34,Conservative
NV401211,2026-01-18,2026-01,Organic App Store,Tier 1,35-44,Aggressive
NV401212,2026-01-23,2026-01,Paid Ads,Tier 1,45-54,Aggressive
NV401213,2026-01-11,2026-01,Influencer/Content,Tier 1,35-44,Aggressive
NV401214,2026-01-04,2026-01,Organic App Store,Tier 2,25-34,Conservative
NV401215,2026-01-23,2026-01,Paid Ads,Tier 2,25-34,Moderate
NV401216,2026-01-05,2026-01,Referral,Tier 2,55+,Moderate
NV401217,2026-01-09,2026-01,Organic App Store,Tier 3,35-44,Moderate
NV401218,2026-01-10,2026-01,Paid Ads,Tier 2,25-34,Moderate
NV401219,2026-01-04,2026-01,Influencer/Content,Tier 1,25-34,Moderate
NV401220,2026-01-09,2026-01,Paid Ads,Tier 3,18-24,Moderate
NV401221,2026-01-27,2026-01,Referral,Tier 3,55+,Moderate
NV401222,2026-01-15,2026-01,Referral,Tier 2,55+,Aggressive
NV401223,2026-01-11,2026-01,Influencer/Content,Tier 2,25-34,Moderate
NV401224,2026-01-06,2026-01,Organic App Store,Tier 3,35-44,Moderate
NV401225,2026-01-16,2026-01,Organic App Store,Tier 3,25-34,Moderate
NV401226,2026-01-28,2026-01,Organic App Store,Tier 1,25-34,Conservative
NV401227,2026-01-02,2026-01,Paid Ads,Tier 1,55+,Aggressive
NV401228,2026-01-18,2026-01,Influencer/Content,Tier 1,25-34,Moderate
NV401229,2026-01-28,2026-01,Organic App Store,Tier 3,18-24,Moderate
NV401230,2026-01-08,2026-01,Organic App Store,Tier 3,55+,Moderate
NV401231,2026-01-09,2026-01,Organic App Store,Tier 1,45-54,Conservative
NV401232,2026-01-08,2026-01,Paid Ads,Tier 2,35-44,Aggressive
NV401233,2026-01-17,2026-01,Organic App Store,Tier 2,18-24,Moderate
NV401234,2026-01-12,2026-01,Referral,Tier 2,35-44,Conservative
NV401235,2026-01-22,2026-01,Organic App Store,Tier 3,25-34,Conservative
NV401236,2026-01-30,2026-01,Referral,Tier 2,18-24,Aggressive
NV401237,2026-01-30,2026-01,Organic App Store,Tier 1,45-54,Aggressive
NV401238,2026-01-28,2026-01,Organic App Store,Tier 3,45-54,Aggressive
NV401239,2026-01-08,2026-01,Influencer/Content,Tier 3,45-54,Aggressive
NV401240,2026-01-25,2026-01,Paid Ads,Tier 1,35-44,Moderate
NV401241,2026-01-09,2026-01,Referral,Tier 2,18-24,Moderate
NV401242,2026-01-28,2026-01,Organic App Store,Tier 2,55+,Conservative
NV401243,2026-01-22,2026-01,Referral,Tier 1,25-34,Conservative
NV401244,2026-01-27,2026-01,Organic App Store,Tier 2,25-34,Moderate
NV401245,2026-01-11,2026-01,Organic App Store,Tier 3,18-24,Aggressive
NV401246,2026-01-28,2026-01,Organic App Store,Tier 1,25-34,Aggressive
NV401247,2026-01-04,2026-01,Organic App Store,Tier 3,35-44,Conservative
NV401248,2026-01-21,2026-01,Paid Ads,Tier 2,18-24,Conservative
NV401249,2026-01-18,2026-01,Paid Ads,Tier 1,25-34,Conservative
NV401250,2026-01-01,2026-01,Organic App Store,Tier 3,25-34,Moderate
NV401251,2026-01-22,2026-01,Referral,Tier 3,25-34,Moderate
NV401252,2026-01-10,2026-01,Organic App Store,Tier 3,25-34,Moderate
NV401253,2026-01-20,2026-01,Organic App Store,Tier 1,18-24,Moderate
NV401254,2026-01-13,2026-01,Organic App Store,Tier 2,25-34,Aggressive
NV401255,2026-01-04,2026-01,Influencer/Content,Tier 1,25-34,Moderate
NV401256,2026-01-06,2026-01,Paid Ads,Tier 1,35-44,Conservative
NV401257,2026-01-24,2026-01,Referral,Tier 2,35-44,Moderate
NV401258,2026-01-30,2026-01,Organic App Store,Tier 2,18-24,Conservative
NV401259,2026-01-12,2026-01,Influencer/Content,Tier 3,25-34,Moderate
NV401260,2026-01-26,2026-01,Organic App Store,Tier 1,18-24,Conservative
NV401261,2026-01-05,2026-01,Referral,Tier 3,35-44,Aggressive
NV401262,2026-01-18,2026-01,Influencer/Content,Tier 1,25-34,Aggressive
NV401263,2026-01-18,2026-01,Influencer/Content,Tier 3,35-44,Moderate
NV401264,2026-01-16,2026-01,Referral,Tier 2,35-44,Moderate
NV401265,2026-01-07,2026-01,Influencer/Content,Tier 2,18-24,Conservative
NV401266,2026-01-13,2026-01,Influencer/Content,Tier 3,45-54,Conservative
NV401267,2026-01-09,2026-01,Referral,Tier 1,35-44,Moderate
NV401268,2026-01-11,2026-01,Organic App Store,Tier 3,25-34,Moderate
NV401269,2026-01-10,2026-01,Referral,Tier 1,35-44,Aggressive
NV401270,2026-01-02,2026-01,Organic App Store,Tier 1,35-44,Moderate
NV401271,2026-01-22,2026-01,Organic App Store,Tier 1,25-34,Moderate
NV401272,2026-01-04,2026-01,Organic App Store,Tier 3,25-34,Conservative
NV401273,2026-01-08,2026-01,Organic App Store,Tier 1,55+,Moderate
NV401274,2026-01-25,2026-01,Paid Ads,Tier 2,55+,Conservative
NV401275,2026-01-30,2026-01,Influencer/Content,Tier 1,45-54,Aggressive
NV401276,2026-01-19,2026-01,Paid Ads,Tier 3,25-34,Conservative
NV401277,2026-01-22,2026-01,Organic App Store,Tier 3,35-44,Moderate
NV401278,2026-01-15,2026-01,Referral,Tier 1,25-34,Conservative
NV401279,2026-01-18,2026-01,Organic App Store,Tier 1,45-54,Aggressive
NV401280,2026-01-06,2026-01,Paid Ads,Tier 2,25-34,Moderate
NV401281,2026-01-03,2026-01,Referral,Tier 2,25-34,Conservative
NV401282,2026-01-20,2026-01,Influencer/Content,Tier 1,35-44,Aggressive
NV401283,2026-01-02,2026-01,Organic App Store,Tier 1,25-34,Aggressive
NV401284,2026-01-01,2026-01,Organic App Store,Tier 3,25-34,Moderate
NV401285,2026-01-15,2026-01,Paid Ads,Tier 1,25-34,Aggressive
NV401286,2026-01-20,2026-01,Organic App Store,Tier 2,35-44,Conservative
NV401287,2026-01-23,2026-01,Referral,Tier 1,25-34,Moderate
NV401288,2026-01-21,2026-01,Influencer/Content,Tier 1,18-24,Aggressive
NV401289,2026-01-03,2026-01,Influencer/Content,Tier 2,18-24,Aggressive
NV401290,2026-01-30,2026-01,Paid Ads,Tier 1,25-34,Aggressive
NV401291,2026-01-18,2026-01,Organic App Store,Tier 1,25-34,Moderate
NV401292,2026-01-18,2026-01,Paid Ads,Tier 2,25-34,Moderate
NV401293,2026-01-02,2026-01,Paid Ads,Tier 1,25-34,Conservative
NV401294,2026-01-04,2026-01,Referral,Tier 2,25-34,Moderate
NV401295,2026-01-14,2026-01,Referral,Tier 1,45-54,Aggressive
NV401296,2026-01-08,2026-01,Organic App Store,Tier 1,55+,Moderate
NV401297,2026-01-15,2026-01,Organic App Store,Tier 2,25-34,Aggressive
NV401298,2026-01-15,2026-01,Paid Ads,Tier 1,45-54,Moderate
NV401299,2026-01-15,2026-01,Organic App Store,Tier 1,18-24,Moderate
NV401300,2026-01-01,2026-01,Organic App Store,Tier 2,25-34,Moderate
NV401301,2026-01-02,2026-01,Referral,Tier 1,18-24,Aggressive
NV401302,2026-01-04,2026-01,Influencer/Content,Tier 2,55+,Aggressive
NV401303,2026-01-17,2026-01,Referral,Tier 2,25-34,Moderate
NV401304,2026-01-30,2026-01,Organic App Store,Tier 2,45-54,Aggressive
NV401305,2026-01-13,2026-01,Referral,Tier 2,35-44,Moderate
NV401306,2026-01-14,2026-01,Referral,Tier 2,18-24,Moderate
NV401307,2026-01-27,2026-01,Organic App Store,Tier 1,35-44,Moderate
NV401308,2026-01-21,2026-01,Organic App Store,Tier 2,25-34,Aggressive
NV401309,2026-01-08,2026-01,Influencer/Content,Tier 1,35-44,Moderate
NV401310,2026-01-15,2026-01,Influencer/Content,Tier 1,45-54,Aggressive
NV401311,2026-01-25,2026-01,Influencer/Content,Tier 1,35-44,Moderate
NV401312,2026-01-12,2026-01,Paid Ads,Tier 2,45-54,Conservative
NV401313,2026-01-06,2026-01,Paid Ads,Tier 2,25-34,Moderate
NV401314,2026-01-10,2026-01,Paid Ads,Tier 1,25-34,Moderate
NV401315,2026-01-03,2026-01,Organic App Store,Tier 2,45-54,Moderate
NV401316,2026-01-11,2026-01,Organic App Store,Tier 1,45-54,Moderate
NV401317,2026-01-17,2026-01,Paid Ads,Tier 2,18-24,Moderate
NV401318,2026-01-17,2026-01,Paid Ads,Tier 1,18-24,Aggressive
NV401319,2026-01-12,2026-01,Paid Ads,Tier 1,18-24,Moderate
NV401320,2026-01-21,2026-01,Organic App Store,Tier 2,25-34,Moderate
NV401321,2026-01-25,2026-01,Influencer/Content,Tier 2,25-34,Moderate
NV401322,2026-01-04,2026-01,Referral,Tier 1,25-34,Moderate
NV401323,2026-01-03,2026-01,Influencer/Content,Tier 2,25-34,Conservative
NV401324,2026-01-26,2026-01,Organic App Store,Tier 1,18-24,Moderate
NV401325,2026-01-06,2026-01,Influencer/Content,Tier 1,18-24,Moderate
NV401326,2026-01-21,2026-01,Paid Ads,Tier 3,45-54,Aggressive
NV401327,2026-01-30,2026-01,Influencer/Content,Tier 2,25-34,Moderate
NV401328,2026-01-24,2026-01,Paid Ads,Tier 2,55+,Conservative
NV401329,2026-01-04,2026-01,Organic App Store,Tier 3,18-24,Moderate
NV401330,2026-01-07,2026-01,Referral,Tier 1,18-24,Moderate
NV401331,2026-01-15,2026-01,Organic App Store,Tier 2,25-34,Moderate
NV401332,2026-01-29,2026-01,Organic App Store,Tier 3,25-34,Moderate
NV401333,2026-01-17,2026-01,Referral,Tier 3,45-54,Aggressive
NV401334,2026-01-25,2026-01,Organic App Store,Tier 2,18-24,Aggressive
NV401335,2026-01-28,2026-01,Paid Ads,Tier 1,25-34,Moderate
NV401336,2026-01-24,2026-01,Referral,Tier 2,25-34,Moderate
NV401337,2026-01-30,2026-01,Influencer/Content,Tier 2,18-24,Conservative
NV401338,2026-01-29,2026-01,Referral,Tier 1,25-34,Moderate
NV401339,2026-01-01,2026-01,Influencer/Content,Tier 2,45-54,Moderate
NV401340,2026-01-01,2026-01,Paid Ads,Tier 1,35-44,Moderate
NV401341,2026-01-19,2026-01,Organic App Store,Tier 1,18-24,Conservative
NV401342,2026-01-13,2026-01,Influencer/Content,Tier 1,55+,Aggressive
NV401343,2026-01-27,2026-01,Organic App Store,Tier 1,25-34,Moderate
NV401344,2026-01-01,2026-01,Organic App Store,Tier 1,55+,Conservative
NV401345,2026-01-30,2026-01,Paid Ads,Tier 3,35-44,Conservative
NV401346,2026-01-03,2026-01,Paid Ads,Tier 2,35-44,Aggressive
NV401347,2026-01-03,2026-01,Paid Ads,Tier 1,18-24,Moderate
NV401348,2026-01-16,2026-01,Paid Ads,Tier 1,25-34,Aggressive
NV401349,2026-01-05,2026-01,Organic App Store,Tier 1,25-34,Conservative
NV401350,2026-01-07,2026-01,Organic App Store,Tier 1,45-54,Moderate
NV401351,2026-01-03,2026-01,Organic App Store,Tier 1,18-24,Aggressive
NV401352,2026-01-12,2026-01,Referral,Tier 3,25-34,Conservative
NV401353,2026-01-18,2026-01,Influencer/Content,Tier 2,18-24,Aggressive
NV401354,2026-01-16,2026-01,Referral,Tier 1,18-24,Aggressive
NV401355,2026-01-29,2026-01,Organic App Store,Tier 2,35-44,Aggressive
NV401356,2026-01-08,2026-01,Organic App Store,Tier 1,25-34,Aggressive
NV401357,2026-01-16,2026-01,Referral,Tier 3,35-44,Aggressive
NV401358,2026-01-23,2026-01,Influencer/Content,Tier 2,25-34,Conservative
NV401359,2026-01-28,2026-01,Influencer/Content,Tier 3,25-34,Conservative
NV401360,2026-01-14,2026-01,Influencer/Content,Tier 1,25-34,Moderate
NV401361,2026-01-25,2026-01,Influencer/Content,Tier 2,25-34,Moderate
NV401362,2026-01-12,2026-01,Organic App Store,Tier 1,45-54,Conservative
NV401363,2026-01-15,2026-01,Organic App Store,Tier 2,25-34,Conservative
NV401364,2026-01-23,2026-01,Influencer/Content,Tier 3,18-24,Conservative
NV401365,2026-01-13,2026-01,Influencer/Content,Tier 3,25-34,Moderate
NV401366,2026-01-23,2026-01,Paid Ads,Tier 2,25-34,Moderate
NV401367,2026-01-18,2026-01,Organic App Store,Tier 3,18-24,Moderate
NV401368,2026-01-28,2026-01,Organic App Store,Tier 1,35-44,Aggressive
NV401369,2026-01-21,2026-01,Organic App Store,Tier 2,35-44,Conservative
NV401370,2026-01-19,2026-01,Organic App Store,Tier 1,25-34,Aggressive
NV401371,2026-01-21,2026-01,Organic App Store,Tier 1,25-34,Moderate
NV401372,2026-01-12,2026-01,Organic App Store,Tier 3,35-44,Moderate
NV401373,2026-01-18,2026-01,Paid Ads,Tier 1,55+,Moderate
NV401374,2026-01-15,2026-01,Organic App Store,Tier 3,25-34,Moderate
NV401375,2026-01-11,2026-01,Influencer/Content,Tier 1,35-44,Conservative
NV401376,2026-01-28,2026-01,Influencer/Content,Tier 1,35-44,Aggressive
NV401377,2026-01-18,2026-01,Influencer/Content,Tier 1,18-24,Conservative
NV401378,2026-01-01,2026-01,Organic App Store,Tier 2,25-34,Moderate
NV401379,2026-01-17,2026-01,Referral,Tier 2,25-34,Moderate
NV401380,2026-01-24,2026-01,Paid Ads,Tier 1,25-34,Conservative
NV401381,2026-01-26,2026-01,Referral,Tier 1,18-24,Moderate
NV401382,2026-01-15,2026-01,Referral,Tier 1,18-24,Moderate
NV401383,2026-01-26,2026-01,Organic App Store,Tier 1,45-54,Conservative
NV401384,2026-01-29,2026-01,Paid Ads,Tier 2,35-44,Conservative
NV401385,2026-01-19,2026-01,Referral,Tier 1,25-34,Moderate
NV401386,2026-01-27,2026-01,Paid Ads,Tier 2,18-24,Moderate
NV401387,2026-01-04,2026-01,Referral,Tier 2,25-34,Conservative
NV401388,2026-01-01,2026-01,Organic App Store,Tier 3,18-24,Conservative
NV401389,2026-01-05,2026-01,Organic App Store,Tier 2,25-34,Moderate
NV401390,2026-01-07,2026-01,Paid Ads,Tier 3,18-24,Conservative
NV401391,2026-01-26,2026-01,Paid Ads,Tier 1,35-44,Aggressive
NV401392,2026-01-20,2026-01,Organic App Store,Tier 2,35-44,Moderate
NV401393,2026-01-17,2026-01,Referral,Tier 1,35-44,Conservative
NV401394,2026-01-21,2026-01,Organic App Store,Tier 3,25-34,Moderate
NV401395,2026-01-21,2026-01,Referral,Tier 1,35-44,Conservative
NV401396,2026-01-05,2026-01,Paid Ads,Tier 3,25-34,Conservative
NV401397,2026-01-13,2026-01,Paid Ads,Tier 2,45-54,Moderate
NV401398,2026-01-05,2026-01,Referral,Tier 2,35-44,Aggressive
NV401399,2026-01-09,2026-01,Referral,Tier 3,35-44,Moderate
NV401400,2026-01-18,2026-01,Referral,Tier 3,18-24,Moderate
NV401401,2026-01-17,2026-01,Paid Ads,Tier 2,35-44,Moderate
NV401402,2026-01-26,2026-01,Organic App Store,Tier 1,35-44,Conservative
NV401403,2026-01-16,2026-01,Referral,Tier 1,45-54,Moderate
NV401404,2026-01-18,2026-01,Paid Ads,Tier 2,25-34,Aggressive
NV401405,2026-01-04,2026-01,Referral,Tier 1,25-34,Moderate
NV401406,2026-01-14,2026-01,Influencer/Content,Tier 1,25-34,Conservative
NV401407,2026-01-20,2026-01,Paid Ads,Tier 1,55+,Moderate
NV401408,2026-01-17,2026-01,Referral,Tier 2,25-34,Conservative
NV401409,2026-01-16,2026-01,Referral,Tier 3,25-34,Conservative
NV401410,2026-01-30,2026-01,Organic App Store,Tier 3,45-54,Conservative
NV401411,2026-01-26,2026-01,Referral,Tier 2,25-34,Moderate
NV401412,2026-01-17,2026-01,Influencer/Content,Tier 3,18-24,Aggressive
NV401413,2026-01-27,2026-01,Influencer/Content,Tier 2,25-34,Moderate
NV401414,2026-01-07,2026-01,Influencer/Content,Tier 2,45-54,Moderate
NV401415,2026-01-12,2026-01,Referral,Tier 1,25-34,Moderate
NV401416,2026-01-26,2026-01,Influencer/Content,Tier 1,18-24,Conservative
NV401417,2026-01-23,2026-01,Referral,Tier 1,45-54,Moderate
NV401418,2026-01-02,2026-01,Paid Ads,Tier 3,18-24,Conservative
NV401419,2026-01-23,2026-01,Organic App Store,Tier 1,25-34,Moderate
NV401420,2026-01-30,2026-01,Paid Ads,Tier 2,35-44,Moderate
NV401421,2026-01-18,2026-01,Referral,Tier 3,55+,Conservative
NV401422,2026-01-22,2026-01,Organic App Store,Tier 2,25-34,Moderate
NV401423,2026-01-29,2026-01,Referral,Tier 1,25-34,Moderate
NV401424,2026-01-15,2026-01,Organic App Store,Tier 1,35-44,Moderate
NV401425,2026-01-05,2026-01,Paid Ads,Tier 2,45-54,Aggressive
NV401426,2026-01-18,2026-01,Paid Ads,Tier 1,25-34,Conservative
NV401427,2026-01-17,2026-01,Influencer/Content,Tier 1,25-34,Conservative
NV401428,2026-01-09,2026-01,Organic App Store,Tier 1,45-54,Moderate
NV401429,2026-01-18,2026-01,Paid Ads,Tier 3,45-54,Conservative
NV401430,2026-01-30,2026-01,Paid Ads,Tier 3,35-44,Conservative
NV401431,2026-01-01,2026-01,Organic App Store,Tier 3,35-44,Conservative
NV401432,2026-01-14,2026-01,Organic App Store,Tier 3,25-34,Aggressive
NV401433,2026-01-11,2026-01,Influencer/Content,Tier 1,25-34,Conservative
NV401434,2026-01-06,2026-01,Organic App Store,Tier 2,35-44,Moderate
NV401435,2026-01-21,2026-01,Paid Ads,Tier 3,35-44,Conservative
NV401436,2026-01-20,2026-01,Organic App Store,Tier 2,25-34,Aggressive
NV401437,2026-01-24,2026-01,Paid Ads,Tier 2,35-44,Aggressive
NV401438,2026-01-12,2026-01,Influencer/Content,Tier 1,18-24,Conservative
NV401439,2026-01-03,2026-01,Organic App Store,Tier 1,25-34,Moderate
NV401440,2026-01-06,2026-01,Influencer/Content,Tier 3,35-44,Moderate
NV401441,2026-01-01,2026-01,Influencer/Content,Tier 2,25-34,Conservative
NV401442,2026-01-15,2026-01,Influencer/Content,Tier 1,35-44,Aggressive
NV401443,2026-01-02,2026-01,Influencer/Content,Tier 3,25-34,Moderate
NV401444,2026-01-18,2026-01,Organic App Store,Tier 1,25-34,Aggressive
NV401445,2026-01-06,2026-01,Referral,Tier 3,25-34,Conservative
NV401446,2026-01-29,2026-01,Organic App Store,Tier 1,25-34,Aggressive
NV401447,2026-01-20,2026-01,Organic App Store,Tier 2,25-34,Conservative
NV401448,2026-01-27,2026-01,Referral,Tier 2,18-24,Moderate
NV401449,2026-01-18,2026-01,Paid Ads,Tier 2,35-44,Conservative
NV401450,2026-01-11,2026-01,Organic App Store,Tier 1,35-44,Conservative
NV401451,2026-01-11,2026-01,Organic App Store,Tier 2,25-34,Moderate
NV401452,2026-01-14,2026-01,Organic App Store,Tier 1,25-34,Moderate
NV401453,2026-01-27,2026-01,Paid Ads,Tier 2,55+,Aggressive
NV401454,2026-01-20,2026-01,Organic App Store,Tier 2,25-34,Moderate
NV401455,2026-01-01,2026-01,Referral,Tier 3,18-24,Moderate
NV401456,2026-01-25,2026-01,Paid Ads,Tier 3,25-34,Moderate
NV401457,2026-01-14,2026-01,Influencer/Content,Tier 3,25-34,Conservative
NV401458,2026-01-01,2026-01,Organic App Store,Tier 1,18-24,Aggressive
NV401459,2026-01-03,2026-01,Organic App Store,Tier 3,45-54,Conservative
NV401460,2026-01-22,2026-01,Paid Ads,Tier 2,18-24,Moderate
NV401461,2026-01-05,2026-01,Influencer/Content,Tier 1,18-24,Moderate
NV401462,2026-01-14,2026-01,Referral,Tier 3,25-34,Conservative
NV401463,2026-01-22,2026-01,Referral,Tier 2,25-34,Moderate
NV401464,2026-01-25,2026-01,Influencer/Content,Tier 1,35-44,Moderate
NV401465,2026-01-25,2026-01,Organic App Store,Tier 1,18-24,Moderate
NV401466,2026-01-11,2026-01,Paid Ads,Tier 3,45-54,Moderate
NV401467,2026-01-14,2026-01,Paid Ads,Tier 1,18-24,Aggressive
NV401468,2026-01-12,2026-01,Referral,Tier 1,25-34,Moderate
NV401469,2026-01-26,2026-01,Paid Ads,Tier 2,35-44,Moderate
NV401470,2026-01-29,2026-01,Organic App Store,Tier 3,25-34,Moderate
NV401471,2026-01-05,2026-01,Organic App Store,Tier 2,45-54,Conservative
NV401472,2026-01-19,2026-01,Paid Ads,Tier 2,35-44,Aggressive
NV401473,2026-01-14,2026-01,Influencer/Content,Tier 3,25-34,Moderate
NV401474,2026-01-30,2026-01,Referral,Tier 2,35-44,Moderate
NV401475,2026-01-10,2026-01,Influencer/Content,Tier 1,25-34,Moderate
NV401476,2026-01-03,2026-01,Paid Ads,Tier 1,25-34,Conservative
NV401477,2026-01-25,2026-01,Referral,Tier 1,25-34,Conservative
NV401478,2026-01-28,2026-01,Referral,Tier 2,18-24,Moderate
NV401479,2026-01-30,2026-01,Referral,Tier 1,45-54,Moderate
NV401480,2026-01-10,2026-01,Influencer/Content,Tier 3,45-54,Aggressive
NV401481,2026-01-15,2026-01,Referral,Tier 3,35-44,Conservative
NV401482,2026-01-23,2026-01,Organic App Store,Tier 2,55+,Conservative
NV401483,2026-01-21,2026-01,Paid Ads,Tier 2,18-24,Moderate
NV401484,2026-01-20,2026-01,Paid Ads,Tier 2,25-34,Aggressive
NV401485,2026-01-18,2026-01,Organic App Store,Tier 2,18-24,Moderate
NV401486,2026-01-17,2026-01,Paid Ads,Tier 3,45-54,Conservative
NV401487,2026-01-30,2026-01,Influencer/Content,Tier 3,45-54,Aggressive
NV401488,2026-01-04,2026-01,Referral,Tier 2,25-34,Moderate
NV401489,2026-01-25,2026-01,Organic App Store,Tier 1,25-34,Conservative
NV401490,2026-01-05,2026-01,Referral,Tier 2,18-24,Moderate
NV401491,2026-01-16,2026-01,Paid Ads,Tier 1,25-34,Aggressive
NV401492,2026-01-02,2026-01,Paid Ads,Tier 2,25-34,Conservative
NV401493,2026-01-17,2026-01,Influencer/Content,Tier 2,18-24,Conservative
NV401494,2026-01-30,2026-01,Referral,Tier 2,35-44,Moderate
NV401495,2026-01-30,2026-01,Referral,Tier 1,45-54,Moderate
NV401496,2026-01-13,2026-01,Influencer/Content,Tier 2,18-24,Moderate
NV401497,2026-01-13,2026-01,Paid Ads,Tier 2,35-44,Moderate
NV401498,2026-01-12,2026-01,Paid Ads,Tier 3,25-34,Moderate
NV401499,2026-01-12,2026-01,Organic App Store,Tier 1,25-34,Moderate
NV401500,2026-01-10,2026-01,Organic App Store,Tier 2,45-54,Aggressive
NV401501,2026-01-17,2026-01,Organic App Store,Tier 1,35-44,Moderate
NV401502,2026-01-02,2026-01,Organic App Store,Tier 1,25-34,Aggressive
NV401503,2026-01-07,2026-01,Influencer/Content,Tier 1,45-54,Conservative
NV401504,2026-01-22,2026-01,Organic App Store,Tier 1,45-54,Moderate
NV401505,2026-01-20,2026-01,Paid Ads,Tier 3,25-34,Conservative
NV401506,2026-01-27,2026-01,Influencer/Content,Tier 2,35-44,Moderate
NV401507,2026-01-06,2026-01,Organic App Store,Tier 2,25-34,Aggressive
NV401508,2026-01-12,2026-01,Influencer/Content,Tier 3,25-34,Conservative
NV401509,2026-01-26,2026-01,Paid Ads,Tier 1,18-24,Moderate
NV401510,2026-01-15,2026-01,Organic App Store,Tier 2,18-24,Moderate
NV401511,2026-01-05,2026-01,Referral,Tier 1,25-34,Moderate
NV401512,2026-01-06,2026-01,Referral,Tier 3,35-44,Aggressive
NV401513,2026-01-27,2026-01,Organic App Store,Tier 3,18-24,Conservative
NV401514,2026-01-21,2026-01,Organic App Store,Tier 2,35-44,Moderate
NV401515,2026-01-29,2026-01,Organic App Store,Tier 1,25-34,Moderate
NV401516,2026-01-08,2026-01,Organic App Store,Tier 1,25-34,Moderate
NV401517,2026-01-11,2026-01,Paid Ads,Tier 3,25-34,Moderate
NV401518,2026-01-13,2026-01,Referral,Tier 1,25-34,Conservative
NV401519,2026-01-15,2026-01,Paid Ads,Tier 2,25-34,Moderate
NV401520,2026-01-02,2026-01,Paid Ads,Tier 1,35-44,Conservative
NV401521,2026-01-16,2026-01,Influencer/Content,Tier 1,18-24,Conservative
NV401522,2026-01-02,2026-01,Influencer/Content,Tier 3,18-24,Conservative
NV401523,2026-01-03,2026-01,Organic App Store,Tier 1,25-34,Moderate
NV401524,2026-01-22,2026-01,Organic App Store,Tier 2,25-34,Moderate
NV401525,2026-01-08,2026-01,Paid Ads,Tier 1,18-24,Conservative
NV401526,2026-01-22,2026-01,Referral,Tier 2,35-44,Moderate
NV401527,2026-01-19,2026-01,Referral,Tier 1,25-34,Moderate
NV401528,2026-01-19,2026-01,Referral,Tier 1,18-24,Aggressive
NV401529,2026-01-08,2026-01,Paid Ads,Tier 1,25-34,Moderate
NV401530,2026-01-19,2026-01,Paid Ads,Tier 1,18-24,Moderate
NV401531,2026-01-07,2026-01,Organic App Store,Tier 3,35-44,Moderate
NV401532,2026-01-05,2026-01,Referral,Tier 2,25-34,Conservative
NV401533,2026-01-24,2026-01,Organic App Store,Tier 1,25-34,Moderate
NV401534,2026-01-15,2026-01,Organic App Store,Tier 2,35-44,Moderate
NV401535,2026-01-14,2026-01,Paid Ads,Tier 1,55+,Conservative
NV401536,2026-01-06,2026-01,Influencer/Content,Tier 3,45-54,Conservative
NV401537,2026-01-10,2026-01,Organic App Store,Tier 2,35-44,Conservative
NV401538,2026-01-04,2026-01,Referral,Tier 3,18-24,Conservative
NV401539,2026-01-25,2026-01,Organic App Store,Tier 2,25-34,Moderate
NV401540,2026-01-09,2026-01,Paid Ads,Tier 1,25-34,Moderate
NV401541,2026-01-26,2026-01,Paid Ads,Tier 2,18-24,Moderate
NV401542,2026-01-19,2026-01,Referral,Tier 2,18-24,Moderate
NV401543,2026-01-05,2026-01,Influencer/Content,Tier 2,25-34,Moderate
NV401544,2026-01-07,2026-01,Organic App Store,Tier 1,25-34,Aggressive
NV401545,2026-01-10,2026-01,Influencer/Content,Tier 3,25-34,Moderate
NV401546,2026-01-22,2026-01,Organic App Store,Tier 3,25-34,Moderate
NV401547,2026-01-04,2026-01,Referral,Tier 3,35-44,Aggressive
NV401548,2026-01-21,2026-01,Organic App Store,Tier 2,25-34,Conservative
NV401549,2026-01-13,2026-01,Referral,Tier 2,25-34,Moderate
NV401550,2026-01-06,2026-01,Paid Ads,Tier 1,55+,Conservative
NV401551,2026-01-30,2026-01,Referral,Tier 2,18-24,Aggressive
NV401552,2026-01-26,2026-01,Organic App Store,Tier 1,25-34,Aggressive
NV401553,2026-01-03,2026-01,Referral,Tier 1,25-34,Moderate
NV401554,2026-01-13,2026-01,Organic App Store,Tier 1,35-44,Moderate
NV401555,2026-01-30,2026-01,Organic App Store,Tier 2,55+,Aggressive
NV401556,2026-01-22,2026-01,Referral,Tier 3,35-44,Moderate
NV401557,2026-01-10,2026-01,Organic App Store,Tier 2,25-34,Conservative
NV401558,2026-01-02,2026-01,Referral,Tier 2,18-24,Conservative
NV401559,2026-01-04,2026-01,Paid Ads,Tier 3,25-34,Conservative
NV401560,2026-01-13,2026-01,Referral,Tier 3,25-34,Conservative
NV401561,2026-01-02,2026-01,Organic App Store,Tier 1,45-54,Moderate
NV401562,2026-01-28,2026-01,Referral,Tier 2,18-24,Conservative
NV401563,2026-01-14,2026-01,Organic App Store,Tier 2,25-34,Moderate
NV401564,2026-01-20,2026-01,Referral,Tier 3,18-24,Moderate
NV401565,2026-01-10,2026-01,Organic App Store,Tier 3,25-34,Moderate
NV401566,2026-01-03,2026-01,Paid Ads,Tier 3,45-54,Moderate
NV401567,2026-01-24,2026-01,Referral,Tier 2,25-34,Moderate
NV401568,2026-01-27,2026-01,Influencer/Content,Tier 2,35-44,Conservative
NV401569,2026-01-20,2026-01,Paid Ads,Tier 1,25-34,Aggressive
NV401570,2026-01-06,2026-01,Paid Ads,Tier 1,18-24,Aggressive
NV401571,2026-01-10,2026-01,Organic App Store,Tier 1,25-34,Aggressive
NV401572,2026-01-14,2026-01,Organic App Store,Tier 2,45-54,Moderate
NV401573,2026-01-09,2026-01,Referral,Tier 1,35-44,Aggressive
NV401574,2026-01-18,2026-01,Paid Ads,Tier 3,35-44,Conservative
NV401575,2026-01-06,2026-01,Organic App Store,Tier 1,35-44,Conservative
NV401576,2026-01-10,2026-01,Paid Ads,Tier 3,18-24,Moderate
NV401577,2026-01-27,2026-01,Referral,Tier 2,45-54,Moderate
NV401578,2026-01-16,2026-01,Paid Ads,Tier 1,25-34,Aggressive
NV401579,2026-01-05,2026-01,Paid Ads,Tier 3,35-44,Aggressive
NV401580,2026-01-27,2026-01,Paid Ads,Tier 2,25-34,Moderate
NV401581,2026-01-28,2026-01,Organic App Store,Tier 3,35-44,Aggressive
NV401582,2026-01-13,2026-01,Influencer/Content,Tier 2,25-34,Aggressive
NV401583,2026-01-17,2026-01,Referral,Tier 2,45-54,Moderate
NV401584,2026-01-04,2026-01,Organic App Store,Tier 3,18-24,Moderate
NV401585,2026-01-13,2026-01,Referral,Tier 3,55+,Conservative
NV401586,2026-01-12,2026-01,Organic App Store,Tier 1,25-34,Aggressive
NV401587,2026-01-21,2026-01,Organic App Store,Tier 1,25-34,Aggressive
NV401588,2026-01-09,2026-01,Paid Ads,Tier 1,25-34,Conservative
NV401589,2026-01-30,2026-01,Referral,Tier 2,25-34,Conservative
NV401590,2026-01-30,2026-01,Influencer/Content,Tier 2,18-24,Moderate
NV401591,2026-01-21,2026-01,Influencer/Content,Tier 1,25-34,Moderate
NV401592,2026-01-02,2026-01,Referral,Tier 2,45-54,Conservative
NV401593,2026-01-23,2026-01,Organic App Store,Tier 2,25-34,Conservative
NV401594,2026-01-09,2026-01,Organic App Store,Tier 2,25-34,Conservative
NV401595,2026-01-21,2026-01,Organic App Store,Tier 2,35-44,Conservative
NV401596,2026-01-29,2026-01,Organic App Store,Tier 1,25-34,Conservative
NV401597,2026-01-30,2026-01,Influencer/Content,Tier 3,35-44,Moderate
NV401598,2026-01-04,2026-01,Referral,Tier 3,35-44,Moderate
NV401599,2026-01-27,2026-01,Organic App Store,Tier 2,35-44,Aggressive
NV401600,2026-01-24,2026-01,Paid Ads,Tier 3,18-24,Aggressive
NV401601,2026-01-16,2026-01,Paid Ads,Tier 3,25-34,Moderate
NV401602,2026-01-27,2026-01,Influencer/Content,Tier 1,25-34,Moderate
NV401603,2026-01-27,2026-01,Influencer/Content,Tier 1,35-44,Moderate
NV401604,2026-01-08,2026-01,Referral,Tier 1,25-34,Conservative
NV401605,2026-01-01,2026-01,Organic App Store,Tier 2,55+,Moderate
NV401606,2026-01-29,2026-01,Paid Ads,Tier 3,25-34,Aggressive
NV401607,2026-01-03,2026-01,Influencer/Content,Tier 2,18-24,Moderate
NV401608,2026-01-23,2026-01,Organic App Store,Tier 2,18-24,Aggressive
NV401609,2026-01-05,2026-01,Influencer/Content,Tier 1,35-44,Aggressive
NV401610,2026-01-19,2026-01,Organic App Store,Tier 2,35-44,Aggressive
NV401611,2026-01-07,2026-01,Referral,Tier 1,25-34,Moderate
NV401612,2026-01-27,2026-01,Organic App Store,Tier 3,18-24,Moderate
NV401613,2026-01-24,2026-01,Paid Ads,Tier 2,35-44,Conservative
NV401614,2026-01-04,2026-01,Influencer/Content,Tier 3,25-34,Moderate
NV401615,2026-01-07,2026-01,Organic App Store,Tier 2,25-34,Aggressive
NV401616,2026-01-29,2026-01,Referral,Tier 1,55+,Conservative
NV401617,2026-01-28,2026-01,Influencer/Content,Tier 1,25-34,Aggressive
NV401618,2026-01-15,2026-01,Organic App Store,Tier 1,25-34,Moderate
NV401619,2026-01-17,2026-01,Influencer/Content,Tier 1,45-54,Moderate
NV401620,2026-01-17,2026-01,Paid Ads,Tier 2,25-34,Moderate
NV401621,2026-01-04,2026-01,Organic App Store,Tier 1,25-34,Conservative
NV401622,2026-01-14,2026-01,Referral,Tier 1,35-44,Moderate
NV401623,2026-01-24,2026-01,Influencer/Content,Tier 1,35-44,Moderate
NV401624,2026-01-23,2026-01,Organic App Store,Tier 2,35-44,Conservative
NV401625,2026-01-17,2026-01,Paid Ads,Tier 3,25-34,Moderate
NV401626,2026-01-30,2026-01,Paid Ads,Tier 3,45-54,Conservative
NV401627,2026-01-19,2026-01,Referral,Tier 3,25-34,Aggressive
NV401628,2026-01-13,2026-01,Influencer/Content,Tier 2,25-34,Moderate
NV401629,2026-01-16,2026-01,Paid Ads,Tier 2,25-34,Moderate
NV401630,2026-01-05,2026-01,Organic App Store,Tier 1,25-34,Aggressive
NV401631,2026-01-15,2026-01,Referral,Tier 2,35-44,Moderate
NV401632,2026-01-22,2026-01,Organic App Store,Tier 1,45-54,Aggressive
NV401633,2026-01-26,2026-01,Influencer/Content,Tier 1,25-34,Aggressive
NV401634,2026-01-17,2026-01,Paid Ads,Tier 2,18-24,Aggressive
NV401635,2026-01-03,2026-01,Organic App Store,Tier 1,18-24,Moderate
NV401636,2026-01-17,2026-01,Organic App Store,Tier 1,35-44,Conservative
NV401637,2026-01-19,2026-01,Influencer/Content,Tier 1,35-44,Conservative
NV401638,2026-01-25,2026-01,Paid Ads,Tier 3,35-44,Moderate
NV401639,2026-01-06,2026-01,Organic App Store,Tier 2,35-44,Conservative
NV401640,2026-01-05,2026-01,Organic App Store,Tier 1,35-44,Moderate
NV401641,2026-01-03,2026-01,Referral,Tier 2,25-34,Conservative
NV401642,2026-01-22,2026-01,Organic App Store,Tier 1,55+,Conservative
NV401643,2026-01-28,2026-01,Paid Ads,Tier 2,35-44,Aggressive
NV401644,2026-01-05,2026-01,Paid Ads,Tier 3,18-24,Moderate
NV401645,2026-01-25,2026-01,Organic App Store,Tier 1,45-54,Aggressive
NV401646,2026-01-10,2026-01,Paid Ads,Tier 2,25-34,Aggressive
NV401647,2026-01-21,2026-01,Influencer/Content,Tier 2,35-44,Aggressive
NV401648,2026-01-19,2026-01,Influencer/Content,Tier 2,25-34,Moderate
NV401649,2026-01-20,2026-01,Influencer/Content,Tier 1,45-54,Moderate
NV401650,2026-01-28,2026-01,Paid Ads,Tier 1,25-34,Conservative
NV401651,2026-01-15,2026-01,Referral,Tier 1,25-34,Moderate
NV401652,2026-01-13,2026-01,Referral,Tier 1,45-54,Aggressive
NV401653,2026-01-13,2026-01,Organic App Store,Tier 3,45-54,Aggressive
NV401654,2026-01-08,2026-01,Influencer/Content,Tier 2,35-44,Moderate
NV401655,2026-01-07,2026-01,Paid Ads,Tier 1,25-34,Conservative
NV401656,2026-01-08,2026-01,Organic App Store,Tier 2,18-24,Moderate
NV401657,2026-01-27,2026-01,Organic App Store,Tier 1,25-34,Moderate
NV401658,2026-01-19,2026-01,Organic App Store,Tier 1,35-44,Conservative
NV401659,2026-01-03,2026-01,Organic App Store,Tier 2,25-34,Moderate
NV401660,2026-01-15,2026-01,Organic App Store,Tier 1,25-34,Aggressive
NV401661,2026-01-21,2026-01,Influencer/Content,Tier 2,25-34,Conservative
NV401662,2026-01-09,2026-01,Organic App Store,Tier 3,25-34,Moderate
NV401663,2026-01-03,2026-01,Paid Ads,Tier 2,25-34,Conservative
NV401664,2026-01-25,2026-01,Paid Ads,Tier 1,35-44,Conservative
NV401665,2026-01-09,2026-01,Referral,Tier 2,25-34,Moderate
NV401666,2026-01-18,2026-01,Referral,Tier 2,35-44,Conservative
NV401667,2026-01-25,2026-01,Influencer/Content,Tier 1,25-34,Conservative
NV401668,2026-01-23,2026-01,Referral,Tier 2,35-44,Moderate
NV401669,2026-01-28,2026-01,Paid Ads,Tier 1,35-44,Conservative
NV401670,2026-01-25,2026-01,Referral,Tier 1,35-44,Moderate
NV401671,2026-01-19,2026-01,Referral,Tier 3,45-54,Moderate
NV401672,2026-01-28,2026-01,Influencer/Content,Tier 2,35-44,Moderate
NV401673,2026-01-29,2026-01,Paid Ads,Tier 2,55+,Aggressive
NV401674,2026-01-01,2026-01,Paid Ads,Tier 1,25-34,Moderate
NV401675,2026-01-30,2026-01,Paid Ads,Tier 3,25-34,Conservative
NV401676,2026-01-29,2026-01,Influencer/Content,Tier 3,25-34,Moderate
NV401677,2026-01-11,2026-01,Referral,Tier 2,25-34,Moderate
NV401678,2026-01-09,2026-01,Paid Ads,Tier 2,18-24,Moderate
NV401679,2026-01-18,2026-01,Organic App Store,Tier 2,18-24,Aggressive
NV401680,2026-01-08,2026-01,Organic App Store,Tier 1,25-34,Conservative
NV401681,2026-01-22,2026-01,Organic App Store,Tier 2,25-34,Aggressive
NV401682,2026-01-05,2026-01,Influencer/Content,Tier 1,25-34,Conservative
NV401683,2026-01-07,2026-01,Referral,Tier 3,25-34,Aggressive
NV401684,2026-01-18,2026-01,Paid Ads,Tier 2,18-24,Moderate
NV401685,2026-01-30,2026-01,Referral,Tier 1,18-24,Moderate
NV401686,2026-01-18,2026-01,Influencer/Content,Tier 2,25-34,Conservative
NV401687,2026-01-12,2026-01,Referral,Tier 2,35-44,Moderate
NV401688,2026-01-24,2026-01,Referral,Tier 1,55+,Aggressive
NV401689,2026-01-16,2026-01,Influencer/Content,Tier 2,18-24,Moderate
NV401690,2026-01-11,2026-01,Organic App Store,Tier 3,25-34,Conservative
NV401691,2026-01-14,2026-01,Influencer/Content,Tier 3,25-34,Moderate
NV401692,2026-01-03,2026-01,Referral,Tier 1,45-54,Conservative
NV401693,2026-01-13,2026-01,Referral,Tier 2,25-34,Aggressive
NV401694,2026-01-10,2026-01,Organic App Store,Tier 1,35-44,Moderate
NV401695,2026-01-13,2026-01,Paid Ads,Tier 2,25-34,Aggressive
NV401696,2026-01-02,2026-01,Influencer/Content,Tier 2,25-34,Conservative
NV401697,2026-01-03,2026-01,Influencer/Content,Tier 1,18-24,Moderate
NV401698,2026-01-29,2026-01,Referral,Tier 1,25-34,Aggressive
NV401699,2026-01-14,2026-01,Referral,Tier 1,45-54,Conservative
NV401700,2026-01-18,2026-01,Referral,Tier 3,45-54,Aggressive
NV401701,2026-01-13,2026-01,Organic App Store,Tier 2,35-44,Moderate
NV401702,2026-01-17,2026-01,Influencer/Content,Tier 1,35-44,Aggressive
NV401703,2026-01-12,2026-01,Organic App Store,Tier 3,25-34,Conservative
NV401704,2026-01-09,2026-01,Influencer/Content,Tier 3,18-24,Conservative
NV401705,2026-01-01,2026-01,Referral,Tier 2,25-34,Moderate
NV401706,2026-01-03,2026-01,Organic App Store,Tier 2,35-44,Moderate
NV401707,2026-01-29,2026-01,Paid Ads,Tier 3,18-24,Conservative
NV401708,2026-01-11,2026-01,Influencer/Content,Tier 2,35-44,Moderate
NV401709,2026-01-03,2026-01,Influencer/Content,Tier 3,25-34,Aggressive
NV401710,2026-01-30,2026-01,Referral,Tier 1,25-34,Moderate
NV401711,2026-01-27,2026-01,Influencer/Content,Tier 1,55+,Aggressive
NV401712,2026-01-30,2026-01,Influencer/Content,Tier 3,25-34,Moderate
NV401713,2026-01-25,2026-01,Referral,Tier 1,45-54,Moderate
NV401714,2026-01-27,2026-01,Organic App Store,Tier 1,35-44,Conservative
NV401715,2026-01-07,2026-01,Paid Ads,Tier 2,25-34,Conservative
NV401716,2026-01-06,2026-01,Referral,Tier 2,18-24,Conservative
NV401717,2026-01-20,2026-01,Influencer/Content,Tier 2,25-34,Conservative
NV401718,2026-01-14,2026-01,Influencer/Content,Tier 3,25-34,Moderate
NV401719,2026-01-17,2026-01,Referral,Tier 1,35-44,Moderate
NV401720,2026-01-10,2026-01,Organic App Store,Tier 2,25-34,Conservative
NV401721,2026-01-29,2026-01,Referral,Tier 3,18-24,Aggressive
NV401722,2026-01-06,2026-01,Paid Ads,Tier 2,25-34,Aggressive
NV401723,2026-01-27,2026-01,Organic App Store,Tier 1,25-34,Moderate
NV401724,2026-01-16,2026-01,Referral,Tier 3,35-44,Moderate
NV401725,2026-01-08,2026-01,Referral,Tier 1,55+,Aggressive
NV401726,2026-01-24,2026-01,Influencer/Content,Tier 3,25-34,Moderate
NV401727,2026-01-26,2026-01,Paid Ads,Tier 2,25-34,Moderate
NV401728,2026-01-22,2026-01,Paid Ads,Tier 3,25-34,Conservative
NV401729,2026-01-13,2026-01,Paid Ads,Tier 3,25-34,Aggressive
NV401730,2026-01-21,2026-01,Organic App Store,Tier 2,45-54,Conservative
NV401731,2026-01-12,2026-01,Organic App Store,Tier 3,25-34,Aggressive
NV401732,2026-01-02,2026-01,Referral,Tier 1,25-34,Moderate
NV401733,2026-01-05,2026-01,Influencer/Content,Tier 3,18-24,Moderate
NV401734,2026-01-14,2026-01,Paid Ads,Tier 1,25-34,Conservative
NV401735,2026-01-15,2026-01,Organic App Store,Tier 2,45-54,Moderate
NV401736,2026-01-14,2026-01,Influencer/Content,Tier 3,25-34,Moderate
NV401737,2026-01-06,2026-01,Organic App Store,Tier 1,25-34,Moderate
NV401738,2026-01-27,2026-01,Paid Ads,Tier 1,25-34,Aggressive
NV401739,2026-01-18,2026-01,Paid Ads,Tier 3,45-54,Aggressive
NV401740,2026-01-25,2026-01,Referral,Tier 1,35-44,Moderate
NV401741,2026-01-11,2026-01,Paid Ads,Tier 2,25-34,Moderate
NV401742,2026-01-03,2026-01,Influencer/Content,Tier 3,25-34,Moderate
NV401743,2026-01-20,2026-01,Influencer/Content,Tier 1,35-44,Conservative
NV401744,2026-01-23,2026-01,Organic App Store,Tier 3,25-34,Moderate
NV401745,2026-01-19,2026-01,Influencer/Content,Tier 1,45-54,Conservative
NV401746,2026-01-08,2026-01,Influencer/Content,Tier 3,25-34,Conservative
NV401747,2026-01-02,2026-01,Organic App Store,Tier 1,35-44,Aggressive
NV401748,2026-01-09,2026-01,Organic App Store,Tier 3,35-44,Conservative
NV401749,2026-01-30,2026-01,Paid Ads,Tier 2,25-34,Aggressive
NV401750,2026-01-25,2026-01,Paid Ads,Tier 2,25-34,Moderate
NV401751,2026-01-04,2026-01,Paid Ads,Tier 2,35-44,Moderate
NV401752,2026-01-30,2026-01,Paid Ads,Tier 1,25-34,Aggressive
NV401753,2026-01-27,2026-01,Organic App Store,Tier 1,45-54,Moderate
NV401754,2026-01-09,2026-01,Organic App Store,Tier 3,25-34,Conservative
NV401755,2026-01-25,2026-01,Referral,Tier 1,25-34,Moderate
NV401756,2026-01-08,2026-01,Influencer/Content,Tier 3,18-24,Aggressive
NV401757,2026-01-15,2026-01,Influencer/Content,Tier 2,25-34,Conservative
NV401758,2026-01-19,2026-01,Referral,Tier 2,35-44,Moderate
NV401759,2026-01-07,2026-01,Referral,Tier 1,25-34,Conservative
NV401760,2026-01-11,2026-01,Organic App Store,Tier 2,35-44,Conservative
NV401761,2026-01-15,2026-01,Paid Ads,Tier 1,35-44,Moderate
NV401762,2026-01-20,2026-01,Paid Ads,Tier 3,45-54,Moderate
NV401763,2026-01-25,2026-01,Influencer/Content,Tier 2,55+,Aggressive
NV401764,2026-01-30,2026-01,Organic App Store,Tier 1,18-24,Aggressive
NV401765,2026-01-26,2026-01,Influencer/Content,Tier 1,25-34,Moderate
NV401766,2026-01-23,2026-01,Influencer/Content,Tier 2,45-54,Moderate
NV401767,2026-01-19,2026-01,Referral,Tier 2,35-44,Aggressive
NV401768,2026-01-28,2026-01,Paid Ads,Tier 1,25-34,Conservative
NV401769,2026-01-05,2026-01,Organic App Store,Tier 3,18-24,Moderate
NV401770,2026-01-03,2026-01,Influencer/Content,Tier 3,25-34,Moderate
NV401771,2026-01-22,2026-01,Paid Ads,Tier 3,35-44,Moderate
NV401772,2026-01-01,2026-01,Influencer/Content,Tier 1,18-24,Conservative
NV401773,2026-01-05,2026-01,Referral,Tier 2,25-34,Moderate
NV401774,2026-01-13,2026-01,Organic App Store,Tier 3,25-34,Conservative
NV401775,2026-01-01,2026-01,Organic App Store,Tier 1,18-24,Conservative
NV401776,2026-01-20,2026-01,Paid Ads,Tier 2,25-34,Conservative
NV401777,2026-01-23,2026-01,Paid Ads,Tier 2,45-54,Moderate
NV401778,2026-01-17,2026-01,Paid Ads,Tier 1,25-34,Aggressive
NV401779,2026-01-09,2026-01,Referral,Tier 3,25-34,Conservative
NV401780,2026-02-15,2026-02,Organic App Store,Tier 2,25-34,Moderate
NV401781,2026-02-24,2026-02,Influencer/Content,Tier 1,55+,Aggressive
NV401782,2026-02-19,2026-02,Referral,Tier 1,25-34,Moderate
NV401783,2026-02-28,2026-02,Referral,Tier 3,25-34,Conservative
NV401784,2026-02-25,2026-02,Influencer/Content,Tier 2,35-44,Conservative
NV401785,2026-02-20,2026-02,Organic App Store,Tier 1,25-34,Moderate
NV401786,2026-02-01,2026-02,Organic App Store,Tier 2,25-34,Moderate
NV401787,2026-02-27,2026-02,Organic App Store,Tier 3,25-34,Aggressive
NV401788,2026-02-20,2026-02,Paid Ads,Tier 3,25-34,Moderate
NV401789,2026-02-28,2026-02,Organic App Store,Tier 1,35-44,Moderate
NV401790,2026-02-06,2026-02,Paid Ads,Tier 1,25-34,Moderate
NV401791,2026-02-27,2026-02,Influencer/Content,Tier 1,25-34,Aggressive
NV401792,2026-02-01,2026-02,Organic App Store,Tier 1,25-34,Moderate
NV401793,2026-02-19,2026-02,Referral,Tier 2,25-34,Conservative
NV401794,2026-02-13,2026-02,Paid Ads,Tier 2,45-54,Aggressive
NV401795,2026-02-07,2026-02,Referral,Tier 3,35-44,Conservative
NV401796,2026-02-24,2026-02,Organic App Store,Tier 2,55+,Moderate
NV401797,2026-02-07,2026-02,Paid Ads,Tier 1,25-34,Conservative
NV401798,2026-02-02,2026-02,Paid Ads,Tier 2,35-44,Moderate
NV401799,2026-02-01,2026-02,Referral,Tier 2,45-54,Conservative
NV401800,2026-02-08,2026-02,Paid Ads,Tier 1,35-44,Conservative
NV401801,2026-02-23,2026-02,Organic App Store,Tier 2,45-54,Moderate
NV401802,2026-02-20,2026-02,Influencer/Content,Tier 2,35-44,Aggressive
NV401803,2026-02-07,2026-02,Organic App Store,Tier 1,25-34,Conservative
NV401804,2026-02-24,2026-02,Paid Ads,Tier 1,18-24,Moderate
NV401805,2026-02-11,2026-02,Paid Ads,Tier 2,25-34,Conservative
NV401806,2026-02-15,2026-02,Paid Ads,Tier 1,18-24,Moderate
NV401807,2026-02-07,2026-02,Influencer/Content,Tier 2,35-44,Moderate
NV401808,2026-02-23,2026-02,Influencer/Content,Tier 2,35-44,Conservative
NV401809,2026-02-12,2026-02,Referral,Tier 1,55+,Aggressive
NV401810,2026-02-03,2026-02,Influencer/Content,Tier 2,45-54,Moderate
NV401811,2026-02-14,2026-02,Paid Ads,Tier 1,25-34,Moderate
NV401812,2026-02-08,2026-02,Organic App Store,Tier 1,25-34,Aggressive
NV401813,2026-02-16,2026-02,Influencer/Content,Tier 2,45-54,Aggressive
NV401814,2026-02-28,2026-02,Organic App Store,Tier 1,35-44,Aggressive
NV401815,2026-02-23,2026-02,Referral,Tier 2,25-34,Conservative
NV401816,2026-02-09,2026-02,Referral,Tier 3,35-44,Moderate
NV401817,2026-02-14,2026-02,Influencer/Content,Tier 2,18-24,Conservative
NV401818,2026-02-28,2026-02,Paid Ads,Tier 1,18-24,Moderate
NV401819,2026-02-14,2026-02,Referral,Tier 1,45-54,Conservative
NV401820,2026-02-14,2026-02,Organic App Store,Tier 3,25-34,Moderate
NV401821,2026-02-23,2026-02,Organic App Store,Tier 1,45-54,Conservative
NV401822,2026-02-15,2026-02,Organic App Store,Tier 1,35-44,Moderate
NV401823,2026-02-04,2026-02,Organic App Store,Tier 1,18-24,Conservative
NV401824,2026-02-21,2026-02,Organic App Store,Tier 3,18-24,Moderate
NV401825,2026-02-18,2026-02,Organic App Store,Tier 2,35-44,Moderate
NV401826,2026-02-18,2026-02,Influencer/Content,Tier 1,25-34,Conservative
NV401827,2026-02-07,2026-02,Influencer/Content,Tier 2,35-44,Aggressive
NV401828,2026-02-15,2026-02,Organic App Store,Tier 2,35-44,Aggressive
NV401829,2026-02-01,2026-02,Organic App Store,Tier 1,35-44,Aggressive
NV401830,2026-02-03,2026-02,Paid Ads,Tier 1,18-24,Moderate
NV401831,2026-02-10,2026-02,Referral,Tier 1,18-24,Aggressive
NV401832,2026-02-16,2026-02,Paid Ads,Tier 2,35-44,Aggressive
NV401833,2026-02-04,2026-02,Influencer/Content,Tier 2,25-34,Aggressive
NV401834,2026-02-10,2026-02,Influencer/Content,Tier 1,25-34,Aggressive
NV401835,2026-02-02,2026-02,Paid Ads,Tier 1,18-24,Aggressive
NV401836,2026-02-11,2026-02,Paid Ads,Tier 3,25-34,Aggressive
NV401837,2026-02-17,2026-02,Organic App Store,Tier 2,35-44,Moderate
NV401838,2026-02-09,2026-02,Referral,Tier 2,25-34,Conservative
NV401839,2026-02-27,2026-02,Referral,Tier 1,18-24,Conservative
NV401840,2026-02-23,2026-02,Organic App Store,Tier 2,55+,Aggressive
NV401841,2026-02-03,2026-02,Organic App Store,Tier 1,35-44,Aggressive
NV401842,2026-02-16,2026-02,Organic App Store,Tier 1,35-44,Conservative
NV401843,2026-02-28,2026-02,Influencer/Content,Tier 3,35-44,Moderate
NV401844,2026-02-06,2026-02,Paid Ads,Tier 2,25-34,Moderate
NV401845,2026-02-03,2026-02,Paid Ads,Tier 1,25-34,Conservative
NV401846,2026-02-09,2026-02,Influencer/Content,Tier 3,25-34,Conservative
NV401847,2026-02-15,2026-02,Paid Ads,Tier 1,25-34,Conservative
NV401848,2026-02-20,2026-02,Influencer/Content,Tier 3,45-54,Aggressive
NV401849,2026-02-15,2026-02,Influencer/Content,Tier 3,25-34,Aggressive
NV401850,2026-02-09,2026-02,Influencer/Content,Tier 2,35-44,Moderate
NV401851,2026-02-04,2026-02,Referral,Tier 2,45-54,Moderate
NV401852,2026-02-17,2026-02,Organic App Store,Tier 3,18-24,Moderate
NV401853,2026-02-12,2026-02,Referral,Tier 2,25-34,Moderate
NV401854,2026-02-19,2026-02,Influencer/Content,Tier 2,25-34,Aggressive
NV401855,2026-02-20,2026-02,Influencer/Content,Tier 2,35-44,Aggressive
NV401856,2026-02-25,2026-02,Influencer/Content,Tier 1,25-34,Aggressive
NV401857,2026-02-08,2026-02,Organic App Store,Tier 2,25-34,Conservative
NV401858,2026-02-11,2026-02,Influencer/Content,Tier 1,25-34,Moderate
NV401859,2026-02-09,2026-02,Organic App Store,Tier 1,25-34,Conservative
NV401860,2026-02-22,2026-02,Influencer/Content,Tier 3,35-44,Conservative
NV401861,2026-02-28,2026-02,Organic App Store,Tier 2,25-34,Conservative
NV401862,2026-02-20,2026-02,Organic App Store,Tier 1,18-24,Conservative
NV401863,2026-02-06,2026-02,Influencer/Content,Tier 1,45-54,Aggressive
NV401864,2026-02-11,2026-02,Referral,Tier 2,35-44,Moderate
NV401865,2026-02-18,2026-02,Referral,Tier 2,35-44,Moderate
NV401866,2026-02-03,2026-02,Referral,Tier 3,25-34,Moderate
NV401867,2026-02-20,2026-02,Influencer/Content,Tier 2,18-24,Aggressive
NV401868,2026-02-18,2026-02,Organic App Store,Tier 3,45-54,Moderate
NV401869,2026-02-04,2026-02,Paid Ads,Tier 2,25-34,Aggressive
NV401870,2026-02-04,2026-02,Organic App Store,Tier 2,45-54,Aggressive
NV401871,2026-02-17,2026-02,Paid Ads,Tier 2,25-34,Moderate
NV401872,2026-02-05,2026-02,Referral,Tier 3,18-24,Moderate
NV401873,2026-02-08,2026-02,Organic App Store,Tier 1,25-34,Aggressive
NV401874,2026-02-18,2026-02,Organic App Store,Tier 3,25-34,Aggressive
NV401875,2026-02-10,2026-02,Influencer/Content,Tier 1,45-54,Conservative
NV401876,2026-02-01,2026-02,Paid Ads,Tier 2,45-54,Moderate
NV401877,2026-02-15,2026-02,Paid Ads,Tier 1,25-34,Moderate
NV401878,2026-02-18,2026-02,Referral,Tier 3,25-34,Aggressive
NV401879,2026-02-20,2026-02,Influencer/Content,Tier 1,25-34,Moderate
NV401880,2026-02-05,2026-02,Organic App Store,Tier 2,18-24,Conservative
NV401881,2026-02-06,2026-02,Organic App Store,Tier 2,25-34,Moderate
NV401882,2026-02-15,2026-02,Organic App Store,Tier 1,35-44,Moderate
NV401883,2026-02-09,2026-02,Referral,Tier 3,45-54,Conservative
NV401884,2026-02-26,2026-02,Organic App Store,Tier 1,18-24,Aggressive
NV401885,2026-02-25,2026-02,Influencer/Content,Tier 1,35-44,Aggressive
NV401886,2026-02-03,2026-02,Referral,Tier 1,45-54,Moderate
NV401887,2026-02-05,2026-02,Organic App Store,Tier 2,18-24,Aggressive
NV401888,2026-02-10,2026-02,Referral,Tier 3,45-54,Moderate
NV401889,2026-02-12,2026-02,Influencer/Content,Tier 2,18-24,Moderate
NV401890,2026-02-14,2026-02,Organic App Store,Tier 2,45-54,Conservative
NV401891,2026-02-05,2026-02,Organic App Store,Tier 2,25-34,Moderate
NV401892,2026-02-09,2026-02,Paid Ads,Tier 1,45-54,Conservative
NV401893,2026-02-26,2026-02,Paid Ads,Tier 1,18-24,Conservative
NV401894,2026-02-17,2026-02,Referral,Tier 1,35-44,Conservative
NV401895,2026-02-19,2026-02,Influencer/Content,Tier 2,25-34,Aggressive
NV401896,2026-02-01,2026-02,Organic App Store,Tier 1,18-24,Aggressive
NV401897,2026-02-14,2026-02,Influencer/Content,Tier 1,45-54,Conservative
NV401898,2026-02-14,2026-02,Referral,Tier 2,35-44,Aggressive
NV401899,2026-02-12,2026-02,Referral,Tier 2,25-34,Moderate
NV401900,2026-02-19,2026-02,Influencer/Content,Tier 2,25-34,Aggressive
NV401901,2026-02-28,2026-02,Influencer/Content,Tier 1,25-34,Moderate
NV401902,2026-02-08,2026-02,Referral,Tier 3,25-34,Conservative
NV401903,2026-02-03,2026-02,Organic App Store,Tier 3,25-34,Conservative
NV401904,2026-02-19,2026-02,Organic App Store,Tier 1,25-34,Moderate
NV401905,2026-02-24,2026-02,Influencer/Content,Tier 2,25-34,Moderate
NV401906,2026-02-05,2026-02,Influencer/Content,Tier 2,35-44,Aggressive
NV401907,2026-02-17,2026-02,Organic App Store,Tier 2,35-44,Conservative
NV401908,2026-02-16,2026-02,Organic App Store,Tier 1,35-44,Aggressive
NV401909,2026-02-19,2026-02,Organic App Store,Tier 3,35-44,Aggressive
NV401910,2026-02-21,2026-02,Organic App Store,Tier 1,25-34,Moderate
NV401911,2026-02-02,2026-02,Influencer/Content,Tier 2,25-34,Aggressive
NV401912,2026-02-19,2026-02,Influencer/Content,Tier 3,25-34,Moderate
NV401913,2026-02-12,2026-02,Influencer/Content,Tier 1,25-34,Moderate
NV401914,2026-02-04,2026-02,Paid Ads,Tier 1,25-34,Aggressive
NV401915,2026-02-16,2026-02,Referral,Tier 2,35-44,Conservative
NV401916,2026-02-20,2026-02,Organic App Store,Tier 3,25-34,Moderate
NV401917,2026-02-06,2026-02,Organic App Store,Tier 2,25-34,Moderate
NV401918,2026-02-01,2026-02,Referral,Tier 1,35-44,Aggressive
NV401919,2026-02-21,2026-02,Paid Ads,Tier 3,35-44,Aggressive
NV401920,2026-02-13,2026-02,Organic App Store,Tier 2,25-34,Aggressive
NV401921,2026-02-17,2026-02,Referral,Tier 2,35-44,Moderate
NV401922,2026-02-18,2026-02,Referral,Tier 1,18-24,Moderate
NV401923,2026-02-12,2026-02,Organic App Store,Tier 1,18-24,Moderate
NV401924,2026-02-25,2026-02,Referral,Tier 2,25-34,Conservative
NV401925,2026-02-15,2026-02,Referral,Tier 3,25-34,Conservative
NV401926,2026-02-07,2026-02,Referral,Tier 1,55+,Conservative
NV401927,2026-02-11,2026-02,Paid Ads,Tier 1,25-34,Aggressive
NV401928,2026-02-02,2026-02,Paid Ads,Tier 1,25-34,Conservative
NV401929,2026-02-20,2026-02,Paid Ads,Tier 1,18-24,Moderate
NV401930,2026-02-18,2026-02,Influencer/Content,Tier 2,45-54,Moderate
NV401931,2026-02-27,2026-02,Organic App Store,Tier 2,55+,Conservative
NV401932,2026-02-26,2026-02,Influencer/Content,Tier 2,45-54,Moderate
NV401933,2026-02-23,2026-02,Organic App Store,Tier 3,25-34,Moderate
NV401934,2026-02-18,2026-02,Referral,Tier 2,25-34,Moderate
NV401935,2026-02-08,2026-02,Organic App Store,Tier 2,25-34,Moderate
NV401936,2026-02-18,2026-02,Influencer/Content,Tier 1,55+,Moderate
NV401937,2026-02-08,2026-02,Paid Ads,Tier 2,35-44,Aggressive
NV401938,2026-02-07,2026-02,Organic App Store,Tier 1,35-44,Conservative
NV401939,2026-02-13,2026-02,Organic App Store,Tier 2,25-34,Moderate
NV401940,2026-02-08,2026-02,Organic App Store,Tier 2,25-34,Aggressive
NV401941,2026-02-23,2026-02,Influencer/Content,Tier 2,35-44,Moderate
NV401942,2026-02-08,2026-02,Paid Ads,Tier 1,25-34,Conservative
NV401943,2026-02-05,2026-02,Organic App Store,Tier 1,25-34,Aggressive
NV401944,2026-02-03,2026-02,Influencer/Content,Tier 1,25-34,Conservative
NV401945,2026-02-27,2026-02,Organic App Store,Tier 1,18-24,Aggressive
NV401946,2026-02-25,2026-02,Paid Ads,Tier 3,18-24,Aggressive
NV401947,2026-02-18,2026-02,Influencer/Content,Tier 2,45-54,Moderate
NV401948,2026-02-25,2026-02,Referral,Tier 2,45-54,Conservative
NV401949,2026-02-02,2026-02,Organic App Store,Tier 3,25-34,Conservative
NV401950,2026-02-04,2026-02,Referral,Tier 1,25-34,Moderate
NV401951,2026-02-10,2026-02,Organic App Store,Tier 1,25-34,Moderate
NV401952,2026-02-03,2026-02,Referral,Tier 3,25-34,Aggressive
NV401953,2026-02-28,2026-02,Referral,Tier 3,35-44,Moderate
NV401954,2026-02-03,2026-02,Paid Ads,Tier 3,25-34,Conservative
NV401955,2026-02-01,2026-02,Influencer/Content,Tier 1,25-34,Moderate
NV401956,2026-02-22,2026-02,Paid Ads,Tier 2,18-24,Aggressive
NV401957,2026-02-27,2026-02,Referral,Tier 1,25-34,Aggressive
NV401958,2026-02-07,2026-02,Organic App Store,Tier 1,35-44,Moderate
NV401959,2026-02-10,2026-02,Referral,Tier 1,25-34,Conservative
NV401960,2026-02-01,2026-02,Organic App Store,Tier 2,25-34,Conservative
NV401961,2026-02-22,2026-02,Influencer/Content,Tier 2,45-54,Aggressive
NV401962,2026-02-21,2026-02,Influencer/Content,Tier 3,55+,Aggressive
NV401963,2026-02-11,2026-02,Referral,Tier 2,25-34,Aggressive
NV401964,2026-02-04,2026-02,Referral,Tier 3,35-44,Moderate
NV401965,2026-02-22,2026-02,Organic App Store,Tier 2,45-54,Moderate
NV401966,2026-02-01,2026-02,Referral,Tier 2,35-44,Aggressive
NV401967,2026-02-25,2026-02,Influencer/Content,Tier 1,35-44,Moderate
NV401968,2026-02-13,2026-02,Organic App Store,Tier 1,25-34,Moderate
NV401969,2026-02-05,2026-02,Paid Ads,Tier 3,25-34,Conservative
NV401970,2026-02-16,2026-02,Organic App Store,Tier 1,35-44,Conservative
NV401971,2026-02-26,2026-02,Referral,Tier 1,25-34,Conservative
NV401972,2026-02-01,2026-02,Paid Ads,Tier 2,35-44,Aggressive
NV401973,2026-02-27,2026-02,Organic App Store,Tier 2,35-44,Conservative
NV401974,2026-02-06,2026-02,Paid Ads,Tier 2,18-24,Moderate
NV401975,2026-02-20,2026-02,Organic App Store,Tier 1,35-44,Moderate
NV401976,2026-02-04,2026-02,Referral,Tier 1,18-24,Moderate
NV401977,2026-02-22,2026-02,Organic App Store,Tier 2,35-44,Moderate
NV401978,2026-02-09,2026-02,Influencer/Content,Tier 2,18-24,Moderate
NV401979,2026-02-11,2026-02,Influencer/Content,Tier 1,25-34,Conservative
NV401980,2026-02-10,2026-02,Organic App Store,Tier 2,35-44,Moderate
NV401981,2026-02-17,2026-02,Referral,Tier 2,25-34,Conservative
NV401982,2026-02-21,2026-02,Referral,Tier 2,18-24,Moderate
NV401983,2026-02-18,2026-02,Referral,Tier 3,35-44,Moderate
NV401984,2026-02-10,2026-02,Organic App Store,Tier 2,45-54,Moderate
NV401985,2026-02-02,2026-02,Organic App Store,Tier 2,25-34,Conservative
NV401986,2026-02-28,2026-02,Influencer/Content,Tier 1,35-44,Moderate
NV401987,2026-02-03,2026-02,Referral,Tier 1,25-34,Conservative
NV401988,2026-02-05,2026-02,Paid Ads,Tier 1,25-34,Conservative
NV401989,2026-02-23,2026-02,Organic App Store,Tier 2,18-24,Conservative
NV401990,2026-02-16,2026-02,Referral,Tier 2,18-24,Conservative
NV401991,2026-02-20,2026-02,Organic App Store,Tier 1,35-44,Moderate
NV401992,2026-02-16,2026-02,Organic App Store,Tier 3,35-44,Moderate
NV401993,2026-02-15,2026-02,Influencer/Content,Tier 3,45-54,Conservative
NV401994,2026-02-06,2026-02,Referral,Tier 2,45-54,Conservative
NV401995,2026-02-07,2026-02,Influencer/Content,Tier 1,25-34,Conservative
NV401996,2026-02-03,2026-02,Influencer/Content,Tier 3,25-34,Moderate
NV401997,2026-02-17,2026-02,Influencer/Content,Tier 2,25-34,Aggressive
NV401998,2026-02-23,2026-02,Organic App Store,Tier 1,45-54,Moderate
NV401999,2026-02-23,2026-02,Organic App Store,Tier 2,25-34,Moderate
NV402000,2026-02-16,2026-02,Paid Ads,Tier 2,35-44,Moderate
NV402001,2026-02-24,2026-02,Referral,Tier 1,25-34,Conservative
NV402002,2026-02-11,2026-02,Paid Ads,Tier 1,35-44,Aggressive
NV402003,2026-02-06,2026-02,Organic App Store,Tier 1,18-24,Conservative
NV402004,2026-02-22,2026-02,Referral,Tier 1,35-44,Moderate
NV402005,2026-02-04,2026-02,Organic App Store,Tier 1,25-34,Conservative
NV402006,2026-02-11,2026-02,Referral,Tier 2,35-44,Moderate
NV402007,2026-02-15,2026-02,Organic App Store,Tier 1,25-34,Moderate
NV402008,2026-02-25,2026-02,Influencer/Content,Tier 2,18-24,Conservative
NV402009,2026-02-09,2026-02,Organic App Store,Tier 1,18-24,Aggressive
NV402010,2026-02-13,2026-02,Referral,Tier 1,35-44,Moderate
NV402011,2026-02-21,2026-02,Influencer/Content,Tier 3,25-34,Conservative
NV402012,2026-02-19,2026-02,Paid Ads,Tier 1,45-54,Aggressive
NV402013,2026-02-11,2026-02,Paid Ads,Tier 3,25-34,Moderate
NV402014,2026-02-20,2026-02,Referral,Tier 1,35-44,Moderate
NV402015,2026-02-13,2026-02,Organic App Store,Tier 3,18-24,Conservative
NV402016,2026-02-11,2026-02,Referral,Tier 2,35-44,Moderate
NV402017,2026-02-25,2026-02,Organic App Store,Tier 3,25-34,Aggressive
NV402018,2026-02-14,2026-02,Paid Ads,Tier 1,18-24,Conservative
NV402019,2026-02-26,2026-02,Organic App Store,Tier 3,25-34,Conservative
NV402020,2026-02-19,2026-02,Organic App Store,Tier 1,35-44,Conservative
NV402021,2026-02-11,2026-02,Organic App Store,Tier 3,35-44,Conservative
NV402022,2026-02-10,2026-02,Influencer/Content,Tier 3,25-34,Moderate
NV402023,2026-02-07,2026-02,Influencer/Content,Tier 3,25-34,Moderate
NV402024,2026-02-10,2026-02,Organic App Store,Tier 1,25-34,Moderate
NV402025,2026-02-09,2026-02,Organic App Store,Tier 1,55+,Conservative
NV402026,2026-02-05,2026-02,Referral,Tier 1,25-34,Moderate
NV402027,2026-02-06,2026-02,Referral,Tier 3,25-34,Moderate
NV402028,2026-02-21,2026-02,Paid Ads,Tier 3,25-34,Moderate
NV402029,2026-02-27,2026-02,Referral,Tier 3,25-34,Moderate
NV402030,2026-02-19,2026-02,Referral,Tier 2,35-44,Conservative
NV402031,2026-02-04,2026-02,Referral,Tier 1,25-34,Aggressive
NV402032,2026-02-17,2026-02,Paid Ads,Tier 2,18-24,Moderate
NV402033,2026-02-10,2026-02,Referral,Tier 2,18-24,Moderate
NV402034,2026-02-05,2026-02,Influencer/Content,Tier 1,35-44,Aggressive
NV402035,2026-02-19,2026-02,Influencer/Content,Tier 1,45-54,Moderate
NV402036,2026-02-18,2026-02,Referral,Tier 2,18-24,Moderate
NV402037,2026-02-05,2026-02,Referral,Tier 2,18-24,Conservative
NV402038,2026-02-12,2026-02,Organic App Store,Tier 3,25-34,Conservative
NV402039,2026-02-21,2026-02,Influencer/Content,Tier 1,45-54,Aggressive
NV402040,2026-02-22,2026-02,Influencer/Content,Tier 3,35-44,Conservative
NV402041,2026-02-23,2026-02,Influencer/Content,Tier 1,18-24,Conservative
NV402042,2026-02-17,2026-02,Organic App Store,Tier 1,25-34,Conservative
NV402043,2026-02-15,2026-02,Organic App Store,Tier 3,25-34,Conservative
NV402044,2026-02-15,2026-02,Influencer/Content,Tier 1,45-54,Aggressive
NV402045,2026-02-04,2026-02,Organic App Store,Tier 1,25-34,Moderate
NV402046,2026-02-12,2026-02,Referral,Tier 1,25-34,Conservative
NV402047,2026-02-22,2026-02,Influencer/Content,Tier 3,18-24,Moderate
NV402048,2026-02-18,2026-02,Organic App Store,Tier 1,25-34,Conservative
NV402049,2026-02-15,2026-02,Referral,Tier 2,45-54,Moderate
NV402050,2026-02-28,2026-02,Referral,Tier 3,25-34,Aggressive
NV402051,2026-02-08,2026-02,Influencer/Content,Tier 2,18-24,Aggressive
NV402052,2026-02-21,2026-02,Influencer/Content,Tier 2,35-44,Conservative
NV402053,2026-02-13,2026-02,Organic App Store,Tier 1,55+,Conservative
NV402054,2026-02-05,2026-02,Organic App Store,Tier 2,25-34,Moderate
NV402055,2026-02-02,2026-02,Paid Ads,Tier 2,35-44,Conservative
NV402056,2026-02-08,2026-02,Organic App Store,Tier 3,35-44,Moderate
NV402057,2026-02-17,2026-02,Referral,Tier 2,25-34,Aggressive
NV402058,2026-02-16,2026-02,Influencer/Content,Tier 2,25-34,Aggressive
NV402059,2026-02-10,2026-02,Organic App Store,Tier 2,25-34,Moderate
NV402060,2026-02-23,2026-02,Organic App Store,Tier 3,35-44,Moderate
NV402061,2026-02-13,2026-02,Organic App Store,Tier 2,45-54,Conservative
NV402062,2026-02-09,2026-02,Referral,Tier 1,25-34,Moderate
NV402063,2026-02-21,2026-02,Referral,Tier 2,35-44,Moderate
NV402064,2026-02-11,2026-02,Influencer/Content,Tier 3,25-34,Aggressive
NV402065,2026-02-12,2026-02,Paid Ads,Tier 1,45-54,Moderate
NV402066,2026-02-24,2026-02,Organic App Store,Tier 3,25-34,Moderate
NV402067,2026-02-17,2026-02,Organic App Store,Tier 3,25-34,Conservative
NV402068,2026-02-19,2026-02,Referral,Tier 2,18-24,Aggressive
NV402069,2026-02-06,2026-02,Organic App Store,Tier 2,18-24,Moderate
NV402070,2026-02-13,2026-02,Organic App Store,Tier 2,55+,Moderate
NV402071,2026-02-16,2026-02,Organic App Store,Tier 2,25-34,Conservative
NV402072,2026-02-03,2026-02,Influencer/Content,Tier 3,45-54,Conservative
NV402073,2026-02-13,2026-02,Organic App Store,Tier 3,35-44,Aggressive
NV402074,2026-02-19,2026-02,Referral,Tier 1,35-44,Moderate
NV402075,2026-02-05,2026-02,Organic App Store,Tier 1,35-44,Aggressive
NV402076,2026-02-03,2026-02,Paid Ads,Tier 1,25-34,Conservative
NV402077,2026-02-07,2026-02,Organic App Store,Tier 3,18-24,Conservative
NV402078,2026-02-01,2026-02,Organic App Store,Tier 1,35-44,Conservative
NV402079,2026-02-02,2026-02,Referral,Tier 2,25-34,Aggressive
NV402080,2026-02-27,2026-02,Influencer/Content,Tier 1,35-44,Moderate
NV402081,2026-02-16,2026-02,Referral,Tier 2,25-34,Aggressive
NV402082,2026-02-09,2026-02,Organic App Store,Tier 2,18-24,Moderate
NV402083,2026-02-14,2026-02,Paid Ads,Tier 1,25-34,Moderate
NV402084,2026-02-27,2026-02,Paid Ads,Tier 1,25-34,Moderate
NV402085,2026-02-21,2026-02,Organic App Store,Tier 3,45-54,Aggressive
NV402086,2026-02-14,2026-02,Paid Ads,Tier 2,25-34,Moderate
NV402087,2026-02-03,2026-02,Referral,Tier 1,25-34,Conservative
NV402088,2026-02-03,2026-02,Referral,Tier 2,18-24,Conservative
NV402089,2026-02-22,2026-02,Influencer/Content,Tier 1,18-24,Aggressive
NV402090,2026-02-27,2026-02,Paid Ads,Tier 3,25-34,Conservative
NV402091,2026-02-10,2026-02,Referral,Tier 2,25-34,Conservative
NV402092,2026-02-06,2026-02,Organic App Store,Tier 3,25-34,Moderate
NV402093,2026-02-21,2026-02,Paid Ads,Tier 1,25-34,Moderate
NV402094,2026-02-10,2026-02,Paid Ads,Tier 2,25-34,Conservative
NV402095,2026-02-12,2026-02,Influencer/Content,Tier 2,35-44,Moderate
NV402096,2026-02-07,2026-02,Referral,Tier 2,25-34,Moderate
NV402097,2026-02-03,2026-02,Organic App Store,Tier 1,25-34,Conservative
NV402098,2026-02-09,2026-02,Paid Ads,Tier 3,45-54,Aggressive
NV402099,2026-02-19,2026-02,Referral,Tier 3,18-24,Aggressive
NV402100,2026-02-12,2026-02,Organic App Store,Tier 1,25-34,Conservative
NV402101,2026-02-20,2026-02,Organic App Store,Tier 1,18-24,Moderate
NV402102,2026-02-05,2026-02,Organic App Store,Tier 2,18-24,Moderate
NV402103,2026-02-24,2026-02,Influencer/Content,Tier 1,25-34,Moderate
NV402104,2026-02-26,2026-02,Organic App Store,Tier 1,18-24,Conservative
NV402105,2026-02-14,2026-02,Referral,Tier 2,35-44,Moderate
NV402106,2026-02-15,2026-02,Referral,Tier 3,55+,Aggressive
NV402107,2026-02-27,2026-02,Organic App Store,Tier 2,35-44,Conservative
NV402108,2026-02-11,2026-02,Influencer/Content,Tier 1,18-24,Moderate
NV402109,2026-02-02,2026-02,Paid Ads,Tier 3,45-54,Moderate
NV402110,2026-02-01,2026-02,Influencer/Content,Tier 1,25-34,Moderate
NV402111,2026-02-28,2026-02,Influencer/Content,Tier 1,18-24,Conservative
NV402112,2026-02-11,2026-02,Paid Ads,Tier 1,25-34,Conservative
NV402113,2026-02-27,2026-02,Organic App Store,Tier 3,35-44,Moderate
NV402114,2026-02-21,2026-02,Influencer/Content,Tier 1,25-34,Moderate
NV402115,2026-02-16,2026-02,Paid Ads,Tier 1,35-44,Moderate
NV402116,2026-02-15,2026-02,Organic App Store,Tier 1,25-34,Moderate
NV402117,2026-02-23,2026-02,Paid Ads,Tier 2,45-54,Conservative
NV402118,2026-02-05,2026-02,Influencer/Content,Tier 1,25-34,Conservative
NV402119,2026-02-13,2026-02,Referral,Tier 3,45-54,Moderate
NV402120,2026-02-21,2026-02,Paid Ads,Tier 1,25-34,Moderate
NV402121,2026-02-17,2026-02,Organic App Store,Tier 2,35-44,Aggressive
NV402122,2026-02-07,2026-02,Influencer/Content,Tier 1,25-34,Conservative
NV402123,2026-02-24,2026-02,Paid Ads,Tier 3,25-34,Moderate
NV402124,2026-02-14,2026-02,Referral,Tier 2,45-54,Conservative
NV402125,2026-02-22,2026-02,Organic App Store,Tier 2,35-44,Conservative
NV402126,2026-02-01,2026-02,Referral,Tier 2,18-24,Moderate
NV402127,2026-02-03,2026-02,Referral,Tier 2,18-24,Moderate
NV402128,2026-02-21,2026-02,Organic App Store,Tier 2,45-54,Conservative
NV402129,2026-02-17,2026-02,Organic App Store,Tier 2,25-34,Conservative
NV402130,2026-02-27,2026-02,Referral,Tier 1,35-44,Conservative
NV402131,2026-02-03,2026-02,Organic App Store,Tier 1,45-54,Moderate
NV402132,2026-02-26,2026-02,Paid Ads,Tier 1,18-24,Conservative
NV402133,2026-02-23,2026-02,Organic App Store,Tier 3,25-34,Aggressive
NV402134,2026-02-04,2026-02,Influencer/Content,Tier 2,55+,Moderate
NV402135,2026-02-16,2026-02,Organic App Store,Tier 1,35-44,Moderate
NV402136,2026-02-04,2026-02,Organic App Store,Tier 1,55+,Moderate
NV402137,2026-02-10,2026-02,Paid Ads,Tier 2,25-34,Aggressive
NV402138,2026-02-20,2026-02,Referral,Tier 2,55+,Moderate
NV402139,2026-02-01,2026-02,Referral,Tier 3,35-44,Conservative
NV402140,2026-02-03,2026-02,Referral,Tier 3,25-34,Moderate
NV402141,2026-02-19,2026-02,Paid Ads,Tier 3,35-44,Moderate
NV402142,2026-02-12,2026-02,Referral,Tier 1,18-24,Conservative
NV402143,2026-02-20,2026-02,Organic App Store,Tier 2,25-34,Moderate
NV402144,2026-02-05,2026-02,Organic App Store,Tier 2,18-24,Conservative
NV402145,2026-02-18,2026-02,Influencer/Content,Tier 2,35-44,Aggressive
NV402146,2026-02-12,2026-02,Influencer/Content,Tier 2,25-34,Moderate
NV402147,2026-02-25,2026-02,Influencer/Content,Tier 2,25-34,Aggressive
NV402148,2026-02-07,2026-02,Influencer/Content,Tier 3,25-34,Moderate
NV402149,2026-02-07,2026-02,Referral,Tier 2,25-34,Moderate
NV402150,2026-02-27,2026-02,Influencer/Content,Tier 2,25-34,Moderate
NV402151,2026-02-15,2026-02,Organic App Store,Tier 2,25-34,Moderate
NV402152,2026-02-10,2026-02,Referral,Tier 1,35-44,Aggressive
NV402153,2026-02-28,2026-02,Paid Ads,Tier 2,25-34,Moderate
NV402154,2026-02-09,2026-02,Influencer/Content,Tier 2,18-24,Moderate
NV402155,2026-02-24,2026-02,Organic App Store,Tier 1,35-44,Moderate
NV402156,2026-02-27,2026-02,Influencer/Content,Tier 1,35-44,Conservative
NV402157,2026-02-02,2026-02,Paid Ads,Tier 3,25-34,Aggressive
NV402158,2026-02-11,2026-02,Influencer/Content,Tier 1,25-34,Moderate
NV402159,2026-02-15,2026-02,Organic App Store,Tier 2,35-44,Conservative
NV402160,2026-02-09,2026-02,Referral,Tier 3,25-34,Moderate
NV402161,2026-02-25,2026-02,Referral,Tier 3,18-24,Aggressive
NV402162,2026-02-02,2026-02,Referral,Tier 1,25-34,Conservative
NV402163,2026-02-27,2026-02,Referral,Tier 2,35-44,Aggressive
NV402164,2026-02-15,2026-02,Referral,Tier 2,18-24,Conservative
NV402165,2026-02-24,2026-02,Paid Ads,Tier 2,55+,Moderate
NV402166,2026-02-02,2026-02,Organic App Store,Tier 2,35-44,Conservative
NV402167,2026-02-28,2026-02,Influencer/Content,Tier 3,18-24,Aggressive
NV402168,2026-02-03,2026-02,Paid Ads,Tier 3,45-54,Conservative
NV402169,2026-02-10,2026-02,Referral,Tier 2,35-44,Moderate
NV402170,2026-02-27,2026-02,Organic App Store,Tier 1,25-34,Conservative
NV402171,2026-02-27,2026-02,Paid Ads,Tier 2,25-34,Moderate
NV402172,2026-02-26,2026-02,Organic App Store,Tier 1,45-54,Moderate
NV402173,2026-02-11,2026-02,Organic App Store,Tier 2,18-24,Conservative
NV402174,2026-02-11,2026-02,Referral,Tier 2,18-24,Moderate
NV402175,2026-02-21,2026-02,Organic App Store,Tier 2,25-34,Moderate
NV402176,2026-02-21,2026-02,Influencer/Content,Tier 2,25-34,Conservative
NV402177,2026-02-27,2026-02,Organic App Store,Tier 1,25-34,Moderate
NV402178,2026-02-21,2026-02,Influencer/Content,Tier 3,25-34,Moderate
NV402179,2026-02-14,2026-02,Organic App Store,Tier 3,35-44,Moderate
NV402180,2026-02-12,2026-02,Organic App Store,Tier 2,35-44,Moderate
NV402181,2026-02-23,2026-02,Influencer/Content,Tier 3,25-34,Moderate
NV402182,2026-02-04,2026-02,Organic App Store,Tier 1,25-34,Conservative
NV402183,2026-02-22,2026-02,Influencer/Content,Tier 3,35-44,Aggressive
NV402184,2026-02-10,2026-02,Influencer/Content,Tier 1,25-34,Aggressive
NV402185,2026-02-16,2026-02,Referral,Tier 1,45-54,Moderate
NV402186,2026-02-03,2026-02,Referral,Tier 2,45-54,Moderate
NV402187,2026-02-13,2026-02,Organic App Store,Tier 2,45-54,Conservative
NV402188,2026-02-23,2026-02,Paid Ads,Tier 3,18-24,Conservative
NV402189,2026-02-07,2026-02,Organic App Store,Tier 1,25-34,Conservative
NV402190,2026-02-16,2026-02,Organic App Store,Tier 1,45-54,Aggressive
NV402191,2026-02-19,2026-02,Organic App Store,Tier 2,25-34,Conservative
NV402192,2026-02-09,2026-02,Influencer/Content,Tier 2,18-24,Conservative
NV402193,2026-02-24,2026-02,Organic App Store,Tier 3,18-24,Moderate
NV402194,2026-02-10,2026-02,Organic App Store,Tier 2,55+,Conservative
NV402195,2026-02-21,2026-02,Organic App Store,Tier 3,25-34,Conservative
NV402196,2026-02-18,2026-02,Referral,Tier 3,18-24,Moderate
NV402197,2026-02-26,2026-02,Referral,Tier 3,18-24,Moderate
NV402198,2026-02-05,2026-02,Referral,Tier 3,25-34,Conservative
NV402199,2026-02-28,2026-02,Influencer/Content,Tier 3,18-24,Conservative
NV402200,2026-02-10,2026-02,Organic App Store,Tier 1,25-34,Conservative
NV402201,2026-02-24,2026-02,Influencer/Content,Tier 1,35-44,Conservative
NV402202,2026-02-13,2026-02,Organic App Store,Tier 2,45-54,Moderate
NV402203,2026-02-16,2026-02,Organic App Store,Tier 1,55+,Moderate
NV402204,2026-02-24,2026-02,Organic App Store,Tier 3,55+,Aggressive
NV402205,2026-02-26,2026-02,Influencer/Content,Tier 2,35-44,Moderate
NV402206,2026-02-21,2026-02,Referral,Tier 1,35-44,Moderate
NV402207,2026-02-03,2026-02,Influencer/Content,Tier 3,45-54,Conservative
NV402208,2026-02-28,2026-02,Organic App Store,Tier 2,25-34,Moderate
NV402209,2026-02-18,2026-02,Organic App Store,Tier 2,35-44,Moderate
NV402210,2026-02-08,2026-02,Influencer/Content,Tier 1,55+,Moderate
NV402211,2026-02-25,2026-02,Paid Ads,Tier 2,25-34,Moderate
NV402212,2026-02-19,2026-02,Referral,Tier 2,25-34,Moderate
NV402213,2026-02-13,2026-02,Paid Ads,Tier 1,35-44,Aggressive
NV402214,2026-02-08,2026-02,Organic App Store,Tier 2,45-54,Aggressive
NV402215,2026-02-23,2026-02,Referral,Tier 2,25-34,Moderate
NV402216,2026-02-09,2026-02,Paid Ads,Tier 2,25-34,Conservative
NV402217,2026-02-02,2026-02,Organic App Store,Tier 2,25-34,Conservative
NV402218,2026-02-01,2026-02,Influencer/Content,Tier 3,45-54,Conservative
NV402219,2026-02-07,2026-02,Influencer/Content,Tier 3,25-34,Moderate
NV402220,2026-02-19,2026-02,Organic App Store,Tier 3,18-24,Aggressive
NV402221,2026-02-04,2026-02,Organic App Store,Tier 1,55+,Moderate
NV402222,2026-02-08,2026-02,Paid Ads,Tier 1,25-34,Aggressive
NV402223,2026-02-25,2026-02,Paid Ads,Tier 2,25-34,Conservative
NV402224,2026-02-12,2026-02,Paid Ads,Tier 2,35-44,Moderate
NV402225,2026-02-12,2026-02,Influencer/Content,Tier 2,35-44,Moderate
NV402226,2026-02-28,2026-02,Referral,Tier 1,25-34,Aggressive
NV402227,2026-02-09,2026-02,Organic App Store,Tier 1,25-34,Aggressive
NV402228,2026-02-28,2026-02,Paid Ads,Tier 3,25-34,Aggressive
NV402229,2026-02-21,2026-02,Referral,Tier 3,25-34,Conservative
NV402230,2026-02-07,2026-02,Paid Ads,Tier 2,25-34,Conservative
NV402231,2026-02-03,2026-02,Organic App Store,Tier 1,35-44,Moderate
NV402232,2026-02-11,2026-02,Organic App Store,Tier 1,18-24,Conservative
NV402233,2026-02-09,2026-02,Influencer/Content,Tier 2,25-34,Moderate
NV402234,2026-02-10,2026-02,Organic App Store,Tier 1,45-54,Moderate
NV402235,2026-02-01,2026-02,Referral,Tier 1,18-24,Aggressive
NV402236,2026-02-03,2026-02,Influencer/Content,Tier 1,18-24,Aggressive
NV402237,2026-02-02,2026-02,Influencer/Content,Tier 1,18-24,Conservative
NV402238,2026-02-01,2026-02,Paid Ads,Tier 2,18-24,Moderate
NV402239,2026-02-16,2026-02,Organic App Store,Tier 1,35-44,Moderate
NV402240,2026-02-13,2026-02,Influencer/Content,Tier 3,25-34,Moderate
NV402241,2026-02-03,2026-02,Organic App Store,Tier 2,25-34,Conservative
NV402242,2026-02-03,2026-02,Referral,Tier 1,25-34,Moderate
NV402243,2026-02-13,2026-02,Organic App Store,Tier 2,35-44,Conservative
NV402244,2026-02-14,2026-02,Influencer/Content,Tier 3,25-34,Moderate
NV402245,2026-02-12,2026-02,Influencer/Content,Tier 1,25-34,Moderate
NV402246,2026-02-20,2026-02,Organic App Store,Tier 2,25-34,Conservative
NV402247,2026-02-20,2026-02,Paid Ads,Tier 1,18-24,Moderate
NV402248,2026-02-20,2026-02,Organic App Store,Tier 2,35-44,Conservative
NV402249,2026-02-28,2026-02,Influencer/Content,Tier 2,35-44,Aggressive
NV402250,2026-02-08,2026-02,Referral,Tier 1,18-24,Moderate
NV402251,2026-02-17,2026-02,Influencer/Content,Tier 3,25-34,Moderate
NV402252,2026-02-05,2026-02,Referral,Tier 3,35-44,Moderate
NV402253,2026-02-19,2026-02,Paid Ads,Tier 2,35-44,Moderate
NV402254,2026-02-20,2026-02,Paid Ads,Tier 1,25-34,Moderate
NV402255,2026-02-04,2026-02,Influencer/Content,Tier 1,35-44,Moderate
NV402256,2026-02-06,2026-02,Organic App Store,Tier 3,35-44,Moderate
NV402257,2026-02-23,2026-02,Organic App Store,Tier 1,35-44,Moderate
NV402258,2026-02-13,2026-02,Referral,Tier 2,18-24,Moderate
NV402259,2026-02-06,2026-02,Organic App Store,Tier 1,35-44,Moderate
NV402260,2026-02-09,2026-02,Referral,Tier 1,35-44,Moderate
NV402261,2026-02-07,2026-02,Influencer/Content,Tier 2,25-34,Conservative
NV402262,2026-02-24,2026-02,Referral,Tier 3,25-34,Conservative
NV402263,2026-02-07,2026-02,Paid Ads,Tier 2,25-34,Conservative
NV402264,2026-02-18,2026-02,Paid Ads,Tier 3,25-34,Conservative
NV402265,2026-02-21,2026-02,Organic App Store,Tier 1,35-44,Moderate
NV402266,2026-02-01,2026-02,Influencer/Content,Tier 1,45-54,Aggressive
NV402267,2026-02-13,2026-02,Paid Ads,Tier 3,35-44,Moderate
NV402268,2026-02-24,2026-02,Organic App Store,Tier 2,35-44,Conservative
NV402269,2026-02-12,2026-02,Referral,Tier 1,45-54,Moderate
NV402270,2026-02-18,2026-02,Referral,Tier 1,25-34,Conservative
NV402271,2026-02-24,2026-02,Organic App Store,Tier 1,55+,Conservative
NV402272,2026-02-23,2026-02,Organic App Store,Tier 1,18-24,Moderate
NV402273,2026-02-13,2026-02,Paid Ads,Tier 1,25-34,Aggressive
NV402274,2026-02-12,2026-02,Organic App Store,Tier 2,25-34,Aggressive
NV402275,2026-02-25,2026-02,Organic App Store,Tier 2,25-34,Conservative
NV402276,2026-02-15,2026-02,Influencer/Content,Tier 1,45-54,Conservative
NV402277,2026-02-01,2026-02,Paid Ads,Tier 1,35-44,Aggressive
NV402278,2026-02-27,2026-02,Paid Ads,Tier 2,25-34,Aggressive
NV402279,2026-02-27,2026-02,Organic App Store,Tier 3,35-44,Conservative
NV402280,2026-02-16,2026-02,Referral,Tier 3,35-44,Moderate
NV402281,2026-02-27,2026-02,Influencer/Content,Tier 1,35-44,Moderate
NV402282,2026-02-23,2026-02,Referral,Tier 2,25-34,Conservative
NV402283,2026-02-06,2026-02,Influencer/Content,Tier 2,45-54,Conservative
NV402284,2026-02-01,2026-02,Organic App Store,Tier 3,25-34,Conservative
NV402285,2026-02-10,2026-02,Referral,Tier 1,18-24,Conservative
NV402286,2026-02-26,2026-02,Referral,Tier 1,25-34,Conservative
NV402287,2026-02-20,2026-02,Referral,Tier 1,35-44,Moderate
NV402288,2026-02-01,2026-02,Referral,Tier 2,25-34,Conservative
NV402289,2026-02-14,2026-02,Influencer/Content,Tier 3,18-24,Aggressive
NV402290,2026-02-21,2026-02,Referral,Tier 2,35-44,Aggressive
NV402291,2026-02-15,2026-02,Referral,Tier 2,25-34,Moderate
NV402292,2026-02-24,2026-02,Referral,Tier 2,45-54,Conservative
NV402293,2026-02-19,2026-02,Paid Ads,Tier 1,25-34,Aggressive
NV402294,2026-02-10,2026-02,Influencer/Content,Tier 2,35-44,Conservative
NV402295,2026-02-14,2026-02,Organic App Store,Tier 1,35-44,Aggressive
NV402296,2026-02-14,2026-02,Referral,Tier 2,35-44,Conservative
NV402297,2026-02-21,2026-02,Referral,Tier 1,25-34,Conservative
NV402298,2026-02-16,2026-02,Influencer/Content,Tier 1,35-44,Conservative
NV402299,2026-02-09,2026-02,Organic App Store,Tier 1,45-54,Aggressive
NV402300,2026-02-21,2026-02,Organic App Store,Tier 3,25-34,Conservative
NV402301,2026-02-14,2026-02,Organic App Store,Tier 1,18-24,Conservative
NV402302,2026-02-01,2026-02,Referral,Tier 2,35-44,Moderate
NV402303,2026-02-26,2026-02,Influencer/Content,Tier 2,25-34,Moderate
NV402304,2026-02-12,2026-02,Paid Ads,Tier 1,25-34,Aggressive
NV402305,2026-02-22,2026-02,Referral,Tier 1,35-44,Conservative
NV402306,2026-02-01,2026-02,Influencer/Content,Tier 2,18-24,Aggressive
NV402307,2026-02-10,2026-02,Organic App Store,Tier 2,18-24,Moderate
NV402308,2026-02-11,2026-02,Organic App Store,Tier 3,25-34,Moderate
NV402309,2026-02-06,2026-02,Organic App Store,Tier 1,25-34,Aggressive
NV402310,2026-02-25,2026-02,Organic App Store,Tier 1,35-44,Moderate
NV402311,2026-02-25,2026-02,Paid Ads,Tier 3,25-34,Moderate
NV402312,2026-02-13,2026-02,Paid Ads,Tier 2,35-44,Conservative
NV402313,2026-02-12,2026-02,Organic App Store,Tier 3,18-24,Aggressive
NV402314,2026-02-21,2026-02,Referral,Tier 2,25-34,Moderate
NV402315,2026-02-20,2026-02,Organic App Store,Tier 3,25-34,Moderate
NV402316,2026-02-11,2026-02,Organic App Store,Tier 1,25-34,Conservative
NV402317,2026-02-23,2026-02,Organic App Store,Tier 1,45-54,Conservative
NV402318,2026-02-22,2026-02,Referral,Tier 3,35-44,Conservative
NV402319,2026-02-22,2026-02,Referral,Tier 2,35-44,Aggressive
NV402320,2026-02-27,2026-02,Referral,Tier 2,45-54,Moderate
NV402321,2026-02-18,2026-02,Paid Ads,Tier 3,55+,Moderate
NV402322,2026-02-13,2026-02,Influencer/Content,Tier 2,18-24,Moderate
NV402323,2026-02-03,2026-02,Organic App Store,Tier 2,35-44,Aggressive
NV402324,2026-02-17,2026-02,Influencer/Content,Tier 1,25-34,Conservative
NV402325,2026-02-02,2026-02,Influencer/Content,Tier 2,35-44,Moderate
NV402326,2026-02-07,2026-02,Paid Ads,Tier 2,55+,Moderate
NV402327,2026-02-24,2026-02,Paid Ads,Tier 2,35-44,Moderate
NV402328,2026-02-18,2026-02,Paid Ads,Tier 2,55+,Moderate
NV402329,2026-02-15,2026-02,Organic App Store,Tier 3,18-24,Conservative
NV402330,2026-02-11,2026-02,Influencer/Content,Tier 2,55+,Aggressive
NV402331,2026-02-03,2026-02,Influencer/Content,Tier 1,18-24,Conservative
NV402332,2026-02-21,2026-02,Organic App Store,Tier 2,25-34,Moderate
NV402333,2026-02-01,2026-02,Influencer/Content,Tier 3,18-24,Aggressive
NV402334,2026-02-11,2026-02,Paid Ads,Tier 1,25-34,Moderate
NV402335,2026-02-15,2026-02,Paid Ads,Tier 1,35-44,Moderate
NV402336,2026-02-24,2026-02,Paid Ads,Tier 2,35-44,Conservative
NV402337,2026-02-27,2026-02,Referral,Tier 1,25-34,Moderate
NV402338,2026-02-02,2026-02,Organic App Store,Tier 2,18-24,Aggressive
NV402339,2026-02-03,2026-02,Organic App Store,Tier 3,25-34,Conservative
NV402340,2026-02-02,2026-02,Organic App Store,Tier 2,25-34,Conservative
NV402341,2026-02-19,2026-02,Referral,Tier 2,35-44,Conservative
NV402342,2026-02-28,2026-02,Organic App Store,Tier 3,35-44,Moderate
NV402343,2026-02-03,2026-02,Paid Ads,Tier 1,45-54,Conservative
NV402344,2026-02-11,2026-02,Influencer/Content,Tier 2,25-34,Moderate
NV402345,2026-02-03,2026-02,Organic App Store,Tier 2,25-34,Aggressive
NV402346,2026-02-22,2026-02,Influencer/Content,Tier 3,25-34,Conservative
NV402347,2026-02-01,2026-02,Organic App Store,Tier 2,25-34,Aggressive
NV402348,2026-02-28,2026-02,Influencer/Content,Tier 3,35-44,Moderate
NV402349,2026-02-25,2026-02,Influencer/Content,Tier 1,25-34,Aggressive
NV402350,2026-02-06,2026-02,Influencer/Content,Tier 2,18-24,Aggressive
NV402351,2026-02-15,2026-02,Influencer/Content,Tier 1,25-34,Moderate
NV402352,2026-02-19,2026-02,Organic App Store,Tier 3,18-24,Conservative
NV402353,2026-02-21,2026-02,Referral,Tier 2,25-34,Conservative
NV402354,2026-02-23,2026-02,Paid Ads,Tier 1,18-24,Conservative
NV402355,2026-02-05,2026-02,Organic App Store,Tier 1,35-44,Aggressive
NV402356,2026-02-27,2026-02,Referral,Tier 2,25-34,Conservative
NV402357,2026-02-23,2026-02,Organic App Store,Tier 2,35-44,Conservative
NV402358,2026-02-13,2026-02,Referral,Tier 2,45-54,Moderate
NV402359,2026-02-24,2026-02,Referral,Tier 2,18-24,Moderate
NV402360,2026-02-02,2026-02,Influencer/Content,Tier 1,25-34,Aggressive
NV402361,2026-02-01,2026-02,Paid Ads,Tier 2,35-44,Moderate
NV402362,2026-02-05,2026-02,Referral,Tier 3,45-54,Moderate
NV402363,2026-02-04,2026-02,Influencer/Content,Tier 1,35-44,Moderate
NV402364,2026-02-11,2026-02,Paid Ads,Tier 1,25-34,Aggressive
NV402365,2026-02-23,2026-02,Organic App Store,Tier 1,35-44,Conservative
NV402366,2026-02-24,2026-02,Referral,Tier 3,25-34,Aggressive
NV402367,2026-02-13,2026-02,Organic App Store,Tier 1,25-34,Moderate
NV402368,2026-02-03,2026-02,Referral,Tier 1,18-24,Moderate
NV402369,2026-02-27,2026-02,Paid Ads,Tier 1,18-24,Moderate
NV402370,2026-02-01,2026-02,Organic App Store,Tier 2,18-24,Aggressive
NV402371,2026-02-23,2026-02,Influencer/Content,Tier 3,45-54,Moderate
NV402372,2026-02-02,2026-02,Paid Ads,Tier 1,18-24,Moderate
NV402373,2026-02-21,2026-02,Referral,Tier 2,25-34,Aggressive
NV402374,2026-02-14,2026-02,Paid Ads,Tier 3,25-34,Moderate
NV402375,2026-02-20,2026-02,Organic App Store,Tier 2,18-24,Moderate
NV402376,2026-02-17,2026-02,Paid Ads,Tier 1,25-34,Moderate
NV402377,2026-02-13,2026-02,Organic App Store,Tier 1,45-54,Moderate
NV402378,2026-02-03,2026-02,Referral,Tier 1,25-34,Moderate
NV402379,2026-02-19,2026-02,Organic App Store,Tier 1,18-24,Moderate
NV402380,2026-02-17,2026-02,Organic App Store,Tier 2,25-34,Moderate
NV402381,2026-02-27,2026-02,Referral,Tier 1,25-34,Conservative
NV402382,2026-02-27,2026-02,Organic App Store,Tier 1,35-44,Conservative
NV402383,2026-02-27,2026-02,Paid Ads,Tier 2,35-44,Moderate
NV402384,2026-02-25,2026-02,Referral,Tier 2,25-34,Moderate
NV402385,2026-02-13,2026-02,Influencer/Content,Tier 3,25-34,Aggressive
NV402386,2026-02-21,2026-02,Organic App Store,Tier 1,45-54,Conservative
NV402387,2026-02-24,2026-02,Paid Ads,Tier 2,25-34,Conservative
NV402388,2026-02-05,2026-02,Referral,Tier 2,25-34,Moderate
NV402389,2026-02-28,2026-02,Paid Ads,Tier 1,35-44,Moderate
NV402390,2026-02-08,2026-02,Influencer/Content,Tier 2,35-44,Conservative
NV402391,2026-02-07,2026-02,Organic App Store,Tier 2,45-54,Moderate
NV402392,2026-02-10,2026-02,Paid Ads,Tier 3,25-34,Moderate
NV402393,2026-02-27,2026-02,Organic App Store,Tier 1,45-54,Moderate
NV402394,2026-02-09,2026-02,Organic App Store,Tier 3,25-34,Conservative
NV402395,2026-02-19,2026-02,Paid Ads,Tier 1,25-34,Moderate
NV402396,2026-02-24,2026-02,Influencer/Content,Tier 2,25-34,Conservative
NV402397,2026-02-14,2026-02,Organic App Store,Tier 2,18-24,Conservative
NV402398,2026-02-04,2026-02,Organic App Store,Tier 3,25-34,Moderate
NV402399,2026-02-14,2026-02,Organic App Store,Tier 2,35-44,Aggressive
NV402400,2026-02-11,2026-02,Organic App Store,Tier 3,45-54,Moderate
NV402401,2026-02-16,2026-02,Influencer/Content,Tier 2,25-34,Aggressive
NV402402,2026-02-28,2026-02,Organic App Store,Tier 1,25-34,Conservative
NV402403,2026-02-27,2026-02,Paid Ads,Tier 1,35-44,Moderate
NV402404,2026-02-11,2026-02,Paid Ads,Tier 1,25-34,Moderate
NV402405,2026-02-03,2026-02,Organic App Store,Tier 2,25-34,Aggressive
NV402406,2026-02-04,2026-02,Organic App Store,Tier 3,25-34,Aggressive
NV402407,2026-02-07,2026-02,Referral,Tier 1,25-34,Conservative
NV402408,2026-02-16,2026-02,Organic App Store,Tier 3,18-24,Conservative
NV402409,2026-02-14,2026-02,Organic App Store,Tier 2,35-44,Moderate
NV402410,2026-02-07,2026-02,Referral,Tier 2,35-44,Moderate
NV402411,2026-02-03,2026-02,Organic App Store,Tier 1,25-34,Aggressive
NV402412,2026-02-18,2026-02,Organic App Store,Tier 2,35-44,Aggressive
NV402413,2026-02-19,2026-02,Paid Ads,Tier 2,25-34,Aggressive
NV402414,2026-02-14,2026-02,Organic App Store,Tier 1,25-34,Conservative
NV402415,2026-02-09,2026-02,Influencer/Content,Tier 1,25-34,Moderate
NV402416,2026-02-11,2026-02,Referral,Tier 1,18-24,Aggressive
NV402417,2026-02-25,2026-02,Organic App Store,Tier 3,35-44,Moderate
NV402418,2026-02-28,2026-02,Paid Ads,Tier 2,35-44,Aggressive
NV402419,2026-02-24,2026-02,Paid Ads,Tier 3,18-24,Moderate
NV402420,2026-02-08,2026-02,Referral,Tier 1,18-24,Moderate
NV402421,2026-02-19,2026-02,Influencer/Content,Tier 1,45-54,Aggressive
NV402422,2026-02-07,2026-02,Organic App Store,Tier 1,25-34,Aggressive
NV402423,2026-02-21,2026-02,Organic App Store,Tier 2,25-34,Aggressive
NV402424,2026-02-16,2026-02,Referral,Tier 2,35-44,Conservative
NV402425,2026-02-15,2026-02,Influencer/Content,Tier 2,25-34,Aggressive
NV402426,2026-02-07,2026-02,Organic App Store,Tier 1,25-34,Conservative
NV402427,2026-02-25,2026-02,Influencer/Content,Tier 3,25-34,Conservative
NV402428,2026-02-25,2026-02,Organic App Store,Tier 1,25-34,Moderate
NV402429,2026-02-09,2026-02,Paid Ads,Tier 2,25-34,Conservative
NV402430,2026-02-01,2026-02,Influencer/Content,Tier 3,35-44,Conservative
NV402431,2026-02-26,2026-02,Referral,Tier 1,25-34,Moderate
NV402432,2026-02-23,2026-02,Influencer/Content,Tier 2,25-34,Moderate
NV402433,2026-02-01,2026-02,Influencer/Content,Tier 2,25-34,Aggressive
NV402434,2026-02-09,2026-02,Referral,Tier 3,35-44,Moderate
NV402435,2026-02-02,2026-02,Organic App Store,Tier 1,35-44,Conservative
NV402436,2026-02-22,2026-02,Organic App Store,Tier 2,25-34,Aggressive
NV402437,2026-02-07,2026-02,Influencer/Content,Tier 2,35-44,Moderate
NV402438,2026-02-28,2026-02,Influencer/Content,Tier 2,35-44,Aggressive
NV402439,2026-02-05,2026-02,Paid Ads,Tier 1,35-44,Conservative
NV402440,2026-02-23,2026-02,Influencer/Content,Tier 3,35-44,Moderate
NV402441,2026-02-03,2026-02,Referral,Tier 1,18-24,Aggressive
NV402442,2026-02-27,2026-02,Influencer/Content,Tier 1,35-44,Moderate
NV402443,2026-02-23,2026-02,Organic App Store,Tier 2,25-34,Conservative
NV402444,2026-02-07,2026-02,Organic App Store,Tier 1,25-34,Conservative
NV402445,2026-02-09,2026-02,Organic App Store,Tier 1,25-34,Conservative
NV402446,2026-02-04,2026-02,Paid Ads,Tier 1,25-34,Moderate
NV402447,2026-02-25,2026-02,Organic App Store,Tier 2,25-34,Moderate
NV402448,2026-02-12,2026-02,Paid Ads,Tier 2,35-44,Aggressive
NV402449,2026-02-28,2026-02,Organic App Store,Tier 3,35-44,Moderate
NV402450,2026-02-02,2026-02,Paid Ads,Tier 1,25-34,Conservative
NV402451,2026-02-06,2026-02,Organic App Store,Tier 2,18-24,Aggressive
NV402452,2026-02-05,2026-02,Referral,Tier 1,25-34,Conservative
NV402453,2026-02-12,2026-02,Referral,Tier 1,25-34,Moderate
NV402454,2026-02-05,2026-02,Organic App Store,Tier 1,35-44,Moderate
NV402455,2026-02-20,2026-02,Organic App Store,Tier 3,45-54,Aggressive
NV402456,2026-02-02,2026-02,Paid Ads,Tier 1,45-54,Moderate
NV402457,2026-02-25,2026-02,Organic App Store,Tier 2,25-34,Moderate
NV402458,2026-02-13,2026-02,Organic App Store,Tier 2,25-34,Aggressive
NV402459,2026-02-21,2026-02,Referral,Tier 3,35-44,Aggressive
NV402460,2026-02-04,2026-02,Influencer/Content,Tier 1,35-44,Aggressive
NV402461,2026-02-26,2026-02,Referral,Tier 1,45-54,Aggressive
NV402462,2026-02-12,2026-02,Organic App Store,Tier 2,25-34,Aggressive
NV402463,2026-02-10,2026-02,Referral,Tier 2,25-34,Conservative
NV402464,2026-02-18,2026-02,Influencer/Content,Tier 2,25-34,Conservative
NV402465,2026-02-16,2026-02,Organic App Store,Tier 2,18-24,Conservative
NV402466,2026-02-17,2026-02,Organic App Store,Tier 2,35-44,Conservative
NV402467,2026-02-12,2026-02,Paid Ads,Tier 1,35-44,Conservative
NV402468,2026-02-09,2026-02,Influencer/Content,Tier 2,25-34,Moderate
NV402469,2026-02-02,2026-02,Organic App Store,Tier 1,25-34,Moderate
NV402470,2026-02-15,2026-02,Influencer/Content,Tier 2,35-44,Aggressive
NV402471,2026-02-11,2026-02,Referral,Tier 2,35-44,Moderate
NV402472,2026-02-26,2026-02,Paid Ads,Tier 2,25-34,Aggressive
NV402473,2026-02-23,2026-02,Organic App Store,Tier 1,35-44,Moderate
NV402474,2026-02-05,2026-02,Referral,Tier 3,35-44,Moderate
NV402475,2026-02-27,2026-02,Referral,Tier 3,18-24,Moderate
NV402476,2026-02-10,2026-02,Referral,Tier 1,18-24,Aggressive
NV402477,2026-02-07,2026-02,Organic App Store,Tier 3,25-34,Conservative
NV402478,2026-02-21,2026-02,Organic App Store,Tier 2,25-34,Conservative
NV402479,2026-02-23,2026-02,Organic App Store,Tier 2,18-24,Moderate
NV402480,2026-02-13,2026-02,Organic App Store,Tier 1,25-34,Moderate
NV402481,2026-02-03,2026-02,Paid Ads,Tier 2,35-44,Moderate
NV402482,2026-02-22,2026-02,Influencer/Content,Tier 2,25-34,Aggressive
NV402483,2026-02-28,2026-02,Paid Ads,Tier 1,25-34,Aggressive
NV402484,2026-02-09,2026-02,Organic App Store,Tier 3,35-44,Aggressive
NV402485,2026-02-27,2026-02,Organic App Store,Tier 2,35-44,Aggressive
NV402486,2026-02-10,2026-02,Influencer/Content,Tier 1,45-54,Moderate
NV402487,2026-02-20,2026-02,Paid Ads,Tier 2,25-34,Conservative
NV402488,2026-02-28,2026-02,Organic App Store,Tier 2,25-34,Moderate
NV402489,2026-02-18,2026-02,Paid Ads,Tier 1,18-24,Moderate
NV402490,2026-02-23,2026-02,Paid Ads,Tier 3,18-24,Moderate
NV402491,2026-02-21,2026-02,Organic App Store,Tier 3,18-24,Moderate
NV402492,2026-02-04,2026-02,Paid Ads,Tier 2,25-34,Moderate
NV402493,2026-02-04,2026-02,Organic App Store,Tier 3,25-34,Moderate
NV402494,2026-02-21,2026-02,Paid Ads,Tier 1,25-34,Aggressive
NV402495,2026-02-15,2026-02,Influencer/Content,Tier 1,18-24,Conservative
NV402496,2026-02-28,2026-02,Organic App Store,Tier 3,25-34,Moderate
NV402497,2026-02-03,2026-02,Organic App Store,Tier 1,35-44,Moderate
NV402498,2026-02-25,2026-02,Referral,Tier 2,25-34,Moderate
NV402499,2026-02-10,2026-02,Referral,Tier 1,35-44,Conservative
NV402500,2026-02-25,2026-02,Referral,Tier 1,18-24,Moderate
NV402501,2026-02-09,2026-02,Referral,Tier 1,18-24,Moderate
NV402502,2026-02-14,2026-02,Referral,Tier 1,18-24,Aggressive
NV402503,2026-02-07,2026-02,Referral,Tier 3,35-44,Aggressive
NV402504,2026-02-23,2026-02,Organic App Store,Tier 1,35-44,Moderate
NV402505,2026-02-08,2026-02,Organic App Store,Tier 2,25-34,Moderate
NV402506,2026-02-22,2026-02,Influencer/Content,Tier 2,25-34,Moderate
NV402507,2026-02-21,2026-02,Paid Ads,Tier 1,35-44,Moderate
NV402508,2026-02-09,2026-02,Organic App Store,Tier 1,35-44,Moderate
NV402509,2026-02-11,2026-02,Paid Ads,Tier 2,18-24,Conservative
NV402510,2026-02-21,2026-02,Influencer/Content,Tier 3,25-34,Conservative
NV402511,2026-02-19,2026-02,Paid Ads,Tier 1,35-44,Conservative
NV402512,2026-02-14,2026-02,Organic App Store,Tier 2,18-24,Moderate
NV402513,2026-02-08,2026-02,Organic App Store,Tier 2,18-24,Moderate
NV402514,2026-02-07,2026-02,Referral,Tier 3,25-34,Moderate
NV402515,2026-02-18,2026-02,Paid Ads,Tier 1,25-34,Conservative
NV402516,2026-02-19,2026-02,Referral,Tier 2,25-34,Moderate
NV402517,2026-02-02,2026-02,Organic App Store,Tier 2,45-54,Aggressive
NV402518,2026-02-26,2026-02,Paid Ads,Tier 3,45-54,Aggressive
NV402519,2026-02-21,2026-02,Referral,Tier 1,35-44,Conservative
NV402520,2026-02-09,2026-02,Referral,Tier 3,25-34,Conservative
NV402521,2026-02-03,2026-02,Influencer/Content,Tier 2,25-34,Aggressive
NV402522,2026-02-21,2026-02,Organic App Store,Tier 3,25-34,Moderate
NV402523,2026-02-07,2026-02,Paid Ads,Tier 1,18-24,Moderate
NV402524,2026-02-11,2026-02,Paid Ads,Tier 2,25-34,Moderate
NV402525,2026-02-05,2026-02,Organic App Store,Tier 1,25-34,Moderate
NV402526,2026-02-13,2026-02,Organic App Store,Tier 1,25-34,Moderate
NV402527,2026-02-24,2026-02,Referral,Tier 2,25-34,Moderate
NV402528,2026-02-20,2026-02,Organic App Store,Tier 2,25-34,Conservative
NV402529,2026-02-04,2026-02,Referral,Tier 3,25-34,Conservative
NV402530,2026-02-19,2026-02,Referral,Tier 2,35-44,Moderate
NV402531,2026-02-15,2026-02,Organic App Store,Tier 2,18-24,Moderate
NV402532,2026-02-05,2026-02,Referral,Tier 3,35-44,Moderate
NV402533,2026-02-12,2026-02,Referral,Tier 2,25-34,Aggressive
NV402534,2026-02-24,2026-02,Organic App Store,Tier 2,25-34,Moderate
NV402535,2026-02-21,2026-02,Organic App Store,Tier 1,35-44,Moderate
NV402536,2026-02-28,2026-02,Paid Ads,Tier 2,25-34,Aggressive
NV402537,2026-02-10,2026-02,Referral,Tier 2,25-34,Moderate
NV402538,2026-02-04,2026-02,Influencer/Content,Tier 1,35-44,Aggressive
NV402539,2026-02-15,2026-02,Organic App Store,Tier 1,18-24,Moderate
NV402540,2026-02-12,2026-02,Paid Ads,Tier 1,35-44,Conservative
NV402541,2026-02-25,2026-02,Organic App Store,Tier 2,55+,Conservative
NV402542,2026-02-10,2026-02,Influencer/Content,Tier 2,45-54,Aggressive
NV402543,2026-02-03,2026-02,Organic App Store,Tier 2,18-24,Moderate
NV402544,2026-02-08,2026-02,Influencer/Content,Tier 3,25-34,Moderate
NV402545,2026-02-01,2026-02,Organic App Store,Tier 1,25-34,Moderate
NV402546,2026-02-23,2026-02,Paid Ads,Tier 1,18-24,Conservative
NV402547,2026-02-16,2026-02,Organic App Store,Tier 1,45-54,Aggressive
NV402548,2026-02-06,2026-02,Referral,Tier 1,25-34,Conservative
NV402549,2026-02-05,2026-02,Influencer/Content,Tier 1,35-44,Moderate
NV402550,2026-02-14,2026-02,Organic App Store,Tier 3,25-34,Moderate
NV402551,2026-02-06,2026-02,Paid Ads,Tier 3,35-44,Moderate
NV402552,2026-02-16,2026-02,Paid Ads,Tier 2,35-44,Moderate
NV402553,2026-02-05,2026-02,Organic App Store,Tier 2,45-54,Conservative
NV402554,2026-02-18,2026-02,Paid Ads,Tier 2,35-44,Moderate
NV402555,2026-02-28,2026-02,Organic App Store,Tier 1,35-44,Conservative
NV402556,2026-02-12,2026-02,Paid Ads,Tier 2,18-24,Moderate
NV402557,2026-02-23,2026-02,Referral,Tier 1,55+,Moderate
NV402558,2026-02-23,2026-02,Referral,Tier 3,35-44,Aggressive
NV402559,2026-02-16,2026-02,Organic App Store,Tier 1,25-34,Moderate
NV402560,2026-02-26,2026-02,Influencer/Content,Tier 3,35-44,Moderate
NV402561,2026-02-22,2026-02,Referral,Tier 3,35-44,Conservative
NV402562,2026-02-17,2026-02,Referral,Tier 1,25-34,Moderate
NV402563,2026-02-05,2026-02,Referral,Tier 3,18-24,Conservative
NV402564,2026-02-12,2026-02,Influencer/Content,Tier 2,18-24,Moderate
NV402565,2026-02-13,2026-02,Influencer/Content,Tier 3,25-34,Aggressive
NV402566,2026-02-13,2026-02,Organic App Store,Tier 1,25-34,Aggressive
NV402567,2026-02-27,2026-02,Influencer/Content,Tier 1,45-54,Conservative
NV402568,2026-02-15,2026-02,Paid Ads,Tier 1,18-24,Aggressive
NV402569,2026-02-04,2026-02,Referral,Tier 2,25-34,Aggressive
NV402570,2026-02-26,2026-02,Organic App Store,Tier 2,25-34,Moderate
NV402571,2026-02-04,2026-02,Referral,Tier 3,18-24,Moderate
NV402572,2026-02-15,2026-02,Organic App Store,Tier 2,25-34,Aggressive
NV402573,2026-02-10,2026-02,Organic App Store,Tier 3,35-44,Conservative
NV402574,2026-02-19,2026-02,Referral,Tier 1,35-44,Moderate
NV402575,2026-02-28,2026-02,Influencer/Content,Tier 1,25-34,Moderate
NV402576,2026-02-03,2026-02,Organic App Store,Tier 3,25-34,Conservative
NV402577,2026-02-26,2026-02,Referral,Tier 2,18-24,Moderate
NV402578,2026-02-21,2026-02,Paid Ads,Tier 1,25-34,Moderate
NV402579,2026-02-09,2026-02,Organic App Store,Tier 2,25-34,Moderate
NV402580,2026-02-22,2026-02,Paid Ads,Tier 3,25-34,Conservative
NV402581,2026-02-19,2026-02,Paid Ads,Tier 1,55+,Conservative
NV402582,2026-02-26,2026-02,Organic App Store,Tier 2,25-34,Aggressive
NV402583,2026-02-18,2026-02,Influencer/Content,Tier 2,55+,Moderate
NV402584,2026-02-23,2026-02,Organic App Store,Tier 2,35-44,Aggressive
NV402585,2026-02-01,2026-02,Referral,Tier 3,35-44,Moderate
NV402586,2026-02-04,2026-02,Organic App Store,Tier 2,25-34,Aggressive
NV402587,2026-02-15,2026-02,Influencer/Content,Tier 1,35-44,Moderate
NV402588,2026-02-08,2026-02,Referral,Tier 1,25-34,Moderate
NV402589,2026-02-06,2026-02,Influencer/Content,Tier 2,25-34,Conservative
NV402590,2026-02-08,2026-02,Referral,Tier 3,35-44,Aggressive
NV402591,2026-02-25,2026-02,Organic App Store,Tier 1,45-54,Conservative
NV402592,2026-02-26,2026-02,Paid Ads,Tier 1,35-44,Aggressive
NV402593,2026-02-02,2026-02,Paid Ads,Tier 3,45-54,Moderate
NV402594,2026-02-11,2026-02,Organic App Store,Tier 2,25-34,Conservative
NV402595,2026-02-18,2026-02,Referral,Tier 3,35-44,Conservative
NV402596,2026-02-26,2026-02,Referral,Tier 2,18-24,Aggressive
NV402597,2026-02-10,2026-02,Paid Ads,Tier 2,25-34,Aggressive
NV402598,2026-02-16,2026-02,Organic App Store,Tier 2,18-24,Moderate
NV402599,2026-02-11,2026-02,Referral,Tier 1,25-34,Moderate
NV402600,2026-02-21,2026-02,Paid Ads,Tier 3,18-24,Aggressive
NV402601,2026-02-07,2026-02,Organic App Store,Tier 2,45-54,Conservative
NV402602,2026-02-20,2026-02,Organic App Store,Tier 2,25-34,Moderate
NV402603,2026-02-13,2026-02,Referral,Tier 1,35-44,Conservative
NV402604,2026-02-25,2026-02,Influencer/Content,Tier 2,25-34,Aggressive
NV402605,2026-02-21,2026-02,Organic App Store,Tier 3,25-34,Conservative
NV402606,2026-02-12,2026-02,Referral,Tier 2,25-34,Moderate
NV402607,2026-02-07,2026-02,Influencer/Content,Tier 1,35-44,Moderate
NV402608,2026-02-17,2026-02,Paid Ads,Tier 1,25-34,Conservative
NV402609,2026-02-28,2026-02,Influencer/Content,Tier 1,25-34,Moderate
NV402610,2026-02-01,2026-02,Referral,Tier 3,25-34,Moderate
NV402611,2026-02-14,2026-02,Referral,Tier 1,35-44,Conservative
NV402612,2026-02-01,2026-02,Organic App Store,Tier 1,45-54,Moderate
NV402613,2026-02-24,2026-02,Organic App Store,Tier 1,35-44,Aggressive
NV402614,2026-02-26,2026-02,Organic App Store,Tier 1,35-44,Moderate
NV402615,2026-02-16,2026-02,Referral,Tier 1,25-34,Moderate
NV402616,2026-02-18,2026-02,Paid Ads,Tier 1,35-44,Aggressive
NV402617,2026-02-14,2026-02,Paid Ads,Tier 2,35-44,Conservative
NV402618,2026-02-14,2026-02,Paid Ads,Tier 2,18-24,Conservative
NV402619,2026-02-11,2026-02,Organic App Store,Tier 1,18-24,Moderate
NV402620,2026-02-09,2026-02,Referral,Tier 3,45-54,Moderate
NV402621,2026-02-26,2026-02,Organic App Store,Tier 2,25-34,Aggressive
NV402622,2026-02-27,2026-02,Paid Ads,Tier 3,25-34,Conservative
NV402623,2026-02-16,2026-02,Paid Ads,Tier 1,55+,Aggressive
NV402624,2026-02-10,2026-02,Referral,Tier 1,25-34,Aggressive
NV402625,2026-02-11,2026-02,Referral,Tier 3,25-34,Moderate
NV402626,2026-02-11,2026-02,Referral,Tier 1,35-44,Moderate
NV402627,2026-02-24,2026-02,Paid Ads,Tier 3,35-44,Conservative
NV402628,2026-02-24,2026-02,Influencer/Content,Tier 1,18-24,Aggressive
NV402629,2026-02-12,2026-02,Paid Ads,Tier 1,25-34,Aggressive
NV402630,2026-02-18,2026-02,Influencer/Content,Tier 1,35-44,Aggressive
NV402631,2026-02-28,2026-02,Referral,Tier 2,45-54,Moderate
NV402632,2026-02-28,2026-02,Paid Ads,Tier 2,35-44,Aggressive
NV402633,2026-02-22,2026-02,Influencer/Content,Tier 3,25-34,Moderate
NV402634,2026-02-15,2026-02,Referral,Tier 2,25-34,Conservative
NV402635,2026-02-13,2026-02,Referral,Tier 1,35-44,Aggressive
NV402636,2026-02-11,2026-02,Referral,Tier 1,35-44,Moderate
NV402637,2026-02-18,2026-02,Organic App Store,Tier 1,18-24,Conservative
NV402638,2026-02-28,2026-02,Referral,Tier 1,18-24,Moderate
NV402639,2026-02-26,2026-02,Organic App Store,Tier 2,25-34,Moderate
NV402640,2026-02-01,2026-02,Referral,Tier 2,35-44,Moderate
NV402641,2026-02-27,2026-02,Organic App Store,Tier 1,25-34,Conservative
NV402642,2026-02-12,2026-02,Organic App Store,Tier 2,25-34,Aggressive
NV402643,2026-02-04,2026-02,Referral,Tier 2,35-44,Aggressive
NV402644,2026-02-24,2026-02,Paid Ads,Tier 2,35-44,Conservative
NV402645,2026-02-11,2026-02,Organic App Store,Tier 1,25-34,Moderate
NV402646,2026-02-05,2026-02,Paid Ads,Tier 2,25-34,Moderate
NV402647,2026-02-12,2026-02,Influencer/Content,Tier 1,35-44,Moderate
NV402648,2026-02-12,2026-02,Paid Ads,Tier 1,25-34,Aggressive
NV402649,2026-02-07,2026-02,Organic App Store,Tier 3,25-34,Conservative
NV402650,2026-02-08,2026-02,Referral,Tier 1,18-24,Conservative
NV402651,2026-02-05,2026-02,Organic App Store,Tier 2,35-44,Aggressive
NV402652,2026-02-14,2026-02,Organic App Store,Tier 3,25-34,Conservative
NV402653,2026-02-09,2026-02,Organic App Store,Tier 1,55+,Moderate
NV402654,2026-02-22,2026-02,Paid Ads,Tier 2,18-24,Moderate
NV402655,2026-02-03,2026-02,Paid Ads,Tier 1,55+,Aggressive
NV402656,2026-02-21,2026-02,Referral,Tier 2,18-24,Moderate
NV402657,2026-02-15,2026-02,Organic App Store,Tier 1,35-44,Moderate
NV402658,2026-02-08,2026-02,Influencer/Content,Tier 3,18-24,Moderate
NV402659,2026-02-10,2026-02,Influencer/Content,Tier 2,45-54,Moderate
NV402660,2026-02-11,2026-02,Referral,Tier 2,25-34,Moderate
NV402661,2026-02-06,2026-02,Influencer/Content,Tier 1,35-44,Conservative
NV402662,2026-02-14,2026-02,Influencer/Content,Tier 3,45-54,Aggressive
NV402663,2026-02-01,2026-02,Paid Ads,Tier 3,35-44,Conservative
NV402664,2026-02-17,2026-02,Referral,Tier 1,55+,Moderate
NV402665,2026-02-03,2026-02,Paid Ads,Tier 1,25-34,Moderate
NV402666,2026-02-13,2026-02,Referral,Tier 2,18-24,Moderate
NV402667,2026-02-27,2026-02,Referral,Tier 2,35-44,Moderate
NV402668,2026-02-08,2026-02,Organic App Store,Tier 3,45-54,Conservative
NV402669,2026-02-19,2026-02,Organic App Store,Tier 3,18-24,Moderate
NV402670,2026-02-08,2026-02,Influencer/Content,Tier 3,45-54,Aggressive
NV402671,2026-02-08,2026-02,Paid Ads,Tier 2,25-34,Moderate
NV402672,2026-02-01,2026-02,Paid Ads,Tier 1,35-44,Conservative
NV402673,2026-02-10,2026-02,Influencer/Content,Tier 1,18-24,Moderate
NV402674,2026-02-20,2026-02,Referral,Tier 1,35-44,Moderate
NV402675,2026-02-06,2026-02,Referral,Tier 1,25-34,Aggressive
NV402676,2026-02-12,2026-02,Organic App Store,Tier 3,18-24,Moderate
NV402677,2026-02-25,2026-02,Influencer/Content,Tier 1,25-34,Moderate
NV402678,2026-02-28,2026-02,Influencer/Content,Tier 2,25-34,Moderate
NV402679,2026-02-08,2026-02,Referral,Tier 1,25-34,Conservative
NV402680,2026-02-26,2026-02,Referral,Tier 2,25-34,Conservative
NV402681,2026-02-25,2026-02,Organic App Store,Tier 1,18-24,Aggressive
NV402682,2026-02-16,2026-02,Paid Ads,Tier 2,25-34,Aggressive
NV402683,2026-02-04,2026-02,Paid Ads,Tier 1,35-44,Moderate
NV402684,2026-02-16,2026-02,Referral,Tier 1,25-34,Moderate
NV402685,2026-02-05,2026-02,Organic App Store,Tier 3,25-34,Moderate
NV402686,2026-02-28,2026-02,Influencer/Content,Tier 2,18-24,Moderate
NV402687,2026-02-03,2026-02,Referral,Tier 2,45-54,Moderate
NV402688,2026-02-13,2026-02,Influencer/Content,Tier 2,18-24,Conservative
NV402689,2026-02-27,2026-02,Organic App Store,Tier 1,35-44,Moderate
NV402690,2026-02-08,2026-02,Referral,Tier 2,25-34,Aggressive
NV402691,2026-02-28,2026-02,Referral,Tier 2,35-44,Conservative
NV402692,2026-02-01,2026-02,Referral,Tier 1,25-34,Moderate
NV402693,2026-02-24,2026-02,Influencer/Content,Tier 2,35-44,Conservative
NV402694,2026-02-27,2026-02,Referral,Tier 2,25-34,Moderate
NV402695,2026-02-19,2026-02,Paid Ads,Tier 2,25-34,Conservative
NV402696,2026-02-25,2026-02,Organic App Store,Tier 1,25-34,Moderate
NV402697,2026-02-14,2026-02,Paid Ads,Tier 2,25-34,Moderate
NV402698,2026-02-12,2026-02,Organic App Store,Tier 1,55+,Aggressive
NV402699,2026-02-14,2026-02,Referral,Tier 1,35-44,Moderate
NV402700,2026-02-07,2026-02,Referral,Tier 1,35-44,Aggressive
NV402701,2026-02-28,2026-02,Organic App Store,Tier 3,45-54,Conservative
NV402702,2026-02-14,2026-02,Referral,Tier 1,45-54,Aggressive
NV402703,2026-02-24,2026-02,Paid Ads,Tier 1,25-34,Moderate
NV402704,2026-02-14,2026-02,Organic App Store,Tier 3,45-54,Moderate
NV402705,2026-02-04,2026-02,Paid Ads,Tier 2,35-44,Conservative
NV402706,2026-02-13,2026-02,Organic App Store,Tier 2,25-34,Moderate
NV402707,2026-02-03,2026-02,Paid Ads,Tier 1,18-24,Moderate
NV402708,2026-02-05,2026-02,Referral,Tier 2,55+,Conservative
NV402709,2026-02-17,2026-02,Organic App Store,Tier 1,25-34,Aggressive
NV402710,2026-02-21,2026-02,Paid Ads,Tier 2,35-44,Moderate
NV402711,2026-02-16,2026-02,Organic App Store,Tier 3,35-44,Conservative
NV402712,2026-02-20,2026-02,Influencer/Content,Tier 1,25-34,Conservative
NV402713,2026-02-19,2026-02,Organic App Store,Tier 2,55+,Aggressive
NV402714,2026-02-19,2026-02,Paid Ads,Tier 2,45-54,Moderate
NV402715,2026-02-21,2026-02,Paid Ads,Tier 3,25-34,Aggressive
NV402716,2026-02-02,2026-02,Paid Ads,Tier 1,35-44,Conservative
NV402717,2026-02-15,2026-02,Referral,Tier 1,18-24,Moderate
NV402718,2026-02-12,2026-02,Organic App Store,Tier 1,35-44,Moderate
NV402719,2026-02-17,2026-02,Organic App Store,Tier 3,18-24,Moderate
NV402720,2026-02-22,2026-02,Organic App Store,Tier 2,25-34,Conservative
NV402721,2026-02-24,2026-02,Referral,Tier 1,18-24,Moderate
NV402722,2026-02-02,2026-02,Paid Ads,Tier 2,35-44,Conservative
NV402723,2026-02-09,2026-02,Influencer/Content,Tier 3,25-34,Aggressive
NV402724,2026-02-12,2026-02,Paid Ads,Tier 2,35-44,Moderate
NV402725,2026-02-01,2026-02,Paid Ads,Tier 1,55+,Conservative
NV402726,2026-02-05,2026-02,Organic App Store,Tier 1,45-54,Moderate
NV402727,2026-02-25,2026-02,Referral,Tier 2,25-34,Moderate
NV402728,2026-02-28,2026-02,Organic App Store,Tier 3,25-34,Moderate
NV402729,2026-02-16,2026-02,Influencer/Content,Tier 2,25-34,Moderate
NV402730,2026-02-01,2026-02,Referral,Tier 1,18-24,Aggressive
NV402731,2026-02-18,2026-02,Referral,Tier 3,45-54,Conservative
NV402732,2026-02-16,2026-02,Referral,Tier 1,25-34,Aggressive
NV402733,2026-02-22,2026-02,Organic App Store,Tier 2,55+,Aggressive
NV402734,2026-02-08,2026-02,Organic App Store,Tier 2,35-44,Conservative
NV402735,2026-02-21,2026-02,Paid Ads,Tier 3,18-24,Moderate
NV402736,2026-02-08,2026-02,Referral,Tier 2,18-24,Conservative
NV402737,2026-02-09,2026-02,Influencer/Content,Tier 1,25-34,Moderate
NV402738,2026-02-15,2026-02,Organic App Store,Tier 1,25-34,Moderate
NV402739,2026-02-21,2026-02,Paid Ads,Tier 2,18-24,Conservative
NV402740,2026-02-22,2026-02,Referral,Tier 1,35-44,Conservative
NV402741,2026-02-11,2026-02,Paid Ads,Tier 2,35-44,Moderate
NV402742,2026-02-08,2026-02,Organic App Store,Tier 1,35-44,Aggressive
NV402743,2026-02-22,2026-02,Influencer/Content,Tier 2,45-54,Conservative
NV402744,2026-02-28,2026-02,Paid Ads,Tier 2,55+,Moderate
NV402745,2026-02-27,2026-02,Referral,Tier 2,25-34,Aggressive
NV402746,2026-02-01,2026-02,Referral,Tier 2,35-44,Conservative
NV402747,2026-02-10,2026-02,Referral,Tier 3,35-44,Conservative
NV402748,2026-02-07,2026-02,Organic App Store,Tier 2,18-24,Moderate
NV402749,2026-02-02,2026-02,Organic App Store,Tier 2,25-34,Moderate
NV402750,2026-02-18,2026-02,Referral,Tier 3,25-34,Conservative
NV402751,2026-02-13,2026-02,Organic App Store,Tier 2,25-34,Moderate
NV402752,2026-02-11,2026-02,Organic App Store,Tier 3,45-54,Moderate
NV402753,2026-02-04,2026-02,Organic App Store,Tier 1,25-34,Conservative
NV402754,2026-02-19,2026-02,Paid Ads,Tier 2,25-34,Moderate
NV402755,2026-02-24,2026-02,Organic App Store,Tier 1,25-34,Moderate
NV402756,2026-02-19,2026-02,Organic App Store,Tier 2,25-34,Conservative
NV402757,2026-02-13,2026-02,Organic App Store,Tier 2,25-34,Conservative
NV402758,2026-02-10,2026-02,Referral,Tier 1,18-24,Aggressive
NV402759,2026-02-26,2026-02,Paid Ads,Tier 1,35-44,Aggressive
NV402760,2026-02-23,2026-02,Paid Ads,Tier 2,25-34,Aggressive
NV402761,2026-02-22,2026-02,Referral,Tier 1,25-34,Aggressive
NV402762,2026-02-07,2026-02,Referral,Tier 3,25-34,Moderate
NV402763,2026-02-25,2026-02,Referral,Tier 1,35-44,Conservative
NV402764,2026-02-16,2026-02,Organic App Store,Tier 2,35-44,Aggressive
NV402765,2026-02-13,2026-02,Influencer/Content,Tier 3,25-34,Moderate
NV402766,2026-02-16,2026-02,Organic App Store,Tier 1,18-24,Conservative
NV402767,2026-02-26,2026-02,Organic App Store,Tier 2,18-24,Aggressive
NV402768,2026-02-21,2026-02,Organic App Store,Tier 3,35-44,Aggressive
NV402769,2026-02-11,2026-02,Organic App Store,Tier 2,25-34,Conservative
NV402770,2026-02-03,2026-02,Referral,Tier 1,35-44,Moderate
NV402771,2026-02-25,2026-02,Organic App Store,Tier 3,18-24,Moderate
NV402772,2026-02-22,2026-02,Referral,Tier 3,45-54,Moderate
NV402773,2026-02-12,2026-02,Paid Ads,Tier 2,35-44,Moderate
NV402774,2026-02-17,2026-02,Paid Ads,Tier 2,25-34,Aggressive
NV402775,2026-02-13,2026-02,Referral,Tier 2,35-44,Moderate
NV402776,2026-02-26,2026-02,Influencer/Content,Tier 3,18-24,Conservative
NV402777,2026-02-03,2026-02,Paid Ads,Tier 3,25-34,Conservative
NV402778,2026-02-25,2026-02,Paid Ads,Tier 3,55+,Conservative
NV402779,2026-02-20,2026-02,Organic App Store,Tier 2,18-24,Moderate
NV402780,2026-02-17,2026-02,Influencer/Content,Tier 1,25-34,Aggressive
NV402781,2026-02-24,2026-02,Organic App Store,Tier 1,25-34,Moderate
NV402782,2026-02-16,2026-02,Organic App Store,Tier 1,45-54,Moderate
NV402783,2026-02-14,2026-02,Paid Ads,Tier 1,18-24,Aggressive
NV402784,2026-02-26,2026-02,Paid Ads,Tier 1,18-24,Conservative
NV402785,2026-02-28,2026-02,Organic App Store,Tier 2,45-54,Aggressive
NV402786,2026-02-15,2026-02,Influencer/Content,Tier 1,25-34,Moderate
NV402787,2026-02-12,2026-02,Paid Ads,Tier 3,25-34,Moderate
NV402788,2026-02-18,2026-02,Referral,Tier 2,25-34,Aggressive
NV402789,2026-02-19,2026-02,Influencer/Content,Tier 1,25-34,Aggressive
NV402790,2026-02-26,2026-02,Influencer/Content,Tier 2,25-34,Conservative
NV402791,2026-02-09,2026-02,Influencer/Content,Tier 1,25-34,Moderate
NV402792,2026-02-16,2026-02,Organic App Store,Tier 3,25-34,Conservative
NV402793,2026-02-06,2026-02,Paid Ads,Tier 1,55+,Conservative
NV402794,2026-02-07,2026-02,Referral,Tier 2,18-24,Moderate
NV402795,2026-02-13,2026-02,Organic App Store,Tier 3,25-34,Aggressive
NV402796,2026-02-03,2026-02,Paid Ads,Tier 2,35-44,Moderate
NV402797,2026-02-27,2026-02,Organic App Store,Tier 2,25-34,Moderate
NV402798,2026-02-23,2026-02,Referral,Tier 1,35-44,Aggressive
NV402799,2026-02-17,2026-02,Referral,Tier 3,35-44,Moderate
NV402800,2026-02-27,2026-02,Influencer/Content,Tier 3,35-44,Moderate
NV402801,2026-02-05,2026-02,Referral,Tier 3,25-34,Aggressive
NV402802,2026-02-22,2026-02,Paid Ads,Tier 2,25-34,Aggressive
NV402803,2026-02-26,2026-02,Organic App Store,Tier 2,35-44,Aggressive
NV402804,2026-02-03,2026-02,Paid Ads,Tier 2,25-34,Conservative
NV402805,2026-02-11,2026-02,Paid Ads,Tier 2,45-54,Aggressive
NV402806,2026-02-19,2026-02,Influencer/Content,Tier 3,25-34,Moderate
NV402807,2026-02-24,2026-02,Paid Ads,Tier 1,45-54,Conservative
NV402808,2026-02-02,2026-02,Organic App Store,Tier 1,18-24,Aggressive
NV402809,2026-02-27,2026-02,Paid Ads,Tier 3,25-34,Moderate
NV402810,2026-02-23,2026-02,Organic App Store,Tier 3,25-34,Aggressive
NV402811,2026-02-09,2026-02,Influencer/Content,Tier 1,25-34,Moderate
NV402812,2026-02-28,2026-02,Paid Ads,Tier 1,18-24,Moderate
NV402813,2026-02-14,2026-02,Influencer/Content,Tier 1,25-34,Moderate
NV402814,2026-02-01,2026-02,Paid Ads,Tier 2,25-34,Aggressive
NV402815,2026-02-05,2026-02,Influencer/Content,Tier 3,35-44,Moderate
NV402816,2026-02-23,2026-02,Referral,Tier 3,35-44,Aggressive
NV402817,2026-02-03,2026-02,Referral,Tier 2,55+,Aggressive
NV402818,2026-02-28,2026-02,Organic App Store,Tier 2,35-44,Moderate
NV402819,2026-02-14,2026-02,Influencer/Content,Tier 1,18-24,Moderate
NV402820,2026-02-26,2026-02,Organic App Store,Tier 1,25-34,Moderate
NV402821,2026-02-27,2026-02,Organic App Store,Tier 3,35-44,Moderate
NV402822,2026-02-03,2026-02,Organic App Store,Tier 2,35-44,Conservative
NV402823,2026-02-01,2026-02,Organic App Store,Tier 2,55+,Moderate
NV402824,2026-02-15,2026-02,Organic App Store,Tier 2,25-34,Conservative
NV402825,2026-02-16,2026-02,Referral,Tier 1,25-34,Conservative
NV402826,2026-02-03,2026-02,Referral,Tier 1,35-44,Moderate
NV402827,2026-02-14,2026-02,Paid Ads,Tier 1,18-24,Moderate
NV402828,2026-02-07,2026-02,Organic App Store,Tier 2,18-24,Aggressive
NV402829,2026-02-27,2026-02,Influencer/Content,Tier 1,35-44,Moderate
NV402830,2026-02-10,2026-02,Organic App Store,Tier 2,18-24,Moderate
NV402831,2026-02-08,2026-02,Organic App Store,Tier 2,18-24,Moderate
NV402832,2026-02-28,2026-02,Paid Ads,Tier 1,25-34,Conservative
NV402833,2026-02-02,2026-02,Influencer/Content,Tier 1,18-24,Moderate
NV402834,2026-02-21,2026-02,Organic App Store,Tier 2,18-24,Conservative
NV402835,2026-02-26,2026-02,Organic App Store,Tier 2,35-44,Conservative
NV402836,2026-02-11,2026-02,Influencer/Content,Tier 1,25-34,Moderate
NV402837,2026-02-13,2026-02,Organic App Store,Tier 2,18-24,Conservative
NV402838,2026-02-12,2026-02,Paid Ads,Tier 1,25-34,Moderate
NV402839,2026-02-24,2026-02,Organic App Store,Tier 1,18-24,Aggressive
NV402840,2026-02-16,2026-02,Organic App Store,Tier 2,25-34,Conservative
NV402841,2026-02-28,2026-02,Paid Ads,Tier 2,25-34,Aggressive
NV402842,2026-02-01,2026-02,Influencer/Content,Tier 1,35-44,Aggressive
NV402843,2026-02-08,2026-02,Influencer/Content,Tier 2,35-44,Conservative
NV402844,2026-02-05,2026-02,Influencer/Content,Tier 2,25-34,Moderate
NV402845,2026-02-01,2026-02,Organic App Store,Tier 1,18-24,Conservative
NV402846,2026-02-18,2026-02,Paid Ads,Tier 2,25-34,Aggressive
NV402847,2026-02-17,2026-02,Organic App Store,Tier 1,45-54,Conservative
NV402848,2026-02-21,2026-02,Organic App Store,Tier 2,35-44,Conservative
NV402849,2026-02-11,2026-02,Referral,Tier 1,35-44,Aggressive
NV402850,2026-02-08,2026-02,Organic App Store,Tier 2,25-34,Moderate
NV402851,2026-02-14,2026-02,Organic App Store,Tier 2,25-34,Moderate
NV402852,2026-02-19,2026-02,Paid Ads,Tier 2,35-44,Aggressive
NV402853,2026-02-05,2026-02,Organic App Store,Tier 1,35-44,Aggressive
NV402854,2026-02-16,2026-02,Organic App Store,Tier 3,35-44,Moderate
NV402855,2026-02-08,2026-02,Influencer/Content,Tier 2,25-34,Conservative
NV402856,2026-02-26,2026-02,Influencer/Content,Tier 1,55+,Moderate
NV402857,2026-02-28,2026-02,Influencer/Content,Tier 1,25-34,Moderate
NV402858,2026-02-11,2026-02,Organic App Store,Tier 3,35-44,Conservative
NV402859,2026-02-17,2026-02,Organic App Store,Tier 2,25-34,Moderate
NV402860,2026-02-10,2026-02,Referral,Tier 2,35-44,Conservative
NV402861,2026-02-20,2026-02,Influencer/Content,Tier 2,18-24,Moderate
NV402862,2026-02-22,2026-02,Paid Ads,Tier 1,25-34,Conservative
NV402863,2026-02-19,2026-02,Referral,Tier 2,45-54,Moderate
NV402864,2026-02-05,2026-02,Organic App Store,Tier 2,18-24,Moderate
NV402865,2026-02-25,2026-02,Organic App Store,Tier 2,25-34,Conservative
NV402866,2026-02-20,2026-02,Influencer/Content,Tier 1,35-44,Moderate
NV402867,2026-02-08,2026-02,Organic App Store,Tier 1,25-34,Conservative
NV402868,2026-02-02,2026-02,Paid Ads,Tier 1,35-44,Moderate
NV402869,2026-02-06,2026-02,Referral,Tier 2,35-44,Conservative
NV402870,2026-02-07,2026-02,Paid Ads,Tier 1,55+,Moderate
NV402871,2026-02-11,2026-02,Referral,Tier 1,55+,Conservative
NV402872,2026-02-10,2026-02,Referral,Tier 1,25-34,Conservative
NV402873,2026-02-23,2026-02,Influencer/Content,Tier 1,35-44,Conservative
NV402874,2026-02-08,2026-02,Paid Ads,Tier 2,25-34,Aggressive
NV402875,2026-02-22,2026-02,Influencer/Content,Tier 3,18-24,Conservative
NV402876,2026-02-21,2026-02,Paid Ads,Tier 2,18-24,Moderate
NV402877,2026-02-16,2026-02,Paid Ads,Tier 3,35-44,Conservative
NV402878,2026-02-24,2026-02,Organic App Store,Tier 3,45-54,Moderate
NV402879,2026-02-28,2026-02,Influencer/Content,Tier 3,55+,Conservative
NV402880,2026-02-25,2026-02,Influencer/Content,Tier 2,35-44,Aggressive
NV402881,2026-02-08,2026-02,Organic App Store,Tier 1,25-34,Conservative
NV402882,2026-02-18,2026-02,Organic App Store,Tier 2,25-34,Conservative
NV402883,2026-02-04,2026-02,Referral,Tier 3,25-34,Moderate
NV402884,2026-02-15,2026-02,Referral,Tier 2,45-54,Moderate
NV402885,2026-02-09,2026-02,Organic App Store,Tier 1,55+,Moderate
NV402886,2026-02-23,2026-02,Paid Ads,Tier 2,25-34,Aggressive
NV402887,2026-02-23,2026-02,Paid Ads,Tier 3,35-44,Moderate
NV402888,2026-02-28,2026-02,Paid Ads,Tier 1,18-24,Conservative
NV402889,2026-02-27,2026-02,Organic App Store,Tier 3,35-44,Moderate
NV402890,2026-02-11,2026-02,Paid Ads,Tier 1,25-34,Aggressive
NV402891,2026-02-25,2026-02,Referral,Tier 1,45-54,Moderate
NV402892,2026-02-07,2026-02,Organic App Store,Tier 3,25-34,Moderate
NV402893,2026-02-12,2026-02,Organic App Store,Tier 2,35-44,Moderate
NV402894,2026-02-03,2026-02,Organic App Store,Tier 3,35-44,Aggressive
NV402895,2026-02-04,2026-02,Influencer/Content,Tier 1,25-34,Aggressive
NV402896,2026-02-25,2026-02,Paid Ads,Tier 1,35-44,Conservative
NV402897,2026-02-09,2026-02,Influencer/Content,Tier 2,45-54,Aggressive
NV402898,2026-02-13,2026-02,Organic App Store,Tier 1,18-24,Conservative
NV402899,2026-02-17,2026-02,Referral,Tier 3,18-24,Moderate
NV402900,2026-02-09,2026-02,Organic App Store,Tier 2,35-44,Conservative
NV402901,2026-02-27,2026-02,Organic App Store,Tier 1,25-34,Conservative
NV402902,2026-02-09,2026-02,Paid Ads,Tier 2,25-34,Conservative
NV402903,2026-02-27,2026-02,Paid Ads,Tier 2,25-34,Moderate
NV402904,2026-02-05,2026-02,Influencer/Content,Tier 2,35-44,Conservative
NV402905,2026-02-22,2026-02,Organic App Store,Tier 3,25-34,Moderate
NV402906,2026-02-16,2026-02,Paid Ads,Tier 1,35-44,Aggressive
NV402907,2026-02-25,2026-02,Paid Ads,Tier 1,25-34,Moderate
NV402908,2026-02-09,2026-02,Paid Ads,Tier 2,18-24,Moderate
NV402909,2026-02-08,2026-02,Referral,Tier 1,35-44,Moderate
NV402910,2026-02-24,2026-02,Organic App Store,Tier 2,25-34,Moderate
NV402911,2026-02-28,2026-02,Organic App Store,Tier 2,35-44,Moderate
NV402912,2026-02-01,2026-02,Paid Ads,Tier 1,18-24,Moderate
NV402913,2026-02-04,2026-02,Referral,Tier 1,25-34,Moderate
NV402914,2026-02-02,2026-02,Influencer/Content,Tier 1,25-34,Aggressive
NV402915,2026-02-10,2026-02,Organic App Store,Tier 2,35-44,Moderate
NV402916,2026-02-05,2026-02,Paid Ads,Tier 3,25-34,Moderate
NV402917,2026-02-07,2026-02,Influencer/Content,Tier 3,25-34,Moderate
NV402918,2026-02-01,2026-02,Organic App Store,Tier 1,25-34,Moderate
NV402919,2026-02-02,2026-02,Paid Ads,Tier 2,25-34,Moderate
NV402920,2026-02-04,2026-02,Influencer/Content,Tier 2,35-44,Moderate
NV402921,2026-02-05,2026-02,Paid Ads,Tier 1,25-34,Aggressive
NV402922,2026-02-24,2026-02,Paid Ads,Tier 2,25-34,Conservative
NV402923,2026-02-19,2026-02,Referral,Tier 2,25-34,Moderate
NV402924,2026-02-19,2026-02,Referral,Tier 2,35-44,Conservative
NV402925,2026-02-10,2026-02,Paid Ads,Tier 1,18-24,Conservative
NV402926,2026-02-14,2026-02,Referral,Tier 1,35-44,Conservative
NV402927,2026-02-18,2026-02,Paid Ads,Tier 2,25-34,Moderate
NV402928,2026-02-03,2026-02,Referral,Tier 2,18-24,Moderate
NV402929,2026-02-26,2026-02,Organic App Store,Tier 2,25-34,Conservative
NV402930,2026-02-12,2026-02,Referral,Tier 2,35-44,Moderate
NV402931,2026-02-28,2026-02,Organic App Store,Tier 3,35-44,Conservative
NV402932,2026-02-13,2026-02,Influencer/Content,Tier 2,45-54,Aggressive
NV402933,2026-02-19,2026-02,Referral,Tier 2,18-24,Moderate
NV402934,2026-02-12,2026-02,Referral,Tier 2,25-34,Conservative
NV402935,2026-02-23,2026-02,Referral,Tier 3,25-34,Moderate
NV402936,2026-02-17,2026-02,Paid Ads,Tier 2,18-24,Conservative
NV402937,2026-02-11,2026-02,Influencer/Content,Tier 2,35-44,Moderate
NV402938,2026-02-23,2026-02,Referral,Tier 1,35-44,Conservative
NV402939,2026-02-09,2026-02,Organic App Store,Tier 2,35-44,Moderate
NV402940,2026-02-01,2026-02,Organic App Store,Tier 2,25-34,Moderate
NV402941,2026-02-28,2026-02,Influencer/Content,Tier 3,18-24,Moderate
NV402942,2026-02-08,2026-02,Influencer/Content,Tier 2,45-54,Conservative
NV402943,2026-02-14,2026-02,Referral,Tier 1,35-44,Moderate
NV402944,2026-02-25,2026-02,Influencer/Content,Tier 3,35-44,Moderate
NV402945,2026-02-12,2026-02,Organic App Store,Tier 1,25-34,Conservative
NV402946,2026-02-15,2026-02,Paid Ads,Tier 3,25-34,Aggressive
NV402947,2026-02-05,2026-02,Influencer/Content,Tier 1,25-34,Moderate
NV402948,2026-02-04,2026-02,Organic App Store,Tier 1,35-44,Moderate
NV402949,2026-02-06,2026-02,Paid Ads,Tier 3,25-34,Moderate
NV402950,2026-02-20,2026-02,Referral,Tier 3,35-44,Moderate
NV402951,2026-02-06,2026-02,Referral,Tier 2,18-24,Conservative
NV402952,2026-02-06,2026-02,Paid Ads,Tier 2,18-24,Aggressive
NV402953,2026-02-22,2026-02,Referral,Tier 2,35-44,Moderate
NV402954,2026-02-21,2026-02,Referral,Tier 2,25-34,Aggressive
NV402955,2026-02-03,2026-02,Paid Ads,Tier 3,18-24,Conservative
NV402956,2026-02-27,2026-02,Organic App Store,Tier 3,25-34,Conservative
NV402957,2026-02-06,2026-02,Influencer/Content,Tier 1,25-34,Conservative
NV402958,2026-02-19,2026-02,Paid Ads,Tier 1,45-54,Aggressive
NV402959,2026-02-28,2026-02,Referral,Tier 2,18-24,Aggressive
NV402960,2026-02-16,2026-02,Influencer/Content,Tier 2,25-34,Aggressive
NV402961,2026-02-15,2026-02,Influencer/Content,Tier 1,25-34,Moderate
NV402962,2026-02-11,2026-02,Influencer/Content,Tier 2,25-34,Aggressive
NV402963,2026-02-15,2026-02,Referral,Tier 2,55+,Moderate
NV402964,2026-02-21,2026-02,Referral,Tier 2,25-34,Aggressive
NV402965,2026-02-08,2026-02,Organic App Store,Tier 2,18-24,Moderate
NV402966,2026-02-05,2026-02,Paid Ads,Tier 2,25-34,Moderate
NV402967,2026-02-03,2026-02,Paid Ads,Tier 1,35-44,Aggressive
NV402968,2026-02-22,2026-02,Organic App Store,Tier 2,55+,Conservative
NV402969,2026-02-16,2026-02,Organic App Store,Tier 3,45-54,Conservative
NV402970,2026-02-12,2026-02,Referral,Tier 2,25-34,Moderate
NV402971,2026-02-26,2026-02,Paid Ads,Tier 2,25-34,Moderate
NV402972,2026-02-16,2026-02,Referral,Tier 2,25-34,Conservative
NV402973,2026-02-25,2026-02,Organic App Store,Tier 3,35-44,Aggressive
NV402974,2026-02-23,2026-02,Organic App Store,Tier 3,25-34,Moderate
NV402975,2026-02-25,2026-02,Referral,Tier 2,35-44,Conservative
NV402976,2026-02-23,2026-02,Referral,Tier 2,25-34,Moderate
NV402977,2026-02-06,2026-02,Organic App Store,Tier 3,25-34,Moderate
NV402978,2026-02-04,2026-02,Paid Ads,Tier 1,18-24,Moderate
NV402979,2026-02-28,2026-02,Referral,Tier 2,18-24,Moderate
NV402980,2026-02-21,2026-02,Referral,Tier 2,55+,Aggressive
NV402981,2026-02-15,2026-02,Organic App Store,Tier 3,45-54,Moderate
NV402982,2026-02-08,2026-02,Paid Ads,Tier 2,25-34,Moderate
NV402983,2026-02-02,2026-02,Influencer/Content,Tier 3,35-44,Aggressive
NV402984,2026-02-14,2026-02,Organic App Store,Tier 1,35-44,Moderate
NV402985,2026-02-09,2026-02,Influencer/Content,Tier 1,18-24,Moderate
NV402986,2026-02-12,2026-02,Referral,Tier 1,25-34,Moderate
NV402987,2026-02-23,2026-02,Referral,Tier 1,35-44,Aggressive
NV402988,2026-02-08,2026-02,Referral,Tier 1,55+,Aggressive
NV402989,2026-02-23,2026-02,Organic App Store,Tier 1,35-44,Aggressive
NV402990,2026-02-17,2026-02,Organic App Store,Tier 1,45-54,Moderate
NV402991,2026-02-07,2026-02,Referral,Tier 2,35-44,Moderate
NV402992,2026-02-10,2026-02,Referral,Tier 1,45-54,Moderate
NV402993,2026-02-05,2026-02,Organic App Store,Tier 1,35-44,Aggressive
NV402994,2026-02-17,2026-02,Organic App Store,Tier 3,35-44,Aggressive
NV402995,2026-02-24,2026-02,Paid Ads,Tier 3,35-44,Moderate
NV402996,2026-02-05,2026-02,Organic App Store,Tier 2,25-34,Conservative
NV402997,2026-02-04,2026-02,Influencer/Content,Tier 3,18-24,Aggressive
NV402998,2026-02-24,2026-02,Influencer/Content,Tier 3,18-24,Aggressive
NV402999,2026-02-17,2026-02,Referral,Tier 1,25-34,Moderate
NV403000,2026-02-15,2026-02,Influencer/Content,Tier 2,35-44,Aggressive
NV403001,2026-02-23,2026-02,Paid Ads,Tier 1,45-54,Moderate
NV403002,2026-02-23,2026-02,Referral,Tier 1,45-54,Moderate
NV403003,2026-02-09,2026-02,Referral,Tier 3,35-44,Moderate
NV403004,2026-02-01,2026-02,Referral,Tier 1,25-34,Conservative
NV403005,2026-02-27,2026-02,Paid Ads,Tier 3,45-54,Moderate
NV403006,2026-02-09,2026-02,Paid Ads,Tier 1,35-44,Conservative
NV403007,2026-02-12,2026-02,Influencer/Content,Tier 1,18-24,Conservative
NV403008,2026-02-02,2026-02,Organic App Store,Tier 2,35-44,Moderate
NV403009,2026-02-18,2026-02,Influencer/Content,Tier 3,18-24,Aggressive
NV403010,2026-02-10,2026-02,Influencer/Content,Tier 2,35-44,Conservative
NV403011,2026-02-05,2026-02,Referral,Tier 3,25-34,Moderate
NV403012,2026-02-03,2026-02,Referral,Tier 1,25-34,Conservative
NV403013,2026-02-01,2026-02,Organic App Store,Tier 1,25-34,Aggressive
NV403014,2026-02-28,2026-02,Referral,Tier 1,35-44,Conservative
NV403015,2026-02-14,2026-02,Influencer/Content,Tier 2,35-44,Aggressive
NV403016,2026-02-05,2026-02,Organic App Store,Tier 1,35-44,Moderate
NV403017,2026-02-02,2026-02,Organic App Store,Tier 2,35-44,Moderate
NV403018,2026-02-07,2026-02,Influencer/Content,Tier 3,18-24,Moderate
NV403019,2026-02-10,2026-02,Organic App Store,Tier 1,45-54,Moderate
NV403020,2026-02-08,2026-02,Organic App Store,Tier 2,25-34,Moderate
NV403021,2026-02-27,2026-02,Paid Ads,Tier 1,18-24,Moderate
NV403022,2026-02-11,2026-02,Paid Ads,Tier 1,45-54,Moderate
NV403023,2026-02-15,2026-02,Referral,Tier 1,25-34,Conservative
NV403024,2026-02-14,2026-02,Referral,Tier 2,25-34,Conservative
NV403025,2026-02-06,2026-02,Paid Ads,Tier 1,25-34,Moderate
NV403026,2026-02-28,2026-02,Organic App Store,Tier 2,35-44,Moderate
NV403027,2026-02-18,2026-02,Referral,Tier 1,18-24,Moderate
NV403028,2026-02-01,2026-02,Referral,Tier 1,25-34,Aggressive
NV403029,2026-02-14,2026-02,Influencer/Content,Tier 3,25-34,Conservative
NV403030,2026-02-22,2026-02,Organic App Store,Tier 2,18-24,Aggressive
NV403031,2026-02-17,2026-02,Referral,Tier 3,35-44,Aggressive
NV403032,2026-02-04,2026-02,Influencer/Content,Tier 1,18-24,Conservative
NV403033,2026-02-03,2026-02,Referral,Tier 2,25-34,Conservative
NV403034,2026-02-04,2026-02,Referral,Tier 1,35-44,Moderate
NV403035,2026-02-10,2026-02,Referral,Tier 2,35-44,Conservative
NV403036,2026-02-23,2026-02,Referral,Tier 2,25-34,Moderate
NV403037,2026-02-13,2026-02,Influencer/Content,Tier 2,25-34,Moderate
NV403038,2026-02-08,2026-02,Organic App Store,Tier 2,25-34,Aggressive
NV403039,2026-02-15,2026-02,Referral,Tier 3,35-44,Moderate
NV403040,2026-02-14,2026-02,Organic App Store,Tier 3,35-44,Aggressive
NV403041,2026-02-16,2026-02,Influencer/Content,Tier 1,25-34,Moderate
NV403042,2026-02-08,2026-02,Influencer/Content,Tier 3,35-44,Aggressive
NV403043,2026-02-10,2026-02,Organic App Store,Tier 2,18-24,Aggressive
NV403044,2026-02-23,2026-02,Influencer/Content,Tier 1,25-34,Conservative
NV403045,2026-02-11,2026-02,Influencer/Content,Tier 1,25-34,Aggressive
NV403046,2026-02-18,2026-02,Paid Ads,Tier 2,25-34,Aggressive
NV403047,2026-02-22,2026-02,Referral,Tier 3,18-24,Moderate
NV403048,2026-02-08,2026-02,Referral,Tier 2,25-34,Moderate
NV403049,2026-02-25,2026-02,Influencer/Content,Tier 1,45-54,Conservative
NV403050,2026-02-15,2026-02,Referral,Tier 2,18-24,Moderate
NV403051,2026-02-07,2026-02,Paid Ads,Tier 2,25-34,Conservative
NV403052,2026-02-03,2026-02,Influencer/Content,Tier 1,35-44,Aggressive
NV403053,2026-02-23,2026-02,Organic App Store,Tier 1,35-44,Moderate
NV403054,2026-02-05,2026-02,Influencer/Content,Tier 1,18-24,Aggressive
NV403055,2026-02-13,2026-02,Referral,Tier 1,45-54,Moderate
NV403056,2026-02-23,2026-02,Organic App Store,Tier 1,45-54,Moderate
NV403057,2026-02-08,2026-02,Referral,Tier 3,25-34,Moderate
NV403058,2026-02-12,2026-02,Referral,Tier 1,25-34,Moderate
NV403059,2026-02-04,2026-02,Referral,Tier 2,18-24,Aggressive
NV403060,2026-02-15,2026-02,Influencer/Content,Tier 2,35-44,Conservative
NV403061,2026-02-25,2026-02,Paid Ads,Tier 3,25-34,Moderate
NV403062,2026-02-01,2026-02,Organic App Store,Tier 1,25-34,Moderate
NV403063,2026-02-15,2026-02,Referral,Tier 1,25-34,Aggressive
NV403064,2026-02-26,2026-02,Organic App Store,Tier 1,35-44,Conservative
NV403065,2026-02-05,2026-02,Organic App Store,Tier 1,45-54,Conservative
NV403066,2026-02-11,2026-02,Referral,Tier 2,25-34,Aggressive
NV403067,2026-02-07,2026-02,Organic App Store,Tier 2,18-24,Conservative
NV403068,2026-02-06,2026-02,Paid Ads,Tier 1,35-44,Aggressive
NV403069,2026-02-08,2026-02,Influencer/Content,Tier 1,35-44,Aggressive
NV403070,2026-02-11,2026-02,Influencer/Content,Tier 1,25-34,Moderate
NV403071,2026-02-08,2026-02,Influencer/Content,Tier 1,25-34,Conservative
NV403072,2026-02-21,2026-02,Organic App Store,Tier 1,35-44,Moderate
NV403073,2026-02-06,2026-02,Organic App Store,Tier 2,25-34,Moderate
NV403074,2026-02-25,2026-02,Referral,Tier 1,25-34,Moderate
NV403075,2026-02-16,2026-02,Paid Ads,Tier 1,18-24,Conservative
NV403076,2026-02-19,2026-02,Referral,Tier 1,25-34,Moderate
NV403077,2026-02-06,2026-02,Organic App Store,Tier 1,25-34,Conservative
NV403078,2026-02-12,2026-02,Organic App Store,Tier 3,35-44,Conservative
NV403079,2026-02-19,2026-02,Influencer/Content,Tier 1,25-34,Conservative
NV403080,2026-02-20,2026-02,Organic App Store,Tier 3,35-44,Conservative
NV403081,2026-02-15,2026-02,Organic App Store,Tier 1,25-34,Aggressive
NV403082,2026-02-12,2026-02,Organic App Store,Tier 1,25-34,Moderate
NV403083,2026-02-13,2026-02,Referral,Tier 3,25-34,Moderate
NV403084,2026-02-13,2026-02,Influencer/Content,Tier 3,25-34,Conservative
NV403085,2026-02-18,2026-02,Paid Ads,Tier 1,18-24,Moderate
NV403086,2026-02-18,2026-02,Organic App Store,Tier 1,45-54,Aggressive
NV403087,2026-02-18,2026-02,Influencer/Content,Tier 2,25-34,Moderate
NV403088,2026-02-13,2026-02,Organic App Store,Tier 2,35-44,Conservative
NV403089,2026-02-19,2026-02,Paid Ads,Tier 1,18-24,Conservative
NV403090,2026-02-09,2026-02,Organic App Store,Tier 2,25-34,Aggressive
NV403091,2026-02-04,2026-02,Influencer/Content,Tier 1,35-44,Moderate
NV403092,2026-02-24,2026-02,Referral,Tier 1,35-44,Conservative
NV403093,2026-02-22,2026-02,Referral,Tier 1,35-44,Aggressive
NV403094,2026-02-07,2026-02,Referral,Tier 3,35-44,Moderate
NV403095,2026-02-12,2026-02,Paid Ads,Tier 3,25-34,Conservative
NV403096,2026-02-07,2026-02,Organic App Store,Tier 3,25-34,Aggressive
NV403097,2026-02-20,2026-02,Paid Ads,Tier 2,25-34,Moderate
NV403098,2026-02-14,2026-02,Organic App Store,Tier 1,35-44,Moderate
NV403099,2026-02-12,2026-02,Referral,Tier 1,55+,Conservative
NV403100,2026-02-21,2026-02,Referral,Tier 2,45-54,Moderate
NV403101,2026-02-15,2026-02,Organic App Store,Tier 2,25-34,Moderate
NV403102,2026-02-02,2026-02,Paid Ads,Tier 2,18-24,Conservative
NV403103,2026-02-01,2026-02,Influencer/Content,Tier 2,35-44,Moderate
NV403104,2026-02-07,2026-02,Influencer/Content,Tier 1,35-44,Aggressive
NV403105,2026-02-19,2026-02,Referral,Tier 2,25-34,Aggressive
NV403106,2026-02-28,2026-02,Influencer/Content,Tier 1,25-34,Moderate
NV403107,2026-02-22,2026-02,Paid Ads,Tier 2,35-44,Moderate
NV403108,2026-02-04,2026-02,Influencer/Content,Tier 3,18-24,Aggressive
NV403109,2026-02-06,2026-02,Organic App Store,Tier 2,35-44,Moderate
NV403110,2026-02-26,2026-02,Referral,Tier 2,25-34,Moderate
NV403111,2026-02-20,2026-02,Referral,Tier 3,25-34,Moderate
NV403112,2026-02-26,2026-02,Referral,Tier 2,25-34,Aggressive
NV403113,2026-02-04,2026-02,Influencer/Content,Tier 1,18-24,Moderate
NV403114,2026-02-16,2026-02,Organic App Store,Tier 1,35-44,Conservative
NV403115,2026-02-27,2026-02,Organic App Store,Tier 3,55+,Moderate
NV403116,2026-02-23,2026-02,Paid Ads,Tier 2,25-34,Aggressive
NV403117,2026-02-17,2026-02,Influencer/Content,Tier 3,45-54,Conservative
NV403118,2026-02-28,2026-02,Organic App Store,Tier 2,25-34,Moderate
NV403119,2026-02-10,2026-02,Organic App Store,Tier 2,35-44,Moderate
NV403120,2026-02-23,2026-02,Organic App Store,Tier 1,18-24,Moderate
NV403121,2026-02-06,2026-02,Paid Ads,Tier 3,35-44,Conservative
NV403122,2026-02-09,2026-02,Influencer/Content,Tier 3,55+,Moderate
NV403123,2026-02-02,2026-02,Organic App Store,Tier 2,25-34,Aggressive
NV403124,2026-02-17,2026-02,Organic App Store,Tier 1,25-34,Moderate
NV403125,2026-02-17,2026-02,Influencer/Content,Tier 1,25-34,Aggressive
NV403126,2026-02-25,2026-02,Referral,Tier 1,25-34,Aggressive
NV403127,2026-02-15,2026-02,Referral,Tier 1,25-34,Moderate
NV403128,2026-02-21,2026-02,Organic App Store,Tier 3,25-34,Conservative
NV403129,2026-02-06,2026-02,Influencer/Content,Tier 2,35-44,Moderate
NV403130,2026-02-21,2026-02,Paid Ads,Tier 2,18-24,Conservative
NV403131,2026-02-14,2026-02,Referral,Tier 2,45-54,Conservative
NV403132,2026-02-18,2026-02,Referral,Tier 2,25-34,Conservative
NV403133,2026-02-13,2026-02,Organic App Store,Tier 1,25-34,Conservative
NV403134,2026-02-18,2026-02,Referral,Tier 2,35-44,Moderate
NV403135,2026-02-26,2026-02,Paid Ads,Tier 3,25-34,Conservative
NV403136,2026-02-21,2026-02,Referral,Tier 2,25-34,Moderate
NV403137,2026-02-22,2026-02,Referral,Tier 2,25-34,Conservative
NV403138,2026-02-01,2026-02,Organic App Store,Tier 2,25-34,Conservative
NV403139,2026-02-20,2026-02,Organic App Store,Tier 1,45-54,Moderate
NV403140,2026-02-10,2026-02,Paid Ads,Tier 3,25-34,Conservative
NV403141,2026-02-11,2026-02,Referral,Tier 1,55+,Conservative
NV403142,2026-02-07,2026-02,Paid Ads,Tier 2,25-34,Moderate
NV403143,2026-02-21,2026-02,Organic App Store,Tier 1,18-24,Aggressive
NV403144,2026-02-01,2026-02,Referral,Tier 1,35-44,Conservative
NV403145,2026-02-22,2026-02,Influencer/Content,Tier 2,25-34,Conservative
NV403146,2026-02-23,2026-02,Paid Ads,Tier 2,35-44,Moderate
NV403147,2026-02-12,2026-02,Paid Ads,Tier 2,25-34,Aggressive
NV403148,2026-02-14,2026-02,Referral,Tier 1,25-34,Moderate
NV403149,2026-02-09,2026-02,Referral,Tier 3,35-44,Conservative
NV403150,2026-02-19,2026-02,Referral,Tier 1,35-44,Aggressive
NV403151,2026-02-01,2026-02,Organic App Store,Tier 1,25-34,Conservative
NV403152,2026-02-12,2026-02,Organic App Store,Tier 1,25-34,Moderate
NV403153,2026-02-05,2026-02,Paid Ads,Tier 1,18-24,Moderate
NV403154,2026-02-08,2026-02,Referral,Tier 3,18-24,Aggressive
NV403155,2026-02-04,2026-02,Paid Ads,Tier 1,35-44,Conservative
NV403156,2026-02-21,2026-02,Organic App Store,Tier 2,45-54,Aggressive
NV403157,2026-02-23,2026-02,Organic App Store,Tier 1,35-44,Aggressive
NV403158,2026-02-09,2026-02,Paid Ads,Tier 3,25-34,Conservative
NV403159,2026-02-07,2026-02,Influencer/Content,Tier 1,25-34,Moderate
NV403160,2026-02-03,2026-02,Paid Ads,Tier 2,35-44,Conservative
NV403161,2026-02-12,2026-02,Referral,Tier 3,25-34,Moderate
NV403162,2026-02-08,2026-02,Influencer/Content,Tier 1,18-24,Moderate
NV403163,2026-02-17,2026-02,Influencer/Content,Tier 1,45-54,Moderate
NV403164,2026-02-03,2026-02,Organic App Store,Tier 2,18-24,Conservative
NV403165,2026-02-17,2026-02,Referral,Tier 2,35-44,Conservative
NV403166,2026-02-08,2026-02,Organic App Store,Tier 2,35-44,Moderate
NV403167,2026-02-14,2026-02,Referral,Tier 3,25-34,Conservative
NV403168,2026-02-22,2026-02,Organic App Store,Tier 3,18-24,Aggressive
NV403169,2026-02-24,2026-02,Influencer/Content,Tier 2,25-34,Conservative
NV403170,2026-02-09,2026-02,Referral,Tier 2,25-34,Moderate
NV403171,2026-02-15,2026-02,Organic App Store,Tier 1,25-34,Aggressive
NV403172,2026-02-09,2026-02,Influencer/Content,Tier 2,45-54,Moderate
NV403173,2026-02-02,2026-02,Organic App Store,Tier 3,35-44,Aggressive
NV403174,2026-02-25,2026-02,Paid Ads,Tier 1,25-34,Conservative
NV403175,2026-02-17,2026-02,Influencer/Content,Tier 2,35-44,Conservative
NV403176,2026-02-04,2026-02,Paid Ads,Tier 1,25-34,Moderate
NV403177,2026-02-24,2026-02,Organic App Store,Tier 1,25-34,Conservative
NV403178,2026-02-12,2026-02,Organic App Store,Tier 3,25-34,Aggressive
NV403179,2026-02-15,2026-02,Influencer/Content,Tier 1,25-34,Conservative
NV403180,2026-02-23,2026-02,Referral,Tier 1,35-44,Aggressive
NV403181,2026-02-09,2026-02,Referral,Tier 1,25-34,Aggressive
NV403182,2026-02-01,2026-02,Influencer/Content,Tier 2,18-24,Aggressive
NV403183,2026-02-11,2026-02,Organic App Store,Tier 3,35-44,Aggressive
NV403184,2026-02-10,2026-02,Influencer/Content,Tier 1,18-24,Conservative
NV403185,2026-02-25,2026-02,Organic App Store,Tier 2,25-34,Moderate
NV403186,2026-02-25,2026-02,Organic App Store,Tier 3,35-44,Moderate
NV403187,2026-02-19,2026-02,Referral,Tier 2,45-54,Conservative
NV403188,2026-02-20,2026-02,Referral,Tier 2,25-34,Moderate
NV403189,2026-02-06,2026-02,Referral,Tier 3,18-24,Conservative
NV403190,2026-02-04,2026-02,Organic App Store,Tier 2,35-44,Aggressive
NV403191,2026-02-25,2026-02,Paid Ads,Tier 3,35-44,Moderate
NV403192,2026-02-27,2026-02,Organic App Store,Tier 3,45-54,Moderate
NV403193,2026-02-25,2026-02,Organic App Store,Tier 2,35-44,Moderate
NV403194,2026-02-08,2026-02,Organic App Store,Tier 1,35-44,Moderate
NV403195,2026-02-22,2026-02,Organic App Store,Tier 1,35-44,Conservative
NV403196,2026-02-12,2026-02,Influencer/Content,Tier 3,35-44,Aggressive
NV403197,2026-02-08,2026-02,Organic App Store,Tier 1,18-24,Aggressive
NV403198,2026-02-24,2026-02,Organic App Store,Tier 1,18-24,Conservative
NV403199,2026-02-09,2026-02,Paid Ads,Tier 1,25-34,Moderate
NV403200,2026-02-26,2026-02,Paid Ads,Tier 3,25-34,Aggressive
NV403201,2026-02-12,2026-02,Referral,Tier 3,25-34,Aggressive
NV403202,2026-02-24,2026-02,Paid Ads,Tier 2,25-34,Conservative
NV403203,2026-02-11,2026-02,Influencer/Content,Tier 1,25-34,Aggressive
NV403204,2026-02-10,2026-02,Influencer/Content,Tier 3,45-54,Moderate
NV403205,2026-02-02,2026-02,Paid Ads,Tier 3,18-24,Conservative
NV403206,2026-02-25,2026-02,Referral,Tier 2,35-44,Moderate
NV403207,2026-02-11,2026-02,Paid Ads,Tier 3,25-34,Conservative
NV403208,2026-02-13,2026-02,Organic App Store,Tier 2,35-44,Moderate
NV403209,2026-02-08,2026-02,Paid Ads,Tier 1,25-34,Moderate
NV403210,2026-02-15,2026-02,Paid Ads,Tier 1,25-34,Moderate
NV403211,2026-02-09,2026-02,Organic App Store,Tier 2,35-44,Aggressive
NV403212,2026-02-03,2026-02,Paid Ads,Tier 1,18-24,Moderate
NV403213,2026-02-06,2026-02,Organic App Store,Tier 2,25-34,Moderate
NV403214,2026-02-10,2026-02,Referral,Tier 2,18-24,Moderate
NV403215,2026-02-10,2026-02,Organic App Store,Tier 1,45-54,Conservative
NV403216,2026-02-16,2026-02,Paid Ads,Tier 3,25-34,Moderate
NV403217,2026-02-02,2026-02,Referral,Tier 1,25-34,Moderate
NV403218,2026-02-18,2026-02,Organic App Store,Tier 1,18-24,Moderate
NV403219,2026-02-11,2026-02,Referral,Tier 2,35-44,Moderate
NV403220,2026-02-12,2026-02,Organic App Store,Tier 3,45-54,Moderate
NV403221,2026-02-26,2026-02,Influencer/Content,Tier 1,25-34,Conservative
NV403222,2026-02-19,2026-02,Referral,Tier 1,25-34,Moderate
NV403223,2026-02-14,2026-02,Influencer/Content,Tier 3,18-24,Moderate
NV403224,2026-02-02,2026-02,Referral,Tier 3,25-34,Aggressive
NV403225,2026-02-10,2026-02,Influencer/Content,Tier 1,35-44,Aggressive
NV403226,2026-02-25,2026-02,Paid Ads,Tier 2,25-34,Moderate
NV403227,2026-02-04,2026-02,Organic App Store,Tier 3,18-24,Aggressive
NV403228,2026-02-09,2026-02,Influencer/Content,Tier 2,25-34,Moderate
NV403229,2026-02-25,2026-02,Referral,Tier 2,25-34,Moderate
NV403230,2026-02-07,2026-02,Organic App Store,Tier 3,25-34,Moderate
NV403231,2026-02-21,2026-02,Influencer/Content,Tier 1,35-44,Moderate
NV403232,2026-02-21,2026-02,Organic App Store,Tier 2,25-34,Aggressive
NV403233,2026-02-27,2026-02,Organic App Store,Tier 2,18-24,Moderate
NV403234,2026-02-08,2026-02,Paid Ads,Tier 1,25-34,Conservative
NV403235,2026-02-12,2026-02,Organic App Store,Tier 2,25-34,Conservative
NV403236,2026-02-13,2026-02,Organic App Store,Tier 3,25-34,Moderate
NV403237,2026-02-05,2026-02,Organic App Store,Tier 1,25-34,Aggressive
NV403238,2026-02-03,2026-02,Referral,Tier 2,25-34,Moderate
NV403239,2026-02-12,2026-02,Organic App Store,Tier 1,25-34,Moderate
NV403240,2026-02-18,2026-02,Referral,Tier 1,25-34,Aggressive
NV403241,2026-02-07,2026-02,Paid Ads,Tier 2,35-44,Conservative
NV403242,2026-02-07,2026-02,Influencer/Content,Tier 3,35-44,Conservative
NV403243,2026-02-25,2026-02,Paid Ads,Tier 1,35-44,Conservative
NV403244,2026-02-28,2026-02,Organic App Store,Tier 3,35-44,Aggressive
NV403245,2026-02-17,2026-02,Influencer/Content,Tier 1,35-44,Moderate
NV403246,2026-02-28,2026-02,Organic App Store,Tier 2,25-34,Aggressive
NV403247,2026-02-15,2026-02,Organic App Store,Tier 2,35-44,Conservative
NV403248,2026-02-02,2026-02,Paid Ads,Tier 1,25-34,Conservative
NV403249,2026-02-13,2026-02,Organic App Store,Tier 1,18-24,Moderate
NV403250,2026-02-26,2026-02,Referral,Tier 2,25-34,Moderate
NV403251,2026-02-27,2026-02,Organic App Store,Tier 2,45-54,Moderate
NV403252,2026-02-02,2026-02,Organic App Store,Tier 1,25-34,Moderate
NV403253,2026-02-01,2026-02,Referral,Tier 1,55+,Conservative
NV403254,2026-02-16,2026-02,Influencer/Content,Tier 1,45-54,Moderate
NV403255,2026-02-15,2026-02,Paid Ads,Tier 3,35-44,Aggressive
NV403256,2026-02-23,2026-02,Paid Ads,Tier 3,25-34,Conservative
NV403257,2026-02-28,2026-02,Paid Ads,Tier 2,25-34,Conservative
NV403258,2026-02-13,2026-02,Influencer/Content,Tier 2,25-34,Moderate
NV403259,2026-02-01,2026-02,Referral,Tier 1,25-34,Conservative
NV403260,2026-02-02,2026-02,Referral,Tier 2,25-34,Conservative
NV403261,2026-02-14,2026-02,Organic App Store,Tier 3,35-44,Conservative
NV403262,2026-02-18,2026-02,Organic App Store,Tier 3,35-44,Moderate
NV403263,2026-02-21,2026-02,Referral,Tier 1,25-34,Moderate
NV403264,2026-02-10,2026-02,Influencer/Content,Tier 3,45-54,Moderate
NV403265,2026-02-08,2026-02,Referral,Tier 1,35-44,Conservative
NV403266,2026-02-07,2026-02,Paid Ads,Tier 3,35-44,Aggressive
NV403267,2026-02-19,2026-02,Paid Ads,Tier 1,25-34,Conservative
NV403268,2026-02-06,2026-02,Paid Ads,Tier 2,35-44,Moderate
NV403269,2026-02-07,2026-02,Paid Ads,Tier 1,35-44,Conservative
NV403270,2026-02-11,2026-02,Organic App Store,Tier 1,35-44,Moderate
NV403271,2026-02-15,2026-02,Paid Ads,Tier 2,25-34,Moderate
NV403272,2026-02-13,2026-02,Organic App Store,Tier 3,18-24,Conservative
NV403273,2026-02-16,2026-02,Organic App Store,Tier 1,25-34,Conservative
NV403274,2026-02-19,2026-02,Paid Ads,Tier 1,45-54,Moderate
NV403275,2026-02-17,2026-02,Influencer/Content,Tier 2,25-34,Conservative
NV403276,2026-02-05,2026-02,Paid Ads,Tier 2,18-24,Conservative
NV403277,2026-02-17,2026-02,Influencer/Content,Tier 2,18-24,Moderate
NV403278,2026-02-03,2026-02,Organic App Store,Tier 1,35-44,Moderate
NV403279,2026-02-02,2026-02,Organic App Store,Tier 2,45-54,Moderate
NV403280,2026-02-05,2026-02,Influencer/Content,Tier 1,25-34,Moderate
NV403281,2026-02-16,2026-02,Referral,Tier 2,25-34,Moderate
NV403282,2026-02-20,2026-02,Organic App Store,Tier 1,35-44,Conservative
NV403283,2026-02-19,2026-02,Influencer/Content,Tier 2,35-44,Moderate
NV403284,2026-02-22,2026-02,Referral,Tier 1,25-34,Moderate
NV403285,2026-02-13,2026-02,Referral,Tier 1,25-34,Moderate
NV403286,2026-02-01,2026-02,Paid Ads,Tier 2,45-54,Moderate
NV403287,2026-02-26,2026-02,Influencer/Content,Tier 2,35-44,Moderate
NV403288,2026-02-03,2026-02,Influencer/Content,Tier 1,25-34,Conservative
NV403289,2026-02-15,2026-02,Referral,Tier 2,18-24,Aggressive
NV403290,2026-02-19,2026-02,Paid Ads,Tier 3,35-44,Moderate
NV403291,2026-02-11,2026-02,Influencer/Content,Tier 1,35-44,Moderate
NV403292,2026-02-23,2026-02,Organic App Store,Tier 1,35-44,Conservative
NV403293,2026-02-23,2026-02,Influencer/Content,Tier 3,18-24,Moderate
NV403294,2026-02-08,2026-02,Paid Ads,Tier 1,35-44,Moderate
NV403295,2026-02-03,2026-02,Influencer/Content,Tier 2,25-34,Moderate
NV403296,2026-02-16,2026-02,Influencer/Content,Tier 1,25-34,Conservative
NV403297,2026-02-06,2026-02,Organic App Store,Tier 2,25-34,Moderate
NV403298,2026-02-22,2026-02,Organic App Store,Tier 1,18-24,Moderate
NV403299,2026-02-27,2026-02,Organic App Store,Tier 1,35-44,Moderate
NV403300,2026-02-24,2026-02,Organic App Store,Tier 2,35-44,Moderate
NV403301,2026-02-12,2026-02,Organic App Store,Tier 1,18-24,Aggressive
NV403302,2026-02-26,2026-02,Organic App Store,Tier 3,45-54,Conservative
NV403303,2026-02-08,2026-02,Referral,Tier 1,25-34,Moderate
NV403304,2026-02-07,2026-02,Referral,Tier 1,25-34,Moderate
NV403305,2026-02-18,2026-02,Organic App Store,Tier 1,25-34,Conservative
NV403306,2026-02-05,2026-02,Organic App Store,Tier 2,25-34,Moderate
NV403307,2026-02-13,2026-02,Paid Ads,Tier 1,35-44,Moderate
NV403308,2026-02-12,2026-02,Influencer/Content,Tier 2,25-34,Conservative
NV403309,2026-02-17,2026-02,Influencer/Content,Tier 1,18-24,Moderate
NV403310,2026-02-26,2026-02,Referral,Tier 1,25-34,Moderate
NV403311,2026-02-07,2026-02,Paid Ads,Tier 1,35-44,Moderate
NV403312,2026-02-23,2026-02,Referral,Tier 3,55+,Moderate
NV403313,2026-02-27,2026-02,Organic App Store,Tier 1,18-24,Moderate
NV403314,2026-02-11,2026-02,Paid Ads,Tier 3,35-44,Conservative
NV403315,2026-02-20,2026-02,Paid Ads,Tier 2,25-34,Aggressive
NV403316,2026-02-15,2026-02,Referral,Tier 2,45-54,Aggressive
NV403317,2026-02-02,2026-02,Organic App Store,Tier 2,35-44,Moderate
NV403318,2026-02-10,2026-02,Organic App Store,Tier 1,18-24,Moderate
NV403319,2026-02-08,2026-02,Paid Ads,Tier 3,35-44,Moderate
NV403320,2026-02-16,2026-02,Influencer/Content,Tier 1,35-44,Moderate
NV403321,2026-02-22,2026-02,Referral,Tier 1,35-44,Conservative
NV403322,2026-02-08,2026-02,Organic App Store,Tier 2,25-34,Moderate
NV403323,2026-02-12,2026-02,Referral,Tier 1,25-34,Conservative
NV403324,2026-02-06,2026-02,Paid Ads,Tier 1,45-54,Aggressive
NV403325,2026-02-05,2026-02,Organic App Store,Tier 3,35-44,Aggressive
NV403326,2026-02-23,2026-02,Influencer/Content,Tier 3,55+,Conservative
NV403327,2026-02-15,2026-02,Paid Ads,Tier 1,45-54,Conservative
NV403328,2026-02-19,2026-02,Influencer/Content,Tier 1,55+,Aggressive
NV403329,2026-02-04,2026-02,Paid Ads,Tier 1,18-24,Moderate
NV403330,2026-02-25,2026-02,Influencer/Content,Tier 2,25-34,Moderate
NV403331,2026-02-23,2026-02,Referral,Tier 1,18-24,Conservative
NV403332,2026-02-10,2026-02,Influencer/Content,Tier 2,25-34,Moderate
NV403333,2026-02-09,2026-02,Influencer/Content,Tier 1,25-34,Conservative
NV403334,2026-02-10,2026-02,Organic App Store,Tier 2,45-54,Conservative
NV403335,2026-02-18,2026-02,Paid Ads,Tier 1,18-24,Aggressive
NV403336,2026-02-07,2026-02,Influencer/Content,Tier 1,55+,Aggressive
NV403337,2026-02-24,2026-02,Influencer/Content,Tier 1,25-34,Moderate
NV403338,2026-02-25,2026-02,Referral,Tier 3,45-54,Aggressive
NV403339,2026-02-22,2026-02,Referral,Tier 1,18-24,Moderate
NV403340,2026-02-02,2026-02,Referral,Tier 1,18-24,Moderate
NV403341,2026-02-08,2026-02,Referral,Tier 1,18-24,Moderate
NV403342,2026-02-07,2026-02,Paid Ads,Tier 1,35-44,Moderate
NV403343,2026-02-15,2026-02,Influencer/Content,Tier 3,25-34,Moderate
NV403344,2026-02-28,2026-02,Influencer/Content,Tier 1,35-44,Moderate
NV403345,2026-02-09,2026-02,Organic App Store,Tier 1,18-24,Aggressive
NV403346,2026-02-17,2026-02,Paid Ads,Tier 3,35-44,Moderate
NV403347,2026-02-07,2026-02,Paid Ads,Tier 2,35-44,Conservative
NV403348,2026-02-02,2026-02,Organic App Store,Tier 1,25-34,Aggressive
NV403349,2026-02-06,2026-02,Organic App Store,Tier 3,45-54,Conservative
NV403350,2026-02-25,2026-02,Organic App Store,Tier 2,35-44,Aggressive
NV403351,2026-02-07,2026-02,Organic App Store,Tier 2,25-34,Conservative
NV403352,2026-02-26,2026-02,Organic App Store,Tier 1,18-24,Moderate
NV403353,2026-02-01,2026-02,Organic App Store,Tier 1,35-44,Conservative
NV403354,2026-02-13,2026-02,Referral,Tier 3,18-24,Conservative
NV403355,2026-02-12,2026-02,Referral,Tier 1,45-54,Aggressive
NV403356,2026-02-17,2026-02,Organic App Store,Tier 1,45-54,Moderate
NV403357,2026-02-01,2026-02,Influencer/Content,Tier 3,45-54,Aggressive
NV403358,2026-02-01,2026-02,Organic App Store,Tier 2,25-34,Conservative
NV403359,2026-02-18,2026-02,Referral,Tier 2,25-34,Moderate
NV403360,2026-02-22,2026-02,Organic App Store,Tier 1,25-34,Moderate
NV403361,2026-02-28,2026-02,Referral,Tier 1,25-34,Conservative
NV403362,2026-02-09,2026-02,Referral,Tier 3,25-34,Conservative
NV403363,2026-02-28,2026-02,Influencer/Content,Tier 1,25-34,Conservative
NV403364,2026-02-15,2026-02,Paid Ads,Tier 1,25-34,Moderate
NV403365,2026-02-05,2026-02,Referral,Tier 1,25-34,Moderate
NV403366,2026-02-21,2026-02,Organic App Store,Tier 1,18-24,Aggressive
NV403367,2026-02-20,2026-02,Referral,Tier 1,25-34,Conservative
NV403368,2026-02-26,2026-02,Referral,Tier 2,25-34,Aggressive
NV403369,2026-02-20,2026-02,Referral,Tier 2,35-44,Aggressive
NV403370,2026-02-20,2026-02,Organic App Store,Tier 1,25-34,Aggressive
NV403371,2026-02-22,2026-02,Influencer/Content,Tier 1,18-24,Aggressive
NV403372,2026-02-03,2026-02,Referral,Tier 2,25-34,Moderate
NV403373,2026-02-01,2026-02,Organic App Store,Tier 2,18-24,Conservative
NV403374,2026-02-10,2026-02,Influencer/Content,Tier 1,45-54,Moderate
NV403375,2026-02-10,2026-02,Influencer/Content,Tier 2,25-34,Aggressive
NV403376,2026-02-23,2026-02,Paid Ads,Tier 2,35-44,Aggressive
NV403377,2026-02-24,2026-02,Organic App Store,Tier 2,25-34,Moderate
NV403378,2026-02-14,2026-02,Organic App Store,Tier 1,25-34,Moderate
NV403379,2026-02-15,2026-02,Paid Ads,Tier 2,25-34,Conservative
NV403380,2026-02-14,2026-02,Paid Ads,Tier 2,45-54,Aggressive
NV403381,2026-02-22,2026-02,Organic App Store,Tier 1,45-54,Moderate
NV403382,2026-02-23,2026-02,Influencer/Content,Tier 1,18-24,Conservative
NV403383,2026-02-11,2026-02,Paid Ads,Tier 2,18-24,Moderate
NV403384,2026-02-06,2026-02,Referral,Tier 1,35-44,Moderate
NV403385,2026-02-24,2026-02,Influencer/Content,Tier 1,25-34,Aggressive
NV403386,2026-02-05,2026-02,Paid Ads,Tier 1,18-24,Moderate
NV403387,2026-02-01,2026-02,Referral,Tier 2,35-44,Moderate
NV403388,2026-02-14,2026-02,Referral,Tier 3,25-34,Aggressive
NV403389,2026-02-12,2026-02,Influencer/Content,Tier 1,35-44,Aggressive
NV403390,2026-02-19,2026-02,Referral,Tier 2,25-34,Moderate
NV403391,2026-02-11,2026-02,Influencer/Content,Tier 3,25-34,Moderate
NV403392,2026-02-05,2026-02,Paid Ads,Tier 2,25-34,Conservative
NV403393,2026-02-09,2026-02,Organic App Store,Tier 1,25-34,Moderate
NV403394,2026-02-09,2026-02,Referral,Tier 1,18-24,Conservative
NV403395,2026-02-15,2026-02,Paid Ads,Tier 1,35-44,Conservative
NV403396,2026-02-22,2026-02,Influencer/Content,Tier 2,25-34,Moderate
NV403397,2026-02-24,2026-02,Paid Ads,Tier 3,25-34,Moderate
NV403398,2026-02-22,2026-02,Organic App Store,Tier 2,35-44,Moderate
NV403399,2026-02-03,2026-02,Organic App Store,Tier 2,25-34,Moderate
NV403400,2026-02-08,2026-02,Paid Ads,Tier 2,25-34,Moderate
NV403401,2026-02-17,2026-02,Influencer/Content,Tier 3,35-44,Conservative
NV403402,2026-02-10,2026-02,Influencer/Content,Tier 1,25-34,Moderate
NV403403,2026-02-19,2026-02,Influencer/Content,Tier 2,45-54,Conservative
NV403404,2026-02-24,2026-02,Paid Ads,Tier 3,45-54,Aggressive
NV403405,2026-02-08,2026-02,Influencer/Content,Tier 1,25-34,Conservative
NV403406,2026-02-16,2026-02,Organic App Store,Tier 2,45-54,Aggressive
NV403407,2026-02-05,2026-02,Influencer/Content,Tier 1,25-34,Moderate
NV403408,2026-02-09,2026-02,Referral,Tier 3,25-34,Conservative
NV403409,2026-02-09,2026-02,Referral,Tier 2,45-54,Moderate
NV403410,2026-02-02,2026-02,Paid Ads,Tier 2,25-34,Conservative
NV403411,2026-02-13,2026-02,Paid Ads,Tier 1,18-24,Conservative
NV403412,2026-02-21,2026-02,Influencer/Content,Tier 3,45-54,Moderate
NV403413,2026-02-05,2026-02,Referral,Tier 3,35-44,Moderate
NV403414,2026-02-14,2026-02,Referral,Tier 1,35-44,Conservative
NV403415,2026-02-18,2026-02,Influencer/Content,Tier 1,25-34,Moderate
NV403416,2026-02-15,2026-02,Organic App Store,Tier 2,45-54,Conservative
NV403417,2026-02-07,2026-02,Paid Ads,Tier 1,18-24,Aggressive
NV403418,2026-02-19,2026-02,Paid Ads,Tier 3,25-34,Conservative
NV403419,2026-02-03,2026-02,Paid Ads,Tier 3,18-24,Conservative
NV403420,2026-02-15,2026-02,Influencer/Content,Tier 1,45-54,Moderate
NV403421,2026-02-04,2026-02,Referral,Tier 1,25-34,Conservative
NV403422,2026-02-21,2026-02,Referral,Tier 2,45-54,Aggressive
NV403423,2026-02-07,2026-02,Paid Ads,Tier 2,35-44,Conservative
NV403424,2026-02-04,2026-02,Influencer/Content,Tier 1,45-54,Moderate
NV403425,2026-02-08,2026-02,Paid Ads,Tier 2,45-54,Moderate
NV403426,2026-02-06,2026-02,Paid Ads,Tier 2,25-34,Conservative
NV403427,2026-02-03,2026-02,Influencer/Content,Tier 1,25-34,Conservative
NV403428,2026-02-22,2026-02,Referral,Tier 1,25-34,Moderate
NV403429,2026-02-05,2026-02,Referral,Tier 2,25-34,Aggressive
NV403430,2026-02-25,2026-02,Influencer/Content,Tier 1,25-34,Moderate
NV403431,2026-02-01,2026-02,Referral,Tier 3,25-34,Moderate
NV403432,2026-02-28,2026-02,Referral,Tier 2,25-34,Conservative
NV403433,2026-02-27,2026-02,Referral,Tier 1,25-34,Moderate
NV403434,2026-02-02,2026-02,Organic App Store,Tier 2,18-24,Moderate
NV403435,2026-02-21,2026-02,Organic App Store,Tier 2,25-34,Conservative
NV403436,2026-02-23,2026-02,Referral,Tier 1,55+,Moderate
NV403437,2026-02-24,2026-02,Organic App Store,Tier 1,55+,Moderate
NV403438,2026-02-18,2026-02,Referral,Tier 3,25-34,Moderate
NV403439,2026-02-13,2026-02,Organic App Store,Tier 1,25-34,Aggressive
NV403440,2026-02-23,2026-02,Referral,Tier 1,35-44,Aggressive
NV403441,2026-02-21,2026-02,Influencer/Content,Tier 1,35-44,Conservative
NV403442,2026-02-23,2026-02,Referral,Tier 3,35-44,Conservative
NV403443,2026-02-09,2026-02,Referral,Tier 1,18-24,Conservative
NV403444,2026-02-24,2026-02,Influencer/Content,Tier 1,35-44,Moderate
NV403445,2026-02-08,2026-02,Paid Ads,Tier 2,35-44,Conservative
NV403446,2026-02-08,2026-02,Organic App Store,Tier 1,35-44,Conservative
NV403447,2026-02-24,2026-02,Organic App Store,Tier 1,35-44,Aggressive
NV403448,2026-02-06,2026-02,Paid Ads,Tier 1,25-34,Aggressive
NV403449,2026-02-17,2026-02,Organic App Store,Tier 3,25-34,Moderate
NV403450,2026-02-10,2026-02,Paid Ads,Tier 1,18-24,Aggressive
NV403451,2026-02-12,2026-02,Paid Ads,Tier 3,35-44,Moderate
NV403452,2026-02-19,2026-02,Organic App Store,Tier 1,18-24,Moderate
NV403453,2026-02-14,2026-02,Influencer/Content,Tier 2,18-24,Aggressive
NV403454,2026-02-16,2026-02,Referral,Tier 2,25-34,Moderate
NV403455,2026-02-09,2026-02,Organic App Store,Tier 1,35-44,Aggressive
NV403456,2026-02-02,2026-02,Paid Ads,Tier 3,35-44,Conservative
NV403457,2026-02-17,2026-02,Organic App Store,Tier 3,25-34,Conservative
NV403458,2026-02-18,2026-02,Organic App Store,Tier 2,25-34,Moderate
NV403459,2026-02-19,2026-02,Organic App Store,Tier 1,35-44,Conservative
NV403460,2026-02-19,2026-02,Organic App Store,Tier 1,35-44,Aggressive
NV403461,2026-02-16,2026-02,Referral,Tier 3,35-44,Conservative
NV403462,2026-02-13,2026-02,Referral,Tier 2,35-44,Moderate
NV403463,2026-02-22,2026-02,Referral,Tier 2,35-44,Aggressive
NV403464,2026-02-23,2026-02,Organic App Store,Tier 1,35-44,Conservative
NV403465,2026-02-19,2026-02,Referral,Tier 3,18-24,Moderate
NV403466,2026-02-01,2026-02,Paid Ads,Tier 1,25-34,Aggressive
NV403467,2026-02-15,2026-02,Influencer/Content,Tier 3,45-54,Conservative
NV403468,2026-02-28,2026-02,Organic App Store,Tier 2,25-34,Moderate
NV403469,2026-02-12,2026-02,Paid Ads,Tier 1,45-54,Aggressive
NV403470,2026-02-19,2026-02,Influencer/Content,Tier 3,25-34,Moderate
NV403471,2026-02-20,2026-02,Organic App Store,Tier 3,25-34,Conservative
NV403472,2026-02-19,2026-02,Referral,Tier 1,25-34,Moderate
NV403473,2026-02-08,2026-02,Referral,Tier 3,25-34,Aggressive
NV403474,2026-02-28,2026-02,Organic App Store,Tier 2,45-54,Conservative
NV403475,2026-02-23,2026-02,Paid Ads,Tier 2,35-44,Moderate
NV403476,2026-02-02,2026-02,Influencer/Content,Tier 2,25-34,Moderate
NV403477,2026-02-18,2026-02,Referral,Tier 1,25-34,Aggressive
NV403478,2026-02-21,2026-02,Organic App Store,Tier 1,45-54,Moderate
NV403479,2026-02-12,2026-02,Paid Ads,Tier 1,18-24,Moderate
NV403480,2026-02-22,2026-02,Paid Ads,Tier 1,25-34,Conservative
NV403481,2026-02-14,2026-02,Referral,Tier 1,25-34,Conservative
NV403482,2026-02-05,2026-02,Paid Ads,Tier 2,18-24,Aggressive
NV403483,2026-02-06,2026-02,Paid Ads,Tier 1,18-24,Aggressive
NV403484,2026-02-04,2026-02,Organic App Store,Tier 3,18-24,Moderate
NV403485,2026-02-14,2026-02,Paid Ads,Tier 1,18-24,Moderate
NV403486,2026-02-02,2026-02,Organic App Store,Tier 2,25-34,Moderate
NV403487,2026-02-23,2026-02,Influencer/Content,Tier 1,25-34,Aggressive
NV403488,2026-02-06,2026-02,Organic App Store,Tier 1,45-54,Aggressive
NV403489,2026-02-23,2026-02,Paid Ads,Tier 3,18-24,Conservative
NV403490,2026-02-09,2026-02,Organic App Store,Tier 2,45-54,Moderate
NV403491,2026-02-06,2026-02,Referral,Tier 2,25-34,Aggressive
NV403492,2026-02-10,2026-02,Paid Ads,Tier 1,25-34,Conservative
NV403493,2026-02-22,2026-02,Referral,Tier 1,18-24,Moderate
NV403494,2026-02-23,2026-02,Influencer/Content,Tier 1,35-44,Moderate
NV403495,2026-02-10,2026-02,Referral,Tier 2,45-54,Moderate
NV403496,2026-02-06,2026-02,Paid Ads,Tier 1,35-44,Moderate
NV403497,2026-02-17,2026-02,Organic App Store,Tier 1,18-24,Conservative
NV403498,2026-02-25,2026-02,Paid Ads,Tier 2,35-44,Moderate
NV403499,2026-02-22,2026-02,Paid Ads,Tier 1,45-54,Moderate
NV403500,2026-02-24,2026-02,Influencer/Content,Tier 1,35-44,Aggressive
NV403501,2026-02-12,2026-02,Referral,Tier 1,25-34,Aggressive
NV403502,2026-02-22,2026-02,Paid Ads,Tier 1,45-54,Aggressive
NV403503,2026-02-09,2026-02,Paid Ads,Tier 2,25-34,Moderate
NV403504,2026-02-21,2026-02,Organic App Store,Tier 1,45-54,Conservative
NV403505,2026-02-22,2026-02,Influencer/Content,Tier 2,25-34,Moderate
NV403506,2026-02-14,2026-02,Referral,Tier 1,18-24,Moderate
NV403507,2026-02-28,2026-02,Influencer/Content,Tier 1,25-34,Moderate
NV403508,2026-02-01,2026-02,Referral,Tier 1,18-24,Moderate
NV403509,2026-02-08,2026-02,Organic App Store,Tier 1,35-44,Conservative
NV403510,2026-02-10,2026-02,Paid Ads,Tier 3,25-34,Aggressive
NV403511,2026-02-17,2026-02,Paid Ads,Tier 1,18-24,Aggressive
NV403512,2026-02-06,2026-02,Organic App Store,Tier 2,35-44,Moderate
NV403513,2026-02-24,2026-02,Referral,Tier 2,18-24,Aggressive
NV403514,2026-02-18,2026-02,Referral,Tier 1,25-34,Conservative
NV403515,2026-02-10,2026-02,Influencer/Content,Tier 1,18-24,Moderate
NV403516,2026-02-02,2026-02,Paid Ads,Tier 1,55+,Moderate
NV403517,2026-02-15,2026-02,Organic App Store,Tier 2,25-34,Aggressive
NV403518,2026-02-12,2026-02,Paid Ads,Tier 3,55+,Aggressive
NV403519,2026-02-28,2026-02,Organic App Store,Tier 1,35-44,Moderate
NV403520,2026-02-02,2026-02,Referral,Tier 1,25-34,Aggressive
NV403521,2026-02-22,2026-02,Organic App Store,Tier 2,25-34,Conservative
NV403522,2026-02-17,2026-02,Paid Ads,Tier 3,25-34,Moderate
NV403523,2026-02-10,2026-02,Organic App Store,Tier 2,25-34,Moderate
NV403524,2026-02-07,2026-02,Paid Ads,Tier 1,35-44,Moderate
NV403525,2026-02-08,2026-02,Referral,Tier 1,25-34,Aggressive
NV403526,2026-02-24,2026-02,Referral,Tier 1,25-34,Aggressive
NV403527,2026-02-20,2026-02,Organic App Store,Tier 2,25-34,Conservative
NV403528,2026-02-12,2026-02,Paid Ads,Tier 2,25-34,Conservative
NV403529,2026-02-27,2026-02,Referral,Tier 2,55+,Conservative
NV403530,2026-02-17,2026-02,Paid Ads,Tier 3,25-34,Aggressive
NV403531,2026-02-25,2026-02,Referral,Tier 2,45-54,Conservative
NV403532,2026-02-18,2026-02,Organic App Store,Tier 2,18-24,Aggressive
NV403533,2026-02-15,2026-02,Referral,Tier 2,18-24,Moderate
NV403534,2026-02-15,2026-02,Organic App Store,Tier 2,55+,Moderate
NV403535,2026-02-18,2026-02,Referral,Tier 1,18-24,Aggressive
NV403536,2026-02-07,2026-02,Paid Ads,Tier 2,25-34,Conservative
NV403537,2026-02-28,2026-02,Organic App Store,Tier 2,25-34,Moderate
NV403538,2026-02-20,2026-02,Paid Ads,Tier 3,35-44,Conservative
NV403539,2026-02-06,2026-02,Organic App Store,Tier 3,35-44,Moderate
NV403540,2026-02-09,2026-02,Organic App Store,Tier 2,35-44,Conservative
NV403541,2026-02-07,2026-02,Paid Ads,Tier 3,35-44,Moderate
NV403542,2026-02-03,2026-02,Influencer/Content,Tier 3,25-34,Conservative
NV403543,2026-02-21,2026-02,Referral,Tier 1,25-34,Moderate
NV403544,2026-02-11,2026-02,Organic App Store,Tier 2,25-34,Moderate
NV403545,2026-02-20,2026-02,Organic App Store,Tier 1,35-44,Moderate
NV403546,2026-02-03,2026-02,Referral,Tier 2,25-34,Aggressive
NV403547,2026-02-19,2026-02,Influencer/Content,Tier 2,25-34,Moderate
NV403548,2026-02-14,2026-02,Organic App Store,Tier 3,35-44,Moderate
NV403549,2026-02-19,2026-02,Organic App Store,Tier 3,35-44,Aggressive
NV403550,2026-02-14,2026-02,Organic App Store,Tier 3,25-34,Aggressive
NV403551,2026-02-16,2026-02,Referral,Tier 1,45-54,Aggressive
NV403552,2026-02-13,2026-02,Influencer/Content,Tier 2,35-44,Moderate
NV403553,2026-02-01,2026-02,Influencer/Content,Tier 3,18-24,Moderate
NV403554,2026-02-10,2026-02,Organic App Store,Tier 2,25-34,Aggressive
NV403555,2026-02-05,2026-02,Referral,Tier 3,35-44,Moderate
NV403556,2026-02-21,2026-02,Paid Ads,Tier 1,18-24,Aggressive
NV403557,2026-02-19,2026-02,Influencer/Content,Tier 2,45-54,Aggressive
NV403558,2026-02-18,2026-02,Organic App Store,Tier 2,18-24,Moderate
NV403559,2026-02-18,2026-02,Referral,Tier 2,35-44,Moderate
NV403560,2026-02-24,2026-02,Influencer/Content,Tier 2,25-34,Moderate
NV403561,2026-02-15,2026-02,Referral,Tier 1,25-34,Conservative
NV403562,2026-02-19,2026-02,Referral,Tier 1,35-44,Conservative
NV403563,2026-02-19,2026-02,Organic App Store,Tier 2,55+,Moderate
NV403564,2026-02-08,2026-02,Referral,Tier 3,25-34,Conservative
NV403565,2026-02-25,2026-02,Referral,Tier 2,25-34,Moderate
NV403566,2026-02-08,2026-02,Referral,Tier 1,45-54,Conservative
NV403567,2026-02-10,2026-02,Referral,Tier 1,25-34,Moderate
NV403568,2026-02-02,2026-02,Influencer/Content,Tier 3,35-44,Conservative
NV403569,2026-02-06,2026-02,Paid Ads,Tier 1,45-54,Aggressive
NV403570,2026-02-07,2026-02,Paid Ads,Tier 2,25-34,Moderate
NV403571,2026-02-08,2026-02,Organic App Store,Tier 1,25-34,Aggressive
NV403572,2026-02-21,2026-02,Referral,Tier 2,35-44,Moderate
NV403573,2026-02-21,2026-02,Influencer/Content,Tier 2,25-34,Conservative
NV403574,2026-02-02,2026-02,Referral,Tier 1,25-34,Moderate
NV403575,2026-02-10,2026-02,Influencer/Content,Tier 2,18-24,Conservative
NV403576,2026-02-12,2026-02,Organic App Store,Tier 1,25-34,Moderate
NV403577,2026-02-28,2026-02,Referral,Tier 1,25-34,Conservative
NV403578,2026-02-25,2026-02,Organic App Store,Tier 1,25-34,Moderate
NV403579,2026-02-10,2026-02,Referral,Tier 1,35-44,Moderate
NV403580,2026-02-28,2026-02,Organic App Store,Tier 1,55+,Moderate
NV403581,2026-02-24,2026-02,Influencer/Content,Tier 2,25-34,Aggressive
NV403582,2026-02-21,2026-02,Paid Ads,Tier 1,25-34,Moderate
NV403583,2026-02-06,2026-02,Organic App Store,Tier 1,45-54,Moderate
NV403584,2026-02-12,2026-02,Organic App Store,Tier 1,25-34,Conservative
NV403585,2026-02-05,2026-02,Organic App Store,Tier 1,25-34,Conservative
NV403586,2026-02-12,2026-02,Referral,Tier 2,25-34,Aggressive
NV403587,2026-02-20,2026-02,Organic App Store,Tier 2,18-24,Aggressive
NV403588,2026-02-14,2026-02,Organic App Store,Tier 1,25-34,Conservative
NV403589,2026-02-16,2026-02,Referral,Tier 1,35-44,Conservative
NV403590,2026-02-17,2026-02,Organic App Store,Tier 2,18-24,Conservative
NV403591,2026-02-05,2026-02,Referral,Tier 3,35-44,Conservative
NV403592,2026-02-18,2026-02,Referral,Tier 3,25-34,Moderate
NV403593,2026-02-10,2026-02,Paid Ads,Tier 2,25-34,Moderate
NV403594,2026-02-07,2026-02,Paid Ads,Tier 1,45-54,Aggressive
NV403595,2026-02-26,2026-02,Referral,Tier 1,25-34,Aggressive
NV403596,2026-02-24,2026-02,Influencer/Content,Tier 3,25-34,Aggressive
NV403597,2026-02-28,2026-02,Referral,Tier 2,35-44,Conservative
NV403598,2026-02-03,2026-02,Referral,Tier 1,45-54,Conservative
NV403599,2026-02-02,2026-02,Organic App Store,Tier 1,18-24,Aggressive
NV403600,2026-02-27,2026-02,Referral,Tier 2,55+,Conservative
NV403601,2026-02-06,2026-02,Paid Ads,Tier 1,35-44,Conservative
NV403602,2026-02-02,2026-02,Paid Ads,Tier 1,35-44,Moderate
NV403603,2026-02-27,2026-02,Influencer/Content,Tier 3,25-34,Moderate
NV403604,2026-02-12,2026-02,Influencer/Content,Tier 2,18-24,Aggressive
NV403605,2026-02-06,2026-02,Paid Ads,Tier 2,25-34,Conservative
NV403606,2026-02-03,2026-02,Influencer/Content,Tier 1,25-34,Conservative
NV403607,2026-02-05,2026-02,Organic App Store,Tier 3,35-44,Conservative
NV403608,2026-02-18,2026-02,Organic App Store,Tier 2,45-54,Conservative
NV403609,2026-02-15,2026-02,Organic App Store,Tier 2,18-24,Moderate
NV403610,2026-02-16,2026-02,Referral,Tier 3,25-34,Conservative
NV403611,2026-02-21,2026-02,Organic App Store,Tier 2,18-24,Moderate
NV403612,2026-02-23,2026-02,Organic App Store,Tier 2,45-54,Moderate
NV403613,2026-02-08,2026-02,Organic App Store,Tier 1,25-34,Moderate
NV403614,2026-02-28,2026-02,Organic App Store,Tier 2,35-44,Moderate
NV403615,2026-02-13,2026-02,Organic App Store,Tier 1,55+,Conservative
NV403616,2026-02-02,2026-02,Influencer/Content,Tier 3,35-44,Moderate
NV403617,2026-02-03,2026-02,Influencer/Content,Tier 2,25-34,Conservative
NV403618,2026-02-20,2026-02,Organic App Store,Tier 1,35-44,Aggressive
NV403619,2026-02-06,2026-02,Organic App Store,Tier 2,35-44,Moderate
NV403620,2026-02-22,2026-02,Referral,Tier 3,25-34,Conservative
NV403621,2026-02-19,2026-02,Organic App Store,Tier 3,25-34,Conservative
NV403622,2026-02-25,2026-02,Influencer/Content,Tier 1,25-34,Aggressive
NV403623,2026-02-20,2026-02,Paid Ads,Tier 1,18-24,Conservative
NV403624,2026-02-27,2026-02,Organic App Store,Tier 2,18-24,Moderate
NV403625,2026-02-25,2026-02,Organic App Store,Tier 1,25-34,Conservative
NV403626,2026-02-09,2026-02,Referral,Tier 3,25-34,Conservative
NV403627,2026-02-09,2026-02,Organic App Store,Tier 1,25-34,Moderate
NV403628,2026-02-14,2026-02,Referral,Tier 1,35-44,Moderate
NV403629,2026-02-11,2026-02,Organic App Store,Tier 2,35-44,Conservative
NV403630,2026-02-02,2026-02,Influencer/Content,Tier 1,25-34,Moderate
NV403631,2026-02-03,2026-02,Organic App Store,Tier 1,45-54,Moderate
NV403632,2026-02-26,2026-02,Organic App Store,Tier 2,25-34,Conservative
NV403633,2026-02-02,2026-02,Influencer/Content,Tier 1,18-24,Conservative
NV403634,2026-02-01,2026-02,Referral,Tier 3,25-34,Moderate
NV403635,2026-02-11,2026-02,Organic App Store,Tier 1,25-34,Aggressive
NV403636,2026-02-25,2026-02,Referral,Tier 3,55+,Moderate
NV403637,2026-02-10,2026-02,Paid Ads,Tier 1,25-34,Moderate
NV403638,2026-02-25,2026-02,Referral,Tier 2,18-24,Moderate
NV403639,2026-02-15,2026-02,Paid Ads,Tier 1,18-24,Conservative
NV403640,2026-02-11,2026-02,Referral,Tier 1,35-44,Moderate
NV403641,2026-02-21,2026-02,Paid Ads,Tier 2,25-34,Conservative
NV403642,2026-02-26,2026-02,Referral,Tier 1,18-24,Conservative
NV403643,2026-02-12,2026-02,Paid Ads,Tier 3,45-54,Moderate
NV403644,2026-02-20,2026-02,Paid Ads,Tier 1,25-34,Moderate
NV403645,2026-02-07,2026-02,Influencer/Content,Tier 1,25-34,Conservative
NV403646,2026-02-05,2026-02,Referral,Tier 2,35-44,Moderate
NV403647,2026-02-11,2026-02,Influencer/Content,Tier 2,25-34,Conservative
NV403648,2026-02-09,2026-02,Influencer/Content,Tier 1,25-34,Conservative
NV403649,2026-02-06,2026-02,Influencer/Content,Tier 1,25-34,Moderate
NV403650,2026-02-12,2026-02,Influencer/Content,Tier 2,45-54,Conservative
NV403651,2026-02-17,2026-02,Organic App Store,Tier 1,35-44,Aggressive
NV403652,2026-02-19,2026-02,Referral,Tier 2,25-34,Conservative
NV403653,2026-02-09,2026-02,Influencer/Content,Tier 2,35-44,Aggressive
NV403654,2026-02-10,2026-02,Influencer/Content,Tier 2,25-34,Moderate
NV403655,2026-02-09,2026-02,Organic App Store,Tier 3,25-34,Conservative
NV403656,2026-02-06,2026-02,Influencer/Content,Tier 1,45-54,Moderate
NV403657,2026-02-16,2026-02,Organic App Store,Tier 1,25-34,Moderate
NV403658,2026-02-25,2026-02,Referral,Tier 2,45-54,Aggressive
NV403659,2026-02-24,2026-02,Organic App Store,Tier 2,25-34,Aggressive
NV403660,2026-02-05,2026-02,Influencer/Content,Tier 3,35-44,Aggressive
NV403661,2026-02-10,2026-02,Referral,Tier 2,25-34,Moderate
NV403662,2026-02-25,2026-02,Organic App Store,Tier 2,25-34,Conservative
NV403663,2026-02-19,2026-02,Organic App Store,Tier 1,25-34,Moderate
NV403664,2026-02-11,2026-02,Influencer/Content,Tier 2,35-44,Conservative
NV403665,2026-02-16,2026-02,Influencer/Content,Tier 2,35-44,Aggressive
NV403666,2026-02-15,2026-02,Influencer/Content,Tier 1,25-34,Aggressive
NV403667,2026-02-28,2026-02,Referral,Tier 3,35-44,Moderate
NV403668,2026-02-03,2026-02,Paid Ads,Tier 3,35-44,Conservative
NV403669,2026-02-20,2026-02,Paid Ads,Tier 1,25-34,Moderate
NV403670,2026-02-24,2026-02,Referral,Tier 2,35-44,Moderate
NV403671,2026-02-28,2026-02,Influencer/Content,Tier 2,35-44,Conservative
NV403672,2026-02-27,2026-02,Paid Ads,Tier 1,25-34,Moderate
NV403673,2026-02-25,2026-02,Organic App Store,Tier 1,55+,Aggressive
NV403674,2026-02-10,2026-02,Paid Ads,Tier 2,18-24,Moderate
NV403675,2026-02-20,2026-02,Referral,Tier 1,35-44,Moderate
NV403676,2026-02-15,2026-02,Referral,Tier 3,25-34,Moderate
NV403677,2026-02-07,2026-02,Influencer/Content,Tier 2,25-34,Conservative
NV403678,2026-02-12,2026-02,Organic App Store,Tier 1,18-24,Moderate
NV403679,2026-02-07,2026-02,Paid Ads,Tier 1,55+,Moderate
NV403680,2026-02-28,2026-02,Referral,Tier 3,45-54,Moderate
NV403681,2026-02-12,2026-02,Referral,Tier 3,25-34,Moderate
NV403682,2026-02-23,2026-02,Organic App Store,Tier 1,25-34,Conservative
NV403683,2026-02-22,2026-02,Organic App Store,Tier 2,25-34,Conservative
NV403684,2026-02-26,2026-02,Referral,Tier 2,35-44,Moderate
NV403685,2026-02-09,2026-02,Organic App Store,Tier 2,35-44,Conservative
NV403686,2026-02-09,2026-02,Referral,Tier 1,25-34,Aggressive
NV403687,2026-02-19,2026-02,Organic App Store,Tier 2,25-34,Moderate
NV403688,2026-02-10,2026-02,Paid Ads,Tier 1,18-24,Moderate
NV403689,2026-02-02,2026-02,Influencer/Content,Tier 2,25-34,Conservative
NV403690,2026-02-22,2026-02,Paid Ads,Tier 1,25-34,Moderate
NV403691,2026-02-10,2026-02,Organic App Store,Tier 1,35-44,Moderate
NV403692,2026-02-01,2026-02,Referral,Tier 2,35-44,Conservative
NV403693,2026-02-16,2026-02,Referral,Tier 2,45-54,Conservative
NV403694,2026-02-14,2026-02,Referral,Tier 1,25-34,Moderate
NV403695,2026-02-23,2026-02,Organic App Store,Tier 2,45-54,Conservative
NV403696,2026-02-05,2026-02,Paid Ads,Tier 1,35-44,Conservative
NV403697,2026-02-09,2026-02,Organic App Store,Tier 3,35-44,Aggressive
NV403698,2026-02-16,2026-02,Influencer/Content,Tier 2,45-54,Moderate
NV403699,2026-02-27,2026-02,Organic App Store,Tier 1,18-24,Moderate
NV403700,2026-02-09,2026-02,Organic App Store,Tier 1,25-34,Moderate
NV403701,2026-02-28,2026-02,Referral,Tier 3,35-44,Aggressive
NV403702,2026-02-16,2026-02,Paid Ads,Tier 2,25-34,Moderate
NV403703,2026-02-22,2026-02,Referral,Tier 1,18-24,Moderate
NV403704,2026-02-11,2026-02,Organic App Store,Tier 2,25-34,Moderate
NV403705,2026-02-25,2026-02,Organic App Store,Tier 3,25-34,Aggressive
NV403706,2026-02-11,2026-02,Referral,Tier 1,35-44,Moderate
NV403707,2026-02-09,2026-02,Paid Ads,Tier 1,18-24,Moderate
NV403708,2026-02-19,2026-02,Influencer/Content,Tier 1,25-34,Conservative
NV403709,2026-02-23,2026-02,Paid Ads,Tier 2,25-34,Moderate
NV403710,2026-02-24,2026-02,Paid Ads,Tier 2,35-44,Aggressive
NV403711,2026-02-25,2026-02,Referral,Tier 2,45-54,Conservative
NV403712,2026-02-14,2026-02,Organic App Store,Tier 2,18-24,Conservative
NV403713,2026-02-10,2026-02,Referral,Tier 1,35-44,Moderate
NV403714,2026-02-23,2026-02,Organic App Store,Tier 1,18-24,Moderate
NV403715,2026-02-20,2026-02,Paid Ads,Tier 2,18-24,Moderate
NV403716,2026-02-19,2026-02,Referral,Tier 2,25-34,Conservative
NV403717,2026-02-08,2026-02,Referral,Tier 3,25-34,Aggressive
NV403718,2026-02-26,2026-02,Influencer/Content,Tier 1,18-24,Moderate
NV403719,2026-02-20,2026-02,Paid Ads,Tier 1,25-34,Conservative
NV403720,2026-02-27,2026-02,Organic App Store,Tier 1,45-54,Moderate
NV403721,2026-02-10,2026-02,Organic App Store,Tier 3,45-54,Conservative
NV403722,2026-02-12,2026-02,Organic App Store,Tier 3,25-34,Moderate
NV403723,2026-02-14,2026-02,Influencer/Content,Tier 2,35-44,Conservative
NV403724,2026-02-18,2026-02,Paid Ads,Tier 3,25-34,Aggressive
NV403725,2026-02-07,2026-02,Influencer/Content,Tier 1,35-44,Moderate
NV403726,2026-02-26,2026-02,Organic App Store,Tier 2,35-44,Aggressive
NV403727,2026-02-15,2026-02,Influencer/Content,Tier 2,18-24,Aggressive
NV403728,2026-02-13,2026-02,Referral,Tier 1,35-44,Moderate
NV403729,2026-02-21,2026-02,Referral,Tier 2,35-44,Moderate
NV403730,2026-02-27,2026-02,Referral,Tier 3,35-44,Aggressive
NV403731,2026-02-02,2026-02,Referral,Tier 1,25-34,Conservative
NV403732,2026-02-23,2026-02,Organic App Store,Tier 2,18-24,Conservative
NV403733,2026-02-05,2026-02,Paid Ads,Tier 2,25-34,Moderate
NV403734,2026-02-12,2026-02,Paid Ads,Tier 1,45-54,Aggressive
NV403735,2026-02-05,2026-02,Organic App Store,Tier 1,35-44,Moderate
NV403736,2026-02-23,2026-02,Referral,Tier 3,55+,Moderate
NV403737,2026-02-02,2026-02,Influencer/Content,Tier 2,25-34,Moderate
NV403738,2026-02-13,2026-02,Organic App Store,Tier 1,25-34,Moderate
NV403739,2026-02-19,2026-02,Influencer/Content,Tier 2,45-54,Aggressive
NV403740,2026-02-10,2026-02,Organic App Store,Tier 3,45-54,Moderate
NV403741,2026-02-20,2026-02,Organic App Store,Tier 3,18-24,Aggressive
NV403742,2026-02-14,2026-02,Paid Ads,Tier 1,35-44,Moderate
NV403743,2026-02-16,2026-02,Referral,Tier 1,25-34,Moderate
NV403744,2026-02-19,2026-02,Influencer/Content,Tier 2,25-34,Moderate
NV403745,2026-02-12,2026-02,Referral,Tier 1,35-44,Moderate
NV403746,2026-02-12,2026-02,Referral,Tier 3,25-34,Conservative
NV403747,2026-02-06,2026-02,Organic App Store,Tier 2,25-34,Moderate
NV403748,2026-02-26,2026-02,Influencer/Content,Tier 3,45-54,Conservative
NV403749,2026-02-19,2026-02,Organic App Store,Tier 2,45-54,Conservative
NV403750,2026-02-27,2026-02,Paid Ads,Tier 1,35-44,Moderate
NV403751,2026-02-04,2026-02,Influencer/Content,Tier 3,25-34,Aggressive
NV403752,2026-02-01,2026-02,Referral,Tier 3,18-24,Conservative
NV403753,2026-02-19,2026-02,Influencer/Content,Tier 1,55+,Moderate
NV403754,2026-02-11,2026-02,Influencer/Content,Tier 2,25-34,Conservative
NV403755,2026-02-20,2026-02,Referral,Tier 1,55+,Conservative
NV403756,2026-02-13,2026-02,Organic App Store,Tier 1,25-34,Conservative
NV403757,2026-02-02,2026-02,Organic App Store,Tier 1,35-44,Aggressive
NV403758,2026-02-24,2026-02,Referral,Tier 2,25-34,Moderate
NV403759,2026-02-10,2026-02,Referral,Tier 1,45-54,Moderate
NV403760,2026-02-10,2026-02,Organic App Store,Tier 2,55+,Aggressive
NV403761,2026-02-26,2026-02,Organic App Store,Tier 1,18-24,Moderate
NV403762,2026-02-13,2026-02,Referral,Tier 1,35-44,Conservative
NV403763,2026-02-13,2026-02,Influencer/Content,Tier 1,18-24,Moderate
NV403764,2026-02-08,2026-02,Paid Ads,Tier 1,25-34,Moderate
NV403765,2026-02-24,2026-02,Influencer/Content,Tier 3,55+,Moderate
NV403766,2026-02-21,2026-02,Organic App Store,Tier 1,25-34,Conservative
NV403767,2026-02-27,2026-02,Influencer/Content,Tier 1,45-54,Conservative
NV403768,2026-02-08,2026-02,Referral,Tier 1,25-34,Moderate
NV403769,2026-02-13,2026-02,Referral,Tier 2,25-34,Moderate
NV403770,2026-02-07,2026-02,Referral,Tier 1,45-54,Conservative
NV403771,2026-02-15,2026-02,Referral,Tier 3,45-54,Moderate
NV403772,2026-02-11,2026-02,Referral,Tier 2,35-44,Moderate
NV403773,2026-02-21,2026-02,Influencer/Content,Tier 1,55+,Moderate
NV403774,2026-02-25,2026-02,Referral,Tier 3,25-34,Moderate
NV403775,2026-02-20,2026-02,Referral,Tier 1,25-34,Aggressive
NV403776,2026-02-26,2026-02,Paid Ads,Tier 1,25-34,Moderate
NV403777,2026-02-09,2026-02,Influencer/Content,Tier 2,35-44,Conservative
NV403778,2026-02-05,2026-02,Paid Ads,Tier 3,25-34,Moderate
NV403779,2026-02-03,2026-02,Organic App Store,Tier 2,25-34,Conservative
NV403780,2026-02-25,2026-02,Referral,Tier 3,25-34,Conservative
NV403781,2026-02-05,2026-02,Influencer/Content,Tier 1,25-34,Conservative
NV403782,2026-02-16,2026-02,Referral,Tier 2,25-34,Conservative
NV403783,2026-02-11,2026-02,Organic App Store,Tier 2,35-44,Moderate
NV403784,2026-02-23,2026-02,Organic App Store,Tier 3,25-34,Moderate
NV403785,2026-02-10,2026-02,Paid Ads,Tier 1,25-34,Conservative
NV403786,2026-02-12,2026-02,Organic App Store,Tier 1,18-24,Aggressive
NV403787,2026-02-05,2026-02,Paid Ads,Tier 1,25-34,Aggressive
NV403788,2026-02-07,2026-02,Paid Ads,Tier 2,18-24,Moderate
NV403789,2026-02-18,2026-02,Paid Ads,Tier 3,55+,Aggressive
NV403790,2026-03-09,2026-03,Paid Ads,Tier 3,25-34,Moderate
NV403791,2026-03-09,2026-03,Referral,Tier 1,18-24,Moderate
NV403792,2026-03-03,2026-03,Organic App Store,Tier 3,35-44,Moderate
NV403793,2026-03-17,2026-03,Organic App Store,Tier 3,35-44,Conservative
NV403794,2026-03-04,2026-03,Referral,Tier 1,18-24,Moderate
NV403795,2026-03-24,2026-03,Referral,Tier 2,35-44,Conservative
NV403796,2026-03-13,2026-03,Paid Ads,Tier 3,35-44,Moderate
NV403797,2026-03-16,2026-03,Paid Ads,Tier 3,35-44,Aggressive
NV403798,2026-03-30,2026-03,Referral,Tier 1,25-34,Moderate
NV403799,2026-03-29,2026-03,Organic App Store,Tier 1,35-44,Moderate
NV403800,2026-03-23,2026-03,Organic App Store,Tier 1,35-44,Moderate
NV403801,2026-03-02,2026-03,Referral,Tier 1,45-54,Moderate
NV403802,2026-03-22,2026-03,Paid Ads,Tier 2,25-34,Conservative
NV403803,2026-03-10,2026-03,Organic App Store,Tier 1,25-34,Moderate
NV403804,2026-03-17,2026-03,Organic App Store,Tier 1,35-44,Moderate
NV403805,2026-03-17,2026-03,Referral,Tier 3,25-34,Moderate
NV403806,2026-03-17,2026-03,Influencer/Content,Tier 1,35-44,Moderate
NV403807,2026-03-13,2026-03,Paid Ads,Tier 1,55+,Aggressive
NV403808,2026-03-02,2026-03,Organic App Store,Tier 1,35-44,Conservative
NV403809,2026-03-05,2026-03,Influencer/Content,Tier 2,25-34,Moderate
NV403810,2026-03-21,2026-03,Paid Ads,Tier 2,35-44,Aggressive
NV403811,2026-03-11,2026-03,Influencer/Content,Tier 1,18-24,Conservative
NV403812,2026-03-23,2026-03,Referral,Tier 2,55+,Moderate
NV403813,2026-03-14,2026-03,Paid Ads,Tier 2,25-34,Moderate
NV403814,2026-03-14,2026-03,Organic App Store,Tier 3,18-24,Conservative
NV403815,2026-03-12,2026-03,Influencer/Content,Tier 1,18-24,Aggressive
NV403816,2026-03-03,2026-03,Referral,Tier 1,55+,Moderate
NV403817,2026-03-18,2026-03,Referral,Tier 3,25-34,Conservative
NV403818,2026-03-10,2026-03,Referral,Tier 2,35-44,Conservative
NV403819,2026-03-15,2026-03,Paid Ads,Tier 2,45-54,Moderate
NV403820,2026-03-22,2026-03,Organic App Store,Tier 1,25-34,Aggressive
NV403821,2026-03-07,2026-03,Paid Ads,Tier 1,25-34,Conservative
NV403822,2026-03-06,2026-03,Organic App Store,Tier 1,55+,Conservative
NV403823,2026-03-18,2026-03,Organic App Store,Tier 1,35-44,Aggressive
NV403824,2026-03-18,2026-03,Paid Ads,Tier 3,25-34,Conservative
NV403825,2026-03-18,2026-03,Influencer/Content,Tier 1,25-34,Conservative
NV403826,2026-03-11,2026-03,Referral,Tier 3,18-24,Moderate
NV403827,2026-03-01,2026-03,Influencer/Content,Tier 2,35-44,Aggressive
NV403828,2026-03-23,2026-03,Organic App Store,Tier 2,25-34,Conservative
NV403829,2026-03-05,2026-03,Referral,Tier 3,25-34,Conservative
NV403830,2026-03-17,2026-03,Referral,Tier 1,25-34,Conservative
NV403831,2026-03-28,2026-03,Organic App Store,Tier 1,45-54,Moderate
NV403832,2026-03-20,2026-03,Organic App Store,Tier 3,35-44,Conservative
NV403833,2026-03-17,2026-03,Organic App Store,Tier 3,18-24,Aggressive
NV403834,2026-03-27,2026-03,Organic App Store,Tier 1,25-34,Moderate
NV403835,2026-03-18,2026-03,Paid Ads,Tier 1,18-24,Moderate
NV403836,2026-03-18,2026-03,Organic App Store,Tier 3,35-44,Conservative
NV403837,2026-03-11,2026-03,Paid Ads,Tier 3,25-34,Moderate
NV403838,2026-03-03,2026-03,Organic App Store,Tier 1,18-24,Moderate
NV403839,2026-03-23,2026-03,Organic App Store,Tier 1,25-34,Conservative
NV403840,2026-03-17,2026-03,Organic App Store,Tier 3,25-34,Aggressive
NV403841,2026-03-21,2026-03,Paid Ads,Tier 1,45-54,Moderate
NV403842,2026-03-02,2026-03,Referral,Tier 1,25-34,Conservative
NV403843,2026-03-14,2026-03,Organic App Store,Tier 1,25-34,Aggressive
NV403844,2026-03-01,2026-03,Referral,Tier 1,35-44,Moderate
NV403845,2026-03-25,2026-03,Referral,Tier 1,25-34,Conservative
NV403846,2026-03-05,2026-03,Organic App Store,Tier 3,45-54,Moderate
NV403847,2026-03-29,2026-03,Referral,Tier 2,35-44,Aggressive
NV403848,2026-03-27,2026-03,Organic App Store,Tier 1,25-34,Moderate
NV403849,2026-03-09,2026-03,Referral,Tier 2,25-34,Moderate
NV403850,2026-03-18,2026-03,Paid Ads,Tier 3,25-34,Conservative
NV403851,2026-03-13,2026-03,Paid Ads,Tier 3,25-34,Conservative
NV403852,2026-03-17,2026-03,Organic App Store,Tier 2,35-44,Conservative
NV403853,2026-03-13,2026-03,Influencer/Content,Tier 1,25-34,Conservative
NV403854,2026-03-12,2026-03,Organic App Store,Tier 3,45-54,Aggressive
NV403855,2026-03-29,2026-03,Influencer/Content,Tier 1,25-34,Conservative
NV403856,2026-03-26,2026-03,Organic App Store,Tier 2,25-34,Aggressive
NV403857,2026-03-03,2026-03,Referral,Tier 3,18-24,Moderate
NV403858,2026-03-12,2026-03,Organic App Store,Tier 1,25-34,Conservative
NV403859,2026-03-16,2026-03,Paid Ads,Tier 3,18-24,Moderate
NV403860,2026-03-05,2026-03,Organic App Store,Tier 1,35-44,Aggressive
NV403861,2026-03-02,2026-03,Referral,Tier 2,25-34,Moderate
NV403862,2026-03-26,2026-03,Influencer/Content,Tier 2,25-34,Aggressive
NV403863,2026-03-15,2026-03,Paid Ads,Tier 1,25-34,Moderate
NV403864,2026-03-28,2026-03,Influencer/Content,Tier 2,18-24,Moderate
NV403865,2026-03-07,2026-03,Organic App Store,Tier 3,45-54,Moderate
NV403866,2026-03-24,2026-03,Influencer/Content,Tier 2,25-34,Moderate
NV403867,2026-03-07,2026-03,Referral,Tier 2,18-24,Aggressive
NV403868,2026-03-22,2026-03,Organic App Store,Tier 2,18-24,Conservative
NV403869,2026-03-27,2026-03,Referral,Tier 2,18-24,Moderate
NV403870,2026-03-08,2026-03,Influencer/Content,Tier 1,45-54,Conservative
NV403871,2026-03-14,2026-03,Referral,Tier 1,25-34,Moderate
NV403872,2026-03-18,2026-03,Referral,Tier 2,18-24,Aggressive
NV403873,2026-03-06,2026-03,Influencer/Content,Tier 3,18-24,Moderate
NV403874,2026-03-24,2026-03,Organic App Store,Tier 2,25-34,Moderate
NV403875,2026-03-25,2026-03,Organic App Store,Tier 3,55+,Moderate
NV403876,2026-03-18,2026-03,Influencer/Content,Tier 2,35-44,Conservative
NV403877,2026-03-03,2026-03,Organic App Store,Tier 2,35-44,Aggressive
NV403878,2026-03-19,2026-03,Referral,Tier 2,25-34,Moderate
NV403879,2026-03-15,2026-03,Paid Ads,Tier 1,18-24,Aggressive
NV403880,2026-03-10,2026-03,Referral,Tier 1,35-44,Moderate
NV403881,2026-03-07,2026-03,Influencer/Content,Tier 2,35-44,Moderate
NV403882,2026-03-01,2026-03,Organic App Store,Tier 2,25-34,Aggressive
NV403883,2026-03-25,2026-03,Influencer/Content,Tier 2,45-54,Moderate
NV403884,2026-03-03,2026-03,Referral,Tier 2,25-34,Moderate
NV403885,2026-03-05,2026-03,Paid Ads,Tier 3,25-34,Conservative
NV403886,2026-03-25,2026-03,Organic App Store,Tier 2,25-34,Conservative
NV403887,2026-03-23,2026-03,Influencer/Content,Tier 3,25-34,Conservative
NV403888,2026-03-23,2026-03,Influencer/Content,Tier 3,18-24,Conservative
NV403889,2026-03-14,2026-03,Paid Ads,Tier 2,55+,Aggressive
NV403890,2026-03-26,2026-03,Organic App Store,Tier 3,25-34,Aggressive
NV403891,2026-03-09,2026-03,Organic App Store,Tier 1,45-54,Moderate
NV403892,2026-03-04,2026-03,Paid Ads,Tier 2,25-34,Aggressive
NV403893,2026-03-17,2026-03,Referral,Tier 2,25-34,Aggressive
NV403894,2026-03-24,2026-03,Organic App Store,Tier 2,25-34,Aggressive
NV403895,2026-03-26,2026-03,Paid Ads,Tier 2,18-24,Aggressive
NV403896,2026-03-27,2026-03,Paid Ads,Tier 1,35-44,Aggressive
NV403897,2026-03-17,2026-03,Influencer/Content,Tier 1,45-54,Moderate
NV403898,2026-03-04,2026-03,Referral,Tier 3,45-54,Conservative
NV403899,2026-03-02,2026-03,Paid Ads,Tier 2,35-44,Moderate
NV403900,2026-03-16,2026-03,Referral,Tier 3,18-24,Moderate
NV403901,2026-03-18,2026-03,Organic App Store,Tier 2,35-44,Moderate
NV403902,2026-03-02,2026-03,Organic App Store,Tier 2,25-34,Aggressive
NV403903,2026-03-07,2026-03,Paid Ads,Tier 2,35-44,Aggressive
NV403904,2026-03-01,2026-03,Influencer/Content,Tier 2,18-24,Aggressive
NV403905,2026-03-26,2026-03,Organic App Store,Tier 2,25-34,Moderate
NV403906,2026-03-22,2026-03,Organic App Store,Tier 1,45-54,Moderate
NV403907,2026-03-05,2026-03,Paid Ads,Tier 2,18-24,Moderate
NV403908,2026-03-29,2026-03,Organic App Store,Tier 2,25-34,Aggressive
NV403909,2026-03-09,2026-03,Organic App Store,Tier 3,25-34,Conservative
NV403910,2026-03-29,2026-03,Referral,Tier 1,18-24,Moderate
NV403911,2026-03-02,2026-03,Organic App Store,Tier 2,25-34,Moderate
NV403912,2026-03-05,2026-03,Influencer/Content,Tier 2,18-24,Conservative
NV403913,2026-03-09,2026-03,Organic App Store,Tier 3,35-44,Aggressive
NV403914,2026-03-18,2026-03,Organic App Store,Tier 1,35-44,Moderate
NV403915,2026-03-17,2026-03,Paid Ads,Tier 1,25-34,Aggressive
NV403916,2026-03-04,2026-03,Referral,Tier 1,25-34,Moderate
NV403917,2026-03-16,2026-03,Influencer/Content,Tier 3,18-24,Conservative
NV403918,2026-03-12,2026-03,Influencer/Content,Tier 1,18-24,Aggressive
NV403919,2026-03-04,2026-03,Influencer/Content,Tier 3,25-34,Conservative
NV403920,2026-03-16,2026-03,Referral,Tier 1,25-34,Conservative
NV403921,2026-03-03,2026-03,Influencer/Content,Tier 2,35-44,Conservative
NV403922,2026-03-10,2026-03,Influencer/Content,Tier 3,18-24,Moderate
NV403923,2026-03-27,2026-03,Organic App Store,Tier 2,45-54,Moderate
NV403924,2026-03-25,2026-03,Organic App Store,Tier 2,25-34,Aggressive
NV403925,2026-03-11,2026-03,Referral,Tier 3,25-34,Conservative
NV403926,2026-03-09,2026-03,Organic App Store,Tier 1,18-24,Conservative
NV403927,2026-03-06,2026-03,Organic App Store,Tier 3,35-44,Conservative
NV403928,2026-03-03,2026-03,Organic App Store,Tier 1,25-34,Aggressive
NV403929,2026-03-26,2026-03,Paid Ads,Tier 3,18-24,Moderate
NV403930,2026-03-05,2026-03,Referral,Tier 1,25-34,Moderate
NV403931,2026-03-12,2026-03,Organic App Store,Tier 1,35-44,Moderate
NV403932,2026-03-27,2026-03,Influencer/Content,Tier 1,35-44,Conservative
NV403933,2026-03-12,2026-03,Referral,Tier 1,35-44,Moderate
NV403934,2026-03-13,2026-03,Organic App Store,Tier 3,35-44,Conservative
NV403935,2026-03-12,2026-03,Paid Ads,Tier 2,45-54,Moderate
NV403936,2026-03-08,2026-03,Organic App Store,Tier 2,35-44,Moderate
NV403937,2026-03-02,2026-03,Referral,Tier 2,18-24,Aggressive
NV403938,2026-03-20,2026-03,Influencer/Content,Tier 3,25-34,Conservative
NV403939,2026-03-14,2026-03,Organic App Store,Tier 1,25-34,Aggressive
NV403940,2026-03-12,2026-03,Referral,Tier 2,25-34,Conservative
NV403941,2026-03-23,2026-03,Influencer/Content,Tier 2,18-24,Moderate
NV403942,2026-03-18,2026-03,Organic App Store,Tier 3,35-44,Moderate
NV403943,2026-03-11,2026-03,Paid Ads,Tier 3,25-34,Aggressive
NV403944,2026-03-19,2026-03,Referral,Tier 2,25-34,Moderate
NV403945,2026-03-05,2026-03,Organic App Store,Tier 1,35-44,Conservative
NV403946,2026-03-08,2026-03,Organic App Store,Tier 3,55+,Conservative
NV403947,2026-03-18,2026-03,Paid Ads,Tier 1,25-34,Conservative
NV403948,2026-03-30,2026-03,Organic App Store,Tier 2,35-44,Moderate
NV403949,2026-03-28,2026-03,Influencer/Content,Tier 2,35-44,Aggressive
NV403950,2026-03-14,2026-03,Referral,Tier 2,25-34,Aggressive
NV403951,2026-03-07,2026-03,Influencer/Content,Tier 2,25-34,Aggressive
NV403952,2026-03-18,2026-03,Influencer/Content,Tier 2,25-34,Moderate
NV403953,2026-03-30,2026-03,Referral,Tier 1,25-34,Conservative
NV403954,2026-03-10,2026-03,Influencer/Content,Tier 1,45-54,Conservative
NV403955,2026-03-28,2026-03,Influencer/Content,Tier 3,18-24,Aggressive
NV403956,2026-03-18,2026-03,Organic App Store,Tier 2,35-44,Conservative
NV403957,2026-03-17,2026-03,Paid Ads,Tier 1,35-44,Conservative
NV403958,2026-03-17,2026-03,Organic App Store,Tier 1,35-44,Moderate
NV403959,2026-03-15,2026-03,Influencer/Content,Tier 3,25-34,Moderate
NV403960,2026-03-05,2026-03,Referral,Tier 1,25-34,Moderate
NV403961,2026-03-14,2026-03,Paid Ads,Tier 2,25-34,Conservative
NV403962,2026-03-30,2026-03,Organic App Store,Tier 2,25-34,Moderate
NV403963,2026-03-22,2026-03,Organic App Store,Tier 2,45-54,Moderate
NV403964,2026-03-04,2026-03,Organic App Store,Tier 1,18-24,Conservative
NV403965,2026-03-24,2026-03,Referral,Tier 2,25-34,Conservative
NV403966,2026-03-15,2026-03,Paid Ads,Tier 1,55+,Aggressive
NV403967,2026-03-29,2026-03,Referral,Tier 2,25-34,Moderate
NV403968,2026-03-20,2026-03,Influencer/Content,Tier 1,35-44,Moderate
NV403969,2026-03-19,2026-03,Referral,Tier 3,35-44,Moderate
NV403970,2026-03-09,2026-03,Paid Ads,Tier 1,25-34,Conservative
NV403971,2026-03-16,2026-03,Influencer/Content,Tier 1,35-44,Moderate
NV403972,2026-03-02,2026-03,Organic App Store,Tier 2,18-24,Moderate
NV403973,2026-03-17,2026-03,Influencer/Content,Tier 1,35-44,Moderate
NV403974,2026-03-17,2026-03,Referral,Tier 3,35-44,Conservative
NV403975,2026-03-22,2026-03,Organic App Store,Tier 2,18-24,Aggressive
NV403976,2026-03-09,2026-03,Referral,Tier 2,25-34,Conservative
NV403977,2026-03-26,2026-03,Organic App Store,Tier 1,18-24,Aggressive
NV403978,2026-03-07,2026-03,Referral,Tier 2,45-54,Moderate
NV403979,2026-03-15,2026-03,Organic App Store,Tier 2,25-34,Moderate
NV403980,2026-03-09,2026-03,Paid Ads,Tier 2,55+,Moderate
NV403981,2026-03-17,2026-03,Organic App Store,Tier 2,45-54,Moderate
NV403982,2026-03-01,2026-03,Organic App Store,Tier 3,25-34,Conservative
NV403983,2026-03-05,2026-03,Influencer/Content,Tier 1,35-44,Conservative
NV403984,2026-03-28,2026-03,Influencer/Content,Tier 1,18-24,Conservative
NV403985,2026-03-11,2026-03,Organic App Store,Tier 3,35-44,Moderate
NV403986,2026-03-08,2026-03,Referral,Tier 1,18-24,Moderate
NV403987,2026-03-08,2026-03,Organic App Store,Tier 2,55+,Moderate
NV403988,2026-03-18,2026-03,Organic App Store,Tier 1,25-34,Conservative
NV403989,2026-03-26,2026-03,Referral,Tier 2,18-24,Moderate
NV403990,2026-03-24,2026-03,Organic App Store,Tier 1,25-34,Conservative
NV403991,2026-03-02,2026-03,Organic App Store,Tier 2,25-34,Moderate
NV403992,2026-03-23,2026-03,Influencer/Content,Tier 2,35-44,Aggressive
NV403993,2026-03-01,2026-03,Organic App Store,Tier 1,35-44,Aggressive
NV403994,2026-03-12,2026-03,Paid Ads,Tier 3,45-54,Moderate
NV403995,2026-03-21,2026-03,Organic App Store,Tier 3,35-44,Moderate
NV403996,2026-03-09,2026-03,Organic App Store,Tier 3,25-34,Conservative
NV403997,2026-03-21,2026-03,Referral,Tier 1,45-54,Aggressive
NV403998,2026-03-09,2026-03,Referral,Tier 2,25-34,Conservative
NV403999,2026-03-25,2026-03,Organic App Store,Tier 1,25-34,Moderate
NV404000,2026-03-05,2026-03,Referral,Tier 2,35-44,Conservative
NV404001,2026-03-02,2026-03,Influencer/Content,Tier 2,25-34,Moderate
NV404002,2026-03-19,2026-03,Paid Ads,Tier 1,18-24,Aggressive
NV404003,2026-03-01,2026-03,Referral,Tier 1,25-34,Moderate
NV404004,2026-03-05,2026-03,Paid Ads,Tier 1,25-34,Conservative
NV404005,2026-03-22,2026-03,Organic App Store,Tier 2,45-54,Aggressive
NV404006,2026-03-04,2026-03,Referral,Tier 1,25-34,Conservative
NV404007,2026-03-06,2026-03,Referral,Tier 2,35-44,Moderate
NV404008,2026-03-24,2026-03,Referral,Tier 1,25-34,Conservative
NV404009,2026-03-21,2026-03,Paid Ads,Tier 3,25-34,Moderate
NV404010,2026-03-15,2026-03,Organic App Store,Tier 3,25-34,Conservative
NV404011,2026-03-09,2026-03,Influencer/Content,Tier 1,25-34,Moderate
NV404012,2026-03-11,2026-03,Influencer/Content,Tier 2,18-24,Conservative
NV404013,2026-03-14,2026-03,Paid Ads,Tier 1,25-34,Moderate
NV404014,2026-03-27,2026-03,Referral,Tier 2,45-54,Moderate
NV404015,2026-03-22,2026-03,Paid Ads,Tier 2,25-34,Moderate
NV404016,2026-03-28,2026-03,Organic App Store,Tier 1,25-34,Conservative
NV404017,2026-03-12,2026-03,Referral,Tier 3,35-44,Conservative
NV404018,2026-03-09,2026-03,Influencer/Content,Tier 3,25-34,Moderate
NV404019,2026-03-30,2026-03,Organic App Store,Tier 3,25-34,Conservative
NV404020,2026-03-28,2026-03,Paid Ads,Tier 1,55+,Moderate
NV404021,2026-03-25,2026-03,Influencer/Content,Tier 2,25-34,Moderate
NV404022,2026-03-10,2026-03,Referral,Tier 1,25-34,Moderate
NV404023,2026-03-01,2026-03,Paid Ads,Tier 2,18-24,Conservative
NV404024,2026-03-13,2026-03,Paid Ads,Tier 1,35-44,Moderate
NV404025,2026-03-09,2026-03,Organic App Store,Tier 3,35-44,Aggressive
NV404026,2026-03-07,2026-03,Referral,Tier 3,35-44,Aggressive
NV404027,2026-03-15,2026-03,Organic App Store,Tier 1,18-24,Moderate
NV404028,2026-03-14,2026-03,Organic App Store,Tier 1,25-34,Aggressive
NV404029,2026-03-26,2026-03,Organic App Store,Tier 2,25-34,Conservative
NV404030,2026-03-06,2026-03,Influencer/Content,Tier 1,18-24,Moderate
NV404031,2026-03-22,2026-03,Organic App Store,Tier 1,35-44,Conservative
NV404032,2026-03-13,2026-03,Organic App Store,Tier 1,25-34,Moderate
NV404033,2026-03-29,2026-03,Referral,Tier 3,35-44,Aggressive
NV404034,2026-03-15,2026-03,Paid Ads,Tier 2,25-34,Conservative
NV404035,2026-03-08,2026-03,Organic App Store,Tier 1,25-34,Moderate
NV404036,2026-03-07,2026-03,Organic App Store,Tier 2,25-34,Aggressive
NV404037,2026-03-26,2026-03,Influencer/Content,Tier 3,35-44,Aggressive
NV404038,2026-03-03,2026-03,Paid Ads,Tier 3,25-34,Moderate
NV404039,2026-03-12,2026-03,Organic App Store,Tier 3,18-24,Conservative
NV404040,2026-03-18,2026-03,Organic App Store,Tier 2,35-44,Moderate
NV404041,2026-03-30,2026-03,Influencer/Content,Tier 3,25-34,Conservative
NV404042,2026-03-30,2026-03,Organic App Store,Tier 1,25-34,Conservative
NV404043,2026-03-22,2026-03,Paid Ads,Tier 1,25-34,Moderate
NV404044,2026-03-24,2026-03,Organic App Store,Tier 1,35-44,Moderate
NV404045,2026-03-24,2026-03,Influencer/Content,Tier 1,25-34,Conservative
NV404046,2026-03-20,2026-03,Organic App Store,Tier 2,35-44,Conservative
NV404047,2026-03-22,2026-03,Paid Ads,Tier 2,25-34,Aggressive
NV404048,2026-03-19,2026-03,Organic App Store,Tier 2,18-24,Conservative
NV404049,2026-03-22,2026-03,Influencer/Content,Tier 3,35-44,Moderate
NV404050,2026-03-11,2026-03,Organic App Store,Tier 1,25-34,Moderate
NV404051,2026-03-25,2026-03,Organic App Store,Tier 2,35-44,Moderate
NV404052,2026-03-24,2026-03,Organic App Store,Tier 2,25-34,Aggressive
NV404053,2026-03-12,2026-03,Influencer/Content,Tier 3,35-44,Conservative
NV404054,2026-03-28,2026-03,Organic App Store,Tier 1,25-34,Moderate
NV404055,2026-03-27,2026-03,Paid Ads,Tier 2,25-34,Moderate
NV404056,2026-03-22,2026-03,Referral,Tier 2,25-34,Aggressive
NV404057,2026-03-16,2026-03,Influencer/Content,Tier 3,45-54,Moderate
NV404058,2026-03-20,2026-03,Organic App Store,Tier 1,18-24,Conservative
NV404059,2026-03-22,2026-03,Influencer/Content,Tier 3,25-34,Moderate
NV404060,2026-03-03,2026-03,Organic App Store,Tier 2,25-34,Aggressive
NV404061,2026-03-20,2026-03,Referral,Tier 2,18-24,Conservative
NV404062,2026-03-15,2026-03,Organic App Store,Tier 2,35-44,Moderate
NV404063,2026-03-27,2026-03,Referral,Tier 1,18-24,Moderate
NV404064,2026-03-08,2026-03,Influencer/Content,Tier 1,18-24,Conservative
NV404065,2026-03-30,2026-03,Referral,Tier 2,45-54,Conservative
NV404066,2026-03-16,2026-03,Organic App Store,Tier 1,35-44,Moderate
NV404067,2026-03-27,2026-03,Influencer/Content,Tier 3,35-44,Aggressive
NV404068,2026-03-30,2026-03,Organic App Store,Tier 3,25-34,Moderate
NV404069,2026-03-27,2026-03,Paid Ads,Tier 2,35-44,Conservative
NV404070,2026-03-04,2026-03,Referral,Tier 1,25-34,Moderate
NV404071,2026-03-17,2026-03,Paid Ads,Tier 1,18-24,Moderate
NV404072,2026-03-14,2026-03,Organic App Store,Tier 3,35-44,Conservative
NV404073,2026-03-09,2026-03,Organic App Store,Tier 2,25-34,Conservative
NV404074,2026-03-05,2026-03,Influencer/Content,Tier 1,18-24,Aggressive
NV404075,2026-03-23,2026-03,Referral,Tier 2,25-34,Conservative
NV404076,2026-03-24,2026-03,Organic App Store,Tier 3,45-54,Moderate
NV404077,2026-03-09,2026-03,Organic App Store,Tier 2,25-34,Moderate
NV404078,2026-03-07,2026-03,Referral,Tier 1,35-44,Moderate
NV404079,2026-03-12,2026-03,Referral,Tier 3,25-34,Aggressive
NV404080,2026-03-19,2026-03,Organic App Store,Tier 2,25-34,Aggressive
NV404081,2026-03-27,2026-03,Influencer/Content,Tier 2,18-24,Moderate
NV404082,2026-03-15,2026-03,Organic App Store,Tier 2,35-44,Conservative
NV404083,2026-03-17,2026-03,Organic App Store,Tier 2,25-34,Moderate
NV404084,2026-03-11,2026-03,Organic App Store,Tier 2,18-24,Moderate
NV404085,2026-03-27,2026-03,Referral,Tier 1,25-34,Aggressive
NV404086,2026-03-21,2026-03,Paid Ads,Tier 1,25-34,Moderate
NV404087,2026-03-04,2026-03,Paid Ads,Tier 1,45-54,Moderate
NV404088,2026-03-21,2026-03,Organic App Store,Tier 2,25-34,Aggressive
NV404089,2026-03-12,2026-03,Organic App Store,Tier 2,25-34,Conservative
NV404090,2026-03-02,2026-03,Organic App Store,Tier 3,25-34,Moderate
NV404091,2026-03-14,2026-03,Paid Ads,Tier 2,25-34,Conservative
NV404092,2026-03-29,2026-03,Paid Ads,Tier 1,25-34,Aggressive
NV404093,2026-03-12,2026-03,Referral,Tier 1,35-44,Conservative
NV404094,2026-03-11,2026-03,Paid Ads,Tier 2,18-24,Moderate
NV404095,2026-03-10,2026-03,Paid Ads,Tier 2,55+,Conservative
NV404096,2026-03-01,2026-03,Referral,Tier 1,18-24,Conservative
NV404097,2026-03-24,2026-03,Paid Ads,Tier 2,18-24,Aggressive
NV404098,2026-03-27,2026-03,Influencer/Content,Tier 1,35-44,Conservative
NV404099,2026-03-29,2026-03,Organic App Store,Tier 2,18-24,Moderate
NV404100,2026-03-29,2026-03,Influencer/Content,Tier 2,18-24,Moderate
NV404101,2026-03-02,2026-03,Organic App Store,Tier 1,35-44,Aggressive
NV404102,2026-03-29,2026-03,Referral,Tier 3,35-44,Moderate
NV404103,2026-03-02,2026-03,Organic App Store,Tier 1,25-34,Moderate
NV404104,2026-03-14,2026-03,Referral,Tier 1,35-44,Moderate
NV404105,2026-03-06,2026-03,Organic App Store,Tier 1,18-24,Conservative
NV404106,2026-03-26,2026-03,Influencer/Content,Tier 1,18-24,Moderate
NV404107,2026-03-07,2026-03,Paid Ads,Tier 3,25-34,Moderate
NV404108,2026-03-10,2026-03,Organic App Store,Tier 3,25-34,Conservative
NV404109,2026-03-06,2026-03,Organic App Store,Tier 2,25-34,Conservative
NV404110,2026-03-29,2026-03,Influencer/Content,Tier 1,35-44,Aggressive
NV404111,2026-03-12,2026-03,Influencer/Content,Tier 2,25-34,Aggressive
NV404112,2026-03-16,2026-03,Paid Ads,Tier 2,25-34,Aggressive
NV404113,2026-03-24,2026-03,Referral,Tier 3,25-34,Aggressive
NV404114,2026-03-02,2026-03,Paid Ads,Tier 2,35-44,Conservative
NV404115,2026-03-23,2026-03,Referral,Tier 2,25-34,Conservative
NV404116,2026-03-16,2026-03,Referral,Tier 3,25-34,Moderate
NV404117,2026-03-18,2026-03,Paid Ads,Tier 1,45-54,Moderate
NV404118,2026-03-13,2026-03,Organic App Store,Tier 1,18-24,Conservative
NV404119,2026-03-21,2026-03,Referral,Tier 1,25-34,Conservative
NV404120,2026-03-19,2026-03,Organic App Store,Tier 3,35-44,Moderate
NV404121,2026-03-17,2026-03,Influencer/Content,Tier 1,55+,Moderate
NV404122,2026-03-20,2026-03,Influencer/Content,Tier 2,45-54,Conservative
NV404123,2026-03-15,2026-03,Paid Ads,Tier 3,35-44,Moderate
NV404124,2026-03-13,2026-03,Organic App Store,Tier 1,45-54,Moderate
NV404125,2026-03-18,2026-03,Referral,Tier 2,35-44,Aggressive
NV404126,2026-03-29,2026-03,Organic App Store,Tier 3,45-54,Moderate
NV404127,2026-03-23,2026-03,Referral,Tier 1,25-34,Aggressive
NV404128,2026-03-08,2026-03,Paid Ads,Tier 3,35-44,Aggressive
NV404129,2026-03-21,2026-03,Organic App Store,Tier 1,35-44,Aggressive
NV404130,2026-03-05,2026-03,Paid Ads,Tier 1,25-34,Aggressive
NV404131,2026-03-12,2026-03,Organic App Store,Tier 1,18-24,Moderate
NV404132,2026-03-23,2026-03,Referral,Tier 1,25-34,Moderate
NV404133,2026-03-01,2026-03,Organic App Store,Tier 3,25-34,Moderate
NV404134,2026-03-05,2026-03,Influencer/Content,Tier 3,35-44,Moderate
NV404135,2026-03-22,2026-03,Organic App Store,Tier 3,25-34,Aggressive
NV404136,2026-03-18,2026-03,Referral,Tier 2,35-44,Aggressive
NV404137,2026-03-24,2026-03,Paid Ads,Tier 2,35-44,Moderate
NV404138,2026-03-05,2026-03,Referral,Tier 2,35-44,Moderate
NV404139,2026-03-02,2026-03,Referral,Tier 2,25-34,Moderate
NV404140,2026-03-06,2026-03,Paid Ads,Tier 3,18-24,Moderate
NV404141,2026-03-21,2026-03,Referral,Tier 1,55+,Conservative
NV404142,2026-03-24,2026-03,Influencer/Content,Tier 1,35-44,Conservative
NV404143,2026-03-29,2026-03,Paid Ads,Tier 3,25-34,Moderate
NV404144,2026-03-30,2026-03,Referral,Tier 3,18-24,Moderate
NV404145,2026-03-14,2026-03,Referral,Tier 2,35-44,Conservative
NV404146,2026-03-08,2026-03,Organic App Store,Tier 1,18-24,Moderate
NV404147,2026-03-14,2026-03,Paid Ads,Tier 2,45-54,Aggressive
NV404148,2026-03-22,2026-03,Paid Ads,Tier 2,25-34,Moderate
NV404149,2026-03-26,2026-03,Organic App Store,Tier 1,25-34,Moderate
NV404150,2026-03-20,2026-03,Organic App Store,Tier 3,45-54,Aggressive
NV404151,2026-03-08,2026-03,Paid Ads,Tier 1,25-34,Conservative
NV404152,2026-03-05,2026-03,Paid Ads,Tier 1,18-24,Moderate
NV404153,2026-03-03,2026-03,Organic App Store,Tier 2,35-44,Aggressive
NV404154,2026-03-16,2026-03,Paid Ads,Tier 2,18-24,Moderate
NV404155,2026-03-28,2026-03,Paid Ads,Tier 2,25-34,Moderate
NV404156,2026-03-29,2026-03,Organic App Store,Tier 2,25-34,Aggressive
NV404157,2026-03-11,2026-03,Organic App Store,Tier 1,25-34,Moderate
NV404158,2026-03-08,2026-03,Influencer/Content,Tier 2,25-34,Conservative
NV404159,2026-03-30,2026-03,Influencer/Content,Tier 3,25-34,Conservative
NV404160,2026-03-09,2026-03,Paid Ads,Tier 2,25-34,Moderate
NV404161,2026-03-04,2026-03,Paid Ads,Tier 3,25-34,Aggressive
NV404162,2026-03-26,2026-03,Influencer/Content,Tier 3,35-44,Moderate
NV404163,2026-03-02,2026-03,Referral,Tier 1,25-34,Aggressive
NV404164,2026-03-11,2026-03,Organic App Store,Tier 2,35-44,Moderate
NV404165,2026-03-07,2026-03,Referral,Tier 1,25-34,Moderate
NV404166,2026-03-04,2026-03,Paid Ads,Tier 2,25-34,Moderate
NV404167,2026-03-26,2026-03,Influencer/Content,Tier 2,25-34,Conservative
NV404168,2026-03-16,2026-03,Paid Ads,Tier 2,18-24,Conservative
NV404169,2026-03-22,2026-03,Influencer/Content,Tier 1,25-34,Aggressive
NV404170,2026-03-07,2026-03,Organic App Store,Tier 2,18-24,Moderate
NV404171,2026-03-18,2026-03,Referral,Tier 1,35-44,Moderate
NV404172,2026-03-23,2026-03,Referral,Tier 1,18-24,Conservative
NV404173,2026-03-05,2026-03,Referral,Tier 1,55+,Conservative
NV404174,2026-03-29,2026-03,Influencer/Content,Tier 1,18-24,Conservative
NV404175,2026-03-07,2026-03,Organic App Store,Tier 3,35-44,Aggressive
NV404176,2026-03-30,2026-03,Influencer/Content,Tier 1,18-24,Aggressive
NV404177,2026-03-27,2026-03,Referral,Tier 1,25-34,Moderate
NV404178,2026-03-27,2026-03,Organic App Store,Tier 2,18-24,Aggressive
NV404179,2026-03-21,2026-03,Organic App Store,Tier 3,25-34,Aggressive
NV404180,2026-03-07,2026-03,Referral,Tier 2,25-34,Moderate
NV404181,2026-03-10,2026-03,Organic App Store,Tier 1,35-44,Moderate
NV404182,2026-03-21,2026-03,Paid Ads,Tier 2,45-54,Moderate
NV404183,2026-03-29,2026-03,Organic App Store,Tier 1,25-34,Conservative
NV404184,2026-03-10,2026-03,Organic App Store,Tier 2,35-44,Moderate
NV404185,2026-03-04,2026-03,Referral,Tier 2,25-34,Moderate
NV404186,2026-03-08,2026-03,Influencer/Content,Tier 1,25-34,Conservative
NV404187,2026-03-27,2026-03,Organic App Store,Tier 2,25-34,Aggressive
NV404188,2026-03-05,2026-03,Referral,Tier 1,18-24,Moderate
NV404189,2026-03-14,2026-03,Referral,Tier 1,25-34,Aggressive
NV404190,2026-03-17,2026-03,Paid Ads,Tier 2,25-34,Conservative
NV404191,2026-03-07,2026-03,Organic App Store,Tier 2,35-44,Moderate
NV404192,2026-03-06,2026-03,Organic App Store,Tier 3,25-34,Conservative
NV404193,2026-03-21,2026-03,Paid Ads,Tier 2,25-34,Conservative
NV404194,2026-03-14,2026-03,Organic App Store,Tier 3,35-44,Moderate
NV404195,2026-03-16,2026-03,Organic App Store,Tier 1,25-34,Aggressive
NV404196,2026-03-03,2026-03,Organic App Store,Tier 1,35-44,Conservative
NV404197,2026-03-15,2026-03,Organic App Store,Tier 2,18-24,Moderate
NV404198,2026-03-27,2026-03,Organic App Store,Tier 3,25-34,Moderate
NV404199,2026-03-03,2026-03,Referral,Tier 2,35-44,Aggressive
NV404200,2026-03-21,2026-03,Influencer/Content,Tier 1,25-34,Conservative
NV404201,2026-03-28,2026-03,Referral,Tier 1,25-34,Aggressive
NV404202,2026-03-10,2026-03,Influencer/Content,Tier 1,25-34,Aggressive
NV404203,2026-03-14,2026-03,Referral,Tier 3,25-34,Aggressive
NV404204,2026-03-21,2026-03,Organic App Store,Tier 3,35-44,Moderate
NV404205,2026-03-16,2026-03,Referral,Tier 1,55+,Conservative
NV404206,2026-03-19,2026-03,Organic App Store,Tier 3,25-34,Aggressive
NV404207,2026-03-16,2026-03,Paid Ads,Tier 2,45-54,Aggressive
NV404208,2026-03-16,2026-03,Referral,Tier 3,35-44,Aggressive
NV404209,2026-03-26,2026-03,Influencer/Content,Tier 1,25-34,Conservative
NV404210,2026-03-29,2026-03,Influencer/Content,Tier 1,55+,Moderate
NV404211,2026-03-16,2026-03,Referral,Tier 2,25-34,Moderate
NV404212,2026-03-23,2026-03,Organic App Store,Tier 2,25-34,Conservative
NV404213,2026-03-09,2026-03,Influencer/Content,Tier 2,25-34,Moderate
NV404214,2026-03-08,2026-03,Organic App Store,Tier 1,25-34,Aggressive
NV404215,2026-03-15,2026-03,Organic App Store,Tier 1,25-34,Moderate
NV404216,2026-03-11,2026-03,Paid Ads,Tier 1,25-34,Aggressive
NV404217,2026-03-15,2026-03,Organic App Store,Tier 1,25-34,Conservative
NV404218,2026-03-13,2026-03,Influencer/Content,Tier 1,35-44,Conservative
NV404219,2026-03-08,2026-03,Influencer/Content,Tier 3,18-24,Conservative
NV404220,2026-03-23,2026-03,Referral,Tier 2,35-44,Conservative
NV404221,2026-03-27,2026-03,Paid Ads,Tier 2,45-54,Conservative
NV404222,2026-03-26,2026-03,Organic App Store,Tier 2,18-24,Moderate
NV404223,2026-03-23,2026-03,Influencer/Content,Tier 3,25-34,Aggressive
NV404224,2026-03-25,2026-03,Paid Ads,Tier 2,18-24,Aggressive
NV404225,2026-03-08,2026-03,Paid Ads,Tier 2,35-44,Moderate
NV404226,2026-03-21,2026-03,Paid Ads,Tier 2,55+,Moderate
NV404227,2026-03-27,2026-03,Organic App Store,Tier 1,18-24,Moderate
NV404228,2026-03-27,2026-03,Organic App Store,Tier 3,25-34,Moderate
NV404229,2026-03-06,2026-03,Organic App Store,Tier 2,25-34,Aggressive
NV404230,2026-03-04,2026-03,Influencer/Content,Tier 1,45-54,Moderate
NV404231,2026-03-22,2026-03,Paid Ads,Tier 1,45-54,Conservative
NV404232,2026-03-29,2026-03,Referral,Tier 2,18-24,Aggressive
NV404233,2026-03-14,2026-03,Paid Ads,Tier 3,35-44,Moderate
NV404234,2026-03-17,2026-03,Influencer/Content,Tier 2,25-34,Aggressive
NV404235,2026-03-23,2026-03,Referral,Tier 2,25-34,Conservative
NV404236,2026-03-29,2026-03,Referral,Tier 1,25-34,Moderate
NV404237,2026-03-30,2026-03,Paid Ads,Tier 2,35-44,Moderate
NV404238,2026-03-10,2026-03,Referral,Tier 1,18-24,Aggressive
NV404239,2026-03-15,2026-03,Organic App Store,Tier 1,25-34,Conservative
NV404240,2026-03-08,2026-03,Influencer/Content,Tier 1,45-54,Aggressive
NV404241,2026-03-14,2026-03,Organic App Store,Tier 2,35-44,Moderate
NV404242,2026-03-26,2026-03,Referral,Tier 3,18-24,Moderate
NV404243,2026-03-15,2026-03,Referral,Tier 3,35-44,Conservative
NV404244,2026-03-20,2026-03,Organic App Store,Tier 2,18-24,Aggressive
NV404245,2026-03-11,2026-03,Referral,Tier 3,35-44,Moderate
NV404246,2026-03-12,2026-03,Referral,Tier 2,45-54,Aggressive
NV404247,2026-03-19,2026-03,Influencer/Content,Tier 1,35-44,Conservative
NV404248,2026-03-12,2026-03,Influencer/Content,Tier 1,25-34,Moderate
NV404249,2026-03-01,2026-03,Organic App Store,Tier 2,55+,Moderate
NV404250,2026-03-13,2026-03,Paid Ads,Tier 2,25-34,Moderate
NV404251,2026-03-15,2026-03,Referral,Tier 2,18-24,Conservative
NV404252,2026-03-23,2026-03,Referral,Tier 3,25-34,Moderate
NV404253,2026-03-25,2026-03,Organic App Store,Tier 1,18-24,Aggressive
NV404254,2026-03-14,2026-03,Referral,Tier 2,25-34,Aggressive
NV404255,2026-03-06,2026-03,Referral,Tier 2,25-34,Moderate
NV404256,2026-03-22,2026-03,Organic App Store,Tier 1,35-44,Conservative
NV404257,2026-03-27,2026-03,Referral,Tier 3,35-44,Aggressive
NV404258,2026-03-21,2026-03,Organic App Store,Tier 3,25-34,Moderate
NV404259,2026-03-10,2026-03,Organic App Store,Tier 1,45-54,Moderate
NV404260,2026-03-14,2026-03,Referral,Tier 1,35-44,Moderate
NV404261,2026-03-17,2026-03,Influencer/Content,Tier 3,18-24,Moderate
NV404262,2026-03-30,2026-03,Referral,Tier 3,35-44,Moderate
NV404263,2026-03-14,2026-03,Paid Ads,Tier 3,55+,Aggressive
NV404264,2026-03-20,2026-03,Organic App Store,Tier 2,45-54,Conservative
NV404265,2026-03-22,2026-03,Influencer/Content,Tier 2,25-34,Moderate
NV404266,2026-03-01,2026-03,Organic App Store,Tier 1,18-24,Aggressive
NV404267,2026-03-18,2026-03,Organic App Store,Tier 2,35-44,Moderate
NV404268,2026-03-23,2026-03,Organic App Store,Tier 1,55+,Moderate
NV404269,2026-03-12,2026-03,Organic App Store,Tier 2,25-34,Moderate
NV404270,2026-03-03,2026-03,Referral,Tier 3,18-24,Aggressive
NV404271,2026-03-01,2026-03,Referral,Tier 1,25-34,Moderate
NV404272,2026-03-21,2026-03,Influencer/Content,Tier 1,25-34,Conservative
NV404273,2026-03-05,2026-03,Paid Ads,Tier 2,25-34,Conservative
NV404274,2026-03-11,2026-03,Organic App Store,Tier 2,25-34,Moderate
NV404275,2026-03-16,2026-03,Paid Ads,Tier 2,35-44,Moderate
NV404276,2026-03-20,2026-03,Influencer/Content,Tier 3,18-24,Aggressive
NV404277,2026-03-19,2026-03,Organic App Store,Tier 3,35-44,Moderate
NV404278,2026-03-22,2026-03,Organic App Store,Tier 3,25-34,Conservative
NV404279,2026-03-22,2026-03,Referral,Tier 1,35-44,Aggressive
NV404280,2026-03-16,2026-03,Organic App Store,Tier 2,18-24,Moderate
NV404281,2026-03-14,2026-03,Paid Ads,Tier 3,35-44,Conservative
NV404282,2026-03-28,2026-03,Paid Ads,Tier 2,25-34,Moderate
NV404283,2026-03-16,2026-03,Influencer/Content,Tier 2,45-54,Aggressive
NV404284,2026-03-05,2026-03,Influencer/Content,Tier 3,25-34,Moderate
NV404285,2026-03-17,2026-03,Referral,Tier 1,35-44,Conservative
NV404286,2026-03-25,2026-03,Influencer/Content,Tier 2,35-44,Moderate
NV404287,2026-03-29,2026-03,Organic App Store,Tier 2,25-34,Conservative
NV404288,2026-03-15,2026-03,Paid Ads,Tier 2,45-54,Conservative
NV404289,2026-03-15,2026-03,Paid Ads,Tier 3,25-34,Conservative
NV404290,2026-03-16,2026-03,Organic App Store,Tier 1,18-24,Moderate
NV404291,2026-03-13,2026-03,Referral,Tier 2,35-44,Moderate
NV404292,2026-03-30,2026-03,Paid Ads,Tier 2,35-44,Moderate
NV404293,2026-03-29,2026-03,Organic App Store,Tier 1,25-34,Moderate
NV404294,2026-03-13,2026-03,Organic App Store,Tier 2,55+,Conservative
NV404295,2026-03-09,2026-03,Organic App Store,Tier 2,35-44,Moderate
NV404296,2026-03-26,2026-03,Organic App Store,Tier 1,45-54,Moderate
NV404297,2026-03-19,2026-03,Influencer/Content,Tier 2,35-44,Moderate
NV404298,2026-03-08,2026-03,Influencer/Content,Tier 2,25-34,Aggressive
NV404299,2026-03-05,2026-03,Paid Ads,Tier 2,55+,Moderate
NV404300,2026-03-17,2026-03,Referral,Tier 2,18-24,Conservative
NV404301,2026-03-12,2026-03,Organic App Store,Tier 2,18-24,Moderate
NV404302,2026-03-08,2026-03,Organic App Store,Tier 1,35-44,Moderate
NV404303,2026-03-04,2026-03,Referral,Tier 1,35-44,Moderate
NV404304,2026-03-16,2026-03,Influencer/Content,Tier 3,25-34,Moderate
NV404305,2026-03-06,2026-03,Influencer/Content,Tier 1,25-34,Conservative
NV404306,2026-03-11,2026-03,Organic App Store,Tier 3,18-24,Conservative
NV404307,2026-03-11,2026-03,Referral,Tier 1,45-54,Conservative
NV404308,2026-03-08,2026-03,Paid Ads,Tier 1,25-34,Aggressive
NV404309,2026-03-25,2026-03,Paid Ads,Tier 2,25-34,Conservative
NV404310,2026-03-05,2026-03,Paid Ads,Tier 3,25-34,Conservative
NV404311,2026-03-10,2026-03,Organic App Store,Tier 1,25-34,Moderate
NV404312,2026-03-07,2026-03,Paid Ads,Tier 3,18-24,Moderate
NV404313,2026-03-23,2026-03,Referral,Tier 3,25-34,Aggressive
NV404314,2026-03-23,2026-03,Organic App Store,Tier 1,35-44,Conservative
NV404315,2026-03-11,2026-03,Organic App Store,Tier 1,18-24,Moderate
NV404316,2026-03-10,2026-03,Paid Ads,Tier 3,35-44,Moderate
NV404317,2026-03-18,2026-03,Referral,Tier 2,25-34,Conservative
NV404318,2026-03-14,2026-03,Referral,Tier 2,45-54,Moderate
NV404319,2026-03-06,2026-03,Influencer/Content,Tier 2,45-54,Moderate
NV404320,2026-03-07,2026-03,Paid Ads,Tier 3,25-34,Conservative
NV404321,2026-03-02,2026-03,Organic App Store,Tier 1,25-34,Moderate
NV404322,2026-03-13,2026-03,Paid Ads,Tier 2,55+,Moderate
NV404323,2026-03-01,2026-03,Organic App Store,Tier 3,25-34,Moderate
NV404324,2026-03-07,2026-03,Organic App Store,Tier 2,35-44,Aggressive
NV404325,2026-03-20,2026-03,Paid Ads,Tier 1,35-44,Conservative
NV404326,2026-03-10,2026-03,Paid Ads,Tier 1,25-34,Moderate
NV404327,2026-03-02,2026-03,Influencer/Content,Tier 1,25-34,Aggressive
NV404328,2026-03-12,2026-03,Paid Ads,Tier 1,25-34,Moderate
NV404329,2026-03-02,2026-03,Referral,Tier 2,18-24,Moderate
NV404330,2026-03-18,2026-03,Organic App Store,Tier 3,25-34,Moderate
NV404331,2026-03-30,2026-03,Referral,Tier 1,18-24,Moderate
NV404332,2026-03-13,2026-03,Organic App Store,Tier 3,25-34,Moderate
NV404333,2026-03-03,2026-03,Paid Ads,Tier 2,45-54,Moderate
NV404334,2026-03-10,2026-03,Organic App Store,Tier 1,35-44,Aggressive
NV404335,2026-03-23,2026-03,Organic App Store,Tier 2,25-34,Moderate
NV404336,2026-03-11,2026-03,Referral,Tier 1,25-34,Moderate
NV404337,2026-03-23,2026-03,Organic App Store,Tier 3,25-34,Aggressive
NV404338,2026-03-11,2026-03,Organic App Store,Tier 1,18-24,Aggressive
NV404339,2026-03-17,2026-03,Paid Ads,Tier 1,25-34,Conservative
NV404340,2026-03-22,2026-03,Influencer/Content,Tier 2,45-54,Conservative
NV404341,2026-03-26,2026-03,Paid Ads,Tier 1,45-54,Moderate
NV404342,2026-03-06,2026-03,Paid Ads,Tier 1,35-44,Conservative
NV404343,2026-03-05,2026-03,Paid Ads,Tier 2,25-34,Aggressive
NV404344,2026-03-21,2026-03,Referral,Tier 2,25-34,Aggressive
NV404345,2026-03-08,2026-03,Referral,Tier 1,25-34,Moderate
NV404346,2026-03-17,2026-03,Organic App Store,Tier 2,25-34,Moderate
NV404347,2026-03-02,2026-03,Influencer/Content,Tier 2,18-24,Moderate
NV404348,2026-03-15,2026-03,Organic App Store,Tier 1,25-34,Moderate
NV404349,2026-03-08,2026-03,Paid Ads,Tier 2,25-34,Moderate
NV404350,2026-03-22,2026-03,Referral,Tier 3,35-44,Moderate
NV404351,2026-03-29,2026-03,Referral,Tier 1,25-34,Moderate
NV404352,2026-03-20,2026-03,Organic App Store,Tier 2,25-34,Aggressive
NV404353,2026-03-19,2026-03,Paid Ads,Tier 2,35-44,Aggressive
NV404354,2026-03-03,2026-03,Referral,Tier 2,25-34,Moderate
NV404355,2026-03-28,2026-03,Referral,Tier 1,18-24,Conservative
NV404356,2026-03-04,2026-03,Paid Ads,Tier 1,18-24,Moderate
NV404357,2026-03-01,2026-03,Organic App Store,Tier 1,25-34,Moderate
NV404358,2026-03-01,2026-03,Influencer/Content,Tier 1,55+,Conservative
NV404359,2026-03-04,2026-03,Organic App Store,Tier 3,55+,Aggressive
NV404360,2026-03-10,2026-03,Referral,Tier 1,35-44,Conservative
NV404361,2026-03-03,2026-03,Organic App Store,Tier 1,25-34,Moderate
NV404362,2026-03-03,2026-03,Organic App Store,Tier 3,18-24,Aggressive
NV404363,2026-03-14,2026-03,Organic App Store,Tier 2,35-44,Aggressive
NV404364,2026-03-27,2026-03,Paid Ads,Tier 1,35-44,Moderate
NV404365,2026-03-23,2026-03,Organic App Store,Tier 1,18-24,Moderate
NV404366,2026-03-19,2026-03,Organic App Store,Tier 1,35-44,Moderate
NV404367,2026-03-02,2026-03,Referral,Tier 2,55+,Moderate
NV404368,2026-03-04,2026-03,Organic App Store,Tier 2,25-34,Moderate
NV404369,2026-03-14,2026-03,Influencer/Content,Tier 1,25-34,Conservative
NV404370,2026-03-24,2026-03,Influencer/Content,Tier 1,35-44,Conservative
NV404371,2026-03-30,2026-03,Influencer/Content,Tier 1,25-34,Conservative
NV404372,2026-03-18,2026-03,Paid Ads,Tier 1,18-24,Aggressive
NV404373,2026-03-07,2026-03,Referral,Tier 1,25-34,Aggressive
NV404374,2026-03-24,2026-03,Organic App Store,Tier 2,25-34,Aggressive
NV404375,2026-03-11,2026-03,Paid Ads,Tier 2,25-34,Conservative
NV404376,2026-03-13,2026-03,Referral,Tier 1,25-34,Moderate
NV404377,2026-03-07,2026-03,Referral,Tier 2,25-34,Conservative
NV404378,2026-03-15,2026-03,Organic App Store,Tier 1,25-34,Moderate
NV404379,2026-03-08,2026-03,Referral,Tier 2,25-34,Aggressive
NV404380,2026-03-12,2026-03,Paid Ads,Tier 1,25-34,Moderate
NV404381,2026-03-07,2026-03,Influencer/Content,Tier 3,25-34,Moderate
NV404382,2026-03-16,2026-03,Influencer/Content,Tier 1,25-34,Conservative
NV404383,2026-03-07,2026-03,Paid Ads,Tier 3,35-44,Conservative
NV404384,2026-03-17,2026-03,Organic App Store,Tier 3,18-24,Moderate
NV404385,2026-03-17,2026-03,Organic App Store,Tier 2,18-24,Conservative
NV404386,2026-03-23,2026-03,Influencer/Content,Tier 1,35-44,Moderate
NV404387,2026-03-30,2026-03,Paid Ads,Tier 1,35-44,Conservative
NV404388,2026-03-13,2026-03,Referral,Tier 1,35-44,Moderate
NV404389,2026-03-05,2026-03,Organic App Store,Tier 2,35-44,Moderate
NV404390,2026-03-10,2026-03,Influencer/Content,Tier 2,25-34,Conservative
NV404391,2026-03-06,2026-03,Organic App Store,Tier 1,18-24,Aggressive
NV404392,2026-03-30,2026-03,Organic App Store,Tier 1,35-44,Moderate
NV404393,2026-03-04,2026-03,Organic App Store,Tier 1,25-34,Moderate
NV404394,2026-03-13,2026-03,Organic App Store,Tier 2,25-34,Moderate
NV404395,2026-03-11,2026-03,Organic App Store,Tier 3,25-34,Conservative
NV404396,2026-03-17,2026-03,Paid Ads,Tier 1,35-44,Moderate
NV404397,2026-03-29,2026-03,Organic App Store,Tier 1,35-44,Aggressive
NV404398,2026-03-04,2026-03,Organic App Store,Tier 2,18-24,Moderate
NV404399,2026-03-03,2026-03,Organic App Store,Tier 2,18-24,Moderate
NV404400,2026-03-09,2026-03,Paid Ads,Tier 2,25-34,Conservative
NV404401,2026-03-23,2026-03,Referral,Tier 2,25-34,Moderate
NV404402,2026-03-17,2026-03,Influencer/Content,Tier 1,35-44,Aggressive
NV404403,2026-03-08,2026-03,Referral,Tier 2,35-44,Conservative
NV404404,2026-03-21,2026-03,Referral,Tier 1,25-34,Moderate
NV404405,2026-03-29,2026-03,Referral,Tier 1,25-34,Conservative
NV404406,2026-03-24,2026-03,Organic App Store,Tier 2,18-24,Moderate
NV404407,2026-03-23,2026-03,Organic App Store,Tier 3,25-34,Aggressive
NV404408,2026-03-25,2026-03,Referral,Tier 2,45-54,Moderate
NV404409,2026-03-04,2026-03,Organic App Store,Tier 1,18-24,Conservative
NV404410,2026-03-19,2026-03,Organic App Store,Tier 2,35-44,Moderate
NV404411,2026-03-03,2026-03,Paid Ads,Tier 2,25-34,Moderate
NV404412,2026-03-20,2026-03,Paid Ads,Tier 1,25-34,Conservative
NV404413,2026-03-21,2026-03,Referral,Tier 3,25-34,Conservative
NV404414,2026-03-23,2026-03,Referral,Tier 1,25-34,Conservative
NV404415,2026-03-18,2026-03,Organic App Store,Tier 1,35-44,Moderate
NV404416,2026-03-21,2026-03,Paid Ads,Tier 1,45-54,Conservative
NV404417,2026-03-03,2026-03,Paid Ads,Tier 2,18-24,Moderate
NV404418,2026-03-14,2026-03,Organic App Store,Tier 1,25-34,Aggressive
NV404419,2026-03-05,2026-03,Paid Ads,Tier 1,25-34,Moderate
NV404420,2026-03-02,2026-03,Organic App Store,Tier 1,35-44,Aggressive
NV404421,2026-03-29,2026-03,Referral,Tier 2,18-24,Moderate
NV404422,2026-03-20,2026-03,Influencer/Content,Tier 2,25-34,Conservative
NV404423,2026-03-26,2026-03,Organic App Store,Tier 1,25-34,Aggressive
NV404424,2026-03-13,2026-03,Paid Ads,Tier 1,55+,Moderate
NV404425,2026-03-12,2026-03,Referral,Tier 1,25-34,Moderate
NV404426,2026-03-26,2026-03,Referral,Tier 1,45-54,Moderate
NV404427,2026-03-07,2026-03,Paid Ads,Tier 1,25-34,Aggressive
NV404428,2026-03-12,2026-03,Referral,Tier 2,45-54,Aggressive
NV404429,2026-03-24,2026-03,Influencer/Content,Tier 3,18-24,Moderate
NV404430,2026-03-23,2026-03,Organic App Store,Tier 1,35-44,Moderate
NV404431,2026-03-04,2026-03,Referral,Tier 2,18-24,Moderate
NV404432,2026-03-13,2026-03,Referral,Tier 1,18-24,Conservative
NV404433,2026-03-25,2026-03,Referral,Tier 2,18-24,Moderate
NV404434,2026-03-05,2026-03,Organic App Store,Tier 2,18-24,Moderate
NV404435,2026-03-29,2026-03,Paid Ads,Tier 2,25-34,Aggressive
NV404436,2026-03-28,2026-03,Paid Ads,Tier 2,55+,Aggressive
NV404437,2026-03-04,2026-03,Influencer/Content,Tier 1,25-34,Conservative
NV404438,2026-03-26,2026-03,Organic App Store,Tier 1,25-34,Conservative
NV404439,2026-03-28,2026-03,Referral,Tier 1,25-34,Aggressive
NV404440,2026-03-11,2026-03,Referral,Tier 1,25-34,Conservative
NV404441,2026-03-11,2026-03,Organic App Store,Tier 1,25-34,Moderate
NV404442,2026-03-15,2026-03,Organic App Store,Tier 2,25-34,Aggressive
NV404443,2026-03-18,2026-03,Organic App Store,Tier 2,18-24,Moderate
NV404444,2026-03-08,2026-03,Organic App Store,Tier 1,25-34,Moderate
NV404445,2026-03-15,2026-03,Paid Ads,Tier 1,25-34,Conservative
NV404446,2026-03-05,2026-03,Paid Ads,Tier 1,35-44,Moderate
NV404447,2026-03-08,2026-03,Referral,Tier 2,25-34,Moderate
NV404448,2026-03-14,2026-03,Paid Ads,Tier 1,25-34,Moderate
NV404449,2026-03-12,2026-03,Organic App Store,Tier 3,25-34,Aggressive
NV404450,2026-03-13,2026-03,Influencer/Content,Tier 1,18-24,Aggressive
NV404451,2026-03-05,2026-03,Organic App Store,Tier 1,18-24,Moderate
NV404452,2026-03-17,2026-03,Influencer/Content,Tier 2,18-24,Conservative
NV404453,2026-03-30,2026-03,Paid Ads,Tier 3,45-54,Conservative
NV404454,2026-03-22,2026-03,Influencer/Content,Tier 3,35-44,Aggressive
NV404455,2026-03-27,2026-03,Influencer/Content,Tier 2,35-44,Conservative
NV404456,2026-03-08,2026-03,Referral,Tier 1,25-34,Aggressive
NV404457,2026-03-27,2026-03,Referral,Tier 2,35-44,Conservative
NV404458,2026-03-09,2026-03,Influencer/Content,Tier 1,25-34,Moderate
NV404459,2026-03-07,2026-03,Influencer/Content,Tier 2,45-54,Moderate
NV404460,2026-03-17,2026-03,Paid Ads,Tier 2,35-44,Moderate
NV404461,2026-03-16,2026-03,Referral,Tier 1,25-34,Conservative
NV404462,2026-03-20,2026-03,Influencer/Content,Tier 1,25-34,Moderate
NV404463,2026-03-18,2026-03,Referral,Tier 1,25-34,Moderate
NV404464,2026-03-24,2026-03,Organic App Store,Tier 2,25-34,Aggressive
NV404465,2026-03-12,2026-03,Influencer/Content,Tier 1,35-44,Moderate
NV404466,2026-03-07,2026-03,Referral,Tier 2,25-34,Conservative
NV404467,2026-03-05,2026-03,Referral,Tier 1,18-24,Aggressive
NV404468,2026-03-08,2026-03,Organic App Store,Tier 3,18-24,Moderate
NV404469,2026-03-15,2026-03,Influencer/Content,Tier 2,35-44,Moderate
NV404470,2026-03-18,2026-03,Referral,Tier 3,55+,Moderate
NV404471,2026-03-28,2026-03,Organic App Store,Tier 1,45-54,Conservative
NV404472,2026-03-29,2026-03,Influencer/Content,Tier 1,25-34,Moderate
NV404473,2026-03-26,2026-03,Organic App Store,Tier 2,35-44,Moderate
NV404474,2026-03-18,2026-03,Referral,Tier 2,35-44,Conservative
NV404475,2026-03-04,2026-03,Paid Ads,Tier 2,35-44,Conservative
NV404476,2026-03-18,2026-03,Organic App Store,Tier 3,25-34,Aggressive
NV404477,2026-03-12,2026-03,Influencer/Content,Tier 2,45-54,Moderate
NV404478,2026-03-06,2026-03,Referral,Tier 2,25-34,Moderate
NV404479,2026-03-13,2026-03,Organic App Store,Tier 2,35-44,Conservative
NV404480,2026-03-22,2026-03,Referral,Tier 3,35-44,Moderate
NV404481,2026-03-23,2026-03,Referral,Tier 2,25-34,Moderate
NV404482,2026-03-16,2026-03,Organic App Store,Tier 2,35-44,Moderate
NV404483,2026-03-29,2026-03,Influencer/Content,Tier 1,45-54,Moderate
NV404484,2026-03-27,2026-03,Organic App Store,Tier 3,25-34,Moderate
NV404485,2026-03-02,2026-03,Referral,Tier 2,18-24,Aggressive
NV404486,2026-03-29,2026-03,Organic App Store,Tier 3,35-44,Aggressive
NV404487,2026-03-27,2026-03,Paid Ads,Tier 1,35-44,Moderate
NV404488,2026-03-16,2026-03,Organic App Store,Tier 3,25-34,Moderate
NV404489,2026-03-11,2026-03,Influencer/Content,Tier 2,35-44,Aggressive
NV404490,2026-03-04,2026-03,Influencer/Content,Tier 2,35-44,Aggressive
NV404491,2026-03-17,2026-03,Referral,Tier 1,18-24,Moderate
NV404492,2026-03-20,2026-03,Organic App Store,Tier 2,18-24,Moderate
NV404493,2026-03-03,2026-03,Influencer/Content,Tier 1,25-34,Conservative
NV404494,2026-03-11,2026-03,Influencer/Content,Tier 2,25-34,Moderate
NV404495,2026-03-29,2026-03,Influencer/Content,Tier 1,25-34,Moderate
NV404496,2026-03-27,2026-03,Influencer/Content,Tier 1,18-24,Aggressive
NV404497,2026-03-26,2026-03,Referral,Tier 2,25-34,Moderate
NV404498,2026-03-07,2026-03,Referral,Tier 2,25-34,Conservative
NV404499,2026-03-26,2026-03,Paid Ads,Tier 2,18-24,Moderate
NV404500,2026-03-22,2026-03,Referral,Tier 1,18-24,Aggressive
NV404501,2026-03-20,2026-03,Paid Ads,Tier 3,25-34,Moderate
NV404502,2026-03-04,2026-03,Influencer/Content,Tier 2,35-44,Moderate
NV404503,2026-03-15,2026-03,Influencer/Content,Tier 1,35-44,Conservative
NV404504,2026-03-22,2026-03,Referral,Tier 1,18-24,Moderate
NV404505,2026-03-19,2026-03,Organic App Store,Tier 1,18-24,Conservative
NV404506,2026-03-05,2026-03,Organic App Store,Tier 1,25-34,Aggressive
NV404507,2026-03-09,2026-03,Influencer/Content,Tier 1,35-44,Moderate
NV404508,2026-03-07,2026-03,Organic App Store,Tier 2,45-54,Aggressive
NV404509,2026-03-12,2026-03,Referral,Tier 3,35-44,Moderate
NV404510,2026-03-05,2026-03,Organic App Store,Tier 2,25-34,Moderate
NV404511,2026-03-28,2026-03,Influencer/Content,Tier 2,25-34,Moderate
NV404512,2026-03-12,2026-03,Organic App Store,Tier 2,18-24,Moderate
NV404513,2026-03-01,2026-03,Organic App Store,Tier 2,18-24,Aggressive
NV404514,2026-03-28,2026-03,Organic App Store,Tier 1,35-44,Moderate
NV404515,2026-03-20,2026-03,Paid Ads,Tier 1,35-44,Conservative
NV404516,2026-03-03,2026-03,Organic App Store,Tier 2,25-34,Moderate
NV404517,2026-03-28,2026-03,Organic App Store,Tier 3,25-34,Aggressive
NV404518,2026-03-22,2026-03,Influencer/Content,Tier 3,25-34,Moderate
NV404519,2026-03-15,2026-03,Paid Ads,Tier 1,55+,Conservative
NV404520,2026-03-24,2026-03,Referral,Tier 3,25-34,Conservative
NV404521,2026-03-22,2026-03,Influencer/Content,Tier 3,18-24,Moderate
NV404522,2026-03-25,2026-03,Influencer/Content,Tier 2,45-54,Aggressive
NV404523,2026-03-25,2026-03,Paid Ads,Tier 3,25-34,Aggressive
NV404524,2026-03-29,2026-03,Organic App Store,Tier 1,18-24,Aggressive
NV404525,2026-03-07,2026-03,Organic App Store,Tier 3,35-44,Moderate
NV404526,2026-03-22,2026-03,Referral,Tier 2,45-54,Conservative
NV404527,2026-03-05,2026-03,Organic App Store,Tier 2,18-24,Conservative
NV404528,2026-03-14,2026-03,Organic App Store,Tier 2,25-34,Moderate
NV404529,2026-03-11,2026-03,Referral,Tier 1,25-34,Conservative
NV404530,2026-03-06,2026-03,Organic App Store,Tier 1,45-54,Conservative
NV404531,2026-03-06,2026-03,Referral,Tier 2,25-34,Conservative
NV404532,2026-03-11,2026-03,Paid Ads,Tier 1,25-34,Moderate
NV404533,2026-03-18,2026-03,Organic App Store,Tier 2,25-34,Conservative
NV404534,2026-03-07,2026-03,Organic App Store,Tier 2,35-44,Aggressive
NV404535,2026-03-04,2026-03,Paid Ads,Tier 1,18-24,Conservative
NV404536,2026-03-23,2026-03,Organic App Store,Tier 3,18-24,Moderate
NV404537,2026-03-25,2026-03,Influencer/Content,Tier 2,25-34,Conservative
NV404538,2026-03-01,2026-03,Influencer/Content,Tier 3,45-54,Conservative
NV404539,2026-03-19,2026-03,Influencer/Content,Tier 1,25-34,Aggressive
NV404540,2026-03-25,2026-03,Organic App Store,Tier 1,25-34,Conservative
NV404541,2026-03-16,2026-03,Influencer/Content,Tier 2,25-34,Aggressive
NV404542,2026-03-09,2026-03,Paid Ads,Tier 3,25-34,Moderate
NV404543,2026-03-13,2026-03,Influencer/Content,Tier 1,35-44,Moderate
NV404544,2026-03-26,2026-03,Paid Ads,Tier 2,35-44,Moderate
NV404545,2026-03-17,2026-03,Referral,Tier 3,25-34,Conservative
NV404546,2026-03-26,2026-03,Referral,Tier 1,35-44,Aggressive
NV404547,2026-03-29,2026-03,Organic App Store,Tier 2,35-44,Aggressive
NV404548,2026-03-08,2026-03,Organic App Store,Tier 2,35-44,Aggressive
NV404549,2026-03-19,2026-03,Organic App Store,Tier 1,18-24,Conservative
NV404550,2026-03-25,2026-03,Referral,Tier 3,35-44,Conservative
NV404551,2026-03-14,2026-03,Influencer/Content,Tier 3,25-34,Moderate
NV404552,2026-03-28,2026-03,Organic App Store,Tier 2,18-24,Aggressive
NV404553,2026-03-12,2026-03,Organic App Store,Tier 3,35-44,Moderate
NV404554,2026-03-08,2026-03,Organic App Store,Tier 2,25-34,Moderate
NV404555,2026-03-17,2026-03,Influencer/Content,Tier 1,35-44,Aggressive
NV404556,2026-03-30,2026-03,Referral,Tier 1,25-34,Moderate
NV404557,2026-03-03,2026-03,Paid Ads,Tier 1,25-34,Aggressive
NV404558,2026-03-30,2026-03,Organic App Store,Tier 2,25-34,Conservative
NV404559,2026-03-27,2026-03,Organic App Store,Tier 2,45-54,Conservative
NV404560,2026-03-16,2026-03,Organic App Store,Tier 1,18-24,Moderate
NV404561,2026-03-15,2026-03,Organic App Store,Tier 1,45-54,Moderate
NV404562,2026-03-09,2026-03,Referral,Tier 1,25-34,Moderate
NV404563,2026-03-19,2026-03,Referral,Tier 1,25-34,Aggressive
NV404564,2026-03-08,2026-03,Organic App Store,Tier 2,35-44,Conservative
NV404565,2026-03-24,2026-03,Influencer/Content,Tier 2,25-34,Moderate
NV404566,2026-03-10,2026-03,Referral,Tier 2,25-34,Aggressive
NV404567,2026-03-25,2026-03,Referral,Tier 2,35-44,Aggressive
NV404568,2026-03-04,2026-03,Paid Ads,Tier 3,35-44,Moderate
NV404569,2026-03-14,2026-03,Organic App Store,Tier 2,45-54,Moderate
NV404570,2026-03-13,2026-03,Referral,Tier 2,35-44,Conservative
NV404571,2026-03-26,2026-03,Influencer/Content,Tier 1,25-34,Moderate
NV404572,2026-03-28,2026-03,Paid Ads,Tier 2,35-44,Aggressive
NV404573,2026-03-15,2026-03,Organic App Store,Tier 2,18-24,Aggressive
NV404574,2026-03-21,2026-03,Influencer/Content,Tier 2,35-44,Aggressive
NV404575,2026-03-10,2026-03,Referral,Tier 1,35-44,Conservative
NV404576,2026-03-09,2026-03,Paid Ads,Tier 1,25-34,Aggressive
NV404577,2026-03-25,2026-03,Referral,Tier 2,45-54,Moderate
NV404578,2026-03-30,2026-03,Organic App Store,Tier 3,25-34,Moderate
NV404579,2026-03-28,2026-03,Organic App Store,Tier 1,25-34,Moderate
NV404580,2026-03-25,2026-03,Influencer/Content,Tier 1,35-44,Aggressive
NV404581,2026-03-30,2026-03,Organic App Store,Tier 2,35-44,Moderate
NV404582,2026-03-15,2026-03,Influencer/Content,Tier 2,18-24,Conservative
NV404583,2026-03-12,2026-03,Influencer/Content,Tier 3,25-34,Moderate
NV404584,2026-03-03,2026-03,Influencer/Content,Tier 2,25-34,Moderate
NV404585,2026-03-27,2026-03,Organic App Store,Tier 2,35-44,Moderate
NV404586,2026-03-24,2026-03,Paid Ads,Tier 1,35-44,Aggressive
NV404587,2026-03-17,2026-03,Organic App Store,Tier 1,25-34,Conservative
NV404588,2026-03-27,2026-03,Influencer/Content,Tier 3,25-34,Moderate
NV404589,2026-03-28,2026-03,Organic App Store,Tier 2,18-24,Conservative
NV404590,2026-03-19,2026-03,Paid Ads,Tier 2,25-34,Moderate
NV404591,2026-03-14,2026-03,Referral,Tier 1,25-34,Moderate
NV404592,2026-03-11,2026-03,Organic App Store,Tier 3,35-44,Aggressive
NV404593,2026-03-10,2026-03,Referral,Tier 2,18-24,Conservative
NV404594,2026-03-30,2026-03,Organic App Store,Tier 2,25-34,Conservative
NV404595,2026-03-01,2026-03,Organic App Store,Tier 1,25-34,Moderate
NV404596,2026-03-14,2026-03,Organic App Store,Tier 2,45-54,Moderate
NV404597,2026-03-22,2026-03,Referral,Tier 1,55+,Moderate
NV404598,2026-03-11,2026-03,Referral,Tier 1,25-34,Conservative
NV404599,2026-03-27,2026-03,Referral,Tier 1,25-34,Moderate
NV404600,2026-03-30,2026-03,Organic App Store,Tier 1,35-44,Moderate
NV404601,2026-03-18,2026-03,Organic App Store,Tier 2,25-34,Moderate
NV404602,2026-03-05,2026-03,Paid Ads,Tier 2,35-44,Conservative
NV404603,2026-03-22,2026-03,Organic App Store,Tier 1,35-44,Conservative
NV404604,2026-03-07,2026-03,Paid Ads,Tier 2,25-34,Moderate
NV404605,2026-03-28,2026-03,Organic App Store,Tier 3,25-34,Aggressive
NV404606,2026-03-28,2026-03,Influencer/Content,Tier 2,35-44,Moderate
NV404607,2026-03-26,2026-03,Referral,Tier 2,35-44,Moderate
NV404608,2026-03-24,2026-03,Organic App Store,Tier 2,55+,Conservative
NV404609,2026-03-10,2026-03,Paid Ads,Tier 1,35-44,Moderate
NV404610,2026-03-20,2026-03,Referral,Tier 1,25-34,Conservative
NV404611,2026-03-27,2026-03,Organic App Store,Tier 2,25-34,Moderate
NV404612,2026-03-20,2026-03,Referral,Tier 1,25-34,Moderate
NV404613,2026-03-11,2026-03,Organic App Store,Tier 1,35-44,Conservative
NV404614,2026-03-24,2026-03,Influencer/Content,Tier 2,35-44,Conservative
NV404615,2026-03-27,2026-03,Referral,Tier 2,18-24,Moderate
NV404616,2026-03-23,2026-03,Organic App Store,Tier 1,45-54,Conservative
NV404617,2026-03-07,2026-03,Paid Ads,Tier 3,35-44,Moderate
NV404618,2026-03-03,2026-03,Paid Ads,Tier 3,25-34,Moderate
NV404619,2026-03-13,2026-03,Organic App Store,Tier 2,25-34,Conservative
NV404620,2026-03-26,2026-03,Referral,Tier 1,25-34,Aggressive
NV404621,2026-03-18,2026-03,Referral,Tier 1,55+,Conservative
NV404622,2026-03-11,2026-03,Referral,Tier 1,25-34,Moderate
NV404623,2026-03-30,2026-03,Paid Ads,Tier 2,18-24,Aggressive
NV404624,2026-03-18,2026-03,Influencer/Content,Tier 2,18-24,Aggressive
NV404625,2026-03-15,2026-03,Paid Ads,Tier 2,18-24,Aggressive
NV404626,2026-03-13,2026-03,Organic App Store,Tier 2,25-34,Aggressive
NV404627,2026-03-09,2026-03,Referral,Tier 2,25-34,Moderate
NV404628,2026-03-02,2026-03,Influencer/Content,Tier 2,25-34,Conservative
NV404629,2026-03-01,2026-03,Paid Ads,Tier 1,25-34,Aggressive
NV404630,2026-03-10,2026-03,Referral,Tier 3,35-44,Conservative
NV404631,2026-03-04,2026-03,Referral,Tier 1,55+,Moderate
NV404632,2026-03-10,2026-03,Paid Ads,Tier 2,35-44,Conservative
NV404633,2026-03-28,2026-03,Organic App Store,Tier 2,25-34,Conservative
NV404634,2026-03-23,2026-03,Organic App Store,Tier 1,45-54,Conservative
NV404635,2026-03-24,2026-03,Organic App Store,Tier 1,25-34,Aggressive
NV404636,2026-03-09,2026-03,Paid Ads,Tier 1,35-44,Moderate
NV404637,2026-03-14,2026-03,Paid Ads,Tier 3,25-34,Aggressive
NV404638,2026-03-02,2026-03,Paid Ads,Tier 3,25-34,Conservative
NV404639,2026-03-01,2026-03,Paid Ads,Tier 2,18-24,Conservative
NV404640,2026-03-26,2026-03,Referral,Tier 3,25-34,Moderate
NV404641,2026-03-14,2026-03,Paid Ads,Tier 2,35-44,Conservative
NV404642,2026-03-28,2026-03,Organic App Store,Tier 1,25-34,Moderate
NV404643,2026-03-09,2026-03,Organic App Store,Tier 1,25-34,Aggressive
NV404644,2026-03-01,2026-03,Organic App Store,Tier 2,45-54,Moderate
NV404645,2026-03-17,2026-03,Organic App Store,Tier 2,25-34,Moderate
NV404646,2026-03-02,2026-03,Influencer/Content,Tier 1,45-54,Moderate
NV404647,2026-03-05,2026-03,Referral,Tier 2,35-44,Moderate
NV404648,2026-03-19,2026-03,Organic App Store,Tier 2,25-34,Moderate
NV404649,2026-03-26,2026-03,Influencer/Content,Tier 1,25-34,Moderate
NV404650,2026-03-07,2026-03,Organic App Store,Tier 1,55+,Moderate
NV404651,2026-03-27,2026-03,Paid Ads,Tier 1,35-44,Aggressive
NV404652,2026-03-05,2026-03,Paid Ads,Tier 1,25-34,Conservative
NV404653,2026-03-03,2026-03,Organic App Store,Tier 1,45-54,Moderate
NV404654,2026-03-29,2026-03,Paid Ads,Tier 1,35-44,Moderate
NV404655,2026-03-05,2026-03,Influencer/Content,Tier 2,25-34,Conservative
NV404656,2026-03-08,2026-03,Paid Ads,Tier 2,25-34,Aggressive
NV404657,2026-03-20,2026-03,Influencer/Content,Tier 3,45-54,Moderate
NV404658,2026-03-04,2026-03,Referral,Tier 1,35-44,Moderate
NV404659,2026-03-12,2026-03,Organic App Store,Tier 2,25-34,Conservative
NV404660,2026-03-20,2026-03,Organic App Store,Tier 2,35-44,Conservative
NV404661,2026-03-30,2026-03,Organic App Store,Tier 2,55+,Moderate
NV404662,2026-03-04,2026-03,Paid Ads,Tier 2,25-34,Moderate
NV404663,2026-03-21,2026-03,Referral,Tier 2,25-34,Aggressive
NV404664,2026-03-22,2026-03,Organic App Store,Tier 2,25-34,Moderate
NV404665,2026-03-30,2026-03,Organic App Store,Tier 3,25-34,Moderate
NV404666,2026-03-22,2026-03,Influencer/Content,Tier 2,18-24,Moderate
NV404667,2026-03-19,2026-03,Referral,Tier 2,45-54,Moderate
NV404668,2026-03-09,2026-03,Paid Ads,Tier 1,18-24,Conservative
NV404669,2026-03-02,2026-03,Organic App Store,Tier 3,25-34,Moderate
NV404670,2026-03-13,2026-03,Referral,Tier 3,18-24,Moderate
NV404671,2026-03-14,2026-03,Referral,Tier 1,25-34,Moderate
NV404672,2026-03-01,2026-03,Organic App Store,Tier 3,35-44,Conservative
NV404673,2026-03-18,2026-03,Referral,Tier 1,35-44,Aggressive
NV404674,2026-03-28,2026-03,Paid Ads,Tier 2,35-44,Aggressive
NV404675,2026-03-20,2026-03,Paid Ads,Tier 3,35-44,Aggressive
NV404676,2026-03-29,2026-03,Referral,Tier 1,25-34,Conservative
NV404677,2026-03-01,2026-03,Paid Ads,Tier 1,35-44,Moderate
NV404678,2026-03-24,2026-03,Paid Ads,Tier 2,35-44,Moderate
NV404679,2026-03-12,2026-03,Referral,Tier 1,45-54,Moderate
NV404680,2026-03-18,2026-03,Organic App Store,Tier 1,45-54,Moderate
NV404681,2026-03-27,2026-03,Referral,Tier 2,25-34,Conservative
NV404682,2026-03-23,2026-03,Influencer/Content,Tier 2,35-44,Aggressive
NV404683,2026-03-20,2026-03,Organic App Store,Tier 2,25-34,Conservative
NV404684,2026-03-29,2026-03,Influencer/Content,Tier 3,25-34,Conservative
NV404685,2026-03-16,2026-03,Organic App Store,Tier 1,35-44,Conservative
NV404686,2026-03-30,2026-03,Paid Ads,Tier 1,35-44,Moderate
NV404687,2026-03-08,2026-03,Paid Ads,Tier 2,18-24,Aggressive
NV404688,2026-03-17,2026-03,Paid Ads,Tier 3,25-34,Moderate
NV404689,2026-03-06,2026-03,Influencer/Content,Tier 1,18-24,Moderate
NV404690,2026-03-13,2026-03,Organic App Store,Tier 3,45-54,Conservative
NV404691,2026-03-01,2026-03,Organic App Store,Tier 1,35-44,Moderate
NV404692,2026-03-24,2026-03,Paid Ads,Tier 2,25-34,Aggressive
NV404693,2026-03-05,2026-03,Paid Ads,Tier 2,18-24,Aggressive
NV404694,2026-03-16,2026-03,Influencer/Content,Tier 2,35-44,Moderate
NV404695,2026-03-27,2026-03,Organic App Store,Tier 2,25-34,Conservative
NV404696,2026-03-01,2026-03,Paid Ads,Tier 2,45-54,Moderate
NV404697,2026-03-21,2026-03,Influencer/Content,Tier 2,25-34,Conservative
NV404698,2026-03-07,2026-03,Influencer/Content,Tier 2,25-34,Conservative
NV404699,2026-03-25,2026-03,Influencer/Content,Tier 1,35-44,Aggressive
NV404700,2026-03-19,2026-03,Influencer/Content,Tier 1,25-34,Conservative
NV404701,2026-03-21,2026-03,Referral,Tier 3,35-44,Conservative
NV404702,2026-03-13,2026-03,Referral,Tier 1,25-34,Conservative
NV404703,2026-03-13,2026-03,Referral,Tier 1,25-34,Moderate
NV404704,2026-03-10,2026-03,Organic App Store,Tier 2,45-54,Aggressive
NV404705,2026-03-27,2026-03,Organic App Store,Tier 3,25-34,Moderate
NV404706,2026-03-08,2026-03,Organic App Store,Tier 2,25-34,Moderate
NV404707,2026-03-16,2026-03,Influencer/Content,Tier 2,25-34,Aggressive
NV404708,2026-03-11,2026-03,Referral,Tier 1,25-34,Aggressive
NV404709,2026-03-05,2026-03,Influencer/Content,Tier 1,25-34,Moderate
NV404710,2026-03-08,2026-03,Influencer/Content,Tier 1,25-34,Moderate
NV404711,2026-03-18,2026-03,Paid Ads,Tier 3,25-34,Conservative
NV404712,2026-03-08,2026-03,Influencer/Content,Tier 1,25-34,Conservative
NV404713,2026-03-14,2026-03,Referral,Tier 2,55+,Aggressive
NV404714,2026-03-13,2026-03,Paid Ads,Tier 1,35-44,Aggressive
NV404715,2026-03-18,2026-03,Paid Ads,Tier 3,25-34,Conservative
NV404716,2026-03-07,2026-03,Organic App Store,Tier 2,25-34,Moderate
NV404717,2026-03-13,2026-03,Paid Ads,Tier 2,35-44,Conservative
NV404718,2026-03-19,2026-03,Organic App Store,Tier 1,35-44,Moderate
NV404719,2026-03-21,2026-03,Organic App Store,Tier 3,18-24,Conservative
NV404720,2026-03-02,2026-03,Organic App Store,Tier 1,25-34,Moderate
NV404721,2026-03-22,2026-03,Referral,Tier 1,25-34,Conservative
NV404722,2026-03-10,2026-03,Referral,Tier 2,18-24,Moderate
NV404723,2026-03-06,2026-03,Organic App Store,Tier 2,18-24,Conservative
NV404724,2026-03-16,2026-03,Influencer/Content,Tier 1,35-44,Conservative
NV404725,2026-03-10,2026-03,Referral,Tier 1,18-24,Moderate
NV404726,2026-03-16,2026-03,Paid Ads,Tier 1,45-54,Moderate
NV404727,2026-03-29,2026-03,Referral,Tier 1,18-24,Moderate
NV404728,2026-03-18,2026-03,Referral,Tier 1,35-44,Aggressive
NV404729,2026-03-29,2026-03,Paid Ads,Tier 1,25-34,Moderate
NV404730,2026-03-07,2026-03,Organic App Store,Tier 1,25-34,Moderate
NV404731,2026-03-22,2026-03,Organic App Store,Tier 1,25-34,Conservative
NV404732,2026-03-25,2026-03,Influencer/Content,Tier 3,35-44,Moderate
NV404733,2026-03-20,2026-03,Influencer/Content,Tier 1,25-34,Aggressive
NV404734,2026-03-08,2026-03,Organic App Store,Tier 2,35-44,Aggressive
NV404735,2026-03-01,2026-03,Influencer/Content,Tier 2,25-34,Moderate
NV404736,2026-03-01,2026-03,Paid Ads,Tier 3,18-24,Aggressive
NV404737,2026-03-03,2026-03,Paid Ads,Tier 2,18-24,Moderate
NV404738,2026-03-07,2026-03,Referral,Tier 3,25-34,Conservative
NV404739,2026-03-08,2026-03,Organic App Store,Tier 2,55+,Conservative
NV404740,2026-03-22,2026-03,Paid Ads,Tier 1,25-34,Aggressive
NV404741,2026-03-29,2026-03,Organic App Store,Tier 2,35-44,Aggressive
NV404742,2026-03-06,2026-03,Influencer/Content,Tier 2,18-24,Conservative
NV404743,2026-03-25,2026-03,Paid Ads,Tier 2,25-34,Moderate
NV404744,2026-03-13,2026-03,Referral,Tier 2,55+,Conservative
NV404745,2026-03-15,2026-03,Referral,Tier 3,25-34,Aggressive
NV404746,2026-03-03,2026-03,Influencer/Content,Tier 2,45-54,Moderate
NV404747,2026-03-26,2026-03,Influencer/Content,Tier 2,35-44,Moderate
NV404748,2026-03-07,2026-03,Influencer/Content,Tier 2,25-34,Conservative
NV404749,2026-03-05,2026-03,Organic App Store,Tier 2,18-24,Conservative
NV404750,2026-03-11,2026-03,Referral,Tier 1,25-34,Aggressive
NV404751,2026-03-18,2026-03,Organic App Store,Tier 2,18-24,Conservative
NV404752,2026-03-16,2026-03,Organic App Store,Tier 1,25-34,Moderate
NV404753,2026-03-16,2026-03,Referral,Tier 1,35-44,Moderate
NV404754,2026-03-25,2026-03,Influencer/Content,Tier 2,45-54,Moderate
NV404755,2026-03-19,2026-03,Organic App Store,Tier 1,25-34,Conservative
NV404756,2026-03-19,2026-03,Organic App Store,Tier 1,25-34,Moderate
NV404757,2026-03-28,2026-03,Organic App Store,Tier 1,55+,Moderate
NV404758,2026-03-23,2026-03,Organic App Store,Tier 2,25-34,Moderate
NV404759,2026-03-09,2026-03,Influencer/Content,Tier 2,25-34,Moderate
NV404760,2026-03-14,2026-03,Paid Ads,Tier 3,25-34,Moderate
NV404761,2026-03-15,2026-03,Influencer/Content,Tier 1,35-44,Aggressive
NV404762,2026-03-29,2026-03,Organic App Store,Tier 1,18-24,Conservative
NV404763,2026-03-19,2026-03,Influencer/Content,Tier 1,45-54,Aggressive
NV404764,2026-03-15,2026-03,Organic App Store,Tier 3,25-34,Moderate
NV404765,2026-03-13,2026-03,Referral,Tier 1,25-34,Conservative
NV404766,2026-03-15,2026-03,Referral,Tier 1,25-34,Moderate
NV404767,2026-03-30,2026-03,Paid Ads,Tier 2,35-44,Conservative
NV404768,2026-03-27,2026-03,Organic App Store,Tier 1,45-54,Conservative
NV404769,2026-03-01,2026-03,Organic App Store,Tier 3,18-24,Aggressive
NV404770,2026-03-13,2026-03,Organic App Store,Tier 2,25-34,Aggressive
NV404771,2026-03-04,2026-03,Organic App Store,Tier 2,25-34,Conservative
NV404772,2026-03-19,2026-03,Influencer/Content,Tier 2,25-34,Aggressive
NV404773,2026-03-29,2026-03,Referral,Tier 3,35-44,Moderate
NV404774,2026-03-26,2026-03,Referral,Tier 1,18-24,Aggressive
NV404775,2026-03-27,2026-03,Referral,Tier 2,35-44,Moderate
NV404776,2026-03-27,2026-03,Referral,Tier 1,45-54,Moderate
NV404777,2026-03-03,2026-03,Influencer/Content,Tier 1,35-44,Moderate
NV404778,2026-03-09,2026-03,Referral,Tier 2,35-44,Moderate
NV404779,2026-03-01,2026-03,Organic App Store,Tier 3,35-44,Conservative
NV404780,2026-03-16,2026-03,Referral,Tier 3,25-34,Moderate
NV404781,2026-03-20,2026-03,Influencer/Content,Tier 3,45-54,Aggressive
NV404782,2026-03-17,2026-03,Organic App Store,Tier 1,25-34,Aggressive
NV404783,2026-03-25,2026-03,Organic App Store,Tier 1,35-44,Moderate
NV404784,2026-03-06,2026-03,Paid Ads,Tier 1,25-34,Conservative
NV404785,2026-03-23,2026-03,Influencer/Content,Tier 3,35-44,Moderate
NV404786,2026-03-03,2026-03,Organic App Store,Tier 2,35-44,Moderate
NV404787,2026-03-03,2026-03,Referral,Tier 2,45-54,Conservative
NV404788,2026-03-19,2026-03,Influencer/Content,Tier 2,25-34,Moderate
NV404789,2026-03-24,2026-03,Paid Ads,Tier 2,35-44,Moderate
NV404790,2026-03-17,2026-03,Referral,Tier 3,25-34,Moderate
NV404791,2026-03-26,2026-03,Influencer/Content,Tier 1,25-34,Conservative
NV404792,2026-03-07,2026-03,Influencer/Content,Tier 1,45-54,Moderate
NV404793,2026-03-19,2026-03,Influencer/Content,Tier 1,45-54,Moderate
NV404794,2026-03-06,2026-03,Organic App Store,Tier 2,25-34,Moderate
NV404795,2026-03-01,2026-03,Organic App Store,Tier 1,25-34,Aggressive
NV404796,2026-03-26,2026-03,Influencer/Content,Tier 1,25-34,Moderate
NV404797,2026-03-09,2026-03,Organic App Store,Tier 3,18-24,Moderate
NV404798,2026-03-01,2026-03,Organic App Store,Tier 1,25-34,Aggressive
NV404799,2026-03-01,2026-03,Organic App Store,Tier 1,25-34,Conservative
NV404800,2026-03-16,2026-03,Organic App Store,Tier 3,18-24,Moderate
NV404801,2026-03-04,2026-03,Paid Ads,Tier 2,25-34,Conservative
NV404802,2026-03-28,2026-03,Influencer/Content,Tier 1,35-44,Aggressive
NV404803,2026-03-02,2026-03,Referral,Tier 2,35-44,Aggressive
NV404804,2026-03-28,2026-03,Influencer/Content,Tier 1,18-24,Moderate
NV404805,2026-03-30,2026-03,Organic App Store,Tier 2,45-54,Aggressive
NV404806,2026-03-06,2026-03,Paid Ads,Tier 2,18-24,Aggressive
NV404807,2026-03-21,2026-03,Organic App Store,Tier 1,45-54,Aggressive
NV404808,2026-03-21,2026-03,Organic App Store,Tier 1,45-54,Conservative
NV404809,2026-03-05,2026-03,Paid Ads,Tier 3,25-34,Aggressive
NV404810,2026-03-01,2026-03,Organic App Store,Tier 1,25-34,Moderate
NV404811,2026-03-15,2026-03,Organic App Store,Tier 2,25-34,Conservative
NV404812,2026-03-13,2026-03,Organic App Store,Tier 2,18-24,Moderate
NV404813,2026-03-15,2026-03,Organic App Store,Tier 2,25-34,Aggressive
NV404814,2026-03-21,2026-03,Organic App Store,Tier 1,18-24,Moderate
NV404815,2026-03-25,2026-03,Influencer/Content,Tier 2,25-34,Moderate
NV404816,2026-03-08,2026-03,Influencer/Content,Tier 3,35-44,Conservative
NV404817,2026-03-29,2026-03,Organic App Store,Tier 2,35-44,Conservative
NV404818,2026-03-11,2026-03,Organic App Store,Tier 1,25-34,Conservative
NV404819,2026-03-03,2026-03,Referral,Tier 1,55+,Moderate
NV404820,2026-03-05,2026-03,Influencer/Content,Tier 2,18-24,Moderate
NV404821,2026-03-23,2026-03,Referral,Tier 2,18-24,Conservative
NV404822,2026-03-10,2026-03,Organic App Store,Tier 1,18-24,Moderate
NV404823,2026-03-10,2026-03,Referral,Tier 1,55+,Aggressive
NV404824,2026-03-14,2026-03,Organic App Store,Tier 2,45-54,Aggressive
NV404825,2026-03-08,2026-03,Influencer/Content,Tier 1,25-34,Conservative
NV404826,2026-03-24,2026-03,Paid Ads,Tier 3,18-24,Moderate
NV404827,2026-03-01,2026-03,Referral,Tier 2,35-44,Moderate
NV404828,2026-03-21,2026-03,Paid Ads,Tier 3,45-54,Moderate
NV404829,2026-03-05,2026-03,Referral,Tier 2,18-24,Conservative
NV404830,2026-03-06,2026-03,Organic App Store,Tier 2,35-44,Conservative
NV404831,2026-03-15,2026-03,Organic App Store,Tier 3,35-44,Moderate
NV404832,2026-03-22,2026-03,Organic App Store,Tier 2,18-24,Conservative
NV404833,2026-03-02,2026-03,Organic App Store,Tier 2,35-44,Moderate
NV404834,2026-03-11,2026-03,Organic App Store,Tier 1,18-24,Conservative
NV404835,2026-03-09,2026-03,Organic App Store,Tier 1,45-54,Moderate
NV404836,2026-03-24,2026-03,Influencer/Content,Tier 1,45-54,Conservative
NV404837,2026-03-26,2026-03,Paid Ads,Tier 2,25-34,Moderate
NV404838,2026-03-03,2026-03,Organic App Store,Tier 1,25-34,Aggressive
NV404839,2026-03-23,2026-03,Paid Ads,Tier 2,55+,Moderate
NV404840,2026-03-10,2026-03,Organic App Store,Tier 3,45-54,Aggressive
NV404841,2026-03-11,2026-03,Influencer/Content,Tier 2,25-34,Moderate
NV404842,2026-03-04,2026-03,Referral,Tier 1,35-44,Conservative
NV404843,2026-03-27,2026-03,Referral,Tier 2,18-24,Moderate
NV404844,2026-03-01,2026-03,Organic App Store,Tier 1,25-34,Conservative
NV404845,2026-03-17,2026-03,Organic App Store,Tier 2,45-54,Moderate
NV404846,2026-03-21,2026-03,Organic App Store,Tier 3,18-24,Aggressive
NV404847,2026-03-15,2026-03,Referral,Tier 2,55+,Moderate
NV404848,2026-03-10,2026-03,Referral,Tier 2,18-24,Moderate
NV404849,2026-03-22,2026-03,Influencer/Content,Tier 3,45-54,Moderate
NV404850,2026-03-29,2026-03,Organic App Store,Tier 1,18-24,Moderate
NV404851,2026-03-10,2026-03,Influencer/Content,Tier 3,25-34,Moderate
NV404852,2026-03-01,2026-03,Influencer/Content,Tier 2,35-44,Moderate
NV404853,2026-03-18,2026-03,Organic App Store,Tier 1,25-34,Aggressive
NV404854,2026-03-01,2026-03,Influencer/Content,Tier 1,25-34,Aggressive
NV404855,2026-03-07,2026-03,Organic App Store,Tier 3,45-54,Moderate
NV404856,2026-03-04,2026-03,Organic App Store,Tier 2,25-34,Conservative
NV404857,2026-03-08,2026-03,Paid Ads,Tier 1,35-44,Conservative
NV404858,2026-03-13,2026-03,Referral,Tier 1,55+,Conservative
NV404859,2026-03-04,2026-03,Referral,Tier 3,25-34,Moderate
NV404860,2026-03-22,2026-03,Paid Ads,Tier 1,25-34,Aggressive
NV404861,2026-03-19,2026-03,Influencer/Content,Tier 1,25-34,Moderate
NV404862,2026-03-20,2026-03,Referral,Tier 1,45-54,Conservative
NV404863,2026-03-18,2026-03,Referral,Tier 2,25-34,Moderate
NV404864,2026-03-11,2026-03,Paid Ads,Tier 1,45-54,Conservative
NV404865,2026-03-04,2026-03,Organic App Store,Tier 3,25-34,Moderate
NV404866,2026-03-30,2026-03,Influencer/Content,Tier 1,25-34,Aggressive
NV404867,2026-03-08,2026-03,Paid Ads,Tier 3,25-34,Conservative
NV404868,2026-03-03,2026-03,Paid Ads,Tier 2,25-34,Conservative
NV404869,2026-03-10,2026-03,Referral,Tier 2,25-34,Conservative
NV404870,2026-03-05,2026-03,Organic App Store,Tier 1,25-34,Moderate
NV404871,2026-03-03,2026-03,Referral,Tier 1,25-34,Moderate
NV404872,2026-03-12,2026-03,Paid Ads,Tier 1,55+,Moderate
NV404873,2026-03-09,2026-03,Organic App Store,Tier 2,18-24,Moderate
NV404874,2026-03-07,2026-03,Influencer/Content,Tier 1,25-34,Moderate
NV404875,2026-03-22,2026-03,Influencer/Content,Tier 1,18-24,Moderate
NV404876,2026-03-12,2026-03,Referral,Tier 1,45-54,Moderate
NV404877,2026-03-20,2026-03,Influencer/Content,Tier 1,35-44,Moderate
NV404878,2026-03-28,2026-03,Organic App Store,Tier 3,35-44,Aggressive
NV404879,2026-03-06,2026-03,Organic App Store,Tier 2,25-34,Aggressive
NV404880,2026-03-03,2026-03,Organic App Store,Tier 1,35-44,Moderate
NV404881,2026-03-04,2026-03,Referral,Tier 2,35-44,Moderate
NV404882,2026-03-30,2026-03,Referral,Tier 2,25-34,Aggressive
NV404883,2026-03-20,2026-03,Organic App Store,Tier 2,18-24,Conservative
NV404884,2026-03-24,2026-03,Organic App Store,Tier 2,25-34,Moderate
NV404885,2026-03-25,2026-03,Organic App Store,Tier 1,25-34,Moderate
NV404886,2026-03-22,2026-03,Referral,Tier 2,35-44,Moderate
NV404887,2026-03-14,2026-03,Organic App Store,Tier 2,35-44,Conservative
NV404888,2026-03-14,2026-03,Influencer/Content,Tier 3,18-24,Moderate
NV404889,2026-03-15,2026-03,Referral,Tier 3,25-34,Moderate
NV404890,2026-03-08,2026-03,Paid Ads,Tier 2,35-44,Conservative
NV404891,2026-03-09,2026-03,Organic App Store,Tier 1,25-34,Conservative
NV404892,2026-03-27,2026-03,Influencer/Content,Tier 2,18-24,Conservative
NV404893,2026-03-07,2026-03,Referral,Tier 3,18-24,Aggressive
NV404894,2026-03-29,2026-03,Influencer/Content,Tier 2,45-54,Aggressive
NV404895,2026-03-01,2026-03,Paid Ads,Tier 2,25-34,Conservative
NV404896,2026-03-21,2026-03,Influencer/Content,Tier 3,35-44,Aggressive
NV404897,2026-03-14,2026-03,Organic App Store,Tier 2,25-34,Moderate
NV404898,2026-03-07,2026-03,Organic App Store,Tier 1,35-44,Moderate
NV404899,2026-03-09,2026-03,Organic App Store,Tier 3,25-34,Aggressive
NV404900,2026-03-17,2026-03,Influencer/Content,Tier 3,18-24,Aggressive
NV404901,2026-03-10,2026-03,Paid Ads,Tier 2,25-34,Conservative
NV404902,2026-03-04,2026-03,Referral,Tier 1,18-24,Aggressive
NV404903,2026-03-28,2026-03,Organic App Store,Tier 1,25-34,Aggressive
NV404904,2026-03-09,2026-03,Referral,Tier 1,18-24,Aggressive
NV404905,2026-03-04,2026-03,Organic App Store,Tier 3,25-34,Moderate
NV404906,2026-03-25,2026-03,Organic App Store,Tier 1,25-34,Aggressive
NV404907,2026-03-12,2026-03,Influencer/Content,Tier 1,18-24,Aggressive
NV404908,2026-03-26,2026-03,Organic App Store,Tier 1,18-24,Moderate
NV404909,2026-03-14,2026-03,Referral,Tier 2,25-34,Aggressive
NV404910,2026-03-01,2026-03,Paid Ads,Tier 3,18-24,Moderate
NV404911,2026-03-05,2026-03,Referral,Tier 1,25-34,Moderate
NV404912,2026-03-14,2026-03,Paid Ads,Tier 1,45-54,Conservative
NV404913,2026-03-20,2026-03,Influencer/Content,Tier 1,25-34,Aggressive
NV404914,2026-03-13,2026-03,Paid Ads,Tier 2,25-34,Aggressive
NV404915,2026-03-11,2026-03,Paid Ads,Tier 3,35-44,Moderate
NV404916,2026-03-20,2026-03,Referral,Tier 1,18-24,Aggressive
NV404917,2026-03-26,2026-03,Paid Ads,Tier 2,18-24,Aggressive
NV404918,2026-03-14,2026-03,Paid Ads,Tier 1,18-24,Aggressive
NV404919,2026-03-28,2026-03,Referral,Tier 1,45-54,Conservative
NV404920,2026-03-17,2026-03,Referral,Tier 2,18-24,Aggressive
NV404921,2026-03-07,2026-03,Referral,Tier 2,35-44,Conservative
NV404922,2026-03-11,2026-03,Organic App Store,Tier 3,25-34,Conservative
NV404923,2026-03-07,2026-03,Organic App Store,Tier 3,25-34,Conservative
NV404924,2026-03-26,2026-03,Influencer/Content,Tier 2,25-34,Conservative
NV404925,2026-03-26,2026-03,Paid Ads,Tier 1,18-24,Moderate
NV404926,2026-03-16,2026-03,Referral,Tier 2,35-44,Moderate
NV404927,2026-03-11,2026-03,Referral,Tier 3,35-44,Moderate
NV404928,2026-03-24,2026-03,Organic App Store,Tier 3,25-34,Aggressive
NV404929,2026-03-24,2026-03,Referral,Tier 3,45-54,Conservative
NV404930,2026-03-17,2026-03,Paid Ads,Tier 2,25-34,Moderate
NV404931,2026-03-15,2026-03,Influencer/Content,Tier 2,25-34,Conservative
NV404932,2026-03-21,2026-03,Organic App Store,Tier 2,25-34,Aggressive
NV404933,2026-03-14,2026-03,Referral,Tier 1,18-24,Conservative
NV404934,2026-03-04,2026-03,Referral,Tier 1,25-34,Aggressive
NV404935,2026-03-03,2026-03,Referral,Tier 2,18-24,Moderate
NV404936,2026-03-22,2026-03,Referral,Tier 2,25-34,Moderate
NV404937,2026-03-05,2026-03,Influencer/Content,Tier 3,25-34,Moderate
NV404938,2026-03-05,2026-03,Organic App Store,Tier 3,35-44,Moderate
NV404939,2026-03-04,2026-03,Paid Ads,Tier 3,25-34,Conservative
NV404940,2026-03-02,2026-03,Referral,Tier 3,35-44,Aggressive
NV404941,2026-03-22,2026-03,Influencer/Content,Tier 2,45-54,Conservative
NV404942,2026-03-08,2026-03,Organic App Store,Tier 2,35-44,Aggressive
NV404943,2026-03-23,2026-03,Paid Ads,Tier 1,35-44,Aggressive
NV404944,2026-03-20,2026-03,Organic App Store,Tier 3,18-24,Conservative
NV404945,2026-03-07,2026-03,Organic App Store,Tier 1,35-44,Moderate
NV404946,2026-03-16,2026-03,Referral,Tier 2,18-24,Moderate
NV404947,2026-03-21,2026-03,Paid Ads,Tier 2,35-44,Moderate
NV404948,2026-03-11,2026-03,Paid Ads,Tier 3,35-44,Moderate
NV404949,2026-03-03,2026-03,Organic App Store,Tier 3,35-44,Moderate
NV404950,2026-03-09,2026-03,Influencer/Content,Tier 1,35-44,Conservative
NV404951,2026-03-10,2026-03,Paid Ads,Tier 3,18-24,Conservative
NV404952,2026-03-13,2026-03,Referral,Tier 3,18-24,Aggressive
NV404953,2026-03-05,2026-03,Paid Ads,Tier 2,35-44,Conservative
NV404954,2026-03-01,2026-03,Paid Ads,Tier 2,18-24,Conservative
NV404955,2026-03-09,2026-03,Organic App Store,Tier 2,35-44,Aggressive
NV404956,2026-03-07,2026-03,Paid Ads,Tier 1,25-34,Moderate
NV404957,2026-03-01,2026-03,Organic App Store,Tier 1,25-34,Aggressive
NV404958,2026-03-30,2026-03,Referral,Tier 1,25-34,Moderate
NV404959,2026-03-05,2026-03,Influencer/Content,Tier 1,35-44,Moderate
NV404960,2026-03-06,2026-03,Influencer/Content,Tier 2,45-54,Aggressive
NV404961,2026-03-05,2026-03,Influencer/Content,Tier 2,35-44,Conservative
NV404962,2026-03-02,2026-03,Organic App Store,Tier 2,18-24,Moderate
NV404963,2026-03-12,2026-03,Organic App Store,Tier 1,25-34,Conservative
NV404964,2026-03-10,2026-03,Organic App Store,Tier 2,45-54,Conservative
NV404965,2026-03-23,2026-03,Organic App Store,Tier 1,25-34,Aggressive
NV404966,2026-03-07,2026-03,Referral,Tier 3,25-34,Conservative
NV404967,2026-03-05,2026-03,Influencer/Content,Tier 2,25-34,Moderate
NV404968,2026-03-18,2026-03,Referral,Tier 1,25-34,Moderate
NV404969,2026-03-20,2026-03,Referral,Tier 1,25-34,Aggressive
NV404970,2026-03-07,2026-03,Referral,Tier 2,18-24,Aggressive
NV404971,2026-03-01,2026-03,Referral,Tier 1,25-34,Aggressive
NV404972,2026-03-12,2026-03,Organic App Store,Tier 1,25-34,Conservative
NV404973,2026-03-01,2026-03,Referral,Tier 2,25-34,Aggressive
NV404974,2026-03-19,2026-03,Referral,Tier 3,45-54,Conservative
NV404975,2026-03-13,2026-03,Organic App Store,Tier 1,25-34,Aggressive
NV404976,2026-03-28,2026-03,Paid Ads,Tier 1,35-44,Moderate
NV404977,2026-03-16,2026-03,Organic App Store,Tier 1,35-44,Conservative
NV404978,2026-03-30,2026-03,Referral,Tier 1,18-24,Moderate
NV404979,2026-03-11,2026-03,Organic App Store,Tier 3,25-34,Moderate
NV404980,2026-03-10,2026-03,Influencer/Content,Tier 1,35-44,Conservative
NV404981,2026-03-15,2026-03,Referral,Tier 2,25-34,Moderate
NV404982,2026-03-06,2026-03,Organic App Store,Tier 1,25-34,Conservative
NV404983,2026-03-05,2026-03,Paid Ads,Tier 3,25-34,Aggressive
NV404984,2026-03-07,2026-03,Organic App Store,Tier 2,18-24,Conservative
NV404985,2026-03-18,2026-03,Referral,Tier 1,35-44,Conservative
NV404986,2026-03-08,2026-03,Organic App Store,Tier 1,18-24,Moderate
NV404987,2026-03-03,2026-03,Referral,Tier 1,25-34,Conservative
NV404988,2026-03-05,2026-03,Referral,Tier 3,25-34,Aggressive
NV404989,2026-03-12,2026-03,Paid Ads,Tier 1,35-44,Aggressive
NV404990,2026-03-13,2026-03,Influencer/Content,Tier 2,35-44,Moderate
NV404991,2026-03-14,2026-03,Paid Ads,Tier 2,25-34,Moderate
NV404992,2026-03-05,2026-03,Influencer/Content,Tier 1,18-24,Conservative
NV404993,2026-03-04,2026-03,Organic App Store,Tier 1,35-44,Conservative
NV404994,2026-03-08,2026-03,Referral,Tier 2,25-34,Moderate
NV404995,2026-03-30,2026-03,Paid Ads,Tier 1,45-54,Aggressive
NV404996,2026-03-29,2026-03,Organic App Store,Tier 2,25-34,Aggressive
NV404997,2026-03-07,2026-03,Referral,Tier 3,18-24,Moderate
NV404998,2026-03-26,2026-03,Paid Ads,Tier 2,25-34,Moderate
NV404999,2026-03-28,2026-03,Referral,Tier 2,25-34,Conservative
NV405000,2026-03-07,2026-03,Paid Ads,Tier 1,18-24,Moderate
NV405001,2026-03-19,2026-03,Organic App Store,Tier 3,18-24,Aggressive
NV405002,2026-03-27,2026-03,Influencer/Content,Tier 1,35-44,Moderate
NV405003,2026-03-11,2026-03,Organic App Store,Tier 1,25-34,Moderate
NV405004,2026-03-10,2026-03,Influencer/Content,Tier 3,25-34,Moderate
NV405005,2026-03-16,2026-03,Organic App Store,Tier 1,25-34,Moderate
NV405006,2026-03-10,2026-03,Influencer/Content,Tier 3,25-34,Aggressive
NV405007,2026-03-16,2026-03,Referral,Tier 1,55+,Conservative
NV405008,2026-03-27,2026-03,Paid Ads,Tier 2,18-24,Conservative
NV405009,2026-03-28,2026-03,Influencer/Content,Tier 1,35-44,Conservative
NV405010,2026-03-02,2026-03,Paid Ads,Tier 1,18-24,Conservative
NV405011,2026-03-14,2026-03,Referral,Tier 1,35-44,Moderate
NV405012,2026-03-17,2026-03,Organic App Store,Tier 1,35-44,Moderate
NV405013,2026-03-20,2026-03,Paid Ads,Tier 1,25-34,Moderate
NV405014,2026-03-01,2026-03,Influencer/Content,Tier 1,45-54,Aggressive
NV405015,2026-03-01,2026-03,Referral,Tier 1,25-34,Moderate
NV405016,2026-03-14,2026-03,Influencer/Content,Tier 1,35-44,Moderate
NV405017,2026-03-01,2026-03,Organic App Store,Tier 3,55+,Conservative
NV405018,2026-03-13,2026-03,Influencer/Content,Tier 2,18-24,Aggressive
NV405019,2026-03-28,2026-03,Influencer/Content,Tier 1,18-24,Conservative
NV405020,2026-03-27,2026-03,Referral,Tier 1,18-24,Aggressive
NV405021,2026-03-24,2026-03,Paid Ads,Tier 1,25-34,Moderate
NV405022,2026-03-18,2026-03,Referral,Tier 1,18-24,Moderate
NV405023,2026-03-20,2026-03,Influencer/Content,Tier 2,25-34,Conservative
NV405024,2026-03-28,2026-03,Paid Ads,Tier 1,45-54,Conservative
NV405025,2026-03-16,2026-03,Referral,Tier 1,25-34,Conservative
NV405026,2026-03-16,2026-03,Organic App Store,Tier 3,35-44,Conservative
NV405027,2026-03-09,2026-03,Paid Ads,Tier 2,25-34,Moderate
NV405028,2026-03-27,2026-03,Organic App Store,Tier 1,25-34,Moderate
NV405029,2026-03-06,2026-03,Influencer/Content,Tier 2,25-34,Moderate
NV405030,2026-03-25,2026-03,Organic App Store,Tier 2,25-34,Moderate
NV405031,2026-03-01,2026-03,Referral,Tier 2,25-34,Moderate
NV405032,2026-03-12,2026-03,Influencer/Content,Tier 1,25-34,Conservative
NV405033,2026-03-02,2026-03,Referral,Tier 2,25-34,Conservative
NV405034,2026-03-13,2026-03,Paid Ads,Tier 1,25-34,Conservative
NV405035,2026-03-20,2026-03,Paid Ads,Tier 2,35-44,Aggressive
NV405036,2026-03-13,2026-03,Paid Ads,Tier 2,18-24,Moderate
NV405037,2026-03-27,2026-03,Referral,Tier 3,55+,Moderate
NV405038,2026-03-10,2026-03,Referral,Tier 1,25-34,Moderate
NV405039,2026-03-08,2026-03,Organic App Store,Tier 1,55+,Conservative
NV405040,2026-03-18,2026-03,Referral,Tier 1,45-54,Conservative
NV405041,2026-03-19,2026-03,Influencer/Content,Tier 2,35-44,Aggressive
NV405042,2026-03-03,2026-03,Organic App Store,Tier 1,18-24,Moderate
NV405043,2026-03-06,2026-03,Influencer/Content,Tier 3,25-34,Moderate
NV405044,2026-03-08,2026-03,Paid Ads,Tier 1,35-44,Moderate
NV405045,2026-03-18,2026-03,Referral,Tier 3,25-34,Aggressive
NV405046,2026-03-14,2026-03,Influencer/Content,Tier 1,35-44,Moderate
NV405047,2026-03-02,2026-03,Organic App Store,Tier 2,25-34,Aggressive
NV405048,2026-03-19,2026-03,Organic App Store,Tier 1,25-34,Moderate
NV405049,2026-03-20,2026-03,Influencer/Content,Tier 3,25-34,Moderate
NV405050,2026-03-28,2026-03,Influencer/Content,Tier 2,25-34,Moderate
NV405051,2026-03-05,2026-03,Organic App Store,Tier 1,35-44,Moderate
NV405052,2026-03-10,2026-03,Influencer/Content,Tier 2,18-24,Aggressive
NV405053,2026-03-08,2026-03,Paid Ads,Tier 1,35-44,Aggressive
NV405054,2026-03-04,2026-03,Referral,Tier 2,25-34,Conservative
NV405055,2026-03-04,2026-03,Referral,Tier 3,25-34,Moderate
NV405056,2026-03-08,2026-03,Referral,Tier 3,45-54,Aggressive
NV405057,2026-03-17,2026-03,Organic App Store,Tier 1,25-34,Moderate
NV405058,2026-03-05,2026-03,Influencer/Content,Tier 1,25-34,Moderate
NV405059,2026-03-24,2026-03,Paid Ads,Tier 2,18-24,Conservative
NV405060,2026-03-04,2026-03,Referral,Tier 1,35-44,Aggressive
NV405061,2026-03-20,2026-03,Influencer/Content,Tier 1,55+,Conservative
NV405062,2026-03-30,2026-03,Organic App Store,Tier 1,25-34,Aggressive
NV405063,2026-03-01,2026-03,Influencer/Content,Tier 1,25-34,Moderate
NV405064,2026-03-04,2026-03,Organic App Store,Tier 3,25-34,Moderate
NV405065,2026-03-19,2026-03,Organic App Store,Tier 3,25-34,Moderate
NV405066,2026-03-06,2026-03,Referral,Tier 2,35-44,Moderate
NV405067,2026-03-20,2026-03,Paid Ads,Tier 1,35-44,Conservative
NV405068,2026-03-23,2026-03,Organic App Store,Tier 2,18-24,Moderate
NV405069,2026-03-21,2026-03,Organic App Store,Tier 3,25-34,Aggressive
NV405070,2026-03-03,2026-03,Referral,Tier 1,45-54,Moderate
NV405071,2026-03-13,2026-03,Influencer/Content,Tier 2,45-54,Moderate
NV405072,2026-03-16,2026-03,Organic App Store,Tier 2,35-44,Moderate
NV405073,2026-03-11,2026-03,Influencer/Content,Tier 2,45-54,Conservative
NV405074,2026-03-26,2026-03,Organic App Store,Tier 2,25-34,Aggressive
NV405075,2026-03-29,2026-03,Organic App Store,Tier 1,35-44,Moderate
NV405076,2026-03-09,2026-03,Organic App Store,Tier 3,45-54,Conservative
NV405077,2026-03-18,2026-03,Organic App Store,Tier 3,25-34,Aggressive
NV405078,2026-03-09,2026-03,Organic App Store,Tier 2,25-34,Moderate
NV405079,2026-03-04,2026-03,Referral,Tier 2,35-44,Aggressive
NV405080,2026-03-23,2026-03,Referral,Tier 2,35-44,Aggressive
NV405081,2026-03-09,2026-03,Organic App Store,Tier 3,35-44,Moderate
NV405082,2026-03-06,2026-03,Influencer/Content,Tier 2,35-44,Aggressive
NV405083,2026-03-03,2026-03,Paid Ads,Tier 1,35-44,Moderate
NV405084,2026-03-15,2026-03,Paid Ads,Tier 1,18-24,Moderate
NV405085,2026-03-05,2026-03,Influencer/Content,Tier 2,25-34,Conservative
NV405086,2026-03-29,2026-03,Organic App Store,Tier 1,18-24,Aggressive
NV405087,2026-03-20,2026-03,Organic App Store,Tier 2,18-24,Conservative
NV405088,2026-03-06,2026-03,Paid Ads,Tier 3,55+,Moderate
NV405089,2026-03-11,2026-03,Paid Ads,Tier 1,35-44,Conservative
NV405090,2026-03-02,2026-03,Paid Ads,Tier 2,25-34,Moderate
NV405091,2026-03-21,2026-03,Influencer/Content,Tier 1,45-54,Conservative
NV405092,2026-03-06,2026-03,Referral,Tier 1,25-34,Aggressive
NV405093,2026-03-29,2026-03,Influencer/Content,Tier 2,25-34,Conservative
NV405094,2026-03-20,2026-03,Paid Ads,Tier 2,25-34,Moderate
NV405095,2026-03-15,2026-03,Organic App Store,Tier 1,25-34,Moderate
NV405096,2026-03-25,2026-03,Referral,Tier 3,35-44,Aggressive
NV405097,2026-03-01,2026-03,Influencer/Content,Tier 1,25-34,Moderate
NV405098,2026-03-26,2026-03,Paid Ads,Tier 1,25-34,Moderate
NV405099,2026-03-05,2026-03,Influencer/Content,Tier 2,25-34,Aggressive
NV405100,2026-03-22,2026-03,Influencer/Content,Tier 1,18-24,Conservative
NV405101,2026-03-20,2026-03,Referral,Tier 1,35-44,Moderate
NV405102,2026-03-06,2026-03,Influencer/Content,Tier 2,25-34,Conservative
NV405103,2026-03-24,2026-03,Paid Ads,Tier 3,35-44,Conservative
NV405104,2026-03-22,2026-03,Influencer/Content,Tier 1,25-34,Moderate
NV405105,2026-03-07,2026-03,Organic App Store,Tier 2,25-34,Moderate
NV405106,2026-03-22,2026-03,Influencer/Content,Tier 3,25-34,Moderate
NV405107,2026-03-10,2026-03,Paid Ads,Tier 1,35-44,Moderate
NV405108,2026-03-20,2026-03,Organic App Store,Tier 2,55+,Conservative
NV405109,2026-03-05,2026-03,Paid Ads,Tier 2,18-24,Moderate
NV405110,2026-03-06,2026-03,Organic App Store,Tier 2,25-34,Moderate
NV405111,2026-03-26,2026-03,Paid Ads,Tier 1,18-24,Moderate
NV405112,2026-03-16,2026-03,Organic App Store,Tier 1,55+,Moderate
NV405113,2026-03-29,2026-03,Organic App Store,Tier 2,25-34,Conservative
NV405114,2026-03-26,2026-03,Organic App Store,Tier 3,25-34,Moderate
NV405115,2026-03-03,2026-03,Influencer/Content,Tier 2,45-54,Moderate
NV405116,2026-03-09,2026-03,Referral,Tier 1,25-34,Moderate
NV405117,2026-03-30,2026-03,Organic App Store,Tier 2,25-34,Aggressive
NV405118,2026-03-13,2026-03,Referral,Tier 3,18-24,Conservative
NV405119,2026-03-15,2026-03,Influencer/Content,Tier 1,25-34,Conservative
NV405120,2026-03-07,2026-03,Organic App Store,Tier 1,35-44,Conservative
NV405121,2026-03-21,2026-03,Referral,Tier 1,25-34,Moderate
NV405122,2026-03-09,2026-03,Influencer/Content,Tier 1,18-24,Conservative
NV405123,2026-03-05,2026-03,Influencer/Content,Tier 1,45-54,Moderate
NV405124,2026-03-18,2026-03,Paid Ads,Tier 1,35-44,Moderate
NV405125,2026-03-18,2026-03,Paid Ads,Tier 2,25-34,Aggressive
NV405126,2026-03-18,2026-03,Organic App Store,Tier 2,35-44,Aggressive
NV405127,2026-03-12,2026-03,Paid Ads,Tier 2,25-34,Aggressive
NV405128,2026-03-08,2026-03,Organic App Store,Tier 2,35-44,Moderate
NV405129,2026-03-09,2026-03,Paid Ads,Tier 3,25-34,Aggressive
NV405130,2026-03-08,2026-03,Paid Ads,Tier 2,35-44,Aggressive
NV405131,2026-03-14,2026-03,Influencer/Content,Tier 2,35-44,Moderate
NV405132,2026-03-16,2026-03,Paid Ads,Tier 2,18-24,Aggressive
NV405133,2026-03-30,2026-03,Influencer/Content,Tier 2,25-34,Aggressive
NV405134,2026-03-08,2026-03,Organic App Store,Tier 3,25-34,Conservative
NV405135,2026-03-21,2026-03,Influencer/Content,Tier 2,18-24,Aggressive
NV405136,2026-03-10,2026-03,Paid Ads,Tier 3,25-34,Aggressive
NV405137,2026-03-15,2026-03,Paid Ads,Tier 1,18-24,Conservative
NV405138,2026-03-19,2026-03,Organic App Store,Tier 3,25-34,Aggressive
NV405139,2026-03-03,2026-03,Organic App Store,Tier 2,18-24,Conservative
NV405140,2026-03-12,2026-03,Organic App Store,Tier 3,25-34,Moderate
NV405141,2026-03-12,2026-03,Referral,Tier 3,25-34,Conservative
NV405142,2026-03-14,2026-03,Organic App Store,Tier 3,18-24,Conservative
NV405143,2026-03-03,2026-03,Referral,Tier 1,25-34,Aggressive
NV405144,2026-03-14,2026-03,Organic App Store,Tier 3,55+,Aggressive
NV405145,2026-03-11,2026-03,Referral,Tier 2,25-34,Moderate
NV405146,2026-03-17,2026-03,Referral,Tier 1,25-34,Aggressive
NV405147,2026-03-20,2026-03,Influencer/Content,Tier 2,35-44,Moderate
NV405148,2026-03-15,2026-03,Referral,Tier 1,18-24,Moderate
NV405149,2026-03-07,2026-03,Influencer/Content,Tier 2,25-34,Moderate
NV405150,2026-03-30,2026-03,Influencer/Content,Tier 3,25-34,Moderate
NV405151,2026-03-30,2026-03,Influencer/Content,Tier 2,18-24,Moderate
NV405152,2026-03-16,2026-03,Organic App Store,Tier 1,45-54,Aggressive
NV405153,2026-03-06,2026-03,Organic App Store,Tier 2,18-24,Moderate
NV405154,2026-03-14,2026-03,Organic App Store,Tier 2,25-34,Conservative
NV405155,2026-03-09,2026-03,Influencer/Content,Tier 1,18-24,Conservative
NV405156,2026-03-05,2026-03,Paid Ads,Tier 2,25-34,Aggressive
NV405157,2026-03-23,2026-03,Organic App Store,Tier 3,35-44,Moderate
NV405158,2026-03-18,2026-03,Organic App Store,Tier 1,25-34,Conservative
NV405159,2026-03-29,2026-03,Organic App Store,Tier 1,25-34,Moderate
NV405160,2026-03-24,2026-03,Organic App Store,Tier 2,25-34,Moderate
NV405161,2026-03-15,2026-03,Referral,Tier 2,35-44,Moderate
NV405162,2026-03-26,2026-03,Paid Ads,Tier 2,18-24,Conservative
NV405163,2026-03-16,2026-03,Organic App Store,Tier 1,25-34,Aggressive
NV405164,2026-03-22,2026-03,Paid Ads,Tier 3,35-44,Aggressive
NV405165,2026-03-26,2026-03,Influencer/Content,Tier 3,25-34,Aggressive
NV405166,2026-03-11,2026-03,Paid Ads,Tier 1,25-34,Conservative
NV405167,2026-03-24,2026-03,Referral,Tier 2,35-44,Moderate
NV405168,2026-03-28,2026-03,Referral,Tier 1,25-34,Conservative
NV405169,2026-03-28,2026-03,Paid Ads,Tier 1,25-34,Conservative
NV405170,2026-03-28,2026-03,Paid Ads,Tier 1,25-34,Moderate
NV405171,2026-03-16,2026-03,Paid Ads,Tier 3,18-24,Aggressive
NV405172,2026-03-16,2026-03,Organic App Store,Tier 1,25-34,Aggressive
NV405173,2026-03-22,2026-03,Referral,Tier 3,25-34,Conservative
NV405174,2026-03-01,2026-03,Referral,Tier 2,35-44,Aggressive
NV405175,2026-03-17,2026-03,Paid Ads,Tier 2,35-44,Conservative
NV405176,2026-03-06,2026-03,Organic App Store,Tier 3,45-54,Conservative
NV405177,2026-03-27,2026-03,Referral,Tier 1,25-34,Moderate
NV405178,2026-03-17,2026-03,Organic App Store,Tier 1,18-24,Conservative
NV405179,2026-03-29,2026-03,Paid Ads,Tier 1,25-34,Moderate
NV405180,2026-03-15,2026-03,Referral,Tier 1,25-34,Aggressive
NV405181,2026-03-20,2026-03,Influencer/Content,Tier 1,45-54,Conservative
NV405182,2026-03-22,2026-03,Organic App Store,Tier 2,25-34,Conservative
NV405183,2026-03-24,2026-03,Influencer/Content,Tier 1,18-24,Moderate
NV405184,2026-03-29,2026-03,Influencer/Content,Tier 2,25-34,Moderate
NV405185,2026-03-25,2026-03,Referral,Tier 1,18-24,Moderate
NV405186,2026-03-23,2026-03,Referral,Tier 1,25-34,Moderate
NV405187,2026-03-21,2026-03,Organic App Store,Tier 2,25-34,Conservative
NV405188,2026-03-16,2026-03,Referral,Tier 2,35-44,Aggressive
NV405189,2026-03-23,2026-03,Influencer/Content,Tier 3,45-54,Moderate
NV405190,2026-03-28,2026-03,Referral,Tier 2,18-24,Moderate
NV405191,2026-03-09,2026-03,Paid Ads,Tier 2,25-34,Moderate
NV405192,2026-03-29,2026-03,Referral,Tier 1,45-54,Moderate
NV405193,2026-03-05,2026-03,Influencer/Content,Tier 3,25-34,Aggressive
NV405194,2026-03-12,2026-03,Referral,Tier 3,35-44,Aggressive
NV405195,2026-03-06,2026-03,Organic App Store,Tier 3,55+,Moderate
NV405196,2026-03-23,2026-03,Referral,Tier 2,35-44,Conservative
NV405197,2026-03-16,2026-03,Referral,Tier 2,25-34,Conservative
NV405198,2026-03-27,2026-03,Organic App Store,Tier 1,25-34,Moderate
NV405199,2026-03-10,2026-03,Organic App Store,Tier 1,35-44,Moderate
NV405200,2026-03-07,2026-03,Organic App Store,Tier 1,25-34,Conservative
NV405201,2026-03-06,2026-03,Influencer/Content,Tier 2,45-54,Moderate
NV405202,2026-03-15,2026-03,Referral,Tier 2,35-44,Moderate
NV405203,2026-03-23,2026-03,Referral,Tier 2,45-54,Aggressive
NV405204,2026-03-01,2026-03,Organic App Store,Tier 3,25-34,Moderate
NV405205,2026-03-12,2026-03,Organic App Store,Tier 3,25-34,Moderate
NV405206,2026-03-28,2026-03,Influencer/Content,Tier 1,45-54,Moderate
NV405207,2026-03-20,2026-03,Referral,Tier 1,25-34,Conservative
NV405208,2026-03-08,2026-03,Influencer/Content,Tier 3,55+,Aggressive
NV405209,2026-03-16,2026-03,Influencer/Content,Tier 1,35-44,Aggressive
NV405210,2026-03-10,2026-03,Organic App Store,Tier 2,25-34,Conservative
NV405211,2026-03-20,2026-03,Referral,Tier 1,18-24,Conservative
NV405212,2026-03-19,2026-03,Paid Ads,Tier 1,35-44,Conservative
NV405213,2026-03-19,2026-03,Organic App Store,Tier 2,45-54,Moderate
NV405214,2026-03-04,2026-03,Influencer/Content,Tier 1,18-24,Moderate
NV405215,2026-03-03,2026-03,Paid Ads,Tier 3,25-34,Conservative
NV405216,2026-03-21,2026-03,Organic App Store,Tier 2,25-34,Moderate
NV405217,2026-03-01,2026-03,Organic App Store,Tier 3,45-54,Conservative
NV405218,2026-03-03,2026-03,Referral,Tier 1,25-34,Moderate
NV405219,2026-03-21,2026-03,Referral,Tier 1,25-34,Aggressive
NV405220,2026-03-14,2026-03,Paid Ads,Tier 1,45-54,Aggressive
NV405221,2026-03-30,2026-03,Referral,Tier 3,45-54,Moderate
NV405222,2026-03-27,2026-03,Influencer/Content,Tier 1,35-44,Aggressive
NV405223,2026-03-13,2026-03,Referral,Tier 1,25-34,Aggressive
NV405224,2026-03-06,2026-03,Paid Ads,Tier 1,45-54,Moderate
NV405225,2026-03-12,2026-03,Organic App Store,Tier 3,18-24,Moderate
NV405226,2026-03-06,2026-03,Paid Ads,Tier 2,35-44,Moderate
NV405227,2026-03-11,2026-03,Organic App Store,Tier 3,18-24,Moderate
NV405228,2026-03-10,2026-03,Referral,Tier 2,25-34,Aggressive
NV405229,2026-03-20,2026-03,Paid Ads,Tier 3,35-44,Conservative
NV405230,2026-03-11,2026-03,Referral,Tier 3,35-44,Moderate
NV405231,2026-03-24,2026-03,Organic App Store,Tier 3,25-34,Moderate
NV405232,2026-03-12,2026-03,Paid Ads,Tier 1,25-34,Conservative
NV405233,2026-03-28,2026-03,Organic App Store,Tier 1,35-44,Moderate
NV405234,2026-03-25,2026-03,Paid Ads,Tier 3,25-34,Moderate
NV405235,2026-03-02,2026-03,Referral,Tier 3,45-54,Moderate
NV405236,2026-03-19,2026-03,Organic App Store,Tier 3,45-54,Moderate
NV405237,2026-03-14,2026-03,Influencer/Content,Tier 1,25-34,Moderate
NV405238,2026-03-13,2026-03,Referral,Tier 1,35-44,Aggressive
NV405239,2026-03-29,2026-03,Referral,Tier 2,35-44,Aggressive
NV405240,2026-03-08,2026-03,Influencer/Content,Tier 2,25-34,Moderate
NV405241,2026-03-17,2026-03,Referral,Tier 1,25-34,Conservative
NV405242,2026-03-12,2026-03,Paid Ads,Tier 2,35-44,Aggressive
NV405243,2026-03-13,2026-03,Influencer/Content,Tier 1,25-34,Conservative
NV405244,2026-03-24,2026-03,Influencer/Content,Tier 2,45-54,Aggressive
NV405245,2026-03-17,2026-03,Paid Ads,Tier 2,35-44,Aggressive
NV405246,2026-03-30,2026-03,Referral,Tier 1,25-34,Moderate
NV405247,2026-03-15,2026-03,Organic App Store,Tier 1,25-34,Conservative
NV405248,2026-03-20,2026-03,Organic App Store,Tier 2,25-34,Conservative
NV405249,2026-03-02,2026-03,Organic App Store,Tier 2,35-44,Aggressive
NV405250,2026-03-21,2026-03,Influencer/Content,Tier 3,55+,Conservative
NV405251,2026-03-14,2026-03,Referral,Tier 2,25-34,Moderate
NV405252,2026-03-15,2026-03,Paid Ads,Tier 2,35-44,Moderate
NV405253,2026-03-05,2026-03,Referral,Tier 2,25-34,Aggressive
NV405254,2026-03-23,2026-03,Organic App Store,Tier 2,35-44,Conservative
NV405255,2026-03-03,2026-03,Influencer/Content,Tier 3,35-44,Aggressive
NV405256,2026-03-01,2026-03,Referral,Tier 1,25-34,Conservative
NV405257,2026-03-25,2026-03,Referral,Tier 1,35-44,Aggressive
NV405258,2026-03-18,2026-03,Organic App Store,Tier 2,18-24,Conservative
NV405259,2026-03-04,2026-03,Organic App Store,Tier 1,18-24,Conservative
NV405260,2026-03-28,2026-03,Referral,Tier 2,35-44,Moderate
NV405261,2026-03-16,2026-03,Influencer/Content,Tier 1,25-34,Aggressive
NV405262,2026-03-29,2026-03,Paid Ads,Tier 1,25-34,Aggressive
NV405263,2026-03-09,2026-03,Organic App Store,Tier 3,35-44,Aggressive
NV405264,2026-03-23,2026-03,Paid Ads,Tier 2,25-34,Moderate
NV405265,2026-03-25,2026-03,Influencer/Content,Tier 2,25-34,Moderate
NV405266,2026-03-11,2026-03,Paid Ads,Tier 1,25-34,Moderate
NV405267,2026-03-08,2026-03,Paid Ads,Tier 2,25-34,Conservative
NV405268,2026-03-17,2026-03,Paid Ads,Tier 3,25-34,Aggressive
NV405269,2026-03-15,2026-03,Organic App Store,Tier 1,25-34,Conservative
NV405270,2026-03-06,2026-03,Organic App Store,Tier 1,18-24,Moderate
NV405271,2026-03-07,2026-03,Organic App Store,Tier 1,18-24,Aggressive
NV405272,2026-03-09,2026-03,Influencer/Content,Tier 2,25-34,Aggressive
NV405273,2026-03-11,2026-03,Referral,Tier 2,25-34,Conservative
NV405274,2026-03-14,2026-03,Paid Ads,Tier 2,18-24,Moderate
NV405275,2026-03-22,2026-03,Influencer/Content,Tier 1,25-34,Moderate
NV405276,2026-03-19,2026-03,Referral,Tier 2,35-44,Moderate
NV405277,2026-03-19,2026-03,Influencer/Content,Tier 3,35-44,Moderate
NV405278,2026-03-16,2026-03,Paid Ads,Tier 3,25-34,Conservative
NV405279,2026-03-14,2026-03,Organic App Store,Tier 1,55+,Aggressive
NV405280,2026-03-25,2026-03,Referral,Tier 3,55+,Conservative
NV405281,2026-03-26,2026-03,Organic App Store,Tier 1,35-44,Conservative
NV405282,2026-03-23,2026-03,Paid Ads,Tier 2,25-34,Conservative
NV405283,2026-03-19,2026-03,Paid Ads,Tier 2,35-44,Conservative
NV405284,2026-03-01,2026-03,Referral,Tier 3,45-54,Conservative
NV405285,2026-03-09,2026-03,Referral,Tier 2,18-24,Conservative
NV405286,2026-03-24,2026-03,Referral,Tier 2,25-34,Moderate
NV405287,2026-03-19,2026-03,Organic App Store,Tier 2,25-34,Conservative
NV405288,2026-03-02,2026-03,Organic App Store,Tier 2,25-34,Conservative
NV405289,2026-03-20,2026-03,Paid Ads,Tier 2,35-44,Moderate
NV405290,2026-03-24,2026-03,Influencer/Content,Tier 1,35-44,Moderate
NV405291,2026-03-28,2026-03,Referral,Tier 3,25-34,Moderate
NV405292,2026-03-14,2026-03,Paid Ads,Tier 1,18-24,Conservative
NV405293,2026-03-01,2026-03,Paid Ads,Tier 3,25-34,Moderate
NV405294,2026-03-29,2026-03,Organic App Store,Tier 2,25-34,Aggressive
NV405295,2026-03-20,2026-03,Referral,Tier 1,25-34,Moderate
NV405296,2026-03-05,2026-03,Influencer/Content,Tier 2,35-44,Conservative
NV405297,2026-03-08,2026-03,Paid Ads,Tier 2,25-34,Conservative
NV405298,2026-03-08,2026-03,Organic App Store,Tier 2,25-34,Moderate
NV405299,2026-03-02,2026-03,Paid Ads,Tier 3,18-24,Conservative
NV405300,2026-03-04,2026-03,Organic App Store,Tier 3,35-44,Moderate
NV405301,2026-03-24,2026-03,Organic App Store,Tier 1,25-34,Moderate
NV405302,2026-03-25,2026-03,Influencer/Content,Tier 3,35-44,Moderate
NV405303,2026-03-11,2026-03,Referral,Tier 2,25-34,Aggressive
NV405304,2026-03-08,2026-03,Referral,Tier 3,35-44,Conservative
NV405305,2026-03-28,2026-03,Paid Ads,Tier 2,25-34,Moderate
NV405306,2026-03-13,2026-03,Influencer/Content,Tier 3,25-34,Aggressive
NV405307,2026-03-10,2026-03,Organic App Store,Tier 2,35-44,Conservative
NV405308,2026-03-16,2026-03,Organic App Store,Tier 2,45-54,Aggressive
NV405309,2026-03-20,2026-03,Referral,Tier 2,18-24,Moderate
NV405310,2026-03-06,2026-03,Referral,Tier 3,18-24,Moderate
NV405311,2026-03-11,2026-03,Influencer/Content,Tier 1,55+,Moderate
NV405312,2026-03-19,2026-03,Paid Ads,Tier 2,35-44,Moderate
NV405313,2026-03-27,2026-03,Organic App Store,Tier 1,25-34,Aggressive
NV405314,2026-03-19,2026-03,Influencer/Content,Tier 1,18-24,Conservative
NV405315,2026-03-12,2026-03,Organic App Store,Tier 3,25-34,Moderate
NV405316,2026-03-22,2026-03,Referral,Tier 3,25-34,Conservative
NV405317,2026-03-06,2026-03,Referral,Tier 3,25-34,Aggressive
NV405318,2026-03-03,2026-03,Referral,Tier 1,18-24,Moderate
NV405319,2026-03-04,2026-03,Organic App Store,Tier 1,25-34,Moderate
NV405320,2026-03-30,2026-03,Influencer/Content,Tier 3,18-24,Conservative
NV405321,2026-03-20,2026-03,Influencer/Content,Tier 3,35-44,Moderate
NV405322,2026-03-25,2026-03,Organic App Store,Tier 1,35-44,Moderate
NV405323,2026-03-30,2026-03,Paid Ads,Tier 2,45-54,Conservative
NV405324,2026-03-23,2026-03,Organic App Store,Tier 2,25-34,Moderate
NV405325,2026-03-19,2026-03,Organic App Store,Tier 1,18-24,Conservative
NV405326,2026-03-30,2026-03,Referral,Tier 1,35-44,Conservative
NV405327,2026-03-17,2026-03,Organic App Store,Tier 3,25-34,Aggressive
NV405328,2026-03-18,2026-03,Paid Ads,Tier 2,25-34,Conservative
NV405329,2026-03-09,2026-03,Influencer/Content,Tier 2,35-44,Aggressive
NV405330,2026-03-05,2026-03,Influencer/Content,Tier 3,35-44,Conservative
NV405331,2026-03-03,2026-03,Organic App Store,Tier 1,25-34,Moderate
NV405332,2026-03-02,2026-03,Organic App Store,Tier 2,45-54,Moderate
NV405333,2026-03-05,2026-03,Organic App Store,Tier 1,35-44,Conservative
NV405334,2026-03-08,2026-03,Referral,Tier 1,25-34,Conservative
NV405335,2026-03-10,2026-03,Referral,Tier 1,25-34,Moderate
NV405336,2026-03-25,2026-03,Referral,Tier 3,18-24,Moderate
NV405337,2026-03-21,2026-03,Paid Ads,Tier 3,45-54,Aggressive
NV405338,2026-03-22,2026-03,Referral,Tier 1,25-34,Moderate
NV405339,2026-03-15,2026-03,Organic App Store,Tier 3,18-24,Moderate
NV405340,2026-03-13,2026-03,Influencer/Content,Tier 2,25-34,Moderate
NV405341,2026-03-30,2026-03,Paid Ads,Tier 1,25-34,Conservative
NV405342,2026-03-12,2026-03,Influencer/Content,Tier 2,35-44,Aggressive
NV405343,2026-03-30,2026-03,Referral,Tier 2,25-34,Conservative
NV405344,2026-03-15,2026-03,Influencer/Content,Tier 3,25-34,Moderate
NV405345,2026-03-01,2026-03,Organic App Store,Tier 2,35-44,Moderate
NV405346,2026-03-04,2026-03,Referral,Tier 1,25-34,Moderate
NV405347,2026-03-03,2026-03,Influencer/Content,Tier 3,18-24,Moderate
NV405348,2026-03-18,2026-03,Referral,Tier 3,25-34,Moderate
NV405349,2026-03-15,2026-03,Organic App Store,Tier 3,35-44,Conservative
NV405350,2026-03-17,2026-03,Influencer/Content,Tier 1,45-54,Aggressive
NV405351,2026-03-29,2026-03,Organic App Store,Tier 2,25-34,Conservative
NV405352,2026-03-06,2026-03,Organic App Store,Tier 3,25-34,Moderate
NV405353,2026-03-23,2026-03,Influencer/Content,Tier 3,25-34,Conservative
NV405354,2026-03-05,2026-03,Paid Ads,Tier 1,18-24,Moderate
NV405355,2026-03-30,2026-03,Organic App Store,Tier 1,25-34,Conservative
NV405356,2026-03-22,2026-03,Organic App Store,Tier 3,18-24,Moderate
NV405357,2026-03-16,2026-03,Organic App Store,Tier 3,25-34,Moderate
NV405358,2026-03-05,2026-03,Referral,Tier 3,35-44,Moderate
NV405359,2026-03-16,2026-03,Referral,Tier 2,18-24,Aggressive
NV405360,2026-03-12,2026-03,Referral,Tier 1,18-24,Aggressive
NV405361,2026-03-15,2026-03,Referral,Tier 2,35-44,Moderate
NV405362,2026-03-28,2026-03,Organic App Store,Tier 3,18-24,Aggressive
NV405363,2026-03-22,2026-03,Organic App Store,Tier 3,18-24,Aggressive
NV405364,2026-03-29,2026-03,Organic App Store,Tier 1,25-34,Aggressive
NV405365,2026-03-20,2026-03,Referral,Tier 1,18-24,Conservative
NV405366,2026-03-11,2026-03,Paid Ads,Tier 2,45-54,Moderate
NV405367,2026-03-13,2026-03,Organic App Store,Tier 3,25-34,Moderate
NV405368,2026-03-02,2026-03,Organic App Store,Tier 1,55+,Aggressive
NV405369,2026-03-01,2026-03,Referral,Tier 2,25-34,Aggressive
NV405370,2026-03-12,2026-03,Referral,Tier 1,25-34,Moderate
NV405371,2026-03-17,2026-03,Organic App Store,Tier 1,25-34,Moderate
NV405372,2026-03-03,2026-03,Paid Ads,Tier 1,25-34,Conservative
NV405373,2026-03-28,2026-03,Referral,Tier 1,35-44,Conservative
NV405374,2026-03-14,2026-03,Paid Ads,Tier 3,35-44,Moderate
NV405375,2026-03-24,2026-03,Paid Ads,Tier 3,25-34,Aggressive
NV405376,2026-03-18,2026-03,Referral,Tier 1,18-24,Moderate
NV405377,2026-03-08,2026-03,Referral,Tier 3,25-34,Moderate
NV405378,2026-03-23,2026-03,Organic App Store,Tier 2,35-44,Aggressive
NV405379,2026-03-26,2026-03,Influencer/Content,Tier 1,25-34,Moderate
NV405380,2026-03-10,2026-03,Influencer/Content,Tier 2,18-24,Moderate
NV405381,2026-03-03,2026-03,Referral,Tier 1,35-44,Conservative
NV405382,2026-03-19,2026-03,Referral,Tier 1,45-54,Moderate
NV405383,2026-03-26,2026-03,Referral,Tier 2,25-34,Moderate
NV405384,2026-03-19,2026-03,Referral,Tier 1,18-24,Aggressive
NV405385,2026-03-26,2026-03,Influencer/Content,Tier 1,25-34,Aggressive
NV405386,2026-03-13,2026-03,Organic App Store,Tier 3,18-24,Moderate
NV405387,2026-03-15,2026-03,Influencer/Content,Tier 2,18-24,Aggressive
NV405388,2026-03-20,2026-03,Influencer/Content,Tier 3,25-34,Moderate
NV405389,2026-03-02,2026-03,Organic App Store,Tier 2,35-44,Conservative
NV405390,2026-03-17,2026-03,Organic App Store,Tier 3,25-34,Conservative
NV405391,2026-03-15,2026-03,Influencer/Content,Tier 1,25-34,Moderate
NV405392,2026-03-30,2026-03,Organic App Store,Tier 2,25-34,Aggressive
NV405393,2026-03-23,2026-03,Organic App Store,Tier 2,55+,Conservative
NV405394,2026-03-17,2026-03,Paid Ads,Tier 3,25-34,Conservative
NV405395,2026-03-26,2026-03,Organic App Store,Tier 1,18-24,Moderate
NV405396,2026-03-05,2026-03,Influencer/Content,Tier 3,18-24,Aggressive
NV405397,2026-03-13,2026-03,Influencer/Content,Tier 1,45-54,Aggressive
NV405398,2026-03-11,2026-03,Influencer/Content,Tier 2,25-34,Moderate
NV405399,2026-03-26,2026-03,Organic App Store,Tier 2,18-24,Moderate
NV405400,2026-03-17,2026-03,Paid Ads,Tier 1,25-34,Moderate
NV405401,2026-03-28,2026-03,Organic App Store,Tier 1,18-24,Conservative
NV405402,2026-03-29,2026-03,Organic App Store,Tier 3,35-44,Aggressive
NV405403,2026-03-27,2026-03,Organic App Store,Tier 2,18-24,Aggressive
NV405404,2026-03-29,2026-03,Organic App Store,Tier 1,35-44,Aggressive
NV405405,2026-03-07,2026-03,Organic App Store,Tier 1,25-34,Aggressive
NV405406,2026-03-04,2026-03,Organic App Store,Tier 2,35-44,Moderate
NV405407,2026-03-24,2026-03,Influencer/Content,Tier 3,25-34,Aggressive
NV405408,2026-03-21,2026-03,Paid Ads,Tier 2,25-34,Moderate
NV405409,2026-03-29,2026-03,Referral,Tier 3,25-34,Aggressive
NV405410,2026-03-01,2026-03,Referral,Tier 1,25-34,Moderate
NV405411,2026-03-11,2026-03,Referral,Tier 1,35-44,Moderate
NV405412,2026-03-23,2026-03,Referral,Tier 2,25-34,Moderate
NV405413,2026-03-25,2026-03,Influencer/Content,Tier 2,25-34,Moderate
NV405414,2026-03-12,2026-03,Referral,Tier 3,45-54,Aggressive
NV405415,2026-03-22,2026-03,Organic App Store,Tier 1,35-44,Moderate
NV405416,2026-03-24,2026-03,Referral,Tier 1,18-24,Conservative
NV405417,2026-03-27,2026-03,Influencer/Content,Tier 1,25-34,Aggressive
NV405418,2026-03-15,2026-03,Referral,Tier 1,25-34,Moderate
NV405419,2026-03-21,2026-03,Referral,Tier 2,55+,Moderate
NV405420,2026-03-09,2026-03,Paid Ads,Tier 1,25-34,Moderate
NV405421,2026-03-14,2026-03,Influencer/Content,Tier 1,45-54,Moderate
NV405422,2026-03-19,2026-03,Organic App Store,Tier 1,35-44,Conservative
NV405423,2026-03-27,2026-03,Organic App Store,Tier 1,25-34,Aggressive
NV405424,2026-03-21,2026-03,Organic App Store,Tier 1,25-34,Conservative
NV405425,2026-03-02,2026-03,Influencer/Content,Tier 1,25-34,Moderate
NV405426,2026-03-06,2026-03,Referral,Tier 1,25-34,Aggressive
NV405427,2026-03-16,2026-03,Paid Ads,Tier 1,35-44,Moderate
NV405428,2026-03-22,2026-03,Referral,Tier 1,25-34,Moderate
NV405429,2026-03-12,2026-03,Paid Ads,Tier 1,18-24,Moderate
NV405430,2026-03-15,2026-03,Paid Ads,Tier 1,25-34,Conservative
NV405431,2026-03-07,2026-03,Referral,Tier 3,25-34,Moderate
NV405432,2026-03-16,2026-03,Organic App Store,Tier 1,25-34,Moderate
NV405433,2026-03-22,2026-03,Organic App Store,Tier 1,25-34,Moderate
NV405434,2026-03-24,2026-03,Referral,Tier 1,25-34,Moderate
NV405435,2026-03-04,2026-03,Influencer/Content,Tier 2,18-24,Moderate
NV405436,2026-03-10,2026-03,Influencer/Content,Tier 1,45-54,Aggressive
NV405437,2026-03-12,2026-03,Organic App Store,Tier 1,18-24,Conservative
NV405438,2026-03-05,2026-03,Organic App Store,Tier 2,45-54,Moderate
NV405439,2026-03-15,2026-03,Paid Ads,Tier 2,25-34,Conservative
NV405440,2026-03-15,2026-03,Influencer/Content,Tier 2,25-34,Conservative
NV405441,2026-03-06,2026-03,Referral,Tier 2,35-44,Moderate
NV405442,2026-03-16,2026-03,Referral,Tier 1,55+,Moderate
NV405443,2026-03-04,2026-03,Organic App Store,Tier 1,25-34,Moderate
NV405444,2026-03-20,2026-03,Organic App Store,Tier 2,55+,Moderate
NV405445,2026-03-17,2026-03,Paid Ads,Tier 2,45-54,Moderate
NV405446,2026-03-29,2026-03,Paid Ads,Tier 3,25-34,Aggressive
NV405447,2026-03-17,2026-03,Organic App Store,Tier 2,25-34,Moderate
NV405448,2026-03-06,2026-03,Organic App Store,Tier 2,25-34,Conservative
NV405449,2026-03-13,2026-03,Paid Ads,Tier 2,25-34,Moderate
NV405450,2026-03-30,2026-03,Referral,Tier 2,25-34,Moderate
NV405451,2026-03-18,2026-03,Paid Ads,Tier 2,25-34,Moderate
NV405452,2026-03-02,2026-03,Influencer/Content,Tier 3,25-34,Moderate
NV405453,2026-03-26,2026-03,Organic App Store,Tier 2,55+,Conservative
NV405454,2026-03-18,2026-03,Organic App Store,Tier 1,35-44,Moderate
NV405455,2026-03-10,2026-03,Influencer/Content,Tier 1,55+,Moderate
NV405456,2026-03-01,2026-03,Influencer/Content,Tier 1,18-24,Aggressive
NV405457,2026-03-02,2026-03,Paid Ads,Tier 2,25-34,Conservative
NV405458,2026-03-28,2026-03,Referral,Tier 1,25-34,Moderate
NV405459,2026-03-27,2026-03,Influencer/Content,Tier 1,18-24,Aggressive
NV405460,2026-03-12,2026-03,Organic App Store,Tier 1,18-24,Aggressive
NV405461,2026-03-10,2026-03,Organic App Store,Tier 2,25-34,Moderate
NV405462,2026-03-20,2026-03,Referral,Tier 1,18-24,Conservative
NV405463,2026-03-14,2026-03,Referral,Tier 1,55+,Aggressive
NV405464,2026-03-14,2026-03,Paid Ads,Tier 1,35-44,Aggressive
NV405465,2026-03-05,2026-03,Influencer/Content,Tier 2,25-34,Moderate
NV405466,2026-03-05,2026-03,Organic App Store,Tier 1,25-34,Moderate
NV405467,2026-03-02,2026-03,Influencer/Content,Tier 3,25-34,Moderate
NV405468,2026-03-05,2026-03,Influencer/Content,Tier 2,25-34,Aggressive
NV405469,2026-03-21,2026-03,Organic App Store,Tier 3,25-34,Moderate
NV405470,2026-03-06,2026-03,Influencer/Content,Tier 2,35-44,Moderate
NV405471,2026-03-01,2026-03,Referral,Tier 3,25-34,Moderate
NV405472,2026-03-24,2026-03,Influencer/Content,Tier 2,25-34,Aggressive
NV405473,2026-03-19,2026-03,Referral,Tier 3,35-44,Conservative
NV405474,2026-03-25,2026-03,Organic App Store,Tier 1,25-34,Moderate
NV405475,2026-03-14,2026-03,Influencer/Content,Tier 2,18-24,Moderate
NV405476,2026-03-08,2026-03,Influencer/Content,Tier 1,18-24,Aggressive
NV405477,2026-03-26,2026-03,Referral,Tier 1,25-34,Conservative
NV405478,2026-03-12,2026-03,Organic App Store,Tier 3,25-34,Aggressive
NV405479,2026-03-06,2026-03,Influencer/Content,Tier 1,35-44,Aggressive
NV405480,2026-03-20,2026-03,Referral,Tier 1,35-44,Moderate
NV405481,2026-03-26,2026-03,Paid Ads,Tier 3,25-34,Aggressive
NV405482,2026-03-06,2026-03,Referral,Tier 2,18-24,Moderate
NV405483,2026-03-12,2026-03,Paid Ads,Tier 2,45-54,Aggressive
NV405484,2026-03-20,2026-03,Paid Ads,Tier 2,18-24,Aggressive
NV405485,2026-03-29,2026-03,Organic App Store,Tier 1,25-34,Moderate
NV405486,2026-03-19,2026-03,Referral,Tier 1,18-24,Moderate
NV405487,2026-03-20,2026-03,Organic App Store,Tier 1,18-24,Conservative
NV405488,2026-03-29,2026-03,Referral,Tier 1,25-34,Moderate
NV405489,2026-03-22,2026-03,Influencer/Content,Tier 2,35-44,Aggressive
NV405490,2026-03-13,2026-03,Organic App Store,Tier 2,35-44,Aggressive
NV405491,2026-03-15,2026-03,Organic App Store,Tier 1,25-34,Moderate
NV405492,2026-03-20,2026-03,Paid Ads,Tier 2,25-34,Moderate
NV405493,2026-03-24,2026-03,Influencer/Content,Tier 3,18-24,Moderate
NV405494,2026-03-20,2026-03,Organic App Store,Tier 1,45-54,Conservative
NV405495,2026-03-26,2026-03,Referral,Tier 3,25-34,Conservative
NV405496,2026-03-21,2026-03,Organic App Store,Tier 2,55+,Moderate
NV405497,2026-03-25,2026-03,Influencer/Content,Tier 1,45-54,Moderate
NV405498,2026-03-21,2026-03,Organic App Store,Tier 2,45-54,Aggressive
NV405499,2026-03-02,2026-03,Paid Ads,Tier 3,35-44,Moderate
NV405500,2026-03-10,2026-03,Influencer/Content,Tier 1,18-24,Aggressive
NV405501,2026-03-18,2026-03,Referral,Tier 2,18-24,Aggressive
NV405502,2026-03-17,2026-03,Organic App Store,Tier 1,25-34,Conservative
NV405503,2026-03-10,2026-03,Referral,Tier 2,25-34,Conservative
NV405504,2026-03-28,2026-03,Influencer/Content,Tier 3,25-34,Moderate
NV405505,2026-03-14,2026-03,Paid Ads,Tier 2,18-24,Moderate
NV405506,2026-03-21,2026-03,Organic App Store,Tier 2,25-34,Moderate
NV405507,2026-03-04,2026-03,Referral,Tier 1,35-44,Conservative
NV405508,2026-03-12,2026-03,Referral,Tier 2,35-44,Conservative
NV405509,2026-03-09,2026-03,Influencer/Content,Tier 2,25-34,Moderate
NV405510,2026-03-25,2026-03,Paid Ads,Tier 3,25-34,Conservative
NV405511,2026-03-10,2026-03,Paid Ads,Tier 2,35-44,Moderate
NV405512,2026-03-26,2026-03,Organic App Store,Tier 1,25-34,Moderate
NV405513,2026-03-21,2026-03,Organic App Store,Tier 2,45-54,Moderate
NV405514,2026-03-24,2026-03,Organic App Store,Tier 1,18-24,Conservative
NV405515,2026-03-01,2026-03,Paid Ads,Tier 1,25-34,Moderate
NV405516,2026-03-25,2026-03,Paid Ads,Tier 2,45-54,Conservative
NV405517,2026-03-05,2026-03,Organic App Store,Tier 1,25-34,Aggressive
NV405518,2026-03-25,2026-03,Referral,Tier 1,25-34,Moderate
NV405519,2026-03-28,2026-03,Organic App Store,Tier 3,45-54,Conservative
NV405520,2026-03-03,2026-03,Paid Ads,Tier 3,35-44,Conservative
NV405521,2026-03-11,2026-03,Referral,Tier 1,25-34,Moderate
NV405522,2026-03-05,2026-03,Influencer/Content,Tier 3,25-34,Aggressive
NV405523,2026-03-11,2026-03,Organic App Store,Tier 1,25-34,Moderate
NV405524,2026-03-04,2026-03,Influencer/Content,Tier 1,25-34,Conservative
NV405525,2026-03-05,2026-03,Influencer/Content,Tier 1,25-34,Conservative
NV405526,2026-03-25,2026-03,Organic App Store,Tier 1,18-24,Aggressive
NV405527,2026-03-24,2026-03,Referral,Tier 3,25-34,Conservative
NV405528,2026-03-16,2026-03,Referral,Tier 1,25-34,Conservative
NV405529,2026-03-25,2026-03,Organic App Store,Tier 3,35-44,Moderate
NV405530,2026-03-17,2026-03,Influencer/Content,Tier 3,18-24,Conservative
NV405531,2026-03-06,2026-03,Paid Ads,Tier 1,35-44,Aggressive
NV405532,2026-03-08,2026-03,Organic App Store,Tier 3,25-34,Moderate
NV405533,2026-03-06,2026-03,Organic App Store,Tier 2,25-34,Moderate
NV405534,2026-03-28,2026-03,Organic App Store,Tier 1,18-24,Moderate
NV405535,2026-03-27,2026-03,Referral,Tier 3,25-34,Aggressive
NV405536,2026-03-03,2026-03,Organic App Store,Tier 2,25-34,Moderate
NV405537,2026-03-13,2026-03,Referral,Tier 1,18-24,Aggressive
NV405538,2026-03-19,2026-03,Influencer/Content,Tier 3,25-34,Conservative
NV405539,2026-03-24,2026-03,Influencer/Content,Tier 3,25-34,Conservative
NV405540,2026-03-05,2026-03,Paid Ads,Tier 2,25-34,Conservative
NV405541,2026-03-01,2026-03,Referral,Tier 2,25-34,Aggressive
NV405542,2026-03-30,2026-03,Organic App Store,Tier 1,25-34,Conservative
NV405543,2026-03-22,2026-03,Influencer/Content,Tier 1,35-44,Aggressive
NV405544,2026-03-23,2026-03,Organic App Store,Tier 3,18-24,Conservative
NV405545,2026-03-01,2026-03,Referral,Tier 2,45-54,Aggressive
NV405546,2026-03-15,2026-03,Referral,Tier 1,25-34,Conservative
NV405547,2026-03-23,2026-03,Influencer/Content,Tier 2,25-34,Conservative
NV405548,2026-03-22,2026-03,Referral,Tier 3,25-34,Aggressive
NV405549,2026-03-08,2026-03,Organic App Store,Tier 1,25-34,Conservative
NV405550,2026-03-20,2026-03,Organic App Store,Tier 1,35-44,Moderate
NV405551,2026-03-25,2026-03,Paid Ads,Tier 1,18-24,Moderate
NV405552,2026-03-28,2026-03,Referral,Tier 3,25-34,Moderate
NV405553,2026-03-27,2026-03,Organic App Store,Tier 1,35-44,Moderate
NV405554,2026-03-05,2026-03,Influencer/Content,Tier 3,35-44,Conservative
NV405555,2026-03-24,2026-03,Influencer/Content,Tier 2,35-44,Aggressive
NV405556,2026-03-13,2026-03,Organic App Store,Tier 1,25-34,Aggressive
NV405557,2026-03-09,2026-03,Paid Ads,Tier 1,35-44,Conservative
NV405558,2026-03-30,2026-03,Influencer/Content,Tier 1,25-34,Aggressive
NV405559,2026-03-19,2026-03,Referral,Tier 2,25-34,Conservative
NV405560,2026-03-08,2026-03,Paid Ads,Tier 1,18-24,Conservative
NV405561,2026-03-13,2026-03,Organic App Store,Tier 1,45-54,Moderate
NV405562,2026-03-17,2026-03,Organic App Store,Tier 1,25-34,Conservative
NV405563,2026-03-13,2026-03,Influencer/Content,Tier 2,25-34,Aggressive
NV405564,2026-03-22,2026-03,Organic App Store,Tier 1,25-34,Moderate
NV405565,2026-03-11,2026-03,Referral,Tier 3,45-54,Conservative
NV405566,2026-03-07,2026-03,Organic App Store,Tier 1,35-44,Moderate
NV405567,2026-03-05,2026-03,Organic App Store,Tier 2,35-44,Aggressive
NV405568,2026-03-02,2026-03,Organic App Store,Tier 1,18-24,Aggressive
NV405569,2026-03-18,2026-03,Paid Ads,Tier 3,35-44,Moderate
NV405570,2026-03-22,2026-03,Organic App Store,Tier 1,18-24,Conservative
NV405571,2026-03-10,2026-03,Paid Ads,Tier 2,25-34,Aggressive
NV405572,2026-03-13,2026-03,Paid Ads,Tier 3,25-34,Moderate
NV405573,2026-03-27,2026-03,Organic App Store,Tier 1,25-34,Moderate
NV405574,2026-03-03,2026-03,Referral,Tier 1,35-44,Moderate
NV405575,2026-03-22,2026-03,Referral,Tier 1,18-24,Moderate
NV405576,2026-03-02,2026-03,Paid Ads,Tier 3,25-34,Moderate
NV405577,2026-03-02,2026-03,Influencer/Content,Tier 3,25-34,Conservative
NV405578,2026-03-17,2026-03,Organic App Store,Tier 3,18-24,Conservative
NV405579,2026-03-10,2026-03,Paid Ads,Tier 3,55+,Aggressive
NV405580,2026-03-19,2026-03,Paid Ads,Tier 2,35-44,Aggressive
NV405581,2026-03-03,2026-03,Referral,Tier 1,25-34,Aggressive
NV405582,2026-03-04,2026-03,Influencer/Content,Tier 1,18-24,Moderate
NV405583,2026-03-29,2026-03,Paid Ads,Tier 1,25-34,Conservative
NV405584,2026-03-20,2026-03,Paid Ads,Tier 2,18-24,Aggressive
NV405585,2026-03-27,2026-03,Organic App Store,Tier 1,25-34,Moderate
NV405586,2026-03-23,2026-03,Referral,Tier 1,45-54,Conservative
NV405587,2026-03-13,2026-03,Organic App Store,Tier 1,35-44,Moderate
NV405588,2026-03-09,2026-03,Organic App Store,Tier 3,18-24,Conservative
NV405589,2026-03-12,2026-03,Referral,Tier 2,35-44,Moderate
NV405590,2026-03-29,2026-03,Influencer/Content,Tier 2,35-44,Moderate
NV405591,2026-03-19,2026-03,Organic App Store,Tier 1,18-24,Aggressive
NV405592,2026-03-07,2026-03,Referral,Tier 1,45-54,Moderate
NV405593,2026-03-17,2026-03,Referral,Tier 2,25-34,Aggressive
NV405594,2026-03-14,2026-03,Organic App Store,Tier 1,25-34,Aggressive
NV405595,2026-03-02,2026-03,Paid Ads,Tier 1,35-44,Aggressive
NV405596,2026-03-26,2026-03,Paid Ads,Tier 3,35-44,Moderate
NV405597,2026-03-13,2026-03,Paid Ads,Tier 3,25-34,Aggressive
NV405598,2026-03-08,2026-03,Organic App Store,Tier 3,35-44,Moderate
NV405599,2026-03-24,2026-03,Referral,Tier 1,35-44,Aggressive
NV405600,2026-03-01,2026-03,Paid Ads,Tier 2,25-34,Moderate
NV405601,2026-03-05,2026-03,Referral,Tier 1,18-24,Conservative
NV405602,2026-03-17,2026-03,Influencer/Content,Tier 2,35-44,Moderate
NV405603,2026-03-24,2026-03,Organic App Store,Tier 1,45-54,Moderate
NV405604,2026-03-27,2026-03,Referral,Tier 3,18-24,Moderate
NV405605,2026-03-01,2026-03,Paid Ads,Tier 1,35-44,Moderate
NV405606,2026-03-05,2026-03,Paid Ads,Tier 1,25-34,Moderate
NV405607,2026-03-13,2026-03,Organic App Store,Tier 3,18-24,Moderate
NV405608,2026-03-25,2026-03,Paid Ads,Tier 2,18-24,Moderate
NV405609,2026-03-08,2026-03,Organic App Store,Tier 1,35-44,Conservative
NV405610,2026-03-11,2026-03,Influencer/Content,Tier 1,35-44,Moderate
NV405611,2026-03-16,2026-03,Referral,Tier 1,35-44,Aggressive
NV405612,2026-03-23,2026-03,Organic App Store,Tier 3,35-44,Conservative
NV405613,2026-03-04,2026-03,Referral,Tier 2,18-24,Moderate
NV405614,2026-03-13,2026-03,Referral,Tier 2,25-34,Aggressive
NV405615,2026-03-05,2026-03,Organic App Store,Tier 1,25-34,Aggressive
NV405616,2026-03-08,2026-03,Organic App Store,Tier 2,55+,Aggressive
NV405617,2026-03-14,2026-03,Influencer/Content,Tier 2,25-34,Aggressive
NV405618,2026-03-09,2026-03,Influencer/Content,Tier 1,45-54,Moderate
NV405619,2026-03-29,2026-03,Organic App Store,Tier 2,18-24,Aggressive
NV405620,2026-03-27,2026-03,Paid Ads,Tier 1,18-24,Moderate
NV405621,2026-03-12,2026-03,Organic App Store,Tier 1,18-24,Aggressive
NV405622,2026-03-08,2026-03,Influencer/Content,Tier 3,35-44,Moderate
NV405623,2026-03-16,2026-03,Referral,Tier 2,18-24,Moderate
NV405624,2026-03-16,2026-03,Influencer/Content,Tier 2,25-34,Moderate
NV405625,2026-03-19,2026-03,Influencer/Content,Tier 1,18-24,Conservative
NV405626,2026-03-13,2026-03,Organic App Store,Tier 2,35-44,Aggressive
NV405627,2026-03-02,2026-03,Organic App Store,Tier 3,25-34,Moderate
NV405628,2026-03-05,2026-03,Paid Ads,Tier 3,18-24,Aggressive
NV405629,2026-03-15,2026-03,Organic App Store,Tier 3,18-24,Moderate
NV405630,2026-03-20,2026-03,Organic App Store,Tier 2,45-54,Moderate
NV405631,2026-03-30,2026-03,Paid Ads,Tier 1,25-34,Moderate
NV405632,2026-03-14,2026-03,Referral,Tier 1,25-34,Conservative
NV405633,2026-03-02,2026-03,Paid Ads,Tier 3,45-54,Moderate
NV405634,2026-03-16,2026-03,Referral,Tier 1,25-34,Conservative
NV405635,2026-03-15,2026-03,Paid Ads,Tier 2,18-24,Moderate
NV405636,2026-03-14,2026-03,Organic App Store,Tier 1,18-24,Moderate
NV405637,2026-03-30,2026-03,Influencer/Content,Tier 2,25-34,Conservative
NV405638,2026-03-12,2026-03,Organic App Store,Tier 1,25-34,Conservative
NV405639,2026-03-11,2026-03,Referral,Tier 1,25-34,Conservative
NV405640,2026-03-29,2026-03,Referral,Tier 1,35-44,Moderate
NV405641,2026-03-10,2026-03,Referral,Tier 3,45-54,Moderate
NV405642,2026-03-12,2026-03,Organic App Store,Tier 2,25-34,Conservative
NV405643,2026-03-16,2026-03,Referral,Tier 3,25-34,Conservative
NV405644,2026-03-28,2026-03,Referral,Tier 3,25-34,Aggressive
NV405645,2026-03-30,2026-03,Referral,Tier 1,25-34,Moderate
NV405646,2026-03-05,2026-03,Organic App Store,Tier 1,18-24,Conservative
NV405647,2026-03-13,2026-03,Referral,Tier 2,35-44,Aggressive
NV405648,2026-03-26,2026-03,Organic App Store,Tier 2,25-34,Conservative
NV405649,2026-03-13,2026-03,Paid Ads,Tier 3,25-34,Aggressive
NV405650,2026-03-27,2026-03,Organic App Store,Tier 3,55+,Moderate
NV405651,2026-03-05,2026-03,Influencer/Content,Tier 3,25-34,Conservative
NV405652,2026-03-25,2026-03,Influencer/Content,Tier 1,25-34,Aggressive
NV405653,2026-03-10,2026-03,Organic App Store,Tier 3,45-54,Conservative
NV405654,2026-03-21,2026-03,Influencer/Content,Tier 3,25-34,Moderate
NV405655,2026-03-07,2026-03,Influencer/Content,Tier 3,18-24,Aggressive
NV405656,2026-03-04,2026-03,Organic App Store,Tier 2,25-34,Aggressive
NV405657,2026-03-01,2026-03,Organic App Store,Tier 3,25-34,Conservative
NV405658,2026-03-09,2026-03,Paid Ads,Tier 1,45-54,Aggressive
NV405659,2026-03-21,2026-03,Influencer/Content,Tier 3,35-44,Moderate
NV405660,2026-03-24,2026-03,Paid Ads,Tier 2,18-24,Moderate
NV405661,2026-03-26,2026-03,Influencer/Content,Tier 2,35-44,Conservative
NV405662,2026-03-26,2026-03,Organic App Store,Tier 3,25-34,Moderate
NV405663,2026-03-04,2026-03,Organic App Store,Tier 2,45-54,Conservative
NV405664,2026-03-17,2026-03,Organic App Store,Tier 1,25-34,Moderate
NV405665,2026-03-19,2026-03,Influencer/Content,Tier 1,18-24,Moderate
NV405666,2026-03-26,2026-03,Organic App Store,Tier 1,25-34,Aggressive
NV405667,2026-03-06,2026-03,Influencer/Content,Tier 2,25-34,Conservative
NV405668,2026-03-20,2026-03,Influencer/Content,Tier 2,18-24,Aggressive
NV405669,2026-03-13,2026-03,Organic App Store,Tier 2,35-44,Aggressive
NV405670,2026-03-05,2026-03,Influencer/Content,Tier 2,18-24,Aggressive
NV405671,2026-03-28,2026-03,Influencer/Content,Tier 2,25-34,Conservative
NV405672,2026-03-16,2026-03,Influencer/Content,Tier 1,25-34,Conservative
NV405673,2026-03-20,2026-03,Paid Ads,Tier 1,35-44,Conservative
NV405674,2026-03-15,2026-03,Influencer/Content,Tier 3,18-24,Moderate
NV405675,2026-03-04,2026-03,Paid Ads,Tier 2,35-44,Aggressive
NV405676,2026-03-04,2026-03,Paid Ads,Tier 1,35-44,Aggressive
NV405677,2026-03-03,2026-03,Paid Ads,Tier 1,45-54,Conservative
NV405678,2026-03-02,2026-03,Referral,Tier 1,25-34,Moderate
NV405679,2026-03-04,2026-03,Organic App Store,Tier 2,55+,Moderate
NV405680,2026-03-30,2026-03,Referral,Tier 3,55+,Moderate
NV405681,2026-03-10,2026-03,Organic App Store,Tier 2,18-24,Conservative
NV405682,2026-03-16,2026-03,Paid Ads,Tier 2,18-24,Moderate
NV405683,2026-03-25,2026-03,Influencer/Content,Tier 1,35-44,Moderate
NV405684,2026-03-19,2026-03,Organic App Store,Tier 2,25-34,Conservative
NV405685,2026-03-28,2026-03,Paid Ads,Tier 3,55+,Moderate
NV405686,2026-03-13,2026-03,Organic App Store,Tier 1,45-54,Moderate
NV405687,2026-03-11,2026-03,Organic App Store,Tier 2,18-24,Moderate
NV405688,2026-03-27,2026-03,Referral,Tier 2,25-34,Conservative
NV405689,2026-03-16,2026-03,Influencer/Content,Tier 2,25-34,Moderate
NV405690,2026-03-04,2026-03,Organic App Store,Tier 1,35-44,Conservative
NV405691,2026-03-11,2026-03,Influencer/Content,Tier 2,35-44,Moderate
NV405692,2026-03-16,2026-03,Organic App Store,Tier 2,55+,Moderate
NV405693,2026-03-20,2026-03,Referral,Tier 1,25-34,Conservative
NV405694,2026-03-28,2026-03,Organic App Store,Tier 2,35-44,Moderate
NV405695,2026-03-15,2026-03,Influencer/Content,Tier 2,35-44,Aggressive
NV405696,2026-03-16,2026-03,Referral,Tier 3,25-34,Moderate
NV405697,2026-03-24,2026-03,Influencer/Content,Tier 3,35-44,Moderate
NV405698,2026-03-20,2026-03,Referral,Tier 1,35-44,Moderate
NV405699,2026-03-02,2026-03,Influencer/Content,Tier 3,35-44,Conservative
NV405700,2026-03-26,2026-03,Referral,Tier 2,25-34,Conservative
NV405701,2026-03-05,2026-03,Referral,Tier 1,18-24,Moderate
NV405702,2026-03-05,2026-03,Referral,Tier 1,35-44,Aggressive
NV405703,2026-03-05,2026-03,Referral,Tier 2,45-54,Moderate
NV405704,2026-03-04,2026-03,Organic App Store,Tier 2,35-44,Conservative
NV405705,2026-03-08,2026-03,Organic App Store,Tier 3,35-44,Moderate
NV405706,2026-03-08,2026-03,Paid Ads,Tier 1,35-44,Moderate
NV405707,2026-03-01,2026-03,Organic App Store,Tier 2,35-44,Moderate
NV405708,2026-03-08,2026-03,Organic App Store,Tier 2,25-34,Moderate
NV405709,2026-03-21,2026-03,Referral,Tier 2,25-34,Moderate
NV405710,2026-03-26,2026-03,Influencer/Content,Tier 3,25-34,Moderate
NV405711,2026-03-01,2026-03,Organic App Store,Tier 1,55+,Conservative
NV405712,2026-03-16,2026-03,Organic App Store,Tier 3,35-44,Conservative
NV405713,2026-03-06,2026-03,Organic App Store,Tier 2,45-54,Moderate
NV405714,2026-03-21,2026-03,Paid Ads,Tier 2,18-24,Aggressive
NV405715,2026-03-03,2026-03,Referral,Tier 2,45-54,Aggressive
NV405716,2026-03-24,2026-03,Paid Ads,Tier 2,25-34,Aggressive
NV405717,2026-03-09,2026-03,Organic App Store,Tier 3,25-34,Conservative
NV405718,2026-03-29,2026-03,Influencer/Content,Tier 3,35-44,Aggressive
NV405719,2026-03-27,2026-03,Organic App Store,Tier 1,35-44,Moderate
NV405720,2026-03-06,2026-03,Referral,Tier 2,45-54,Moderate
NV405721,2026-03-13,2026-03,Paid Ads,Tier 1,25-34,Moderate
NV405722,2026-03-08,2026-03,Organic App Store,Tier 1,35-44,Aggressive
NV405723,2026-03-23,2026-03,Organic App Store,Tier 1,25-34,Aggressive
NV405724,2026-03-14,2026-03,Referral,Tier 2,18-24,Conservative
NV405725,2026-03-07,2026-03,Organic App Store,Tier 1,35-44,Moderate
NV405726,2026-03-03,2026-03,Paid Ads,Tier 1,18-24,Moderate
NV405727,2026-03-24,2026-03,Paid Ads,Tier 1,35-44,Moderate
NV405728,2026-03-30,2026-03,Referral,Tier 2,45-54,Moderate
NV405729,2026-03-28,2026-03,Organic App Store,Tier 3,25-34,Moderate
NV405730,2026-03-14,2026-03,Organic App Store,Tier 1,45-54,Aggressive
NV405731,2026-03-02,2026-03,Influencer/Content,Tier 2,25-34,Moderate
NV405732,2026-03-12,2026-03,Organic App Store,Tier 2,55+,Conservative
NV405733,2026-03-03,2026-03,Organic App Store,Tier 1,35-44,Moderate
NV405734,2026-03-08,2026-03,Organic App Store,Tier 1,25-34,Moderate
NV405735,2026-03-21,2026-03,Referral,Tier 1,25-34,Aggressive
NV405736,2026-03-18,2026-03,Referral,Tier 3,25-34,Aggressive
NV405737,2026-03-21,2026-03,Organic App Store,Tier 3,25-34,Aggressive
NV405738,2026-03-24,2026-03,Paid Ads,Tier 1,35-44,Moderate
NV405739,2026-03-19,2026-03,Influencer/Content,Tier 1,25-34,Moderate
NV405740,2026-03-29,2026-03,Organic App Store,Tier 1,25-34,Aggressive
NV405741,2026-03-04,2026-03,Organic App Store,Tier 1,35-44,Aggressive
NV405742,2026-03-27,2026-03,Referral,Tier 2,25-34,Aggressive
NV405743,2026-03-30,2026-03,Influencer/Content,Tier 3,25-34,Moderate
NV405744,2026-03-11,2026-03,Paid Ads,Tier 2,35-44,Aggressive
NV405745,2026-03-10,2026-03,Referral,Tier 2,45-54,Moderate
NV405746,2026-03-02,2026-03,Paid Ads,Tier 3,25-34,Conservative
NV405747,2026-03-03,2026-03,Organic App Store,Tier 3,25-34,Aggressive
NV405748,2026-03-10,2026-03,Organic App Store,Tier 1,25-34,Conservative
NV405749,2026-03-13,2026-03,Paid Ads,Tier 1,25-34,Aggressive
NV405750,2026-03-10,2026-03,Influencer/Content,Tier 3,35-44,Aggressive
NV405751,2026-03-01,2026-03,Organic App Store,Tier 1,35-44,Moderate
NV405752,2026-03-23,2026-03,Influencer/Content,Tier 1,18-24,Aggressive
NV405753,2026-03-13,2026-03,Organic App Store,Tier 2,25-34,Moderate
NV405754,2026-03-25,2026-03,Referral,Tier 1,35-44,Aggressive
NV405755,2026-03-10,2026-03,Organic App Store,Tier 1,45-54,Aggressive
NV405756,2026-03-27,2026-03,Influencer/Content,Tier 1,55+,Aggressive
NV405757,2026-03-14,2026-03,Paid Ads,Tier 1,35-44,Moderate
NV405758,2026-03-17,2026-03,Organic App Store,Tier 3,25-34,Aggressive
NV405759,2026-03-23,2026-03,Referral,Tier 1,25-34,Conservative
NV405760,2026-03-03,2026-03,Paid Ads,Tier 2,25-34,Aggressive
NV405761,2026-03-29,2026-03,Influencer/Content,Tier 3,25-34,Aggressive
NV405762,2026-03-10,2026-03,Influencer/Content,Tier 3,35-44,Aggressive
NV405763,2026-03-21,2026-03,Paid Ads,Tier 2,25-34,Moderate
NV405764,2026-03-13,2026-03,Referral,Tier 1,25-34,Moderate
NV405765,2026-03-23,2026-03,Organic App Store,Tier 2,45-54,Conservative
NV405766,2026-03-14,2026-03,Paid Ads,Tier 3,25-34,Moderate
NV405767,2026-03-08,2026-03,Referral,Tier 1,18-24,Moderate
NV405768,2026-03-02,2026-03,Paid Ads,Tier 1,25-34,Moderate
NV405769,2026-03-07,2026-03,Paid Ads,Tier 2,25-34,Moderate
NV405770,2026-03-12,2026-03,Organic App Store,Tier 1,25-34,Moderate
NV405771,2026-03-22,2026-03,Paid Ads,Tier 1,25-34,Moderate
NV405772,2026-03-23,2026-03,Organic App Store,Tier 2,25-34,Moderate
NV405773,2026-03-27,2026-03,Influencer/Content,Tier 3,25-34,Conservative
NV405774,2026-03-27,2026-03,Organic App Store,Tier 2,45-54,Aggressive
NV405775,2026-03-23,2026-03,Influencer/Content,Tier 2,18-24,Moderate
NV405776,2026-03-16,2026-03,Referral,Tier 1,35-44,Conservative
NV405777,2026-03-13,2026-03,Influencer/Content,Tier 1,35-44,Moderate
NV405778,2026-03-24,2026-03,Paid Ads,Tier 1,25-34,Moderate
NV405779,2026-03-14,2026-03,Referral,Tier 3,25-34,Conservative
NV405780,2026-03-19,2026-03,Influencer/Content,Tier 1,25-34,Conservative
NV405781,2026-03-09,2026-03,Paid Ads,Tier 1,35-44,Aggressive
NV405782,2026-03-13,2026-03,Paid Ads,Tier 2,35-44,Moderate
NV405783,2026-03-29,2026-03,Influencer/Content,Tier 3,18-24,Moderate
NV405784,2026-03-15,2026-03,Paid Ads,Tier 3,35-44,Conservative
NV405785,2026-03-21,2026-03,Referral,Tier 2,45-54,Aggressive
NV405786,2026-03-02,2026-03,Influencer/Content,Tier 2,18-24,Aggressive
NV405787,2026-03-09,2026-03,Referral,Tier 1,25-34,Conservative
NV405788,2026-03-13,2026-03,Paid Ads,Tier 3,45-54,Conservative
NV405789,2026-03-12,2026-03,Organic App Store,Tier 3,25-34,Conservative
NV405790,2026-03-21,2026-03,Organic App Store,Tier 2,35-44,Moderate
NV405791,2026-03-22,2026-03,Referral,Tier 2,35-44,Conservative
NV405792,2026-03-26,2026-03,Paid Ads,Tier 1,18-24,Conservative
NV405793,2026-03-12,2026-03,Organic App Store,Tier 1,18-24,Moderate
NV405794,2026-03-10,2026-03,Influencer/Content,Tier 2,25-34,Moderate
NV405795,2026-03-09,2026-03,Influencer/Content,Tier 3,18-24,Moderate
NV405796,2026-03-12,2026-03,Paid Ads,Tier 3,35-44,Moderate
NV405797,2026-03-20,2026-03,Referral,Tier 2,25-34,Moderate
NV405798,2026-03-07,2026-03,Influencer/Content,Tier 2,55+,Moderate
NV405799,2026-03-21,2026-03,Paid Ads,Tier 3,25-34,Aggressive
NV405800,2026-03-18,2026-03,Organic App Store,Tier 1,25-34,Conservative
NV405801,2026-03-29,2026-03,Paid Ads,Tier 2,25-34,Moderate
NV405802,2026-03-19,2026-03,Referral,Tier 2,35-44,Moderate
NV405803,2026-03-15,2026-03,Influencer/Content,Tier 1,25-34,Moderate
NV405804,2026-03-02,2026-03,Influencer/Content,Tier 2,25-34,Conservative
NV405805,2026-03-09,2026-03,Influencer/Content,Tier 3,45-54,Conservative
NV405806,2026-03-10,2026-03,Paid Ads,Tier 2,35-44,Moderate
NV405807,2026-03-14,2026-03,Organic App Store,Tier 3,18-24,Aggressive
NV405808,2026-03-06,2026-03,Organic App Store,Tier 3,55+,Conservative
NV405809,2026-03-09,2026-03,Influencer/Content,Tier 3,25-34,Moderate
NV405810,2026-03-19,2026-03,Organic App Store,Tier 1,25-34,Moderate
NV405811,2026-03-14,2026-03,Referral,Tier 2,35-44,Aggressive
NV405812,2026-03-11,2026-03,Influencer/Content,Tier 3,18-24,Conservative
NV405813,2026-03-05,2026-03,Paid Ads,Tier 3,25-34,Conservative
NV405814,2026-03-25,2026-03,Referral,Tier 3,25-34,Aggressive
NV405815,2026-03-24,2026-03,Influencer/Content,Tier 3,25-34,Moderate
NV405816,2026-03-15,2026-03,Paid Ads,Tier 3,18-24,Moderate
NV405817,2026-03-22,2026-03,Referral,Tier 3,25-34,Aggressive
NV405818,2026-03-26,2026-03,Influencer/Content,Tier 1,18-24,Moderate
NV405819,2026-03-15,2026-03,Influencer/Content,Tier 2,35-44,Aggressive
NV405820,2026-03-01,2026-03,Influencer/Content,Tier 2,35-44,Moderate
NV405821,2026-03-30,2026-03,Influencer/Content,Tier 2,18-24,Conservative
NV405822,2026-03-29,2026-03,Organic App Store,Tier 2,45-54,Moderate
NV405823,2026-03-26,2026-03,Referral,Tier 1,45-54,Moderate
NV405824,2026-03-16,2026-03,Organic App Store,Tier 3,45-54,Conservative
NV405825,2026-03-28,2026-03,Influencer/Content,Tier 2,55+,Moderate
NV405826,2026-03-01,2026-03,Organic App Store,Tier 1,55+,Moderate
NV405827,2026-03-15,2026-03,Organic App Store,Tier 1,35-44,Aggressive
NV405828,2026-03-27,2026-03,Influencer/Content,Tier 1,35-44,Conservative
NV405829,2026-03-26,2026-03,Paid Ads,Tier 2,18-24,Aggressive
NV405830,2026-03-10,2026-03,Paid Ads,Tier 1,55+,Moderate
NV405831,2026-03-27,2026-03,Influencer/Content,Tier 3,35-44,Conservative
NV405832,2026-03-17,2026-03,Paid Ads,Tier 3,25-34,Aggressive
NV405833,2026-03-24,2026-03,Influencer/Content,Tier 2,25-34,Conservative
NV405834,2026-03-18,2026-03,Organic App Store,Tier 2,18-24,Aggressive
NV405835,2026-03-07,2026-03,Paid Ads,Tier 1,35-44,Moderate
NV405836,2026-03-07,2026-03,Organic App Store,Tier 1,25-34,Aggressive
NV405837,2026-03-21,2026-03,Referral,Tier 2,18-24,Moderate
NV405838,2026-03-20,2026-03,Organic App Store,Tier 3,25-34,Moderate
NV405839,2026-03-25,2026-03,Paid Ads,Tier 3,35-44,Moderate
NV405840,2026-03-22,2026-03,Referral,Tier 1,35-44,Conservative
NV405841,2026-03-22,2026-03,Influencer/Content,Tier 2,45-54,Aggressive
NV405842,2026-03-11,2026-03,Referral,Tier 2,18-24,Moderate
NV405843,2026-03-30,2026-03,Paid Ads,Tier 2,18-24,Aggressive
NV405844,2026-03-04,2026-03,Influencer/Content,Tier 3,35-44,Moderate
NV405845,2026-03-24,2026-03,Organic App Store,Tier 3,35-44,Conservative
NV405846,2026-03-11,2026-03,Influencer/Content,Tier 2,18-24,Aggressive
NV405847,2026-03-21,2026-03,Organic App Store,Tier 2,25-34,Moderate
NV405848,2026-03-24,2026-03,Paid Ads,Tier 2,35-44,Moderate
NV405849,2026-03-30,2026-03,Organic App Store,Tier 2,35-44,Moderate
NV405850,2026-03-19,2026-03,Organic App Store,Tier 1,35-44,Aggressive
NV405851,2026-03-18,2026-03,Organic App Store,Tier 2,45-54,Moderate
NV405852,2026-03-05,2026-03,Influencer/Content,Tier 1,45-54,Aggressive
NV405853,2026-03-03,2026-03,Organic App Store,Tier 1,25-34,Moderate
NV405854,2026-03-09,2026-03,Paid Ads,Tier 2,25-34,Moderate
NV405855,2026-03-05,2026-03,Organic App Store,Tier 2,25-34,Moderate
NV405856,2026-03-06,2026-03,Referral,Tier 1,25-34,Conservative
NV405857,2026-03-10,2026-03,Referral,Tier 3,18-24,Aggressive
NV405858,2026-03-12,2026-03,Referral,Tier 1,45-54,Moderate
NV405859,2026-03-14,2026-03,Influencer/Content,Tier 2,55+,Aggressive
NV405860,2026-03-18,2026-03,Organic App Store,Tier 2,25-34,Moderate
NV405861,2026-03-22,2026-03,Paid Ads,Tier 1,25-34,Conservative
NV405862,2026-03-30,2026-03,Influencer/Content,Tier 2,18-24,Aggressive
NV405863,2026-03-11,2026-03,Paid Ads,Tier 2,25-34,Conservative
NV405864,2026-03-30,2026-03,Paid Ads,Tier 2,25-34,Conservative
NV405865,2026-03-07,2026-03,Influencer/Content,Tier 1,25-34,Aggressive
NV405866,2026-03-25,2026-03,Influencer/Content,Tier 1,18-24,Aggressive
NV405867,2026-03-01,2026-03,Organic App Store,Tier 2,25-34,Aggressive
NV405868,2026-03-01,2026-03,Referral,Tier 3,25-34,Moderate
NV405869,2026-03-29,2026-03,Organic App Store,Tier 2,25-34,Moderate
NV405870,2026-03-17,2026-03,Paid Ads,Tier 2,25-34,Moderate
NV405871,2026-03-04,2026-03,Organic App Store,Tier 1,45-54,Conservative
NV405872,2026-03-20,2026-03,Referral,Tier 1,25-34,Moderate
NV405873,2026-03-01,2026-03,Organic App Store,Tier 2,18-24,Conservative
NV405874,2026-03-13,2026-03,Referral,Tier 1,18-24,Aggressive
NV405875,2026-03-17,2026-03,Paid Ads,Tier 1,18-24,Moderate
NV405876,2026-03-24,2026-03,Organic App Store,Tier 3,35-44,Moderate
NV405877,2026-03-17,2026-03,Organic App Store,Tier 3,35-44,Conservative
NV405878,2026-03-21,2026-03,Paid Ads,Tier 2,45-54,Aggressive
NV405879,2026-03-03,2026-03,Paid Ads,Tier 2,25-34,Moderate
NV405880,2026-03-17,2026-03,Influencer/Content,Tier 1,25-34,Moderate
NV405881,2026-03-11,2026-03,Organic App Store,Tier 2,18-24,Conservative
NV405882,2026-03-03,2026-03,Influencer/Content,Tier 3,25-34,Moderate
NV405883,2026-03-02,2026-03,Paid Ads,Tier 2,35-44,Conservative
NV405884,2026-03-28,2026-03,Influencer/Content,Tier 3,25-34,Moderate
NV405885,2026-03-02,2026-03,Organic App Store,Tier 2,25-34,Moderate
NV405886,2026-03-19,2026-03,Organic App Store,Tier 1,35-44,Aggressive
NV405887,2026-03-12,2026-03,Paid Ads,Tier 1,25-34,Conservative
NV405888,2026-03-28,2026-03,Influencer/Content,Tier 1,45-54,Conservative
NV405889,2026-03-14,2026-03,Referral,Tier 1,45-54,Moderate
NV405890,2026-03-21,2026-03,Referral,Tier 1,25-34,Conservative
NV405891,2026-03-05,2026-03,Referral,Tier 2,25-34,Aggressive
NV405892,2026-03-16,2026-03,Referral,Tier 2,45-54,Moderate
NV405893,2026-03-28,2026-03,Referral,Tier 1,35-44,Moderate
NV405894,2026-03-12,2026-03,Paid Ads,Tier 3,35-44,Conservative
NV405895,2026-03-13,2026-03,Influencer/Content,Tier 3,25-34,Aggressive
NV405896,2026-03-27,2026-03,Paid Ads,Tier 1,25-34,Conservative
NV405897,2026-03-09,2026-03,Organic App Store,Tier 3,55+,Moderate
NV405898,2026-03-07,2026-03,Paid Ads,Tier 2,25-34,Aggressive
NV405899,2026-03-24,2026-03,Organic App Store,Tier 3,25-34,Moderate
NV405900,2026-03-29,2026-03,Influencer/Content,Tier 2,25-34,Moderate
NV405901,2026-03-18,2026-03,Referral,Tier 1,45-54,Aggressive
NV405902,2026-03-25,2026-03,Organic App Store,Tier 3,35-44,Aggressive
NV405903,2026-03-14,2026-03,Referral,Tier 1,18-24,Aggressive
NV405904,2026-03-15,2026-03,Referral,Tier 3,35-44,Conservative
NV405905,2026-03-02,2026-03,Organic App Store,Tier 3,18-24,Aggressive
NV405906,2026-03-27,2026-03,Organic App Store,Tier 3,18-24,Moderate
NV405907,2026-03-16,2026-03,Paid Ads,Tier 2,25-34,Aggressive
NV405908,2026-03-10,2026-03,Referral,Tier 1,18-24,Conservative
NV405909,2026-03-21,2026-03,Influencer/Content,Tier 2,35-44,Moderate
NV405910,2026-03-10,2026-03,Referral,Tier 3,18-24,Conservative
NV405911,2026-03-17,2026-03,Influencer/Content,Tier 3,25-34,Moderate
NV405912,2026-03-23,2026-03,Referral,Tier 1,18-24,Moderate
NV405913,2026-03-22,2026-03,Organic App Store,Tier 1,25-34,Moderate
NV405914,2026-03-18,2026-03,Influencer/Content,Tier 1,25-34,Conservative
NV405915,2026-03-25,2026-03,Organic App Store,Tier 1,35-44,Moderate
NV405916,2026-03-28,2026-03,Organic App Store,Tier 1,35-44,Conservative
NV405917,2026-03-12,2026-03,Paid Ads,Tier 1,35-44,Conservative
NV405918,2026-03-17,2026-03,Influencer/Content,Tier 2,25-34,Moderate
NV405919,2026-03-02,2026-03,Referral,Tier 3,18-24,Moderate
NV405920,2026-03-24,2026-03,Paid Ads,Tier 2,35-44,Aggressive
NV405921,2026-03-28,2026-03,Organic App Store,Tier 2,18-24,Aggressive
NV405922,2026-03-26,2026-03,Organic App Store,Tier 3,35-44,Moderate
NV405923,2026-03-05,2026-03,Paid Ads,Tier 1,18-24,Aggressive
NV405924,2026-03-02,2026-03,Organic App Store,Tier 1,35-44,Aggressive
NV405925,2026-03-18,2026-03,Referral,Tier 1,35-44,Aggressive
NV405926,2026-03-02,2026-03,Influencer/Content,Tier 1,25-34,Aggressive
NV405927,2026-03-06,2026-03,Organic App Store,Tier 1,25-34,Moderate
NV405928,2026-03-17,2026-03,Paid Ads,Tier 1,25-34,Conservative
NV405929,2026-03-02,2026-03,Organic App Store,Tier 1,35-44,Moderate
NV405930,2026-03-01,2026-03,Referral,Tier 3,35-44,Aggressive
NV405931,2026-03-10,2026-03,Organic App Store,Tier 1,18-24,Conservative
NV405932,2026-03-10,2026-03,Referral,Tier 3,45-54,Moderate
NV405933,2026-03-07,2026-03,Referral,Tier 2,25-34,Moderate
NV405934,2026-03-30,2026-03,Organic App Store,Tier 2,25-34,Moderate
NV405935,2026-03-01,2026-03,Referral,Tier 2,35-44,Conservative
NV405936,2026-03-30,2026-03,Organic App Store,Tier 3,18-24,Moderate
NV405937,2026-03-03,2026-03,Organic App Store,Tier 3,25-34,Conservative
NV405938,2026-03-30,2026-03,Referral,Tier 2,25-34,Moderate
NV405939,2026-03-25,2026-03,Paid Ads,Tier 2,18-24,Aggressive
NV405940,2026-03-18,2026-03,Organic App Store,Tier 1,18-24,Moderate
NV405941,2026-03-07,2026-03,Influencer/Content,Tier 2,25-34,Conservative
NV405942,2026-03-14,2026-03,Influencer/Content,Tier 3,25-34,Conservative
NV405943,2026-03-11,2026-03,Paid Ads,Tier 1,18-24,Conservative
NV405944,2026-03-21,2026-03,Influencer/Content,Tier 1,25-34,Moderate
NV405945,2026-03-19,2026-03,Influencer/Content,Tier 2,45-54,Conservative
NV405946,2026-03-05,2026-03,Referral,Tier 2,18-24,Moderate
NV405947,2026-03-13,2026-03,Referral,Tier 1,25-34,Moderate
NV405948,2026-03-22,2026-03,Paid Ads,Tier 1,18-24,Conservative
NV405949,2026-03-17,2026-03,Organic App Store,Tier 3,35-44,Conservative
NV405950,2026-03-11,2026-03,Referral,Tier 2,45-54,Moderate
NV405951,2026-03-01,2026-03,Paid Ads,Tier 3,55+,Aggressive
NV405952,2026-03-11,2026-03,Organic App Store,Tier 1,25-34,Aggressive
NV405953,2026-03-01,2026-03,Paid Ads,Tier 2,25-34,Moderate
NV405954,2026-03-30,2026-03,Organic App Store,Tier 2,25-34,Moderate
NV405955,2026-03-18,2026-03,Referral,Tier 1,45-54,Aggressive
NV405956,2026-03-15,2026-03,Organic App Store,Tier 1,55+,Aggressive
NV405957,2026-03-24,2026-03,Influencer/Content,Tier 3,18-24,Moderate
NV405958,2026-03-13,2026-03,Organic App Store,Tier 1,45-54,Conservative
NV405959,2026-03-06,2026-03,Referral,Tier 3,18-24,Moderate
NV405960,2026-03-28,2026-03,Referral,Tier 3,55+,Moderate
NV405961,2026-03-12,2026-03,Paid Ads,Tier 1,18-24,Moderate
NV405962,2026-03-23,2026-03,Influencer/Content,Tier 2,25-34,Moderate
NV405963,2026-03-08,2026-03,Influencer/Content,Tier 2,55+,Conservative
NV405964,2026-03-07,2026-03,Organic App Store,Tier 3,25-34,Moderate
NV405965,2026-03-20,2026-03,Influencer/Content,Tier 3,35-44,Conservative
NV405966,2026-03-16,2026-03,Organic App Store,Tier 2,35-44,Conservative
NV405967,2026-03-30,2026-03,Referral,Tier 1,25-34,Conservative
NV405968,2026-03-12,2026-03,Organic App Store,Tier 3,18-24,Conservative
NV405969,2026-03-18,2026-03,Organic App Store,Tier 2,18-24,Conservative
NV405970,2026-03-15,2026-03,Paid Ads,Tier 1,25-34,Moderate
NV405971,2026-03-08,2026-03,Organic App Store,Tier 1,25-34,Moderate
NV405972,2026-03-06,2026-03,Influencer/Content,Tier 1,25-34,Moderate
NV405973,2026-03-19,2026-03,Paid Ads,Tier 3,35-44,Conservative
NV405974,2026-03-11,2026-03,Influencer/Content,Tier 2,35-44,Moderate
NV405975,2026-03-14,2026-03,Influencer/Content,Tier 3,25-34,Aggressive
NV405976,2026-03-28,2026-03,Organic App Store,Tier 1,25-34,Moderate
NV405977,2026-03-23,2026-03,Organic App Store,Tier 3,35-44,Aggressive
NV405978,2026-03-25,2026-03,Influencer/Content,Tier 2,25-34,Conservative
NV405979,2026-03-17,2026-03,Paid Ads,Tier 3,45-54,Conservative
NV405980,2026-03-22,2026-03,Organic App Store,Tier 1,25-34,Aggressive
NV405981,2026-03-16,2026-03,Paid Ads,Tier 1,18-24,Conservative
NV405982,2026-03-18,2026-03,Referral,Tier 2,25-34,Conservative
NV405983,2026-03-11,2026-03,Paid Ads,Tier 3,18-24,Conservative
NV405984,2026-03-13,2026-03,Organic App Store,Tier 1,35-44,Moderate
NV405985,2026-03-10,2026-03,Influencer/Content,Tier 3,18-24,Moderate
NV405986,2026-03-26,2026-03,Referral,Tier 2,35-44,Aggressive
NV405987,2026-03-11,2026-03,Referral,Tier 3,25-34,Aggressive
NV405988,2026-03-06,2026-03,Influencer/Content,Tier 2,25-34,Aggressive
NV405989,2026-03-07,2026-03,Influencer/Content,Tier 1,35-44,Conservative
NV405990,2026-03-24,2026-03,Paid Ads,Tier 3,25-34,Moderate
NV405991,2026-03-24,2026-03,Organic App Store,Tier 1,25-34,Conservative
NV405992,2026-03-26,2026-03,Organic App Store,Tier 1,55+,Moderate
NV405993,2026-03-01,2026-03,Referral,Tier 2,25-34,Moderate
NV405994,2026-03-14,2026-03,Influencer/Content,Tier 1,45-54,Moderate
NV405995,2026-03-14,2026-03,Organic App Store,Tier 2,25-34,Conservative
NV405996,2026-03-07,2026-03,Organic App Store,Tier 2,35-44,Conservative
NV405997,2026-03-11,2026-03,Organic App Store,Tier 3,25-34,Conservative
NV405998,2026-03-21,2026-03,Organic App Store,Tier 2,18-24,Moderate
NV405999,2026-03-05,2026-03,Influencer/Content,Tier 2,18-24,Aggressive
NV406000,2026-03-19,2026-03,Referral,Tier 2,25-34,Aggressive
NV406001,2026-03-17,2026-03,Referral,Tier 1,25-34,Aggressive
NV406002,2026-03-20,2026-03,Organic App Store,Tier 2,35-44,Aggressive
NV406003,2026-03-25,2026-03,Influencer/Content,Tier 2,55+,Moderate
NV406004,2026-03-06,2026-03,Paid Ads,Tier 1,35-44,Moderate
NV406005,2026-03-08,2026-03,Influencer/Content,Tier 3,25-34,Moderate
NV406006,2026-03-17,2026-03,Referral,Tier 3,25-34,Aggressive
NV406007,2026-03-29,2026-03,Referral,Tier 3,25-34,Aggressive
NV406008,2026-03-05,2026-03,Referral,Tier 3,35-44,Moderate
NV406009,2026-03-30,2026-03,Paid Ads,Tier 2,18-24,Conservative
NV406010,2026-03-14,2026-03,Referral,Tier 3,18-24,Conservative
NV406011,2026-03-09,2026-03,Paid Ads,Tier 1,45-54,Conservative
NV406012,2026-03-07,2026-03,Organic App Store,Tier 3,35-44,Moderate
NV406013,2026-03-07,2026-03,Organic App Store,Tier 1,18-24,Aggressive
NV406014,2026-03-27,2026-03,Referral,Tier 2,35-44,Conservative
NV406015,2026-03-14,2026-03,Influencer/Content,Tier 1,35-44,Aggressive
NV406016,2026-03-11,2026-03,Paid Ads,Tier 1,25-34,Moderate
NV406017,2026-03-08,2026-03,Organic App Store,Tier 1,25-34,Moderate
NV406018,2026-03-23,2026-03,Organic App Store,Tier 1,18-24,Conservative
NV406019,2026-03-16,2026-03,Organic App Store,Tier 2,35-44,Conservative
NV406020,2026-03-20,2026-03,Paid Ads,Tier 2,18-24,Aggressive
NV406021,2026-03-08,2026-03,Referral,Tier 2,25-34,Moderate
NV406022,2026-03-08,2026-03,Paid Ads,Tier 1,18-24,Moderate
NV406023,2026-03-04,2026-03,Referral,Tier 1,35-44,Aggressive
NV406024,2026-03-16,2026-03,Organic App Store,Tier 3,35-44,Conservative
NV406025,2026-03-22,2026-03,Influencer/Content,Tier 2,25-34,Conservative
NV406026,2026-03-25,2026-03,Influencer/Content,Tier 2,25-34,Conservative
NV406027,2026-03-06,2026-03,Referral,Tier 1,18-24,Conservative
NV406028,2026-03-03,2026-03,Organic App Store,Tier 1,18-24,Moderate
NV406029,2026-03-30,2026-03,Referral,Tier 3,25-34,Conservative
NV406030,2026-04-11,2026-04,Paid Ads,Tier 1,35-44,Moderate
NV406031,2026-04-30,2026-04,Referral,Tier 1,18-24,Aggressive
NV406032,2026-04-18,2026-04,Referral,Tier 2,25-34,Conservative
NV406033,2026-04-30,2026-04,Organic App Store,Tier 3,25-34,Moderate
NV406034,2026-04-24,2026-04,Influencer/Content,Tier 1,35-44,Aggressive
NV406035,2026-04-21,2026-04,Referral,Tier 1,25-34,Conservative
NV406036,2026-04-06,2026-04,Paid Ads,Tier 2,25-34,Aggressive
NV406037,2026-04-14,2026-04,Organic App Store,Tier 1,35-44,Aggressive
NV406038,2026-04-18,2026-04,Influencer/Content,Tier 3,25-34,Moderate
NV406039,2026-04-22,2026-04,Paid Ads,Tier 1,25-34,Moderate
NV406040,2026-04-03,2026-04,Referral,Tier 2,25-34,Moderate
NV406041,2026-04-29,2026-04,Influencer/Content,Tier 2,35-44,Aggressive
NV406042,2026-04-12,2026-04,Referral,Tier 2,25-34,Conservative
NV406043,2026-04-12,2026-04,Influencer/Content,Tier 1,35-44,Conservative
NV406044,2026-04-24,2026-04,Referral,Tier 1,18-24,Conservative
NV406045,2026-04-29,2026-04,Influencer/Content,Tier 2,18-24,Moderate
NV406046,2026-04-10,2026-04,Organic App Store,Tier 1,25-34,Moderate
NV406047,2026-04-18,2026-04,Referral,Tier 2,55+,Moderate
NV406048,2026-04-17,2026-04,Referral,Tier 1,18-24,Moderate
NV406049,2026-04-25,2026-04,Referral,Tier 1,45-54,Aggressive
NV406050,2026-04-28,2026-04,Organic App Store,Tier 1,35-44,Aggressive
NV406051,2026-04-04,2026-04,Paid Ads,Tier 3,18-24,Moderate
NV406052,2026-04-12,2026-04,Organic App Store,Tier 3,35-44,Conservative
NV406053,2026-04-25,2026-04,Organic App Store,Tier 1,25-34,Moderate
NV406054,2026-04-30,2026-04,Organic App Store,Tier 2,25-34,Moderate
NV406055,2026-04-11,2026-04,Paid Ads,Tier 1,35-44,Moderate
NV406056,2026-04-19,2026-04,Referral,Tier 1,35-44,Moderate
NV406057,2026-04-15,2026-04,Organic App Store,Tier 1,25-34,Conservative
NV406058,2026-04-05,2026-04,Influencer/Content,Tier 1,45-54,Moderate
NV406059,2026-04-19,2026-04,Paid Ads,Tier 2,35-44,Conservative
NV406060,2026-04-20,2026-04,Paid Ads,Tier 1,25-34,Moderate
NV406061,2026-04-22,2026-04,Referral,Tier 3,25-34,Moderate
NV406062,2026-04-10,2026-04,Referral,Tier 1,45-54,Moderate
NV406063,2026-04-25,2026-04,Referral,Tier 3,18-24,Aggressive
NV406064,2026-04-15,2026-04,Referral,Tier 2,25-34,Aggressive
NV406065,2026-04-23,2026-04,Paid Ads,Tier 1,25-34,Moderate
NV406066,2026-04-05,2026-04,Influencer/Content,Tier 1,25-34,Moderate
NV406067,2026-04-15,2026-04,Paid Ads,Tier 3,18-24,Moderate
NV406068,2026-04-26,2026-04,Influencer/Content,Tier 1,35-44,Moderate
NV406069,2026-04-06,2026-04,Influencer/Content,Tier 1,35-44,Conservative
NV406070,2026-04-11,2026-04,Organic App Store,Tier 1,55+,Moderate
NV406071,2026-04-14,2026-04,Paid Ads,Tier 1,55+,Conservative
NV406072,2026-04-23,2026-04,Influencer/Content,Tier 2,45-54,Aggressive
NV406073,2026-04-05,2026-04,Paid Ads,Tier 2,18-24,Moderate
NV406074,2026-04-14,2026-04,Organic App Store,Tier 3,45-54,Aggressive
NV406075,2026-04-23,2026-04,Paid Ads,Tier 2,45-54,Moderate
NV406076,2026-04-28,2026-04,Organic App Store,Tier 1,25-34,Moderate
NV406077,2026-04-23,2026-04,Organic App Store,Tier 1,25-34,Aggressive
NV406078,2026-04-02,2026-04,Referral,Tier 1,35-44,Conservative
NV406079,2026-04-23,2026-04,Organic App Store,Tier 1,25-34,Moderate
NV406080,2026-04-21,2026-04,Influencer/Content,Tier 2,18-24,Aggressive
NV406081,2026-04-11,2026-04,Influencer/Content,Tier 1,35-44,Aggressive
NV406082,2026-04-11,2026-04,Paid Ads,Tier 1,25-34,Moderate
NV406083,2026-04-17,2026-04,Paid Ads,Tier 1,18-24,Moderate
NV406084,2026-04-06,2026-04,Organic App Store,Tier 2,25-34,Aggressive
NV406085,2026-04-21,2026-04,Referral,Tier 1,25-34,Moderate
NV406086,2026-04-21,2026-04,Organic App Store,Tier 2,55+,Moderate
NV406087,2026-04-08,2026-04,Referral,Tier 1,35-44,Moderate
NV406088,2026-04-21,2026-04,Organic App Store,Tier 2,45-54,Aggressive
NV406089,2026-04-18,2026-04,Referral,Tier 2,25-34,Aggressive
NV406090,2026-04-14,2026-04,Paid Ads,Tier 2,35-44,Conservative
NV406091,2026-04-10,2026-04,Referral,Tier 1,45-54,Aggressive
NV406092,2026-04-29,2026-04,Influencer/Content,Tier 3,25-34,Moderate
NV406093,2026-04-12,2026-04,Organic App Store,Tier 1,25-34,Conservative
NV406094,2026-04-13,2026-04,Paid Ads,Tier 2,25-34,Moderate
NV406095,2026-04-07,2026-04,Paid Ads,Tier 2,18-24,Moderate
NV406096,2026-04-24,2026-04,Influencer/Content,Tier 2,25-34,Moderate
NV406097,2026-04-26,2026-04,Organic App Store,Tier 1,18-24,Conservative
NV406098,2026-04-02,2026-04,Organic App Store,Tier 2,35-44,Moderate
NV406099,2026-04-19,2026-04,Organic App Store,Tier 1,18-24,Moderate
NV406100,2026-04-02,2026-04,Organic App Store,Tier 3,25-34,Conservative
NV406101,2026-04-11,2026-04,Influencer/Content,Tier 3,25-34,Moderate
NV406102,2026-04-17,2026-04,Influencer/Content,Tier 1,45-54,Conservative
NV406103,2026-04-22,2026-04,Organic App Store,Tier 2,18-24,Moderate
NV406104,2026-04-28,2026-04,Influencer/Content,Tier 1,25-34,Moderate
NV406105,2026-04-24,2026-04,Influencer/Content,Tier 2,25-34,Moderate
NV406106,2026-04-01,2026-04,Influencer/Content,Tier 1,18-24,Moderate
NV406107,2026-04-05,2026-04,Organic App Store,Tier 2,25-34,Conservative
NV406108,2026-04-27,2026-04,Referral,Tier 1,25-34,Conservative
NV406109,2026-04-20,2026-04,Organic App Store,Tier 2,25-34,Moderate
NV406110,2026-04-30,2026-04,Paid Ads,Tier 1,25-34,Conservative
NV406111,2026-04-07,2026-04,Referral,Tier 2,35-44,Conservative
NV406112,2026-04-28,2026-04,Organic App Store,Tier 1,18-24,Moderate
NV406113,2026-04-05,2026-04,Influencer/Content,Tier 2,25-34,Aggressive
NV406114,2026-04-20,2026-04,Paid Ads,Tier 1,35-44,Aggressive
NV406115,2026-04-27,2026-04,Paid Ads,Tier 2,25-34,Aggressive
NV406116,2026-04-22,2026-04,Organic App Store,Tier 2,35-44,Moderate
NV406117,2026-04-22,2026-04,Organic App Store,Tier 1,25-34,Moderate
NV406118,2026-04-24,2026-04,Influencer/Content,Tier 3,45-54,Moderate
NV406119,2026-04-23,2026-04,Organic App Store,Tier 1,35-44,Conservative
NV406120,2026-04-04,2026-04,Organic App Store,Tier 2,25-34,Aggressive
NV406121,2026-04-15,2026-04,Referral,Tier 2,25-34,Moderate
NV406122,2026-04-01,2026-04,Organic App Store,Tier 2,55+,Conservative
NV406123,2026-04-18,2026-04,Influencer/Content,Tier 2,18-24,Conservative
NV406124,2026-04-22,2026-04,Influencer/Content,Tier 1,18-24,Moderate
NV406125,2026-04-07,2026-04,Referral,Tier 2,18-24,Conservative
NV406126,2026-04-05,2026-04,Paid Ads,Tier 2,25-34,Aggressive
NV406127,2026-04-21,2026-04,Paid Ads,Tier 1,35-44,Aggressive
NV406128,2026-04-22,2026-04,Referral,Tier 2,25-34,Conservative
NV406129,2026-04-14,2026-04,Referral,Tier 3,35-44,Moderate
NV406130,2026-04-12,2026-04,Referral,Tier 1,18-24,Moderate
NV406131,2026-04-02,2026-04,Organic App Store,Tier 1,45-54,Moderate
NV406132,2026-04-27,2026-04,Referral,Tier 1,45-54,Moderate
NV406133,2026-04-07,2026-04,Referral,Tier 3,25-34,Aggressive
NV406134,2026-04-15,2026-04,Paid Ads,Tier 2,35-44,Aggressive
NV406135,2026-04-13,2026-04,Organic App Store,Tier 1,18-24,Moderate
NV406136,2026-04-14,2026-04,Referral,Tier 2,18-24,Moderate
NV406137,2026-04-28,2026-04,Organic App Store,Tier 1,18-24,Aggressive
NV406138,2026-04-16,2026-04,Paid Ads,Tier 2,25-34,Aggressive
NV406139,2026-04-14,2026-04,Referral,Tier 1,25-34,Conservative
NV406140,2026-04-29,2026-04,Influencer/Content,Tier 2,35-44,Aggressive
NV406141,2026-04-19,2026-04,Organic App Store,Tier 1,25-34,Moderate
NV406142,2026-04-17,2026-04,Influencer/Content,Tier 1,25-34,Conservative
NV406143,2026-04-23,2026-04,Referral,Tier 1,18-24,Aggressive
NV406144,2026-04-17,2026-04,Paid Ads,Tier 1,25-34,Moderate
NV406145,2026-04-12,2026-04,Organic App Store,Tier 2,35-44,Moderate
NV406146,2026-04-12,2026-04,Organic App Store,Tier 3,25-34,Moderate
NV406147,2026-04-04,2026-04,Paid Ads,Tier 3,35-44,Conservative
NV406148,2026-04-11,2026-04,Paid Ads,Tier 2,25-34,Aggressive
NV406149,2026-04-12,2026-04,Influencer/Content,Tier 3,25-34,Conservative
NV406150,2026-04-03,2026-04,Referral,Tier 2,18-24,Moderate
NV406151,2026-04-30,2026-04,Organic App Store,Tier 3,35-44,Aggressive
NV406152,2026-04-17,2026-04,Organic App Store,Tier 1,25-34,Aggressive
NV406153,2026-04-01,2026-04,Referral,Tier 1,18-24,Moderate
NV406154,2026-04-08,2026-04,Referral,Tier 1,35-44,Aggressive
NV406155,2026-04-07,2026-04,Referral,Tier 2,18-24,Conservative
NV406156,2026-04-25,2026-04,Organic App Store,Tier 1,25-34,Conservative
NV406157,2026-04-08,2026-04,Paid Ads,Tier 1,35-44,Moderate
NV406158,2026-04-10,2026-04,Organic App Store,Tier 2,25-34,Moderate
NV406159,2026-04-01,2026-04,Paid Ads,Tier 3,45-54,Moderate
NV406160,2026-04-01,2026-04,Organic App Store,Tier 1,35-44,Aggressive
NV406161,2026-04-28,2026-04,Influencer/Content,Tier 1,18-24,Moderate
NV406162,2026-04-23,2026-04,Referral,Tier 1,35-44,Aggressive
NV406163,2026-04-08,2026-04,Organic App Store,Tier 1,45-54,Moderate
NV406164,2026-04-27,2026-04,Paid Ads,Tier 2,25-34,Moderate
NV406165,2026-04-20,2026-04,Organic App Store,Tier 1,35-44,Moderate
NV406166,2026-04-20,2026-04,Organic App Store,Tier 2,35-44,Conservative
NV406167,2026-04-03,2026-04,Organic App Store,Tier 1,25-34,Conservative
NV406168,2026-04-13,2026-04,Organic App Store,Tier 2,25-34,Moderate
NV406169,2026-04-18,2026-04,Referral,Tier 1,45-54,Moderate
NV406170,2026-04-01,2026-04,Referral,Tier 2,25-34,Moderate
NV406171,2026-04-20,2026-04,Organic App Store,Tier 2,25-34,Moderate
NV406172,2026-04-14,2026-04,Referral,Tier 3,55+,Moderate
NV406173,2026-04-30,2026-04,Influencer/Content,Tier 1,25-34,Moderate
NV406174,2026-04-17,2026-04,Referral,Tier 2,25-34,Conservative
NV406175,2026-04-29,2026-04,Paid Ads,Tier 1,18-24,Aggressive
NV406176,2026-04-14,2026-04,Influencer/Content,Tier 1,18-24,Moderate
NV406177,2026-04-27,2026-04,Influencer/Content,Tier 1,35-44,Conservative
NV406178,2026-04-29,2026-04,Organic App Store,Tier 1,25-34,Conservative
NV406179,2026-04-29,2026-04,Organic App Store,Tier 2,25-34,Conservative
NV406180,2026-04-18,2026-04,Referral,Tier 1,25-34,Conservative
NV406181,2026-04-04,2026-04,Influencer/Content,Tier 1,35-44,Moderate
NV406182,2026-04-08,2026-04,Referral,Tier 1,45-54,Conservative
NV406183,2026-04-08,2026-04,Organic App Store,Tier 3,18-24,Conservative
NV406184,2026-04-16,2026-04,Organic App Store,Tier 2,25-34,Conservative
NV406185,2026-04-08,2026-04,Paid Ads,Tier 2,25-34,Moderate
NV406186,2026-04-23,2026-04,Paid Ads,Tier 2,35-44,Aggressive
NV406187,2026-04-04,2026-04,Influencer/Content,Tier 2,55+,Moderate
NV406188,2026-04-28,2026-04,Paid Ads,Tier 3,25-34,Conservative
NV406189,2026-04-09,2026-04,Referral,Tier 2,25-34,Moderate
NV406190,2026-04-08,2026-04,Paid Ads,Tier 2,55+,Moderate
NV406191,2026-04-20,2026-04,Paid Ads,Tier 1,35-44,Moderate
NV406192,2026-04-22,2026-04,Organic App Store,Tier 1,35-44,Moderate
NV406193,2026-04-02,2026-04,Organic App Store,Tier 1,35-44,Aggressive
NV406194,2026-04-05,2026-04,Organic App Store,Tier 2,25-34,Moderate
NV406195,2026-04-27,2026-04,Organic App Store,Tier 3,35-44,Moderate
NV406196,2026-04-17,2026-04,Paid Ads,Tier 1,35-44,Conservative
NV406197,2026-04-11,2026-04,Referral,Tier 1,25-34,Aggressive
NV406198,2026-04-08,2026-04,Influencer/Content,Tier 3,35-44,Conservative
NV406199,2026-04-15,2026-04,Organic App Store,Tier 2,25-34,Conservative
NV406200,2026-04-29,2026-04,Organic App Store,Tier 1,35-44,Moderate
NV406201,2026-04-14,2026-04,Paid Ads,Tier 3,25-34,Moderate
NV406202,2026-04-06,2026-04,Organic App Store,Tier 1,35-44,Moderate
NV406203,2026-04-19,2026-04,Paid Ads,Tier 1,45-54,Moderate
NV406204,2026-04-24,2026-04,Influencer/Content,Tier 1,25-34,Conservative
NV406205,2026-04-09,2026-04,Influencer/Content,Tier 2,18-24,Aggressive
NV406206,2026-04-28,2026-04,Organic App Store,Tier 2,25-34,Conservative
NV406207,2026-04-18,2026-04,Influencer/Content,Tier 3,45-54,Conservative
NV406208,2026-04-29,2026-04,Paid Ads,Tier 1,25-34,Moderate
NV406209,2026-04-12,2026-04,Paid Ads,Tier 2,35-44,Aggressive
NV406210,2026-04-05,2026-04,Referral,Tier 2,45-54,Moderate
NV406211,2026-04-02,2026-04,Organic App Store,Tier 2,25-34,Conservative
NV406212,2026-04-14,2026-04,Paid Ads,Tier 2,45-54,Moderate
NV406213,2026-04-09,2026-04,Organic App Store,Tier 3,25-34,Conservative
NV406214,2026-04-29,2026-04,Organic App Store,Tier 3,35-44,Aggressive
NV406215,2026-04-12,2026-04,Paid Ads,Tier 2,25-34,Conservative
NV406216,2026-04-10,2026-04,Organic App Store,Tier 3,18-24,Aggressive
NV406217,2026-04-30,2026-04,Influencer/Content,Tier 1,45-54,Conservative
NV406218,2026-04-12,2026-04,Influencer/Content,Tier 2,25-34,Moderate
NV406219,2026-04-01,2026-04,Influencer/Content,Tier 1,35-44,Aggressive
NV406220,2026-04-15,2026-04,Paid Ads,Tier 2,35-44,Conservative
NV406221,2026-04-08,2026-04,Organic App Store,Tier 1,25-34,Moderate
NV406222,2026-04-03,2026-04,Organic App Store,Tier 2,35-44,Conservative
NV406223,2026-04-02,2026-04,Referral,Tier 1,18-24,Moderate
NV406224,2026-04-12,2026-04,Organic App Store,Tier 2,35-44,Aggressive
NV406225,2026-04-15,2026-04,Organic App Store,Tier 1,45-54,Conservative
NV406226,2026-04-17,2026-04,Paid Ads,Tier 1,35-44,Aggressive
NV406227,2026-04-15,2026-04,Organic App Store,Tier 1,18-24,Moderate
NV406228,2026-04-11,2026-04,Organic App Store,Tier 3,35-44,Moderate
NV406229,2026-04-27,2026-04,Referral,Tier 3,25-34,Aggressive
NV406230,2026-04-15,2026-04,Paid Ads,Tier 1,25-34,Conservative
NV406231,2026-04-03,2026-04,Influencer/Content,Tier 2,45-54,Conservative
NV406232,2026-04-17,2026-04,Influencer/Content,Tier 1,35-44,Moderate
NV406233,2026-04-23,2026-04,Referral,Tier 2,25-34,Aggressive
NV406234,2026-04-10,2026-04,Referral,Tier 2,18-24,Conservative
NV406235,2026-04-05,2026-04,Influencer/Content,Tier 2,25-34,Moderate
NV406236,2026-04-07,2026-04,Organic App Store,Tier 2,45-54,Aggressive
NV406237,2026-04-24,2026-04,Referral,Tier 2,25-34,Aggressive
NV406238,2026-04-28,2026-04,Influencer/Content,Tier 2,25-34,Conservative
NV406239,2026-04-23,2026-04,Paid Ads,Tier 2,25-34,Moderate
NV406240,2026-04-24,2026-04,Influencer/Content,Tier 1,18-24,Conservative
NV406241,2026-04-18,2026-04,Organic App Store,Tier 3,25-34,Moderate
NV406242,2026-04-17,2026-04,Influencer/Content,Tier 1,18-24,Moderate
NV406243,2026-04-20,2026-04,Referral,Tier 1,25-34,Moderate
NV406244,2026-04-03,2026-04,Referral,Tier 3,25-34,Moderate
NV406245,2026-04-24,2026-04,Influencer/Content,Tier 1,35-44,Moderate
NV406246,2026-04-01,2026-04,Organic App Store,Tier 3,18-24,Conservative
NV406247,2026-04-05,2026-04,Paid Ads,Tier 3,55+,Aggressive
NV406248,2026-04-25,2026-04,Influencer/Content,Tier 2,25-34,Conservative
NV406249,2026-04-27,2026-04,Referral,Tier 2,18-24,Moderate
NV406250,2026-04-08,2026-04,Organic App Store,Tier 1,35-44,Moderate
NV406251,2026-04-09,2026-04,Referral,Tier 2,25-34,Moderate
NV406252,2026-04-17,2026-04,Influencer/Content,Tier 2,25-34,Moderate
NV406253,2026-04-22,2026-04,Organic App Store,Tier 1,25-34,Conservative
NV406254,2026-04-11,2026-04,Referral,Tier 3,25-34,Conservative
NV406255,2026-04-02,2026-04,Paid Ads,Tier 2,25-34,Aggressive
NV406256,2026-04-08,2026-04,Paid Ads,Tier 1,35-44,Moderate
NV406257,2026-04-26,2026-04,Organic App Store,Tier 3,35-44,Moderate
NV406258,2026-04-19,2026-04,Influencer/Content,Tier 2,25-34,Conservative
NV406259,2026-04-27,2026-04,Referral,Tier 2,18-24,Moderate
NV406260,2026-04-11,2026-04,Organic App Store,Tier 2,55+,Conservative
NV406261,2026-04-03,2026-04,Influencer/Content,Tier 2,35-44,Moderate
NV406262,2026-04-19,2026-04,Paid Ads,Tier 1,18-24,Moderate
NV406263,2026-04-27,2026-04,Referral,Tier 3,25-34,Aggressive
NV406264,2026-04-07,2026-04,Referral,Tier 1,18-24,Moderate
NV406265,2026-04-18,2026-04,Organic App Store,Tier 2,25-34,Conservative
NV406266,2026-04-21,2026-04,Organic App Store,Tier 2,25-34,Moderate
NV406267,2026-04-29,2026-04,Influencer/Content,Tier 1,55+,Moderate
NV406268,2026-04-03,2026-04,Referral,Tier 2,55+,Conservative
NV406269,2026-04-08,2026-04,Paid Ads,Tier 1,35-44,Moderate
NV406270,2026-04-20,2026-04,Referral,Tier 1,55+,Moderate
NV406271,2026-04-13,2026-04,Referral,Tier 3,35-44,Conservative
NV406272,2026-04-12,2026-04,Referral,Tier 1,25-34,Aggressive
NV406273,2026-04-06,2026-04,Organic App Store,Tier 1,18-24,Moderate
NV406274,2026-04-14,2026-04,Referral,Tier 2,18-24,Conservative
NV406275,2026-04-21,2026-04,Referral,Tier 2,25-34,Moderate
NV406276,2026-04-14,2026-04,Organic App Store,Tier 1,18-24,Aggressive
NV406277,2026-04-30,2026-04,Paid Ads,Tier 2,35-44,Moderate
NV406278,2026-04-24,2026-04,Organic App Store,Tier 2,35-44,Aggressive
NV406279,2026-04-20,2026-04,Referral,Tier 1,45-54,Moderate
NV406280,2026-04-05,2026-04,Organic App Store,Tier 1,35-44,Moderate
NV406281,2026-04-16,2026-04,Referral,Tier 2,45-54,Moderate
NV406282,2026-04-28,2026-04,Paid Ads,Tier 2,45-54,Aggressive
NV406283,2026-04-15,2026-04,Referral,Tier 2,25-34,Moderate
NV406284,2026-04-27,2026-04,Influencer/Content,Tier 2,35-44,Conservative
NV406285,2026-04-19,2026-04,Influencer/Content,Tier 1,25-34,Moderate
NV406286,2026-04-07,2026-04,Paid Ads,Tier 2,35-44,Conservative
NV406287,2026-04-21,2026-04,Organic App Store,Tier 1,18-24,Moderate
NV406288,2026-04-16,2026-04,Organic App Store,Tier 1,18-24,Moderate
NV406289,2026-04-22,2026-04,Paid Ads,Tier 2,25-34,Moderate
NV406290,2026-04-24,2026-04,Influencer/Content,Tier 2,25-34,Moderate
NV406291,2026-04-24,2026-04,Paid Ads,Tier 3,25-34,Moderate
NV406292,2026-04-23,2026-04,Organic App Store,Tier 3,45-54,Aggressive
NV406293,2026-04-01,2026-04,Organic App Store,Tier 1,25-34,Moderate
NV406294,2026-04-16,2026-04,Referral,Tier 1,35-44,Moderate
NV406295,2026-04-25,2026-04,Paid Ads,Tier 1,55+,Moderate
NV406296,2026-04-21,2026-04,Influencer/Content,Tier 1,35-44,Aggressive
NV406297,2026-04-23,2026-04,Paid Ads,Tier 1,25-34,Moderate
NV406298,2026-04-02,2026-04,Referral,Tier 2,35-44,Moderate
NV406299,2026-04-16,2026-04,Referral,Tier 2,18-24,Conservative
NV406300,2026-04-12,2026-04,Organic App Store,Tier 3,45-54,Conservative
NV406301,2026-04-14,2026-04,Referral,Tier 3,18-24,Moderate
NV406302,2026-04-06,2026-04,Paid Ads,Tier 3,18-24,Aggressive
NV406303,2026-04-07,2026-04,Influencer/Content,Tier 1,25-34,Moderate
NV406304,2026-04-07,2026-04,Referral,Tier 3,25-34,Conservative
NV406305,2026-04-04,2026-04,Influencer/Content,Tier 1,35-44,Conservative
NV406306,2026-04-30,2026-04,Paid Ads,Tier 2,25-34,Conservative
NV406307,2026-04-22,2026-04,Influencer/Content,Tier 2,25-34,Moderate
NV406308,2026-04-18,2026-04,Paid Ads,Tier 3,25-34,Aggressive
NV406309,2026-04-26,2026-04,Paid Ads,Tier 1,18-24,Aggressive
NV406310,2026-04-18,2026-04,Referral,Tier 3,35-44,Aggressive
NV406311,2026-04-12,2026-04,Organic App Store,Tier 1,25-34,Conservative
NV406312,2026-04-08,2026-04,Influencer/Content,Tier 3,25-34,Conservative
NV406313,2026-04-07,2026-04,Organic App Store,Tier 2,35-44,Moderate
NV406314,2026-04-08,2026-04,Referral,Tier 1,35-44,Moderate
NV406315,2026-04-09,2026-04,Organic App Store,Tier 2,35-44,Conservative
NV406316,2026-04-08,2026-04,Influencer/Content,Tier 2,35-44,Moderate
NV406317,2026-04-16,2026-04,Organic App Store,Tier 1,25-34,Moderate
NV406318,2026-04-04,2026-04,Referral,Tier 1,35-44,Moderate
NV406319,2026-04-17,2026-04,Paid Ads,Tier 1,35-44,Moderate
NV406320,2026-04-07,2026-04,Organic App Store,Tier 2,45-54,Moderate
NV406321,2026-04-18,2026-04,Organic App Store,Tier 3,18-24,Moderate
NV406322,2026-04-29,2026-04,Referral,Tier 1,18-24,Moderate
NV406323,2026-04-01,2026-04,Referral,Tier 2,35-44,Conservative
NV406324,2026-04-18,2026-04,Referral,Tier 1,35-44,Conservative
NV406325,2026-04-25,2026-04,Influencer/Content,Tier 1,35-44,Moderate
NV406326,2026-04-14,2026-04,Influencer/Content,Tier 1,18-24,Aggressive
NV406327,2026-04-24,2026-04,Organic App Store,Tier 1,35-44,Moderate
NV406328,2026-04-22,2026-04,Influencer/Content,Tier 2,35-44,Aggressive
NV406329,2026-04-16,2026-04,Paid Ads,Tier 1,25-34,Aggressive
NV406330,2026-04-17,2026-04,Paid Ads,Tier 3,25-34,Aggressive
NV406331,2026-04-22,2026-04,Organic App Store,Tier 1,35-44,Moderate
NV406332,2026-04-06,2026-04,Organic App Store,Tier 3,35-44,Moderate
NV406333,2026-04-29,2026-04,Influencer/Content,Tier 2,25-34,Aggressive
NV406334,2026-04-13,2026-04,Influencer/Content,Tier 3,25-34,Conservative
NV406335,2026-04-05,2026-04,Paid Ads,Tier 1,25-34,Conservative
NV406336,2026-04-12,2026-04,Influencer/Content,Tier 1,35-44,Moderate
NV406337,2026-04-01,2026-04,Organic App Store,Tier 1,25-34,Moderate
NV406338,2026-04-25,2026-04,Influencer/Content,Tier 2,35-44,Moderate
NV406339,2026-04-15,2026-04,Paid Ads,Tier 1,25-34,Aggressive
NV406340,2026-04-17,2026-04,Influencer/Content,Tier 1,25-34,Moderate
NV406341,2026-04-27,2026-04,Referral,Tier 2,25-34,Conservative
NV406342,2026-04-27,2026-04,Organic App Store,Tier 1,25-34,Moderate
NV406343,2026-04-23,2026-04,Influencer/Content,Tier 1,35-44,Moderate
NV406344,2026-04-21,2026-04,Paid Ads,Tier 3,25-34,Moderate
NV406345,2026-04-30,2026-04,Paid Ads,Tier 1,25-34,Aggressive
NV406346,2026-04-20,2026-04,Organic App Store,Tier 2,18-24,Moderate
NV406347,2026-04-10,2026-04,Paid Ads,Tier 3,35-44,Conservative
NV406348,2026-04-13,2026-04,Organic App Store,Tier 2,25-34,Moderate
NV406349,2026-04-25,2026-04,Organic App Store,Tier 1,25-34,Moderate
NV406350,2026-04-13,2026-04,Organic App Store,Tier 1,35-44,Moderate
NV406351,2026-04-14,2026-04,Referral,Tier 1,45-54,Moderate
NV406352,2026-04-20,2026-04,Referral,Tier 1,35-44,Moderate
NV406353,2026-04-26,2026-04,Influencer/Content,Tier 1,25-34,Moderate
NV406354,2026-04-17,2026-04,Paid Ads,Tier 3,35-44,Conservative
NV406355,2026-04-15,2026-04,Referral,Tier 2,25-34,Conservative
NV406356,2026-04-12,2026-04,Referral,Tier 1,35-44,Aggressive
NV406357,2026-04-03,2026-04,Organic App Store,Tier 2,35-44,Aggressive
NV406358,2026-04-25,2026-04,Referral,Tier 2,25-34,Moderate
NV406359,2026-04-24,2026-04,Organic App Store,Tier 3,25-34,Moderate
NV406360,2026-04-11,2026-04,Organic App Store,Tier 3,55+,Aggressive
NV406361,2026-04-10,2026-04,Influencer/Content,Tier 2,25-34,Moderate
NV406362,2026-04-07,2026-04,Organic App Store,Tier 1,25-34,Conservative
NV406363,2026-04-03,2026-04,Paid Ads,Tier 3,45-54,Conservative
NV406364,2026-04-01,2026-04,Referral,Tier 1,25-34,Conservative
NV406365,2026-04-28,2026-04,Influencer/Content,Tier 1,25-34,Moderate
NV406366,2026-04-25,2026-04,Organic App Store,Tier 1,25-34,Conservative
NV406367,2026-04-14,2026-04,Organic App Store,Tier 2,25-34,Conservative
NV406368,2026-04-18,2026-04,Organic App Store,Tier 2,35-44,Moderate
NV406369,2026-04-15,2026-04,Paid Ads,Tier 1,18-24,Moderate
NV406370,2026-04-07,2026-04,Referral,Tier 1,45-54,Moderate
NV406371,2026-04-18,2026-04,Organic App Store,Tier 1,25-34,Conservative
NV406372,2026-04-23,2026-04,Paid Ads,Tier 2,25-34,Moderate
NV406373,2026-04-01,2026-04,Referral,Tier 1,18-24,Aggressive
NV406374,2026-04-03,2026-04,Organic App Store,Tier 1,35-44,Conservative
NV406375,2026-04-29,2026-04,Referral,Tier 2,25-34,Conservative
NV406376,2026-04-01,2026-04,Influencer/Content,Tier 3,25-34,Moderate
NV406377,2026-04-05,2026-04,Influencer/Content,Tier 2,18-24,Conservative
NV406378,2026-04-19,2026-04,Referral,Tier 1,55+,Moderate
NV406379,2026-04-10,2026-04,Organic App Store,Tier 2,18-24,Conservative
NV406380,2026-04-06,2026-04,Organic App Store,Tier 1,25-34,Moderate
NV406381,2026-04-24,2026-04,Organic App Store,Tier 3,35-44,Aggressive
NV406382,2026-04-12,2026-04,Referral,Tier 1,35-44,Moderate
NV406383,2026-04-14,2026-04,Influencer/Content,Tier 1,45-54,Moderate
NV406384,2026-04-20,2026-04,Organic App Store,Tier 2,25-34,Aggressive
NV406385,2026-04-22,2026-04,Influencer/Content,Tier 2,45-54,Moderate
NV406386,2026-04-07,2026-04,Influencer/Content,Tier 1,25-34,Moderate
NV406387,2026-04-29,2026-04,Organic App Store,Tier 1,25-34,Moderate
NV406388,2026-04-05,2026-04,Referral,Tier 2,55+,Moderate
NV406389,2026-04-21,2026-04,Organic App Store,Tier 1,45-54,Aggressive
NV406390,2026-04-11,2026-04,Paid Ads,Tier 1,35-44,Conservative
NV406391,2026-04-01,2026-04,Organic App Store,Tier 2,45-54,Moderate
NV406392,2026-04-28,2026-04,Organic App Store,Tier 2,25-34,Aggressive
NV406393,2026-04-19,2026-04,Referral,Tier 2,25-34,Conservative
NV406394,2026-04-12,2026-04,Referral,Tier 2,25-34,Moderate
NV406395,2026-04-02,2026-04,Referral,Tier 1,25-34,Moderate
NV406396,2026-04-06,2026-04,Paid Ads,Tier 1,45-54,Moderate
NV406397,2026-04-13,2026-04,Organic App Store,Tier 2,18-24,Conservative
NV406398,2026-04-24,2026-04,Organic App Store,Tier 3,35-44,Aggressive
NV406399,2026-04-22,2026-04,Influencer/Content,Tier 1,35-44,Aggressive
NV406400,2026-04-14,2026-04,Influencer/Content,Tier 1,25-34,Moderate
NV406401,2026-04-14,2026-04,Paid Ads,Tier 1,25-34,Moderate
NV406402,2026-04-13,2026-04,Referral,Tier 1,35-44,Moderate
NV406403,2026-04-20,2026-04,Organic App Store,Tier 3,35-44,Conservative
NV406404,2026-04-27,2026-04,Organic App Store,Tier 3,25-34,Moderate
NV406405,2026-04-16,2026-04,Influencer/Content,Tier 3,35-44,Moderate
NV406406,2026-04-11,2026-04,Influencer/Content,Tier 1,18-24,Conservative
NV406407,2026-04-16,2026-04,Paid Ads,Tier 2,35-44,Moderate
NV406408,2026-04-06,2026-04,Organic App Store,Tier 2,25-34,Aggressive
NV406409,2026-04-25,2026-04,Organic App Store,Tier 2,25-34,Moderate
NV406410,2026-04-25,2026-04,Referral,Tier 1,18-24,Conservative
NV406411,2026-04-30,2026-04,Paid Ads,Tier 3,25-34,Conservative
NV406412,2026-04-28,2026-04,Referral,Tier 1,45-54,Moderate
NV406413,2026-04-07,2026-04,Referral,Tier 2,25-34,Conservative
NV406414,2026-04-25,2026-04,Organic App Store,Tier 2,25-34,Moderate
NV406415,2026-04-01,2026-04,Referral,Tier 1,35-44,Moderate
NV406416,2026-04-26,2026-04,Referral,Tier 3,18-24,Moderate
NV406417,2026-04-19,2026-04,Influencer/Content,Tier 2,45-54,Moderate
NV406418,2026-04-11,2026-04,Organic App Store,Tier 2,45-54,Aggressive
NV406419,2026-04-11,2026-04,Paid Ads,Tier 2,35-44,Conservative
NV406420,2026-04-21,2026-04,Organic App Store,Tier 1,35-44,Moderate
NV406421,2026-04-26,2026-04,Influencer/Content,Tier 1,35-44,Aggressive
NV406422,2026-04-20,2026-04,Influencer/Content,Tier 2,45-54,Conservative
NV406423,2026-04-26,2026-04,Referral,Tier 3,35-44,Aggressive
NV406424,2026-04-11,2026-04,Referral,Tier 1,25-34,Moderate
NV406425,2026-04-17,2026-04,Paid Ads,Tier 1,35-44,Aggressive
NV406426,2026-04-20,2026-04,Referral,Tier 1,18-24,Conservative
NV406427,2026-04-05,2026-04,Paid Ads,Tier 1,35-44,Moderate
NV406428,2026-04-14,2026-04,Referral,Tier 2,25-34,Moderate
NV406429,2026-04-15,2026-04,Organic App Store,Tier 3,25-34,Moderate
NV406430,2026-04-12,2026-04,Organic App Store,Tier 1,25-34,Moderate
NV406431,2026-04-20,2026-04,Referral,Tier 3,25-34,Aggressive
NV406432,2026-04-11,2026-04,Paid Ads,Tier 1,35-44,Moderate
NV406433,2026-04-05,2026-04,Influencer/Content,Tier 2,18-24,Aggressive
NV406434,2026-04-18,2026-04,Organic App Store,Tier 2,25-34,Moderate
NV406435,2026-04-18,2026-04,Influencer/Content,Tier 2,35-44,Aggressive
NV406436,2026-04-22,2026-04,Referral,Tier 3,18-24,Conservative
NV406437,2026-04-12,2026-04,Influencer/Content,Tier 3,25-34,Conservative
NV406438,2026-04-11,2026-04,Organic App Store,Tier 3,35-44,Aggressive
NV406439,2026-04-08,2026-04,Organic App Store,Tier 2,25-34,Conservative
NV406440,2026-04-30,2026-04,Influencer/Content,Tier 1,35-44,Aggressive
NV406441,2026-04-15,2026-04,Organic App Store,Tier 2,18-24,Moderate
NV406442,2026-04-28,2026-04,Organic App Store,Tier 1,25-34,Conservative
NV406443,2026-04-14,2026-04,Paid Ads,Tier 1,35-44,Conservative
NV406444,2026-04-13,2026-04,Influencer/Content,Tier 1,45-54,Moderate
NV406445,2026-04-08,2026-04,Organic App Store,Tier 1,18-24,Moderate
NV406446,2026-04-03,2026-04,Influencer/Content,Tier 3,35-44,Moderate
NV406447,2026-04-26,2026-04,Influencer/Content,Tier 3,18-24,Moderate
NV406448,2026-04-09,2026-04,Paid Ads,Tier 2,18-24,Moderate
NV406449,2026-04-21,2026-04,Organic App Store,Tier 3,35-44,Moderate
NV406450,2026-04-13,2026-04,Paid Ads,Tier 3,25-34,Moderate
NV406451,2026-04-22,2026-04,Organic App Store,Tier 3,18-24,Moderate
NV406452,2026-04-25,2026-04,Influencer/Content,Tier 2,25-34,Conservative
NV406453,2026-04-06,2026-04,Referral,Tier 1,25-34,Moderate
NV406454,2026-04-09,2026-04,Referral,Tier 3,45-54,Moderate
NV406455,2026-04-02,2026-04,Organic App Store,Tier 3,18-24,Conservative
NV406456,2026-04-01,2026-04,Influencer/Content,Tier 1,25-34,Conservative
NV406457,2026-04-27,2026-04,Organic App Store,Tier 1,25-34,Conservative
NV406458,2026-04-27,2026-04,Referral,Tier 1,35-44,Aggressive
NV406459,2026-04-06,2026-04,Referral,Tier 2,35-44,Moderate
NV406460,2026-04-27,2026-04,Organic App Store,Tier 1,35-44,Moderate
NV406461,2026-04-07,2026-04,Referral,Tier 2,35-44,Conservative
NV406462,2026-04-28,2026-04,Paid Ads,Tier 2,25-34,Moderate
NV406463,2026-04-25,2026-04,Organic App Store,Tier 1,55+,Aggressive
NV406464,2026-04-22,2026-04,Organic App Store,Tier 1,35-44,Moderate
NV406465,2026-04-26,2026-04,Paid Ads,Tier 1,35-44,Conservative
NV406466,2026-04-08,2026-04,Influencer/Content,Tier 3,18-24,Moderate
NV406467,2026-04-15,2026-04,Organic App Store,Tier 3,25-34,Aggressive
NV406468,2026-04-14,2026-04,Influencer/Content,Tier 1,25-34,Moderate
NV406469,2026-04-11,2026-04,Referral,Tier 3,55+,Aggressive
NV406470,2026-04-25,2026-04,Paid Ads,Tier 1,35-44,Conservative
NV406471,2026-04-17,2026-04,Organic App Store,Tier 1,18-24,Moderate
NV406472,2026-04-02,2026-04,Influencer/Content,Tier 1,18-24,Moderate
NV406473,2026-04-27,2026-04,Influencer/Content,Tier 1,25-34,Conservative
NV406474,2026-04-10,2026-04,Influencer/Content,Tier 1,18-24,Moderate
NV406475,2026-04-24,2026-04,Organic App Store,Tier 3,18-24,Moderate
NV406476,2026-04-22,2026-04,Paid Ads,Tier 2,25-34,Moderate
NV406477,2026-04-10,2026-04,Paid Ads,Tier 1,25-34,Moderate
NV406478,2026-04-08,2026-04,Influencer/Content,Tier 3,25-34,Aggressive
NV406479,2026-04-12,2026-04,Referral,Tier 2,35-44,Moderate
NV406480,2026-04-04,2026-04,Influencer/Content,Tier 2,25-34,Conservative
NV406481,2026-04-14,2026-04,Referral,Tier 2,35-44,Conservative
NV406482,2026-04-03,2026-04,Paid Ads,Tier 3,18-24,Aggressive
NV406483,2026-04-09,2026-04,Paid Ads,Tier 2,45-54,Conservative
NV406484,2026-04-22,2026-04,Organic App Store,Tier 1,18-24,Aggressive
NV406485,2026-04-03,2026-04,Organic App Store,Tier 1,45-54,Aggressive
NV406486,2026-04-24,2026-04,Influencer/Content,Tier 1,25-34,Aggressive
NV406487,2026-04-11,2026-04,Referral,Tier 1,55+,Aggressive
NV406488,2026-04-09,2026-04,Organic App Store,Tier 3,25-34,Conservative
NV406489,2026-04-09,2026-04,Influencer/Content,Tier 3,35-44,Moderate
NV406490,2026-04-04,2026-04,Referral,Tier 1,25-34,Conservative
NV406491,2026-04-15,2026-04,Influencer/Content,Tier 2,35-44,Conservative
NV406492,2026-04-12,2026-04,Organic App Store,Tier 3,45-54,Moderate
NV406493,2026-04-09,2026-04,Paid Ads,Tier 2,35-44,Conservative
NV406494,2026-04-28,2026-04,Organic App Store,Tier 2,18-24,Conservative
NV406495,2026-04-14,2026-04,Referral,Tier 2,25-34,Aggressive
NV406496,2026-04-18,2026-04,Paid Ads,Tier 3,35-44,Moderate
NV406497,2026-04-13,2026-04,Paid Ads,Tier 1,25-34,Aggressive
NV406498,2026-04-07,2026-04,Organic App Store,Tier 2,45-54,Moderate
NV406499,2026-04-22,2026-04,Organic App Store,Tier 1,18-24,Moderate
NV406500,2026-04-25,2026-04,Influencer/Content,Tier 3,18-24,Moderate
NV406501,2026-04-13,2026-04,Influencer/Content,Tier 2,25-34,Moderate
NV406502,2026-04-09,2026-04,Referral,Tier 1,35-44,Conservative
NV406503,2026-04-11,2026-04,Referral,Tier 2,18-24,Aggressive
NV406504,2026-04-21,2026-04,Referral,Tier 1,35-44,Moderate
NV406505,2026-04-24,2026-04,Influencer/Content,Tier 1,25-34,Moderate
NV406506,2026-04-28,2026-04,Influencer/Content,Tier 1,25-34,Conservative
NV406507,2026-04-17,2026-04,Influencer/Content,Tier 2,45-54,Moderate
NV406508,2026-04-19,2026-04,Influencer/Content,Tier 3,35-44,Moderate
NV406509,2026-04-05,2026-04,Influencer/Content,Tier 1,18-24,Aggressive
NV406510,2026-04-26,2026-04,Organic App Store,Tier 2,25-34,Moderate
NV406511,2026-04-17,2026-04,Organic App Store,Tier 1,25-34,Moderate
NV406512,2026-04-07,2026-04,Organic App Store,Tier 2,25-34,Moderate
NV406513,2026-04-29,2026-04,Organic App Store,Tier 1,35-44,Conservative
NV406514,2026-04-10,2026-04,Organic App Store,Tier 3,45-54,Moderate
NV406515,2026-04-03,2026-04,Organic App Store,Tier 1,35-44,Moderate
NV406516,2026-04-20,2026-04,Referral,Tier 2,35-44,Conservative
NV406517,2026-04-10,2026-04,Referral,Tier 2,25-34,Moderate
NV406518,2026-04-04,2026-04,Paid Ads,Tier 1,35-44,Conservative
NV406519,2026-04-18,2026-04,Organic App Store,Tier 1,35-44,Conservative
NV406520,2026-04-14,2026-04,Influencer/Content,Tier 1,45-54,Moderate
NV406521,2026-04-06,2026-04,Organic App Store,Tier 1,45-54,Moderate
NV406522,2026-04-15,2026-04,Influencer/Content,Tier 2,25-34,Moderate
NV406523,2026-04-26,2026-04,Paid Ads,Tier 1,45-54,Conservative
NV406524,2026-04-30,2026-04,Influencer/Content,Tier 3,18-24,Moderate
NV406525,2026-04-14,2026-04,Influencer/Content,Tier 1,45-54,Aggressive
NV406526,2026-04-26,2026-04,Referral,Tier 1,35-44,Aggressive
NV406527,2026-04-10,2026-04,Referral,Tier 1,25-34,Aggressive
NV406528,2026-04-12,2026-04,Influencer/Content,Tier 3,25-34,Conservative
NV406529,2026-04-04,2026-04,Referral,Tier 1,45-54,Moderate
NV406530,2026-04-19,2026-04,Paid Ads,Tier 1,25-34,Moderate
NV406531,2026-04-21,2026-04,Organic App Store,Tier 2,25-34,Conservative
NV406532,2026-04-25,2026-04,Organic App Store,Tier 3,25-34,Conservative
NV406533,2026-04-01,2026-04,Referral,Tier 2,25-34,Conservative
NV406534,2026-04-15,2026-04,Referral,Tier 2,25-34,Moderate
NV406535,2026-04-01,2026-04,Paid Ads,Tier 3,25-34,Moderate
NV406536,2026-04-04,2026-04,Organic App Store,Tier 1,25-34,Moderate
NV406537,2026-04-29,2026-04,Organic App Store,Tier 2,18-24,Aggressive
NV406538,2026-04-07,2026-04,Referral,Tier 2,35-44,Moderate
NV406539,2026-04-09,2026-04,Organic App Store,Tier 1,25-34,Moderate
NV406540,2026-04-11,2026-04,Organic App Store,Tier 3,18-24,Moderate
NV406541,2026-04-08,2026-04,Organic App Store,Tier 1,35-44,Conservative
NV406542,2026-04-05,2026-04,Influencer/Content,Tier 3,25-34,Aggressive
NV406543,2026-04-12,2026-04,Paid Ads,Tier 1,18-24,Moderate
NV406544,2026-04-20,2026-04,Referral,Tier 1,18-24,Aggressive
NV406545,2026-04-27,2026-04,Organic App Store,Tier 2,18-24,Moderate
NV406546,2026-04-15,2026-04,Organic App Store,Tier 1,35-44,Moderate
NV406547,2026-04-29,2026-04,Referral,Tier 2,35-44,Conservative
NV406548,2026-04-24,2026-04,Influencer/Content,Tier 1,25-34,Conservative
NV406549,2026-04-16,2026-04,Referral,Tier 3,35-44,Conservative
NV406550,2026-04-21,2026-04,Organic App Store,Tier 1,25-34,Aggressive
NV406551,2026-04-09,2026-04,Paid Ads,Tier 2,18-24,Aggressive
NV406552,2026-04-06,2026-04,Organic App Store,Tier 1,45-54,Conservative
NV406553,2026-04-07,2026-04,Paid Ads,Tier 1,25-34,Conservative
NV406554,2026-04-01,2026-04,Paid Ads,Tier 3,25-34,Conservative
NV406555,2026-04-15,2026-04,Organic App Store,Tier 3,55+,Aggressive
NV406556,2026-04-15,2026-04,Organic App Store,Tier 1,25-34,Conservative
NV406557,2026-04-09,2026-04,Organic App Store,Tier 1,25-34,Moderate
NV406558,2026-04-13,2026-04,Referral,Tier 2,25-34,Moderate
NV406559,2026-04-08,2026-04,Paid Ads,Tier 3,25-34,Moderate
NV406560,2026-04-25,2026-04,Paid Ads,Tier 1,25-34,Moderate
NV406561,2026-04-17,2026-04,Organic App Store,Tier 1,45-54,Conservative
NV406562,2026-04-24,2026-04,Organic App Store,Tier 1,25-34,Conservative
NV406563,2026-04-22,2026-04,Organic App Store,Tier 1,25-34,Conservative
NV406564,2026-04-19,2026-04,Paid Ads,Tier 3,18-24,Moderate
NV406565,2026-04-18,2026-04,Influencer/Content,Tier 1,25-34,Moderate
NV406566,2026-04-07,2026-04,Referral,Tier 1,25-34,Aggressive
NV406567,2026-04-24,2026-04,Influencer/Content,Tier 3,35-44,Aggressive
NV406568,2026-04-11,2026-04,Organic App Store,Tier 3,25-34,Conservative
NV406569,2026-04-23,2026-04,Referral,Tier 3,25-34,Conservative
NV406570,2026-04-19,2026-04,Paid Ads,Tier 3,25-34,Aggressive
NV406571,2026-04-16,2026-04,Organic App Store,Tier 2,25-34,Aggressive
NV406572,2026-04-17,2026-04,Paid Ads,Tier 2,18-24,Conservative
NV406573,2026-04-07,2026-04,Influencer/Content,Tier 2,35-44,Conservative
NV406574,2026-04-22,2026-04,Organic App Store,Tier 2,25-34,Conservative
NV406575,2026-04-08,2026-04,Organic App Store,Tier 3,35-44,Aggressive
NV406576,2026-04-29,2026-04,Organic App Store,Tier 3,35-44,Conservative
NV406577,2026-04-26,2026-04,Organic App Store,Tier 1,55+,Conservative
NV406578,2026-04-18,2026-04,Influencer/Content,Tier 1,45-54,Moderate
NV406579,2026-04-25,2026-04,Referral,Tier 3,25-34,Moderate
NV406580,2026-04-26,2026-04,Referral,Tier 2,25-34,Conservative
NV406581,2026-04-13,2026-04,Referral,Tier 2,18-24,Conservative
NV406582,2026-04-22,2026-04,Organic App Store,Tier 1,45-54,Moderate
NV406583,2026-04-16,2026-04,Influencer/Content,Tier 2,35-44,Conservative
NV406584,2026-04-14,2026-04,Organic App Store,Tier 2,45-54,Aggressive
NV406585,2026-04-22,2026-04,Organic App Store,Tier 3,25-34,Moderate
NV406586,2026-04-07,2026-04,Influencer/Content,Tier 2,25-34,Moderate
NV406587,2026-04-14,2026-04,Organic App Store,Tier 1,25-34,Moderate
NV406588,2026-04-05,2026-04,Organic App Store,Tier 1,25-34,Moderate
NV406589,2026-04-26,2026-04,Influencer/Content,Tier 1,25-34,Moderate
NV406590,2026-04-04,2026-04,Organic App Store,Tier 2,35-44,Aggressive
NV406591,2026-04-17,2026-04,Paid Ads,Tier 2,25-34,Moderate
NV406592,2026-04-18,2026-04,Paid Ads,Tier 1,35-44,Aggressive
NV406593,2026-04-03,2026-04,Referral,Tier 2,55+,Moderate
NV406594,2026-04-26,2026-04,Influencer/Content,Tier 1,55+,Moderate
NV406595,2026-04-03,2026-04,Organic App Store,Tier 2,35-44,Aggressive
NV406596,2026-04-26,2026-04,Referral,Tier 1,25-34,Moderate
NV406597,2026-04-17,2026-04,Organic App Store,Tier 1,18-24,Aggressive
NV406598,2026-04-24,2026-04,Paid Ads,Tier 2,35-44,Aggressive
NV406599,2026-04-13,2026-04,Referral,Tier 1,45-54,Moderate
NV406600,2026-04-05,2026-04,Organic App Store,Tier 3,25-34,Aggressive
NV406601,2026-04-17,2026-04,Organic App Store,Tier 3,25-34,Aggressive
NV406602,2026-04-22,2026-04,Paid Ads,Tier 1,55+,Aggressive
NV406603,2026-04-09,2026-04,Organic App Store,Tier 3,25-34,Aggressive
NV406604,2026-04-17,2026-04,Influencer/Content,Tier 1,25-34,Moderate
NV406605,2026-04-25,2026-04,Paid Ads,Tier 1,18-24,Moderate
NV406606,2026-04-23,2026-04,Referral,Tier 1,35-44,Moderate
NV406607,2026-04-01,2026-04,Influencer/Content,Tier 1,25-34,Aggressive
NV406608,2026-04-03,2026-04,Paid Ads,Tier 2,25-34,Conservative
NV406609,2026-04-12,2026-04,Influencer/Content,Tier 2,25-34,Moderate
NV406610,2026-04-04,2026-04,Paid Ads,Tier 3,25-34,Conservative
NV406611,2026-04-26,2026-04,Influencer/Content,Tier 3,25-34,Moderate
NV406612,2026-04-25,2026-04,Organic App Store,Tier 3,35-44,Moderate
NV406613,2026-04-12,2026-04,Paid Ads,Tier 2,18-24,Aggressive
NV406614,2026-04-18,2026-04,Organic App Store,Tier 2,25-34,Conservative
NV406615,2026-04-22,2026-04,Influencer/Content,Tier 2,25-34,Moderate
NV406616,2026-04-07,2026-04,Paid Ads,Tier 2,45-54,Moderate
NV406617,2026-04-30,2026-04,Referral,Tier 3,18-24,Conservative
NV406618,2026-04-02,2026-04,Referral,Tier 3,45-54,Moderate
NV406619,2026-04-13,2026-04,Organic App Store,Tier 2,25-34,Aggressive
NV406620,2026-04-10,2026-04,Referral,Tier 2,45-54,Conservative
NV406621,2026-04-17,2026-04,Organic App Store,Tier 2,25-34,Conservative
NV406622,2026-04-11,2026-04,Influencer/Content,Tier 2,25-34,Moderate
NV406623,2026-04-30,2026-04,Organic App Store,Tier 1,18-24,Aggressive
NV406624,2026-04-25,2026-04,Organic App Store,Tier 2,18-24,Moderate
NV406625,2026-04-08,2026-04,Referral,Tier 2,35-44,Moderate
NV406626,2026-04-01,2026-04,Influencer/Content,Tier 2,25-34,Conservative
NV406627,2026-04-23,2026-04,Paid Ads,Tier 2,18-24,Moderate
NV406628,2026-04-03,2026-04,Influencer/Content,Tier 2,45-54,Moderate
NV406629,2026-04-22,2026-04,Influencer/Content,Tier 2,45-54,Moderate
NV406630,2026-04-12,2026-04,Influencer/Content,Tier 2,45-54,Aggressive
NV406631,2026-04-26,2026-04,Organic App Store,Tier 1,45-54,Moderate
NV406632,2026-04-15,2026-04,Referral,Tier 2,25-34,Aggressive
NV406633,2026-04-15,2026-04,Influencer/Content,Tier 2,55+,Moderate
NV406634,2026-04-23,2026-04,Organic App Store,Tier 2,45-54,Moderate
NV406635,2026-04-01,2026-04,Influencer/Content,Tier 1,25-34,Moderate
NV406636,2026-04-25,2026-04,Paid Ads,Tier 1,35-44,Moderate
NV406637,2026-04-06,2026-04,Organic App Store,Tier 3,25-34,Aggressive
NV406638,2026-04-03,2026-04,Referral,Tier 1,35-44,Conservative
NV406639,2026-04-21,2026-04,Referral,Tier 2,25-34,Moderate
NV406640,2026-04-12,2026-04,Influencer/Content,Tier 2,25-34,Conservative
NV406641,2026-04-22,2026-04,Referral,Tier 2,35-44,Moderate
NV406642,2026-04-24,2026-04,Paid Ads,Tier 1,35-44,Conservative
NV406643,2026-04-30,2026-04,Organic App Store,Tier 3,18-24,Moderate
NV406644,2026-04-09,2026-04,Referral,Tier 2,25-34,Moderate
NV406645,2026-04-05,2026-04,Influencer/Content,Tier 1,25-34,Conservative
NV406646,2026-04-12,2026-04,Influencer/Content,Tier 2,18-24,Moderate
NV406647,2026-04-23,2026-04,Influencer/Content,Tier 3,35-44,Aggressive
NV406648,2026-04-18,2026-04,Influencer/Content,Tier 2,35-44,Moderate
NV406649,2026-04-18,2026-04,Referral,Tier 3,45-54,Aggressive
NV406650,2026-04-04,2026-04,Paid Ads,Tier 1,45-54,Aggressive
NV406651,2026-04-22,2026-04,Paid Ads,Tier 2,35-44,Aggressive
NV406652,2026-04-17,2026-04,Influencer/Content,Tier 1,25-34,Aggressive
NV406653,2026-04-01,2026-04,Referral,Tier 2,35-44,Conservative
NV406654,2026-04-13,2026-04,Organic App Store,Tier 3,45-54,Aggressive
NV406655,2026-04-10,2026-04,Organic App Store,Tier 2,25-34,Conservative
NV406656,2026-04-16,2026-04,Organic App Store,Tier 1,18-24,Conservative
NV406657,2026-04-15,2026-04,Referral,Tier 2,45-54,Aggressive
NV406658,2026-04-18,2026-04,Organic App Store,Tier 2,25-34,Moderate
NV406659,2026-04-21,2026-04,Influencer/Content,Tier 3,35-44,Moderate
NV406660,2026-04-17,2026-04,Referral,Tier 3,25-34,Moderate
NV406661,2026-04-05,2026-04,Referral,Tier 3,18-24,Conservative
NV406662,2026-04-23,2026-04,Organic App Store,Tier 3,35-44,Moderate
NV406663,2026-04-02,2026-04,Paid Ads,Tier 1,25-34,Conservative
NV406664,2026-04-21,2026-04,Referral,Tier 1,25-34,Conservative
NV406665,2026-04-18,2026-04,Organic App Store,Tier 1,35-44,Moderate
NV406666,2026-04-21,2026-04,Paid Ads,Tier 2,25-34,Moderate
NV406667,2026-04-11,2026-04,Referral,Tier 1,25-34,Moderate
NV406668,2026-04-29,2026-04,Paid Ads,Tier 2,18-24,Aggressive
NV406669,2026-04-27,2026-04,Referral,Tier 2,25-34,Aggressive
NV406670,2026-04-19,2026-04,Paid Ads,Tier 3,45-54,Moderate
NV406671,2026-04-23,2026-04,Referral,Tier 1,45-54,Conservative
NV406672,2026-04-11,2026-04,Paid Ads,Tier 1,18-24,Aggressive
NV406673,2026-04-10,2026-04,Referral,Tier 1,18-24,Moderate
NV406674,2026-04-10,2026-04,Organic App Store,Tier 2,25-34,Moderate
NV406675,2026-04-29,2026-04,Paid Ads,Tier 2,35-44,Moderate
NV406676,2026-04-01,2026-04,Referral,Tier 2,18-24,Moderate
NV406677,2026-04-17,2026-04,Referral,Tier 3,35-44,Conservative
NV406678,2026-04-11,2026-04,Referral,Tier 3,18-24,Moderate
NV406679,2026-04-30,2026-04,Influencer/Content,Tier 2,25-34,Moderate
NV406680,2026-04-02,2026-04,Organic App Store,Tier 1,25-34,Moderate
NV406681,2026-04-11,2026-04,Paid Ads,Tier 2,25-34,Moderate
NV406682,2026-04-02,2026-04,Referral,Tier 2,18-24,Aggressive
NV406683,2026-04-07,2026-04,Referral,Tier 1,18-24,Moderate
NV406684,2026-04-18,2026-04,Organic App Store,Tier 1,45-54,Moderate
NV406685,2026-04-20,2026-04,Organic App Store,Tier 3,25-34,Aggressive
NV406686,2026-04-12,2026-04,Referral,Tier 1,35-44,Moderate
NV406687,2026-04-19,2026-04,Influencer/Content,Tier 1,18-24,Aggressive
NV406688,2026-04-10,2026-04,Referral,Tier 2,35-44,Moderate
NV406689,2026-04-22,2026-04,Paid Ads,Tier 3,25-34,Moderate
NV406690,2026-04-02,2026-04,Referral,Tier 2,18-24,Conservative
NV406691,2026-04-23,2026-04,Organic App Store,Tier 2,25-34,Aggressive
NV406692,2026-04-11,2026-04,Influencer/Content,Tier 2,25-34,Aggressive
NV406693,2026-04-10,2026-04,Referral,Tier 3,35-44,Moderate
NV406694,2026-04-11,2026-04,Organic App Store,Tier 1,35-44,Moderate
NV406695,2026-04-09,2026-04,Referral,Tier 3,25-34,Aggressive
NV406696,2026-04-15,2026-04,Referral,Tier 1,45-54,Moderate
NV406697,2026-04-04,2026-04,Paid Ads,Tier 1,25-34,Moderate
NV406698,2026-04-18,2026-04,Influencer/Content,Tier 2,35-44,Conservative
NV406699,2026-04-13,2026-04,Paid Ads,Tier 1,35-44,Conservative
NV406700,2026-04-14,2026-04,Organic App Store,Tier 3,35-44,Moderate
NV406701,2026-04-04,2026-04,Influencer/Content,Tier 2,35-44,Conservative
NV406702,2026-04-13,2026-04,Paid Ads,Tier 2,18-24,Conservative
NV406703,2026-04-26,2026-04,Influencer/Content,Tier 2,35-44,Moderate
NV406704,2026-04-01,2026-04,Organic App Store,Tier 2,45-54,Moderate
NV406705,2026-04-18,2026-04,Referral,Tier 2,18-24,Aggressive
NV406706,2026-04-17,2026-04,Organic App Store,Tier 2,25-34,Aggressive
NV406707,2026-04-29,2026-04,Influencer/Content,Tier 2,25-34,Aggressive
NV406708,2026-04-07,2026-04,Referral,Tier 2,25-34,Conservative
NV406709,2026-04-07,2026-04,Referral,Tier 3,18-24,Conservative
NV406710,2026-04-09,2026-04,Influencer/Content,Tier 1,35-44,Conservative
NV406711,2026-04-06,2026-04,Paid Ads,Tier 2,18-24,Moderate
NV406712,2026-04-12,2026-04,Organic App Store,Tier 3,18-24,Moderate
NV406713,2026-04-22,2026-04,Paid Ads,Tier 3,25-34,Moderate
NV406714,2026-04-17,2026-04,Influencer/Content,Tier 3,45-54,Aggressive
NV406715,2026-04-14,2026-04,Organic App Store,Tier 1,35-44,Moderate
NV406716,2026-04-21,2026-04,Paid Ads,Tier 2,35-44,Aggressive
NV406717,2026-04-13,2026-04,Influencer/Content,Tier 1,25-34,Moderate
NV406718,2026-04-20,2026-04,Influencer/Content,Tier 2,25-34,Aggressive
NV406719,2026-04-14,2026-04,Organic App Store,Tier 1,45-54,Moderate
NV406720,2026-04-01,2026-04,Referral,Tier 1,25-34,Moderate
NV406721,2026-04-19,2026-04,Organic App Store,Tier 2,25-34,Moderate
NV406722,2026-04-11,2026-04,Influencer/Content,Tier 2,18-24,Moderate
NV406723,2026-04-26,2026-04,Organic App Store,Tier 1,25-34,Aggressive
NV406724,2026-04-11,2026-04,Referral,Tier 1,25-34,Conservative
NV406725,2026-04-27,2026-04,Referral,Tier 2,25-34,Conservative
NV406726,2026-04-13,2026-04,Paid Ads,Tier 1,25-34,Conservative
NV406727,2026-04-22,2026-04,Influencer/Content,Tier 3,25-34,Conservative
NV406728,2026-04-05,2026-04,Organic App Store,Tier 1,35-44,Conservative
NV406729,2026-04-10,2026-04,Organic App Store,Tier 1,25-34,Conservative
NV406730,2026-04-24,2026-04,Paid Ads,Tier 3,35-44,Conservative
NV406731,2026-04-26,2026-04,Influencer/Content,Tier 2,55+,Moderate
NV406732,2026-04-02,2026-04,Organic App Store,Tier 2,35-44,Aggressive
NV406733,2026-04-04,2026-04,Referral,Tier 1,35-44,Aggressive
NV406734,2026-04-11,2026-04,Organic App Store,Tier 2,18-24,Conservative
NV406735,2026-04-09,2026-04,Paid Ads,Tier 3,25-34,Aggressive
NV406736,2026-04-08,2026-04,Referral,Tier 1,45-54,Moderate
NV406737,2026-04-28,2026-04,Organic App Store,Tier 1,25-34,Aggressive
NV406738,2026-04-11,2026-04,Organic App Store,Tier 2,25-34,Aggressive
NV406739,2026-04-30,2026-04,Referral,Tier 1,45-54,Moderate
NV406740,2026-04-12,2026-04,Referral,Tier 1,25-34,Moderate
NV406741,2026-04-26,2026-04,Referral,Tier 1,45-54,Aggressive
NV406742,2026-04-24,2026-04,Paid Ads,Tier 2,18-24,Aggressive
NV406743,2026-04-19,2026-04,Referral,Tier 1,25-34,Moderate
NV406744,2026-04-28,2026-04,Organic App Store,Tier 2,35-44,Conservative
NV406745,2026-04-27,2026-04,Influencer/Content,Tier 1,18-24,Aggressive
NV406746,2026-04-11,2026-04,Organic App Store,Tier 1,25-34,Moderate
NV406747,2026-04-29,2026-04,Influencer/Content,Tier 3,25-34,Conservative
NV406748,2026-04-21,2026-04,Organic App Store,Tier 2,45-54,Moderate
NV406749,2026-04-25,2026-04,Referral,Tier 1,35-44,Moderate
NV406750,2026-04-25,2026-04,Organic App Store,Tier 1,35-44,Aggressive
NV406751,2026-04-03,2026-04,Influencer/Content,Tier 1,25-34,Moderate
NV406752,2026-04-15,2026-04,Organic App Store,Tier 1,25-34,Moderate
NV406753,2026-04-07,2026-04,Influencer/Content,Tier 3,25-34,Conservative
NV406754,2026-04-04,2026-04,Paid Ads,Tier 2,25-34,Conservative
NV406755,2026-04-03,2026-04,Referral,Tier 1,35-44,Moderate
NV406756,2026-04-06,2026-04,Influencer/Content,Tier 1,18-24,Conservative
NV406757,2026-04-28,2026-04,Organic App Store,Tier 1,18-24,Moderate
NV406758,2026-04-12,2026-04,Organic App Store,Tier 1,25-34,Moderate
NV406759,2026-04-06,2026-04,Paid Ads,Tier 2,55+,Moderate
NV406760,2026-04-08,2026-04,Paid Ads,Tier 2,18-24,Aggressive
NV406761,2026-04-25,2026-04,Organic App Store,Tier 3,25-34,Aggressive
NV406762,2026-04-16,2026-04,Paid Ads,Tier 1,25-34,Conservative
NV406763,2026-04-02,2026-04,Referral,Tier 2,35-44,Conservative
NV406764,2026-04-26,2026-04,Referral,Tier 1,55+,Moderate
NV406765,2026-04-28,2026-04,Referral,Tier 2,25-34,Conservative
NV406766,2026-04-05,2026-04,Organic App Store,Tier 2,45-54,Conservative
NV406767,2026-04-22,2026-04,Referral,Tier 3,35-44,Conservative
NV406768,2026-04-25,2026-04,Organic App Store,Tier 1,25-34,Conservative
NV406769,2026-04-25,2026-04,Influencer/Content,Tier 2,18-24,Aggressive
NV406770,2026-04-22,2026-04,Influencer/Content,Tier 2,25-34,Moderate
NV406771,2026-04-02,2026-04,Influencer/Content,Tier 1,45-54,Conservative
NV406772,2026-04-22,2026-04,Organic App Store,Tier 3,25-34,Moderate
NV406773,2026-04-26,2026-04,Organic App Store,Tier 3,35-44,Moderate
NV406774,2026-04-29,2026-04,Organic App Store,Tier 1,25-34,Aggressive
NV406775,2026-04-22,2026-04,Referral,Tier 1,35-44,Aggressive
NV406776,2026-04-05,2026-04,Organic App Store,Tier 2,18-24,Aggressive
NV406777,2026-04-06,2026-04,Referral,Tier 2,18-24,Moderate
NV406778,2026-04-14,2026-04,Organic App Store,Tier 2,25-34,Moderate
NV406779,2026-04-09,2026-04,Paid Ads,Tier 1,45-54,Moderate
NV406780,2026-04-14,2026-04,Referral,Tier 2,25-34,Aggressive
NV406781,2026-04-27,2026-04,Referral,Tier 2,25-34,Moderate
NV406782,2026-04-06,2026-04,Organic App Store,Tier 2,35-44,Aggressive
NV406783,2026-04-03,2026-04,Paid Ads,Tier 1,35-44,Conservative
NV406784,2026-04-19,2026-04,Referral,Tier 1,25-34,Aggressive
NV406785,2026-04-15,2026-04,Referral,Tier 1,25-34,Aggressive
NV406786,2026-04-18,2026-04,Referral,Tier 1,25-34,Moderate
NV406787,2026-04-11,2026-04,Referral,Tier 1,25-34,Aggressive
NV406788,2026-04-08,2026-04,Referral,Tier 1,18-24,Moderate
NV406789,2026-04-20,2026-04,Organic App Store,Tier 1,18-24,Moderate
NV406790,2026-04-13,2026-04,Influencer/Content,Tier 2,35-44,Aggressive
NV406791,2026-04-21,2026-04,Referral,Tier 3,45-54,Moderate
NV406792,2026-04-23,2026-04,Influencer/Content,Tier 3,35-44,Moderate
NV406793,2026-04-19,2026-04,Referral,Tier 2,35-44,Aggressive
NV406794,2026-04-13,2026-04,Referral,Tier 1,55+,Moderate
NV406795,2026-04-23,2026-04,Influencer/Content,Tier 1,18-24,Moderate
NV406796,2026-04-15,2026-04,Referral,Tier 3,55+,Aggressive
NV406797,2026-04-10,2026-04,Influencer/Content,Tier 2,25-34,Conservative
NV406798,2026-04-04,2026-04,Organic App Store,Tier 1,25-34,Aggressive
NV406799,2026-04-04,2026-04,Organic App Store,Tier 2,35-44,Moderate
NV406800,2026-04-11,2026-04,Paid Ads,Tier 2,25-34,Moderate
NV406801,2026-04-24,2026-04,Referral,Tier 1,25-34,Aggressive
NV406802,2026-04-29,2026-04,Influencer/Content,Tier 2,45-54,Aggressive
NV406803,2026-04-12,2026-04,Organic App Store,Tier 2,18-24,Moderate
NV406804,2026-04-05,2026-04,Influencer/Content,Tier 3,25-34,Moderate
NV406805,2026-04-07,2026-04,Influencer/Content,Tier 2,25-34,Aggressive
NV406806,2026-04-19,2026-04,Paid Ads,Tier 1,18-24,Moderate
NV406807,2026-04-19,2026-04,Organic App Store,Tier 2,35-44,Conservative
NV406808,2026-04-17,2026-04,Referral,Tier 3,35-44,Aggressive
NV406809,2026-04-02,2026-04,Influencer/Content,Tier 1,35-44,Conservative
NV406810,2026-04-02,2026-04,Paid Ads,Tier 1,25-34,Moderate
NV406811,2026-04-26,2026-04,Organic App Store,Tier 1,35-44,Conservative
NV406812,2026-04-17,2026-04,Referral,Tier 2,25-34,Aggressive
NV406813,2026-04-07,2026-04,Organic App Store,Tier 3,35-44,Aggressive
NV406814,2026-04-03,2026-04,Paid Ads,Tier 2,18-24,Moderate
NV406815,2026-04-24,2026-04,Influencer/Content,Tier 2,18-24,Aggressive
NV406816,2026-04-16,2026-04,Influencer/Content,Tier 1,25-34,Moderate
NV406817,2026-04-17,2026-04,Influencer/Content,Tier 1,18-24,Conservative
NV406818,2026-04-18,2026-04,Referral,Tier 1,25-34,Moderate
NV406819,2026-04-21,2026-04,Referral,Tier 1,25-34,Moderate
NV406820,2026-04-21,2026-04,Organic App Store,Tier 1,35-44,Conservative
NV406821,2026-04-06,2026-04,Organic App Store,Tier 2,25-34,Conservative
NV406822,2026-04-19,2026-04,Organic App Store,Tier 2,18-24,Moderate
NV406823,2026-04-21,2026-04,Paid Ads,Tier 3,18-24,Conservative
NV406824,2026-04-06,2026-04,Referral,Tier 1,25-34,Aggressive
NV406825,2026-04-28,2026-04,Organic App Store,Tier 3,18-24,Conservative
NV406826,2026-04-17,2026-04,Paid Ads,Tier 2,18-24,Moderate
NV406827,2026-04-27,2026-04,Organic App Store,Tier 2,35-44,Moderate
NV406828,2026-04-27,2026-04,Organic App Store,Tier 2,18-24,Conservative
NV406829,2026-04-27,2026-04,Referral,Tier 1,25-34,Conservative
NV406830,2026-04-30,2026-04,Influencer/Content,Tier 3,18-24,Moderate
NV406831,2026-04-17,2026-04,Paid Ads,Tier 3,25-34,Conservative
NV406832,2026-04-27,2026-04,Organic App Store,Tier 3,35-44,Conservative
NV406833,2026-04-04,2026-04,Referral,Tier 1,18-24,Moderate
NV406834,2026-04-20,2026-04,Organic App Store,Tier 1,18-24,Moderate
NV406835,2026-04-10,2026-04,Influencer/Content,Tier 2,35-44,Moderate
NV406836,2026-04-10,2026-04,Organic App Store,Tier 1,18-24,Moderate
NV406837,2026-04-26,2026-04,Referral,Tier 2,45-54,Moderate
NV406838,2026-04-03,2026-04,Organic App Store,Tier 2,25-34,Aggressive
NV406839,2026-04-14,2026-04,Influencer/Content,Tier 2,18-24,Moderate
NV406840,2026-04-13,2026-04,Influencer/Content,Tier 1,45-54,Conservative
NV406841,2026-04-17,2026-04,Influencer/Content,Tier 1,18-24,Conservative
NV406842,2026-04-15,2026-04,Referral,Tier 1,25-34,Aggressive
NV406843,2026-04-21,2026-04,Organic App Store,Tier 1,35-44,Aggressive
NV406844,2026-04-30,2026-04,Referral,Tier 2,18-24,Conservative
NV406845,2026-04-12,2026-04,Paid Ads,Tier 3,35-44,Moderate
NV406846,2026-04-07,2026-04,Organic App Store,Tier 3,25-34,Conservative
NV406847,2026-04-21,2026-04,Influencer/Content,Tier 3,25-34,Moderate
NV406848,2026-04-28,2026-04,Organic App Store,Tier 1,25-34,Conservative
NV406849,2026-04-24,2026-04,Organic App Store,Tier 2,25-34,Moderate
NV406850,2026-04-04,2026-04,Referral,Tier 2,25-34,Moderate
NV406851,2026-04-24,2026-04,Organic App Store,Tier 1,25-34,Conservative
NV406852,2026-04-06,2026-04,Referral,Tier 1,25-34,Aggressive
NV406853,2026-04-06,2026-04,Referral,Tier 1,18-24,Aggressive
NV406854,2026-04-02,2026-04,Organic App Store,Tier 1,35-44,Moderate
NV406855,2026-04-12,2026-04,Organic App Store,Tier 3,25-34,Moderate
NV406856,2026-04-06,2026-04,Influencer/Content,Tier 1,35-44,Aggressive
NV406857,2026-04-13,2026-04,Referral,Tier 2,45-54,Conservative
NV406858,2026-04-20,2026-04,Paid Ads,Tier 2,25-34,Aggressive
NV406859,2026-04-08,2026-04,Referral,Tier 3,25-34,Moderate
NV406860,2026-04-06,2026-04,Paid Ads,Tier 1,18-24,Moderate
NV406861,2026-04-04,2026-04,Organic App Store,Tier 1,35-44,Moderate
NV406862,2026-04-14,2026-04,Organic App Store,Tier 1,18-24,Moderate
NV406863,2026-04-29,2026-04,Referral,Tier 1,35-44,Conservative
NV406864,2026-04-25,2026-04,Referral,Tier 1,55+,Moderate
NV406865,2026-04-17,2026-04,Organic App Store,Tier 2,35-44,Moderate
NV406866,2026-04-22,2026-04,Influencer/Content,Tier 1,35-44,Conservative
NV406867,2026-04-14,2026-04,Organic App Store,Tier 2,35-44,Conservative
NV406868,2026-04-09,2026-04,Influencer/Content,Tier 2,18-24,Conservative
NV406869,2026-04-24,2026-04,Organic App Store,Tier 1,45-54,Moderate
NV406870,2026-04-05,2026-04,Organic App Store,Tier 2,18-24,Conservative
NV406871,2026-04-17,2026-04,Influencer/Content,Tier 1,25-34,Conservative
NV406872,2026-04-09,2026-04,Organic App Store,Tier 3,25-34,Conservative
NV406873,2026-04-19,2026-04,Influencer/Content,Tier 1,45-54,Aggressive
NV406874,2026-04-02,2026-04,Organic App Store,Tier 2,18-24,Moderate
NV406875,2026-04-17,2026-04,Paid Ads,Tier 1,25-34,Aggressive
NV406876,2026-04-18,2026-04,Organic App Store,Tier 1,25-34,Conservative
NV406877,2026-04-04,2026-04,Paid Ads,Tier 2,35-44,Conservative
NV406878,2026-04-22,2026-04,Referral,Tier 2,25-34,Moderate
NV406879,2026-04-09,2026-04,Organic App Store,Tier 1,18-24,Conservative
NV406880,2026-04-02,2026-04,Organic App Store,Tier 3,25-34,Conservative
NV406881,2026-04-23,2026-04,Paid Ads,Tier 2,35-44,Aggressive
NV406882,2026-04-16,2026-04,Influencer/Content,Tier 2,45-54,Conservative
NV406883,2026-04-07,2026-04,Organic App Store,Tier 1,18-24,Moderate
NV406884,2026-04-08,2026-04,Organic App Store,Tier 2,25-34,Conservative
NV406885,2026-04-25,2026-04,Organic App Store,Tier 1,18-24,Conservative
NV406886,2026-04-16,2026-04,Influencer/Content,Tier 1,18-24,Conservative
NV406887,2026-04-10,2026-04,Paid Ads,Tier 1,35-44,Aggressive
NV406888,2026-04-27,2026-04,Paid Ads,Tier 3,55+,Moderate
NV406889,2026-04-04,2026-04,Influencer/Content,Tier 1,18-24,Moderate
NV406890,2026-04-05,2026-04,Influencer/Content,Tier 2,25-34,Conservative
NV406891,2026-04-02,2026-04,Influencer/Content,Tier 2,35-44,Conservative
NV406892,2026-04-06,2026-04,Referral,Tier 1,45-54,Moderate
NV406893,2026-04-03,2026-04,Paid Ads,Tier 1,25-34,Conservative
NV406894,2026-04-29,2026-04,Influencer/Content,Tier 3,35-44,Aggressive
NV406895,2026-04-22,2026-04,Influencer/Content,Tier 2,25-34,Conservative
NV406896,2026-04-30,2026-04,Influencer/Content,Tier 2,25-34,Moderate
NV406897,2026-04-30,2026-04,Organic App Store,Tier 1,18-24,Moderate
NV406898,2026-04-12,2026-04,Organic App Store,Tier 3,25-34,Conservative
NV406899,2026-04-15,2026-04,Organic App Store,Tier 2,25-34,Moderate
NV406900,2026-04-11,2026-04,Referral,Tier 3,45-54,Aggressive
NV406901,2026-04-08,2026-04,Influencer/Content,Tier 2,25-34,Moderate
NV406902,2026-04-11,2026-04,Influencer/Content,Tier 2,55+,Moderate
NV406903,2026-04-10,2026-04,Influencer/Content,Tier 2,25-34,Moderate
NV406904,2026-04-13,2026-04,Paid Ads,Tier 3,25-34,Moderate
NV406905,2026-04-06,2026-04,Referral,Tier 1,25-34,Moderate
NV406906,2026-04-27,2026-04,Influencer/Content,Tier 1,25-34,Conservative
NV406907,2026-04-16,2026-04,Organic App Store,Tier 1,18-24,Aggressive
NV406908,2026-04-14,2026-04,Referral,Tier 1,25-34,Moderate
NV406909,2026-04-23,2026-04,Referral,Tier 2,25-34,Moderate
NV406910,2026-04-22,2026-04,Referral,Tier 1,45-54,Moderate
NV406911,2026-04-16,2026-04,Referral,Tier 1,45-54,Moderate
NV406912,2026-04-08,2026-04,Paid Ads,Tier 1,35-44,Conservative
NV406913,2026-04-16,2026-04,Paid Ads,Tier 2,25-34,Moderate
NV406914,2026-04-20,2026-04,Paid Ads,Tier 2,45-54,Aggressive
NV406915,2026-04-18,2026-04,Organic App Store,Tier 2,35-44,Moderate
NV406916,2026-04-13,2026-04,Influencer/Content,Tier 3,25-34,Moderate
NV406917,2026-04-01,2026-04,Referral,Tier 1,25-34,Moderate
NV406918,2026-04-19,2026-04,Organic App Store,Tier 2,35-44,Conservative
NV406919,2026-04-17,2026-04,Organic App Store,Tier 3,35-44,Moderate
NV406920,2026-04-02,2026-04,Influencer/Content,Tier 2,18-24,Moderate
NV406921,2026-04-06,2026-04,Influencer/Content,Tier 3,25-34,Moderate
NV406922,2026-04-02,2026-04,Paid Ads,Tier 2,18-24,Aggressive
NV406923,2026-04-09,2026-04,Paid Ads,Tier 2,25-34,Conservative
NV406924,2026-04-12,2026-04,Paid Ads,Tier 3,55+,Moderate
NV406925,2026-04-07,2026-04,Paid Ads,Tier 3,18-24,Moderate
NV406926,2026-04-29,2026-04,Referral,Tier 3,45-54,Conservative
NV406927,2026-04-07,2026-04,Paid Ads,Tier 2,35-44,Moderate
NV406928,2026-04-12,2026-04,Influencer/Content,Tier 1,25-34,Conservative
NV406929,2026-04-26,2026-04,Influencer/Content,Tier 2,18-24,Moderate
NV406930,2026-04-21,2026-04,Organic App Store,Tier 2,35-44,Aggressive
NV406931,2026-04-21,2026-04,Organic App Store,Tier 3,35-44,Moderate
NV406932,2026-04-06,2026-04,Influencer/Content,Tier 3,25-34,Moderate
NV406933,2026-04-02,2026-04,Referral,Tier 3,25-34,Moderate
NV406934,2026-04-27,2026-04,Influencer/Content,Tier 3,45-54,Aggressive
NV406935,2026-04-07,2026-04,Organic App Store,Tier 2,25-34,Aggressive
NV406936,2026-04-18,2026-04,Paid Ads,Tier 1,35-44,Aggressive
NV406937,2026-04-04,2026-04,Paid Ads,Tier 1,45-54,Aggressive
NV406938,2026-04-30,2026-04,Influencer/Content,Tier 3,18-24,Conservative
NV406939,2026-04-15,2026-04,Referral,Tier 1,35-44,Aggressive
NV406940,2026-04-17,2026-04,Paid Ads,Tier 1,25-34,Aggressive
NV406941,2026-04-03,2026-04,Organic App Store,Tier 1,25-34,Moderate
NV406942,2026-04-16,2026-04,Organic App Store,Tier 1,55+,Aggressive
NV406943,2026-04-06,2026-04,Paid Ads,Tier 1,25-34,Conservative
NV406944,2026-04-11,2026-04,Referral,Tier 1,35-44,Conservative
NV406945,2026-04-26,2026-04,Organic App Store,Tier 1,25-34,Moderate
NV406946,2026-04-14,2026-04,Referral,Tier 3,18-24,Moderate
NV406947,2026-04-29,2026-04,Paid Ads,Tier 2,45-54,Moderate
NV406948,2026-04-19,2026-04,Influencer/Content,Tier 1,25-34,Moderate
NV406949,2026-04-14,2026-04,Organic App Store,Tier 2,35-44,Moderate
NV406950,2026-04-16,2026-04,Organic App Store,Tier 1,18-24,Aggressive
NV406951,2026-04-11,2026-04,Paid Ads,Tier 1,45-54,Conservative
NV406952,2026-04-01,2026-04,Influencer/Content,Tier 2,35-44,Aggressive
NV406953,2026-04-08,2026-04,Organic App Store,Tier 3,25-34,Aggressive
NV406954,2026-04-13,2026-04,Organic App Store,Tier 2,25-34,Conservative
NV406955,2026-04-02,2026-04,Referral,Tier 3,25-34,Moderate
NV406956,2026-04-03,2026-04,Organic App Store,Tier 1,18-24,Conservative
NV406957,2026-04-23,2026-04,Organic App Store,Tier 1,25-34,Conservative
NV406958,2026-04-17,2026-04,Organic App Store,Tier 2,35-44,Conservative
NV406959,2026-04-11,2026-04,Paid Ads,Tier 3,25-34,Moderate
NV406960,2026-04-04,2026-04,Organic App Store,Tier 2,25-34,Aggressive
NV406961,2026-04-25,2026-04,Referral,Tier 2,35-44,Moderate
NV406962,2026-04-29,2026-04,Influencer/Content,Tier 1,55+,Moderate
NV406963,2026-04-30,2026-04,Paid Ads,Tier 3,25-34,Aggressive
NV406964,2026-04-25,2026-04,Organic App Store,Tier 1,18-24,Conservative
NV406965,2026-04-18,2026-04,Paid Ads,Tier 2,25-34,Conservative
NV406966,2026-04-19,2026-04,Organic App Store,Tier 3,35-44,Moderate
NV406967,2026-04-03,2026-04,Organic App Store,Tier 3,35-44,Aggressive
NV406968,2026-04-13,2026-04,Organic App Store,Tier 1,25-34,Moderate
NV406969,2026-04-30,2026-04,Influencer/Content,Tier 2,35-44,Aggressive
NV406970,2026-04-29,2026-04,Influencer/Content,Tier 2,25-34,Moderate
NV406971,2026-04-11,2026-04,Organic App Store,Tier 3,55+,Conservative
NV406972,2026-04-16,2026-04,Organic App Store,Tier 1,35-44,Moderate
NV406973,2026-04-23,2026-04,Referral,Tier 2,45-54,Moderate
NV406974,2026-04-07,2026-04,Influencer/Content,Tier 2,18-24,Conservative
NV406975,2026-04-05,2026-04,Paid Ads,Tier 1,35-44,Aggressive
NV406976,2026-04-26,2026-04,Referral,Tier 2,25-34,Moderate
NV406977,2026-04-11,2026-04,Influencer/Content,Tier 3,25-34,Aggressive
NV406978,2026-04-18,2026-04,Paid Ads,Tier 2,18-24,Conservative
NV406979,2026-04-20,2026-04,Referral,Tier 1,18-24,Conservative
NV406980,2026-04-13,2026-04,Influencer/Content,Tier 1,18-24,Aggressive
NV406981,2026-04-26,2026-04,Organic App Store,Tier 2,35-44,Aggressive
NV406982,2026-04-18,2026-04,Organic App Store,Tier 2,25-34,Conservative
NV406983,2026-04-12,2026-04,Referral,Tier 1,35-44,Conservative
NV406984,2026-04-04,2026-04,Organic App Store,Tier 1,25-34,Aggressive
NV406985,2026-04-05,2026-04,Referral,Tier 3,25-34,Moderate
NV406986,2026-04-05,2026-04,Influencer/Content,Tier 3,35-44,Aggressive
NV406987,2026-04-23,2026-04,Organic App Store,Tier 3,45-54,Aggressive
NV406988,2026-04-10,2026-04,Organic App Store,Tier 1,18-24,Conservative
NV406989,2026-04-03,2026-04,Paid Ads,Tier 3,35-44,Aggressive
NV406990,2026-04-08,2026-04,Paid Ads,Tier 1,45-54,Moderate
NV406991,2026-04-29,2026-04,Influencer/Content,Tier 2,25-34,Conservative
NV406992,2026-04-15,2026-04,Organic App Store,Tier 1,45-54,Moderate
NV406993,2026-04-11,2026-04,Influencer/Content,Tier 3,25-34,Moderate
NV406994,2026-04-24,2026-04,Referral,Tier 1,18-24,Conservative
NV406995,2026-04-27,2026-04,Paid Ads,Tier 1,55+,Moderate
NV406996,2026-04-02,2026-04,Organic App Store,Tier 1,25-34,Moderate
NV406997,2026-04-14,2026-04,Influencer/Content,Tier 1,45-54,Aggressive
NV406998,2026-04-10,2026-04,Paid Ads,Tier 2,35-44,Moderate
NV406999,2026-04-29,2026-04,Influencer/Content,Tier 1,35-44,Moderate
NV407000,2026-04-06,2026-04,Referral,Tier 3,25-34,Conservative
NV407001,2026-04-16,2026-04,Paid Ads,Tier 2,55+,Moderate
NV407002,2026-04-03,2026-04,Organic App Store,Tier 3,35-44,Conservative
NV407003,2026-04-20,2026-04,Paid Ads,Tier 1,25-34,Moderate
NV407004,2026-04-15,2026-04,Referral,Tier 2,45-54,Conservative
NV407005,2026-04-13,2026-04,Organic App Store,Tier 1,18-24,Aggressive
NV407006,2026-04-12,2026-04,Paid Ads,Tier 2,35-44,Aggressive
NV407007,2026-04-24,2026-04,Paid Ads,Tier 3,25-34,Moderate
NV407008,2026-04-17,2026-04,Organic App Store,Tier 3,25-34,Conservative
NV407009,2026-04-10,2026-04,Referral,Tier 2,35-44,Conservative
NV407010,2026-04-10,2026-04,Organic App Store,Tier 1,25-34,Aggressive
NV407011,2026-04-04,2026-04,Referral,Tier 2,25-34,Conservative
NV407012,2026-04-01,2026-04,Referral,Tier 2,18-24,Conservative
NV407013,2026-04-10,2026-04,Paid Ads,Tier 1,25-34,Moderate
NV407014,2026-04-30,2026-04,Referral,Tier 2,25-34,Aggressive
NV407015,2026-04-16,2026-04,Paid Ads,Tier 1,18-24,Conservative
NV407016,2026-04-02,2026-04,Paid Ads,Tier 3,18-24,Conservative
NV407017,2026-04-15,2026-04,Paid Ads,Tier 3,35-44,Aggressive
NV407018,2026-04-11,2026-04,Paid Ads,Tier 1,18-24,Moderate
NV407019,2026-04-30,2026-04,Referral,Tier 2,18-24,Moderate
NV407020,2026-04-17,2026-04,Paid Ads,Tier 2,25-34,Conservative
NV407021,2026-04-21,2026-04,Referral,Tier 2,55+,Moderate
NV407022,2026-04-05,2026-04,Influencer/Content,Tier 3,55+,Moderate
NV407023,2026-04-09,2026-04,Paid Ads,Tier 1,35-44,Moderate
NV407024,2026-04-15,2026-04,Paid Ads,Tier 1,25-34,Aggressive
NV407025,2026-04-18,2026-04,Organic App Store,Tier 2,45-54,Moderate
NV407026,2026-04-21,2026-04,Paid Ads,Tier 2,55+,Conservative
NV407027,2026-04-07,2026-04,Referral,Tier 2,45-54,Conservative
NV407028,2026-04-27,2026-04,Referral,Tier 2,18-24,Aggressive
NV407029,2026-04-17,2026-04,Influencer/Content,Tier 3,25-34,Conservative
NV407030,2026-04-03,2026-04,Influencer/Content,Tier 2,35-44,Aggressive
NV407031,2026-04-16,2026-04,Organic App Store,Tier 2,25-34,Conservative
NV407032,2026-04-12,2026-04,Influencer/Content,Tier 1,25-34,Aggressive
NV407033,2026-04-21,2026-04,Influencer/Content,Tier 1,45-54,Moderate
NV407034,2026-04-20,2026-04,Influencer/Content,Tier 2,35-44,Conservative
NV407035,2026-04-23,2026-04,Referral,Tier 2,18-24,Conservative
NV407036,2026-04-04,2026-04,Organic App Store,Tier 2,25-34,Aggressive
NV407037,2026-04-27,2026-04,Organic App Store,Tier 1,25-34,Moderate
NV407038,2026-04-12,2026-04,Paid Ads,Tier 1,35-44,Moderate
NV407039,2026-04-06,2026-04,Referral,Tier 2,35-44,Moderate
NV407040,2026-04-28,2026-04,Organic App Store,Tier 2,25-34,Conservative
NV407041,2026-04-15,2026-04,Organic App Store,Tier 1,55+,Moderate
NV407042,2026-04-26,2026-04,Referral,Tier 3,35-44,Conservative
NV407043,2026-04-28,2026-04,Paid Ads,Tier 2,35-44,Moderate
NV407044,2026-04-25,2026-04,Organic App Store,Tier 1,45-54,Moderate
NV407045,2026-04-12,2026-04,Paid Ads,Tier 3,25-34,Moderate
NV407046,2026-04-17,2026-04,Paid Ads,Tier 3,35-44,Moderate
NV407047,2026-04-26,2026-04,Influencer/Content,Tier 1,35-44,Moderate
NV407048,2026-04-14,2026-04,Organic App Store,Tier 3,45-54,Moderate
NV407049,2026-04-28,2026-04,Paid Ads,Tier 1,55+,Moderate
NV407050,2026-04-02,2026-04,Paid Ads,Tier 1,35-44,Conservative
NV407051,2026-04-07,2026-04,Influencer/Content,Tier 2,45-54,Aggressive
NV407052,2026-04-21,2026-04,Influencer/Content,Tier 1,25-34,Moderate
NV407053,2026-04-20,2026-04,Organic App Store,Tier 2,35-44,Aggressive
NV407054,2026-04-11,2026-04,Referral,Tier 3,25-34,Moderate
NV407055,2026-04-25,2026-04,Paid Ads,Tier 3,35-44,Aggressive
NV407056,2026-04-15,2026-04,Influencer/Content,Tier 1,25-34,Moderate
NV407057,2026-04-20,2026-04,Organic App Store,Tier 2,35-44,Aggressive
NV407058,2026-04-27,2026-04,Referral,Tier 1,45-54,Conservative
NV407059,2026-04-05,2026-04,Influencer/Content,Tier 1,35-44,Aggressive
NV407060,2026-04-20,2026-04,Paid Ads,Tier 2,55+,Moderate
NV407061,2026-04-14,2026-04,Organic App Store,Tier 2,18-24,Aggressive
NV407062,2026-04-05,2026-04,Referral,Tier 1,55+,Moderate
NV407063,2026-04-30,2026-04,Referral,Tier 1,25-34,Aggressive
NV407064,2026-04-02,2026-04,Paid Ads,Tier 1,45-54,Conservative
NV407065,2026-04-09,2026-04,Referral,Tier 1,25-34,Moderate
NV407066,2026-04-22,2026-04,Paid Ads,Tier 3,25-34,Moderate
NV407067,2026-04-08,2026-04,Paid Ads,Tier 1,45-54,Aggressive
NV407068,2026-04-12,2026-04,Paid Ads,Tier 1,25-34,Conservative
NV407069,2026-04-04,2026-04,Organic App Store,Tier 2,45-54,Aggressive
NV407070,2026-04-07,2026-04,Organic App Store,Tier 2,25-34,Moderate
NV407071,2026-04-06,2026-04,Organic App Store,Tier 3,25-34,Conservative
NV407072,2026-04-25,2026-04,Referral,Tier 1,55+,Moderate
NV407073,2026-04-11,2026-04,Influencer/Content,Tier 2,35-44,Moderate
NV407074,2026-04-19,2026-04,Organic App Store,Tier 1,25-34,Moderate
NV407075,2026-04-03,2026-04,Organic App Store,Tier 1,35-44,Aggressive
NV407076,2026-04-28,2026-04,Paid Ads,Tier 2,25-34,Moderate
NV407077,2026-04-28,2026-04,Influencer/Content,Tier 2,35-44,Aggressive
NV407078,2026-04-15,2026-04,Referral,Tier 2,25-34,Conservative
NV407079,2026-04-09,2026-04,Referral,Tier 1,55+,Moderate
NV407080,2026-04-06,2026-04,Referral,Tier 3,35-44,Conservative
NV407081,2026-04-15,2026-04,Influencer/Content,Tier 1,25-34,Conservative
NV407082,2026-04-19,2026-04,Influencer/Content,Tier 1,25-34,Aggressive
NV407083,2026-04-04,2026-04,Organic App Store,Tier 3,35-44,Moderate
NV407084,2026-04-29,2026-04,Referral,Tier 2,35-44,Moderate
NV407085,2026-04-24,2026-04,Organic App Store,Tier 2,25-34,Aggressive
NV407086,2026-04-26,2026-04,Organic App Store,Tier 1,25-34,Conservative
NV407087,2026-04-23,2026-04,Organic App Store,Tier 1,25-34,Aggressive
NV407088,2026-04-03,2026-04,Organic App Store,Tier 2,18-24,Moderate
NV407089,2026-04-19,2026-04,Referral,Tier 1,18-24,Moderate
NV407090,2026-04-19,2026-04,Organic App Store,Tier 1,25-34,Aggressive
NV407091,2026-04-10,2026-04,Referral,Tier 1,18-24,Conservative
NV407092,2026-04-14,2026-04,Organic App Store,Tier 1,35-44,Moderate
NV407093,2026-04-11,2026-04,Influencer/Content,Tier 1,35-44,Moderate
NV407094,2026-04-03,2026-04,Referral,Tier 2,25-34,Conservative
NV407095,2026-04-29,2026-04,Influencer/Content,Tier 3,25-34,Moderate
NV407096,2026-04-29,2026-04,Referral,Tier 1,35-44,Moderate
NV407097,2026-04-21,2026-04,Organic App Store,Tier 3,18-24,Moderate
NV407098,2026-04-13,2026-04,Paid Ads,Tier 2,45-54,Aggressive
NV407099,2026-04-09,2026-04,Organic App Store,Tier 2,18-24,Aggressive
NV407100,2026-04-01,2026-04,Influencer/Content,Tier 1,25-34,Moderate
NV407101,2026-04-11,2026-04,Referral,Tier 3,55+,Moderate
NV407102,2026-04-16,2026-04,Referral,Tier 2,45-54,Aggressive
NV407103,2026-04-14,2026-04,Organic App Store,Tier 3,35-44,Conservative
NV407104,2026-04-02,2026-04,Referral,Tier 1,45-54,Moderate
NV407105,2026-04-07,2026-04,Referral,Tier 1,45-54,Moderate
NV407106,2026-04-30,2026-04,Referral,Tier 2,35-44,Aggressive
NV407107,2026-04-05,2026-04,Paid Ads,Tier 2,25-34,Aggressive
NV407108,2026-04-15,2026-04,Referral,Tier 2,25-34,Conservative
NV407109,2026-04-24,2026-04,Organic App Store,Tier 2,25-34,Moderate
NV407110,2026-04-28,2026-04,Organic App Store,Tier 1,35-44,Conservative
NV407111,2026-04-18,2026-04,Organic App Store,Tier 3,25-34,Conservative
NV407112,2026-04-20,2026-04,Influencer/Content,Tier 1,35-44,Conservative
NV407113,2026-04-12,2026-04,Referral,Tier 2,25-34,Conservative
NV407114,2026-04-16,2026-04,Paid Ads,Tier 1,18-24,Moderate
NV407115,2026-04-21,2026-04,Influencer/Content,Tier 2,18-24,Moderate
NV407116,2026-04-21,2026-04,Referral,Tier 1,18-24,Moderate
NV407117,2026-04-28,2026-04,Organic App Store,Tier 2,25-34,Aggressive
NV407118,2026-04-15,2026-04,Influencer/Content,Tier 1,25-34,Moderate
NV407119,2026-04-05,2026-04,Referral,Tier 3,25-34,Moderate
NV407120,2026-04-26,2026-04,Organic App Store,Tier 2,25-34,Moderate
NV407121,2026-04-01,2026-04,Paid Ads,Tier 2,55+,Moderate
NV407122,2026-04-02,2026-04,Referral,Tier 3,25-34,Aggressive
NV407123,2026-04-13,2026-04,Organic App Store,Tier 1,25-34,Conservative
NV407124,2026-04-15,2026-04,Paid Ads,Tier 3,25-34,Moderate
NV407125,2026-04-30,2026-04,Referral,Tier 2,25-34,Conservative
NV407126,2026-04-23,2026-04,Organic App Store,Tier 1,25-34,Moderate
NV407127,2026-04-08,2026-04,Organic App Store,Tier 2,18-24,Aggressive
NV407128,2026-04-18,2026-04,Paid Ads,Tier 2,45-54,Aggressive
NV407129,2026-04-01,2026-04,Paid Ads,Tier 1,25-34,Aggressive
NV407130,2026-04-20,2026-04,Paid Ads,Tier 1,35-44,Aggressive
NV407131,2026-04-17,2026-04,Referral,Tier 3,25-34,Moderate
NV407132,2026-04-21,2026-04,Referral,Tier 1,35-44,Moderate
NV407133,2026-04-21,2026-04,Influencer/Content,Tier 1,25-34,Moderate
NV407134,2026-04-08,2026-04,Referral,Tier 2,25-34,Moderate
NV407135,2026-04-27,2026-04,Influencer/Content,Tier 1,45-54,Moderate
NV407136,2026-04-12,2026-04,Influencer/Content,Tier 3,35-44,Conservative
NV407137,2026-04-07,2026-04,Paid Ads,Tier 1,18-24,Moderate
NV407138,2026-04-13,2026-04,Organic App Store,Tier 2,25-34,Moderate
NV407139,2026-04-14,2026-04,Referral,Tier 3,55+,Moderate
NV407140,2026-04-23,2026-04,Organic App Store,Tier 2,25-34,Moderate
NV407141,2026-04-26,2026-04,Organic App Store,Tier 2,45-54,Aggressive
NV407142,2026-04-07,2026-04,Paid Ads,Tier 1,25-34,Conservative
NV407143,2026-04-07,2026-04,Referral,Tier 2,25-34,Moderate
NV407144,2026-04-18,2026-04,Influencer/Content,Tier 2,35-44,Aggressive
NV407145,2026-04-04,2026-04,Influencer/Content,Tier 1,45-54,Aggressive
NV407146,2026-04-04,2026-04,Paid Ads,Tier 3,25-34,Conservative
NV407147,2026-04-18,2026-04,Paid Ads,Tier 2,18-24,Conservative
NV407148,2026-04-30,2026-04,Paid Ads,Tier 2,25-34,Conservative
NV407149,2026-04-11,2026-04,Paid Ads,Tier 1,18-24,Aggressive
NV407150,2026-04-08,2026-04,Referral,Tier 2,25-34,Aggressive
NV407151,2026-04-08,2026-04,Referral,Tier 1,25-34,Aggressive
NV407152,2026-04-12,2026-04,Referral,Tier 1,35-44,Conservative
NV407153,2026-04-23,2026-04,Organic App Store,Tier 2,35-44,Moderate
NV407154,2026-04-28,2026-04,Organic App Store,Tier 1,25-34,Aggressive
NV407155,2026-04-01,2026-04,Paid Ads,Tier 1,25-34,Conservative
NV407156,2026-04-06,2026-04,Paid Ads,Tier 1,25-34,Moderate
NV407157,2026-04-19,2026-04,Paid Ads,Tier 1,18-24,Conservative
NV407158,2026-04-30,2026-04,Referral,Tier 2,25-34,Moderate
NV407159,2026-04-03,2026-04,Influencer/Content,Tier 1,25-34,Aggressive
NV407160,2026-04-05,2026-04,Referral,Tier 2,25-34,Moderate
NV407161,2026-04-07,2026-04,Referral,Tier 3,55+,Moderate
NV407162,2026-04-14,2026-04,Organic App Store,Tier 1,35-44,Aggressive
NV407163,2026-04-14,2026-04,Influencer/Content,Tier 3,18-24,Moderate
NV407164,2026-04-01,2026-04,Paid Ads,Tier 1,35-44,Moderate
NV407165,2026-04-26,2026-04,Paid Ads,Tier 2,25-34,Conservative
NV407166,2026-04-01,2026-04,Organic App Store,Tier 3,25-34,Moderate
NV407167,2026-04-04,2026-04,Referral,Tier 3,45-54,Moderate
NV407168,2026-04-28,2026-04,Organic App Store,Tier 3,18-24,Moderate
NV407169,2026-04-20,2026-04,Influencer/Content,Tier 1,45-54,Conservative
NV407170,2026-04-15,2026-04,Organic App Store,Tier 2,18-24,Conservative
NV407171,2026-04-21,2026-04,Organic App Store,Tier 1,35-44,Moderate
NV407172,2026-04-19,2026-04,Paid Ads,Tier 2,18-24,Aggressive
NV407173,2026-04-22,2026-04,Paid Ads,Tier 2,35-44,Aggressive
NV407174,2026-04-20,2026-04,Organic App Store,Tier 3,18-24,Moderate
NV407175,2026-04-28,2026-04,Referral,Tier 2,25-34,Moderate
NV407176,2026-04-20,2026-04,Paid Ads,Tier 2,35-44,Moderate
NV407177,2026-04-16,2026-04,Influencer/Content,Tier 1,18-24,Moderate
NV407178,2026-04-09,2026-04,Organic App Store,Tier 1,35-44,Moderate
NV407179,2026-04-30,2026-04,Referral,Tier 2,25-34,Aggressive
NV407180,2026-04-17,2026-04,Influencer/Content,Tier 2,25-34,Moderate
NV407181,2026-04-08,2026-04,Paid Ads,Tier 2,18-24,Aggressive
NV407182,2026-04-28,2026-04,Paid Ads,Tier 1,18-24,Conservative
NV407183,2026-04-25,2026-04,Organic App Store,Tier 1,25-34,Moderate
NV407184,2026-04-21,2026-04,Referral,Tier 3,25-34,Conservative
NV407185,2026-04-18,2026-04,Paid Ads,Tier 2,35-44,Conservative
NV407186,2026-04-15,2026-04,Organic App Store,Tier 1,18-24,Moderate
NV407187,2026-04-05,2026-04,Referral,Tier 2,35-44,Aggressive
NV407188,2026-04-05,2026-04,Referral,Tier 2,25-34,Conservative
NV407189,2026-04-09,2026-04,Organic App Store,Tier 2,45-54,Moderate
NV407190,2026-04-02,2026-04,Paid Ads,Tier 1,25-34,Conservative
NV407191,2026-04-07,2026-04,Organic App Store,Tier 3,25-34,Aggressive
NV407192,2026-04-14,2026-04,Influencer/Content,Tier 2,45-54,Aggressive
NV407193,2026-04-10,2026-04,Paid Ads,Tier 2,18-24,Aggressive
NV407194,2026-04-04,2026-04,Referral,Tier 3,55+,Moderate
NV407195,2026-04-04,2026-04,Organic App Store,Tier 3,35-44,Moderate
NV407196,2026-04-22,2026-04,Influencer/Content,Tier 1,25-34,Moderate
NV407197,2026-04-15,2026-04,Referral,Tier 1,45-54,Aggressive
NV407198,2026-04-26,2026-04,Referral,Tier 1,35-44,Moderate
NV407199,2026-04-20,2026-04,Organic App Store,Tier 2,25-34,Conservative
NV407200,2026-04-06,2026-04,Referral,Tier 1,25-34,Moderate
NV407201,2026-04-11,2026-04,Referral,Tier 1,25-34,Aggressive
NV407202,2026-04-01,2026-04,Organic App Store,Tier 1,45-54,Moderate
NV407203,2026-04-09,2026-04,Influencer/Content,Tier 2,35-44,Moderate
NV407204,2026-04-24,2026-04,Referral,Tier 1,18-24,Moderate
NV407205,2026-04-18,2026-04,Referral,Tier 3,35-44,Moderate
NV407206,2026-04-04,2026-04,Organic App Store,Tier 2,45-54,Aggressive
NV407207,2026-04-30,2026-04,Organic App Store,Tier 1,45-54,Moderate
NV407208,2026-04-27,2026-04,Referral,Tier 3,18-24,Moderate
NV407209,2026-04-08,2026-04,Organic App Store,Tier 2,25-34,Moderate
NV407210,2026-04-22,2026-04,Organic App Store,Tier 1,55+,Moderate
NV407211,2026-04-30,2026-04,Influencer/Content,Tier 3,25-34,Conservative
NV407212,2026-04-28,2026-04,Influencer/Content,Tier 2,25-34,Conservative
NV407213,2026-04-15,2026-04,Organic App Store,Tier 2,25-34,Conservative
NV407214,2026-04-11,2026-04,Organic App Store,Tier 1,35-44,Moderate
NV407215,2026-04-10,2026-04,Organic App Store,Tier 2,55+,Conservative
NV407216,2026-04-24,2026-04,Organic App Store,Tier 2,25-34,Conservative
NV407217,2026-04-04,2026-04,Influencer/Content,Tier 1,25-34,Aggressive
NV407218,2026-04-18,2026-04,Referral,Tier 1,25-34,Moderate
NV407219,2026-04-03,2026-04,Influencer/Content,Tier 1,25-34,Aggressive
NV407220,2026-04-29,2026-04,Paid Ads,Tier 3,35-44,Conservative
NV407221,2026-04-03,2026-04,Organic App Store,Tier 2,18-24,Conservative
NV407222,2026-04-28,2026-04,Organic App Store,Tier 2,25-34,Aggressive
NV407223,2026-04-17,2026-04,Organic App Store,Tier 2,25-34,Aggressive
NV407224,2026-04-16,2026-04,Paid Ads,Tier 3,25-34,Conservative
NV407225,2026-04-06,2026-04,Referral,Tier 3,18-24,Aggressive
NV407226,2026-04-04,2026-04,Organic App Store,Tier 3,18-24,Aggressive
NV407227,2026-04-12,2026-04,Referral,Tier 2,55+,Aggressive
NV407228,2026-04-22,2026-04,Organic App Store,Tier 2,45-54,Conservative
NV407229,2026-04-16,2026-04,Referral,Tier 1,35-44,Aggressive
NV407230,2026-04-02,2026-04,Organic App Store,Tier 2,35-44,Moderate
NV407231,2026-04-11,2026-04,Organic App Store,Tier 1,35-44,Aggressive
NV407232,2026-04-06,2026-04,Referral,Tier 3,18-24,Conservative
NV407233,2026-04-10,2026-04,Organic App Store,Tier 1,18-24,Conservative
NV407234,2026-04-20,2026-04,Organic App Store,Tier 2,18-24,Conservative
NV407235,2026-04-01,2026-04,Influencer/Content,Tier 1,25-34,Aggressive
NV407236,2026-04-04,2026-04,Influencer/Content,Tier 2,25-34,Moderate
NV407237,2026-04-09,2026-04,Paid Ads,Tier 3,45-54,Moderate
NV407238,2026-04-09,2026-04,Organic App Store,Tier 2,25-34,Moderate
NV407239,2026-04-14,2026-04,Influencer/Content,Tier 1,25-34,Moderate
NV407240,2026-04-28,2026-04,Organic App Store,Tier 3,25-34,Conservative
NV407241,2026-04-02,2026-04,Paid Ads,Tier 3,35-44,Moderate
NV407242,2026-04-10,2026-04,Organic App Store,Tier 1,35-44,Conservative
NV407243,2026-04-06,2026-04,Influencer/Content,Tier 1,35-44,Aggressive
NV407244,2026-04-16,2026-04,Paid Ads,Tier 2,45-54,Moderate
NV407245,2026-04-25,2026-04,Paid Ads,Tier 2,25-34,Conservative
NV407246,2026-04-04,2026-04,Organic App Store,Tier 1,35-44,Moderate
NV407247,2026-04-15,2026-04,Referral,Tier 1,25-34,Conservative
NV407248,2026-04-14,2026-04,Organic App Store,Tier 1,18-24,Moderate
NV407249,2026-04-10,2026-04,Referral,Tier 2,18-24,Moderate
NV407250,2026-04-25,2026-04,Paid Ads,Tier 1,35-44,Aggressive
NV407251,2026-04-15,2026-04,Organic App Store,Tier 3,45-54,Moderate
NV407252,2026-04-06,2026-04,Organic App Store,Tier 2,25-34,Moderate
NV407253,2026-04-05,2026-04,Referral,Tier 1,25-34,Conservative
NV407254,2026-04-03,2026-04,Organic App Store,Tier 3,18-24,Moderate
NV407255,2026-04-26,2026-04,Paid Ads,Tier 2,55+,Conservative
NV407256,2026-04-07,2026-04,Organic App Store,Tier 2,18-24,Moderate
NV407257,2026-04-01,2026-04,Paid Ads,Tier 1,25-34,Moderate
NV407258,2026-04-12,2026-04,Organic App Store,Tier 2,35-44,Moderate
NV407259,2026-04-19,2026-04,Paid Ads,Tier 3,35-44,Aggressive
NV407260,2026-04-02,2026-04,Paid Ads,Tier 2,18-24,Moderate
NV407261,2026-04-02,2026-04,Influencer/Content,Tier 1,35-44,Moderate
NV407262,2026-04-21,2026-04,Organic App Store,Tier 1,35-44,Moderate
NV407263,2026-04-01,2026-04,Influencer/Content,Tier 1,18-24,Aggressive
NV407264,2026-04-10,2026-04,Influencer/Content,Tier 1,35-44,Aggressive
NV407265,2026-04-28,2026-04,Organic App Store,Tier 1,45-54,Conservative
NV407266,2026-04-07,2026-04,Influencer/Content,Tier 1,35-44,Aggressive
NV407267,2026-04-03,2026-04,Influencer/Content,Tier 3,18-24,Moderate
NV407268,2026-04-06,2026-04,Referral,Tier 2,18-24,Moderate
NV407269,2026-04-28,2026-04,Referral,Tier 2,18-24,Conservative
NV407270,2026-04-24,2026-04,Organic App Store,Tier 1,25-34,Conservative
NV407271,2026-04-13,2026-04,Referral,Tier 3,25-34,Moderate
NV407272,2026-04-18,2026-04,Organic App Store,Tier 3,55+,Aggressive
NV407273,2026-04-30,2026-04,Influencer/Content,Tier 2,25-34,Moderate
NV407274,2026-04-04,2026-04,Referral,Tier 1,25-34,Moderate
NV407275,2026-04-04,2026-04,Organic App Store,Tier 1,18-24,Conservative
NV407276,2026-04-25,2026-04,Organic App Store,Tier 1,35-44,Aggressive
NV407277,2026-04-09,2026-04,Referral,Tier 1,18-24,Aggressive
NV407278,2026-04-13,2026-04,Influencer/Content,Tier 1,35-44,Moderate
NV407279,2026-04-20,2026-04,Paid Ads,Tier 3,45-54,Aggressive
NV407280,2026-04-23,2026-04,Influencer/Content,Tier 2,25-34,Aggressive
NV407281,2026-04-13,2026-04,Influencer/Content,Tier 2,18-24,Moderate
NV407282,2026-04-17,2026-04,Influencer/Content,Tier 2,35-44,Conservative
NV407283,2026-04-09,2026-04,Influencer/Content,Tier 1,18-24,Aggressive
NV407284,2026-04-22,2026-04,Referral,Tier 3,45-54,Aggressive
NV407285,2026-04-24,2026-04,Paid Ads,Tier 2,25-34,Moderate
NV407286,2026-04-18,2026-04,Influencer/Content,Tier 1,35-44,Moderate
NV407287,2026-04-05,2026-04,Referral,Tier 1,35-44,Conservative
NV407288,2026-04-02,2026-04,Organic App Store,Tier 1,35-44,Moderate
NV407289,2026-04-10,2026-04,Referral,Tier 3,45-54,Aggressive
NV407290,2026-04-30,2026-04,Organic App Store,Tier 1,45-54,Moderate
NV407291,2026-04-13,2026-04,Paid Ads,Tier 2,25-34,Aggressive
NV407292,2026-04-20,2026-04,Paid Ads,Tier 1,35-44,Moderate
NV407293,2026-04-21,2026-04,Referral,Tier 1,35-44,Conservative
NV407294,2026-04-24,2026-04,Organic App Store,Tier 2,35-44,Aggressive
NV407295,2026-04-07,2026-04,Organic App Store,Tier 1,18-24,Moderate
NV407296,2026-04-12,2026-04,Referral,Tier 3,35-44,Moderate
NV407297,2026-04-06,2026-04,Organic App Store,Tier 1,25-34,Aggressive
NV407298,2026-04-01,2026-04,Referral,Tier 1,55+,Moderate
NV407299,2026-04-25,2026-04,Referral,Tier 2,25-34,Moderate
NV407300,2026-04-30,2026-04,Organic App Store,Tier 2,25-34,Conservative
NV407301,2026-04-22,2026-04,Referral,Tier 2,55+,Moderate
NV407302,2026-04-19,2026-04,Organic App Store,Tier 3,25-34,Aggressive
NV407303,2026-04-26,2026-04,Referral,Tier 3,25-34,Moderate
NV407304,2026-04-01,2026-04,Referral,Tier 1,35-44,Moderate
NV407305,2026-04-01,2026-04,Organic App Store,Tier 2,25-34,Moderate
NV407306,2026-04-26,2026-04,Organic App Store,Tier 2,25-34,Moderate
NV407307,2026-04-22,2026-04,Organic App Store,Tier 2,35-44,Conservative
NV407308,2026-04-30,2026-04,Influencer/Content,Tier 3,25-34,Moderate
NV407309,2026-04-08,2026-04,Influencer/Content,Tier 1,35-44,Conservative
NV407310,2026-04-27,2026-04,Influencer/Content,Tier 3,35-44,Conservative
NV407311,2026-04-17,2026-04,Organic App Store,Tier 1,35-44,Moderate
NV407312,2026-04-16,2026-04,Influencer/Content,Tier 1,25-34,Moderate
NV407313,2026-04-08,2026-04,Paid Ads,Tier 1,25-34,Conservative
NV407314,2026-04-09,2026-04,Referral,Tier 1,35-44,Conservative
NV407315,2026-04-30,2026-04,Paid Ads,Tier 2,55+,Moderate
NV407316,2026-04-15,2026-04,Paid Ads,Tier 2,35-44,Conservative
NV407317,2026-04-08,2026-04,Organic App Store,Tier 2,25-34,Aggressive
NV407318,2026-04-09,2026-04,Paid Ads,Tier 2,55+,Conservative
NV407319,2026-04-13,2026-04,Organic App Store,Tier 2,18-24,Conservative
NV407320,2026-04-05,2026-04,Referral,Tier 1,18-24,Aggressive
NV407321,2026-04-10,2026-04,Influencer/Content,Tier 2,35-44,Aggressive
NV407322,2026-04-29,2026-04,Organic App Store,Tier 1,18-24,Moderate
NV407323,2026-04-17,2026-04,Referral,Tier 2,35-44,Aggressive
NV407324,2026-04-10,2026-04,Organic App Store,Tier 2,18-24,Moderate
NV407325,2026-04-25,2026-04,Influencer/Content,Tier 2,35-44,Moderate
NV407326,2026-04-08,2026-04,Organic App Store,Tier 3,25-34,Aggressive
NV407327,2026-04-20,2026-04,Organic App Store,Tier 1,25-34,Aggressive
NV407328,2026-04-26,2026-04,Referral,Tier 3,25-34,Aggressive
NV407329,2026-04-26,2026-04,Referral,Tier 3,25-34,Conservative
NV407330,2026-04-12,2026-04,Referral,Tier 1,45-54,Aggressive
NV407331,2026-04-03,2026-04,Organic App Store,Tier 3,25-34,Aggressive
NV407332,2026-04-29,2026-04,Organic App Store,Tier 1,25-34,Aggressive
NV407333,2026-04-18,2026-04,Influencer/Content,Tier 2,25-34,Moderate
NV407334,2026-04-15,2026-04,Organic App Store,Tier 1,25-34,Moderate
NV407335,2026-04-01,2026-04,Paid Ads,Tier 1,25-34,Moderate
NV407336,2026-04-26,2026-04,Paid Ads,Tier 2,25-34,Conservative
NV407337,2026-04-08,2026-04,Organic App Store,Tier 3,25-34,Conservative
NV407338,2026-04-01,2026-04,Influencer/Content,Tier 3,25-34,Aggressive
NV407339,2026-04-23,2026-04,Referral,Tier 3,25-34,Moderate
NV407340,2026-04-25,2026-04,Paid Ads,Tier 2,25-34,Moderate
NV407341,2026-04-07,2026-04,Influencer/Content,Tier 1,35-44,Moderate
NV407342,2026-04-10,2026-04,Paid Ads,Tier 3,25-34,Conservative
NV407343,2026-04-25,2026-04,Influencer/Content,Tier 1,18-24,Moderate
NV407344,2026-04-04,2026-04,Referral,Tier 2,45-54,Aggressive
NV407345,2026-04-13,2026-04,Paid Ads,Tier 1,35-44,Moderate
NV407346,2026-04-06,2026-04,Paid Ads,Tier 1,45-54,Conservative
NV407347,2026-04-17,2026-04,Influencer/Content,Tier 1,55+,Moderate
NV407348,2026-04-05,2026-04,Influencer/Content,Tier 2,25-34,Moderate
NV407349,2026-04-19,2026-04,Influencer/Content,Tier 2,25-34,Conservative
NV407350,2026-04-13,2026-04,Organic App Store,Tier 1,45-54,Moderate
NV407351,2026-04-28,2026-04,Organic App Store,Tier 1,25-34,Moderate
NV407352,2026-04-30,2026-04,Paid Ads,Tier 1,35-44,Conservative
NV407353,2026-04-19,2026-04,Organic App Store,Tier 2,25-34,Moderate
NV407354,2026-04-11,2026-04,Influencer/Content,Tier 1,18-24,Aggressive
NV407355,2026-04-08,2026-04,Referral,Tier 3,25-34,Moderate
NV407356,2026-04-26,2026-04,Referral,Tier 1,25-34,Aggressive
NV407357,2026-04-04,2026-04,Paid Ads,Tier 2,18-24,Aggressive
NV407358,2026-04-24,2026-04,Paid Ads,Tier 1,35-44,Moderate
NV407359,2026-04-20,2026-04,Organic App Store,Tier 2,35-44,Moderate
NV407360,2026-04-27,2026-04,Referral,Tier 2,25-34,Conservative
NV407361,2026-04-18,2026-04,Organic App Store,Tier 1,35-44,Moderate
NV407362,2026-04-02,2026-04,Paid Ads,Tier 1,25-34,Moderate
NV407363,2026-04-28,2026-04,Referral,Tier 2,25-34,Conservative
NV407364,2026-04-07,2026-04,Organic App Store,Tier 1,25-34,Aggressive
NV407365,2026-04-27,2026-04,Organic App Store,Tier 2,18-24,Moderate
NV407366,2026-04-30,2026-04,Referral,Tier 3,25-34,Aggressive
NV407367,2026-04-27,2026-04,Influencer/Content,Tier 2,35-44,Moderate
NV407368,2026-04-01,2026-04,Paid Ads,Tier 2,18-24,Aggressive
NV407369,2026-04-12,2026-04,Referral,Tier 1,18-24,Moderate
NV407370,2026-04-28,2026-04,Paid Ads,Tier 1,35-44,Conservative
NV407371,2026-04-21,2026-04,Influencer/Content,Tier 1,45-54,Conservative
NV407372,2026-04-03,2026-04,Organic App Store,Tier 1,55+,Moderate
NV407373,2026-04-26,2026-04,Organic App Store,Tier 1,25-34,Conservative
NV407374,2026-04-05,2026-04,Organic App Store,Tier 2,25-34,Conservative
NV407375,2026-04-17,2026-04,Influencer/Content,Tier 1,25-34,Conservative
NV407376,2026-04-13,2026-04,Organic App Store,Tier 2,35-44,Moderate
NV407377,2026-04-23,2026-04,Organic App Store,Tier 1,18-24,Aggressive
NV407378,2026-04-21,2026-04,Referral,Tier 3,35-44,Moderate
NV407379,2026-04-01,2026-04,Paid Ads,Tier 2,18-24,Conservative
NV407380,2026-04-24,2026-04,Paid Ads,Tier 2,18-24,Moderate
NV407381,2026-04-06,2026-04,Influencer/Content,Tier 1,25-34,Moderate
NV407382,2026-04-22,2026-04,Referral,Tier 3,18-24,Aggressive
NV407383,2026-04-01,2026-04,Paid Ads,Tier 1,25-34,Moderate
NV407384,2026-04-09,2026-04,Influencer/Content,Tier 1,45-54,Aggressive
NV407385,2026-04-08,2026-04,Influencer/Content,Tier 3,25-34,Aggressive
NV407386,2026-04-16,2026-04,Referral,Tier 1,18-24,Conservative
NV407387,2026-04-23,2026-04,Organic App Store,Tier 3,35-44,Conservative
NV407388,2026-04-11,2026-04,Influencer/Content,Tier 1,25-34,Conservative
NV407389,2026-04-16,2026-04,Organic App Store,Tier 2,25-34,Moderate
NV407390,2026-04-18,2026-04,Organic App Store,Tier 3,25-34,Conservative
NV407391,2026-04-08,2026-04,Organic App Store,Tier 1,18-24,Conservative
NV407392,2026-04-14,2026-04,Organic App Store,Tier 1,35-44,Aggressive
NV407393,2026-04-20,2026-04,Organic App Store,Tier 2,18-24,Moderate
NV407394,2026-04-09,2026-04,Organic App Store,Tier 3,25-34,Moderate
NV407395,2026-04-10,2026-04,Referral,Tier 2,25-34,Moderate
NV407396,2026-04-16,2026-04,Organic App Store,Tier 2,25-34,Aggressive
NV407397,2026-04-29,2026-04,Referral,Tier 3,45-54,Aggressive
NV407398,2026-04-12,2026-04,Influencer/Content,Tier 1,25-34,Aggressive
NV407399,2026-04-17,2026-04,Referral,Tier 2,25-34,Moderate
NV407400,2026-04-25,2026-04,Influencer/Content,Tier 2,45-54,Moderate
NV407401,2026-04-06,2026-04,Organic App Store,Tier 3,18-24,Aggressive
NV407402,2026-04-26,2026-04,Organic App Store,Tier 2,35-44,Conservative
NV407403,2026-04-23,2026-04,Paid Ads,Tier 2,25-34,Moderate
NV407404,2026-04-28,2026-04,Paid Ads,Tier 2,25-34,Moderate
NV407405,2026-04-18,2026-04,Influencer/Content,Tier 3,35-44,Moderate
NV407406,2026-04-04,2026-04,Organic App Store,Tier 1,25-34,Aggressive
NV407407,2026-04-03,2026-04,Referral,Tier 3,25-34,Moderate
NV407408,2026-04-03,2026-04,Influencer/Content,Tier 1,25-34,Moderate
NV407409,2026-04-24,2026-04,Organic App Store,Tier 1,35-44,Moderate
NV407410,2026-04-06,2026-04,Organic App Store,Tier 2,35-44,Conservative
NV407411,2026-04-24,2026-04,Referral,Tier 1,18-24,Moderate
NV407412,2026-04-01,2026-04,Organic App Store,Tier 1,55+,Aggressive
NV407413,2026-04-18,2026-04,Paid Ads,Tier 1,25-34,Aggressive
NV407414,2026-04-19,2026-04,Referral,Tier 1,18-24,Aggressive
NV407415,2026-04-06,2026-04,Influencer/Content,Tier 2,18-24,Aggressive
NV407416,2026-04-02,2026-04,Organic App Store,Tier 1,25-34,Moderate
NV407417,2026-04-06,2026-04,Influencer/Content,Tier 3,18-24,Moderate
NV407418,2026-04-29,2026-04,Referral,Tier 2,35-44,Moderate
NV407419,2026-04-23,2026-04,Referral,Tier 2,35-44,Conservative
NV407420,2026-04-16,2026-04,Referral,Tier 3,35-44,Conservative
NV407421,2026-04-19,2026-04,Referral,Tier 1,25-34,Moderate
NV407422,2026-04-01,2026-04,Referral,Tier 2,35-44,Conservative
NV407423,2026-04-22,2026-04,Paid Ads,Tier 1,18-24,Aggressive
NV407424,2026-04-12,2026-04,Influencer/Content,Tier 3,45-54,Moderate
NV407425,2026-04-26,2026-04,Influencer/Content,Tier 2,45-54,Moderate
NV407426,2026-04-24,2026-04,Paid Ads,Tier 2,25-34,Moderate
NV407427,2026-04-09,2026-04,Referral,Tier 1,25-34,Moderate
NV407428,2026-04-04,2026-04,Organic App Store,Tier 2,45-54,Conservative
NV407429,2026-04-08,2026-04,Organic App Store,Tier 2,18-24,Aggressive
NV407430,2026-04-10,2026-04,Influencer/Content,Tier 3,25-34,Moderate
NV407431,2026-04-11,2026-04,Influencer/Content,Tier 3,25-34,Moderate
NV407432,2026-04-04,2026-04,Organic App Store,Tier 2,45-54,Conservative
NV407433,2026-04-17,2026-04,Paid Ads,Tier 1,25-34,Moderate
NV407434,2026-04-15,2026-04,Influencer/Content,Tier 2,45-54,Moderate
NV407435,2026-04-12,2026-04,Referral,Tier 1,25-34,Moderate
NV407436,2026-04-12,2026-04,Paid Ads,Tier 2,25-34,Aggressive
NV407437,2026-04-09,2026-04,Referral,Tier 2,25-34,Moderate
NV407438,2026-04-26,2026-04,Organic App Store,Tier 3,18-24,Moderate
NV407439,2026-04-19,2026-04,Influencer/Content,Tier 3,25-34,Conservative
NV407440,2026-04-04,2026-04,Organic App Store,Tier 3,18-24,Moderate
NV407441,2026-04-29,2026-04,Paid Ads,Tier 2,45-54,Aggressive
NV407442,2026-04-06,2026-04,Paid Ads,Tier 1,18-24,Conservative
NV407443,2026-04-01,2026-04,Organic App Store,Tier 3,45-54,Moderate
NV407444,2026-04-04,2026-04,Organic App Store,Tier 2,35-44,Moderate
NV407445,2026-04-06,2026-04,Paid Ads,Tier 1,25-34,Moderate
NV407446,2026-04-17,2026-04,Organic App Store,Tier 2,18-24,Moderate
NV407447,2026-04-15,2026-04,Influencer/Content,Tier 2,18-24,Aggressive
NV407448,2026-04-24,2026-04,Organic App Store,Tier 1,35-44,Conservative
NV407449,2026-04-21,2026-04,Influencer/Content,Tier 1,35-44,Moderate
NV407450,2026-04-30,2026-04,Organic App Store,Tier 2,25-34,Aggressive
NV407451,2026-04-21,2026-04,Paid Ads,Tier 3,25-34,Conservative
NV407452,2026-04-05,2026-04,Paid Ads,Tier 2,25-34,Conservative
NV407453,2026-04-29,2026-04,Paid Ads,Tier 1,25-34,Aggressive
NV407454,2026-04-24,2026-04,Paid Ads,Tier 3,25-34,Aggressive
NV407455,2026-04-16,2026-04,Organic App Store,Tier 2,25-34,Moderate
NV407456,2026-04-03,2026-04,Organic App Store,Tier 2,55+,Conservative
NV407457,2026-04-21,2026-04,Organic App Store,Tier 1,25-34,Aggressive
NV407458,2026-04-04,2026-04,Organic App Store,Tier 2,18-24,Moderate
NV407459,2026-04-09,2026-04,Organic App Store,Tier 3,25-34,Aggressive
NV407460,2026-04-28,2026-04,Organic App Store,Tier 1,18-24,Conservative
NV407461,2026-04-26,2026-04,Organic App Store,Tier 1,18-24,Moderate
NV407462,2026-04-24,2026-04,Organic App Store,Tier 1,45-54,Conservative
NV407463,2026-04-12,2026-04,Influencer/Content,Tier 1,55+,Moderate
NV407464,2026-04-20,2026-04,Organic App Store,Tier 1,25-34,Moderate
NV407465,2026-04-18,2026-04,Influencer/Content,Tier 2,18-24,Moderate
NV407466,2026-04-26,2026-04,Referral,Tier 1,18-24,Moderate
NV407467,2026-04-24,2026-04,Paid Ads,Tier 1,55+,Moderate
NV407468,2026-04-26,2026-04,Paid Ads,Tier 2,25-34,Aggressive
NV407469,2026-04-02,2026-04,Referral,Tier 1,25-34,Aggressive
NV407470,2026-04-15,2026-04,Organic App Store,Tier 3,35-44,Moderate
NV407471,2026-04-10,2026-04,Influencer/Content,Tier 2,25-34,Moderate
NV407472,2026-04-05,2026-04,Organic App Store,Tier 2,45-54,Moderate
NV407473,2026-04-15,2026-04,Influencer/Content,Tier 1,25-34,Conservative
NV407474,2026-04-09,2026-04,Organic App Store,Tier 3,25-34,Moderate
NV407475,2026-04-10,2026-04,Referral,Tier 2,18-24,Moderate
NV407476,2026-04-30,2026-04,Influencer/Content,Tier 1,25-34,Moderate
NV407477,2026-04-10,2026-04,Influencer/Content,Tier 2,25-34,Moderate
NV407478,2026-04-21,2026-04,Referral,Tier 2,18-24,Conservative
NV407479,2026-04-02,2026-04,Organic App Store,Tier 2,25-34,Moderate
NV407480,2026-04-01,2026-04,Paid Ads,Tier 2,18-24,Conservative
NV407481,2026-04-15,2026-04,Referral,Tier 2,18-24,Conservative
NV407482,2026-04-13,2026-04,Organic App Store,Tier 1,18-24,Moderate
NV407483,2026-04-01,2026-04,Organic App Store,Tier 3,35-44,Conservative
NV407484,2026-04-23,2026-04,Influencer/Content,Tier 1,18-24,Aggressive
NV407485,2026-04-25,2026-04,Organic App Store,Tier 3,18-24,Moderate
NV407486,2026-04-06,2026-04,Organic App Store,Tier 2,35-44,Moderate
NV407487,2026-04-30,2026-04,Paid Ads,Tier 1,35-44,Aggressive
NV407488,2026-04-13,2026-04,Influencer/Content,Tier 1,25-34,Moderate
NV407489,2026-04-01,2026-04,Paid Ads,Tier 2,18-24,Moderate
NV407490,2026-04-26,2026-04,Paid Ads,Tier 2,25-34,Moderate
NV407491,2026-04-15,2026-04,Referral,Tier 2,25-34,Aggressive
NV407492,2026-04-04,2026-04,Influencer/Content,Tier 1,45-54,Conservative
NV407493,2026-04-13,2026-04,Influencer/Content,Tier 1,18-24,Moderate
NV407494,2026-04-19,2026-04,Referral,Tier 1,18-24,Moderate
NV407495,2026-04-20,2026-04,Organic App Store,Tier 2,35-44,Conservative
NV407496,2026-04-29,2026-04,Organic App Store,Tier 2,35-44,Aggressive
NV407497,2026-04-20,2026-04,Organic App Store,Tier 2,35-44,Moderate
NV407498,2026-04-25,2026-04,Paid Ads,Tier 2,25-34,Aggressive
NV407499,2026-04-30,2026-04,Organic App Store,Tier 1,18-24,Moderate
NV407500,2026-04-26,2026-04,Paid Ads,Tier 3,25-34,Conservative
NV407501,2026-04-23,2026-04,Paid Ads,Tier 2,18-24,Moderate
NV407502,2026-04-04,2026-04,Organic App Store,Tier 2,35-44,Conservative
NV407503,2026-04-27,2026-04,Influencer/Content,Tier 1,18-24,Moderate
NV407504,2026-04-02,2026-04,Organic App Store,Tier 3,35-44,Aggressive
NV407505,2026-04-21,2026-04,Organic App Store,Tier 2,35-44,Moderate
NV407506,2026-04-10,2026-04,Organic App Store,Tier 1,25-34,Moderate
NV407507,2026-04-06,2026-04,Organic App Store,Tier 2,18-24,Aggressive
NV407508,2026-04-17,2026-04,Organic App Store,Tier 3,35-44,Moderate
NV407509,2026-04-02,2026-04,Organic App Store,Tier 3,35-44,Aggressive
NV407510,2026-04-17,2026-04,Referral,Tier 2,18-24,Moderate
NV407511,2026-04-22,2026-04,Influencer/Content,Tier 1,45-54,Aggressive
NV407512,2026-04-06,2026-04,Referral,Tier 2,45-54,Moderate
NV407513,2026-04-28,2026-04,Organic App Store,Tier 1,25-34,Aggressive
NV407514,2026-04-21,2026-04,Paid Ads,Tier 1,18-24,Aggressive
NV407515,2026-04-04,2026-04,Organic App Store,Tier 1,35-44,Conservative
NV407516,2026-04-11,2026-04,Referral,Tier 3,25-34,Moderate
NV407517,2026-04-06,2026-04,Organic App Store,Tier 2,35-44,Moderate
NV407518,2026-04-03,2026-04,Referral,Tier 3,35-44,Moderate
NV407519,2026-04-08,2026-04,Influencer/Content,Tier 1,25-34,Conservative
NV407520,2026-04-26,2026-04,Paid Ads,Tier 1,45-54,Moderate
NV407521,2026-04-03,2026-04,Organic App Store,Tier 3,18-24,Moderate
NV407522,2026-04-17,2026-04,Influencer/Content,Tier 1,18-24,Aggressive
NV407523,2026-04-07,2026-04,Organic App Store,Tier 2,25-34,Aggressive
NV407524,2026-04-20,2026-04,Paid Ads,Tier 2,18-24,Moderate
NV407525,2026-04-04,2026-04,Organic App Store,Tier 3,35-44,Conservative
NV407526,2026-04-08,2026-04,Organic App Store,Tier 1,18-24,Aggressive
NV407527,2026-04-22,2026-04,Influencer/Content,Tier 3,25-34,Aggressive
NV407528,2026-04-28,2026-04,Paid Ads,Tier 2,45-54,Moderate
NV407529,2026-04-01,2026-04,Organic App Store,Tier 2,45-54,Conservative
NV407530,2026-04-21,2026-04,Influencer/Content,Tier 1,35-44,Aggressive
NV407531,2026-04-30,2026-04,Organic App Store,Tier 2,25-34,Conservative
NV407532,2026-04-22,2026-04,Influencer/Content,Tier 1,45-54,Conservative
NV407533,2026-04-10,2026-04,Organic App Store,Tier 1,45-54,Moderate
NV407534,2026-04-29,2026-04,Paid Ads,Tier 2,35-44,Conservative
NV407535,2026-04-11,2026-04,Referral,Tier 3,18-24,Moderate
NV407536,2026-04-23,2026-04,Organic App Store,Tier 2,25-34,Aggressive
NV407537,2026-04-20,2026-04,Influencer/Content,Tier 2,25-34,Aggressive
NV407538,2026-04-29,2026-04,Influencer/Content,Tier 3,25-34,Moderate
NV407539,2026-04-08,2026-04,Organic App Store,Tier 3,25-34,Moderate
NV407540,2026-04-08,2026-04,Referral,Tier 1,35-44,Conservative
NV407541,2026-04-06,2026-04,Influencer/Content,Tier 1,35-44,Conservative
NV407542,2026-04-05,2026-04,Organic App Store,Tier 1,18-24,Conservative
NV407543,2026-04-27,2026-04,Referral,Tier 3,35-44,Conservative
NV407544,2026-04-23,2026-04,Referral,Tier 2,35-44,Conservative
NV407545,2026-04-24,2026-04,Referral,Tier 1,25-34,Moderate
NV407546,2026-04-19,2026-04,Referral,Tier 1,45-54,Moderate
NV407547,2026-04-05,2026-04,Referral,Tier 1,25-34,Aggressive
NV407548,2026-04-06,2026-04,Organic App Store,Tier 2,18-24,Aggressive
NV407549,2026-04-18,2026-04,Influencer/Content,Tier 3,25-34,Moderate
NV407550,2026-04-27,2026-04,Referral,Tier 1,35-44,Moderate
NV407551,2026-04-13,2026-04,Influencer/Content,Tier 2,45-54,Conservative
NV407552,2026-04-19,2026-04,Paid Ads,Tier 2,18-24,Moderate
NV407553,2026-04-05,2026-04,Referral,Tier 2,55+,Aggressive
NV407554,2026-04-26,2026-04,Organic App Store,Tier 3,35-44,Moderate
NV407555,2026-04-11,2026-04,Paid Ads,Tier 1,25-34,Conservative
NV407556,2026-04-01,2026-04,Influencer/Content,Tier 1,25-34,Conservative
NV407557,2026-04-14,2026-04,Paid Ads,Tier 2,18-24,Aggressive
NV407558,2026-04-30,2026-04,Organic App Store,Tier 3,45-54,Moderate
NV407559,2026-04-22,2026-04,Organic App Store,Tier 2,25-34,Aggressive
NV407560,2026-04-14,2026-04,Influencer/Content,Tier 2,35-44,Moderate
NV407561,2026-04-10,2026-04,Referral,Tier 3,25-34,Conservative
NV407562,2026-04-19,2026-04,Referral,Tier 3,35-44,Moderate
NV407563,2026-04-22,2026-04,Organic App Store,Tier 2,25-34,Conservative
NV407564,2026-04-23,2026-04,Paid Ads,Tier 1,45-54,Moderate
NV407565,2026-04-14,2026-04,Paid Ads,Tier 2,35-44,Conservative
NV407566,2026-04-12,2026-04,Paid Ads,Tier 1,25-34,Moderate
NV407567,2026-04-08,2026-04,Organic App Store,Tier 2,25-34,Moderate
NV407568,2026-04-27,2026-04,Referral,Tier 1,45-54,Aggressive
NV407569,2026-04-18,2026-04,Organic App Store,Tier 1,45-54,Aggressive
NV407570,2026-04-10,2026-04,Referral,Tier 2,45-54,Moderate
NV407571,2026-04-23,2026-04,Paid Ads,Tier 3,18-24,Aggressive
NV407572,2026-04-25,2026-04,Organic App Store,Tier 2,35-44,Moderate
NV407573,2026-04-15,2026-04,Paid Ads,Tier 1,18-24,Moderate
NV407574,2026-04-16,2026-04,Influencer/Content,Tier 1,25-34,Aggressive
NV407575,2026-04-01,2026-04,Influencer/Content,Tier 3,25-34,Moderate
NV407576,2026-04-26,2026-04,Organic App Store,Tier 2,25-34,Moderate
NV407577,2026-04-18,2026-04,Organic App Store,Tier 2,18-24,Conservative
NV407578,2026-04-21,2026-04,Referral,Tier 2,45-54,Conservative
NV407579,2026-04-02,2026-04,Paid Ads,Tier 2,55+,Moderate
NV407580,2026-04-15,2026-04,Organic App Store,Tier 1,18-24,Aggressive
NV407581,2026-04-27,2026-04,Organic App Store,Tier 2,35-44,Moderate
NV407582,2026-04-08,2026-04,Referral,Tier 1,25-34,Moderate
NV407583,2026-04-15,2026-04,Paid Ads,Tier 1,35-44,Moderate
NV407584,2026-04-12,2026-04,Paid Ads,Tier 1,25-34,Aggressive
NV407585,2026-04-14,2026-04,Referral,Tier 1,25-34,Moderate
NV407586,2026-04-12,2026-04,Influencer/Content,Tier 1,25-34,Moderate
NV407587,2026-04-17,2026-04,Influencer/Content,Tier 3,25-34,Moderate
NV407588,2026-04-25,2026-04,Referral,Tier 1,35-44,Moderate
NV407589,2026-04-06,2026-04,Paid Ads,Tier 1,18-24,Conservative
NV407590,2026-04-30,2026-04,Influencer/Content,Tier 3,18-24,Conservative
NV407591,2026-04-08,2026-04,Paid Ads,Tier 1,25-34,Moderate
NV407592,2026-04-15,2026-04,Influencer/Content,Tier 1,25-34,Aggressive
NV407593,2026-04-18,2026-04,Referral,Tier 1,55+,Conservative
NV407594,2026-04-20,2026-04,Referral,Tier 1,25-34,Aggressive
NV407595,2026-04-21,2026-04,Organic App Store,Tier 1,25-34,Moderate
NV407596,2026-04-01,2026-04,Referral,Tier 2,45-54,Conservative
NV407597,2026-04-10,2026-04,Organic App Store,Tier 2,18-24,Aggressive
NV407598,2026-04-21,2026-04,Influencer/Content,Tier 2,18-24,Aggressive
NV407599,2026-04-24,2026-04,Referral,Tier 1,18-24,Aggressive
NV407600,2026-04-28,2026-04,Influencer/Content,Tier 1,25-34,Moderate
NV407601,2026-04-27,2026-04,Paid Ads,Tier 1,35-44,Aggressive
NV407602,2026-04-17,2026-04,Paid Ads,Tier 2,18-24,Conservative
NV407603,2026-04-13,2026-04,Paid Ads,Tier 2,18-24,Conservative
NV407604,2026-04-19,2026-04,Organic App Store,Tier 3,25-34,Aggressive
NV407605,2026-04-08,2026-04,Influencer/Content,Tier 2,18-24,Aggressive
NV407606,2026-04-06,2026-04,Organic App Store,Tier 1,25-34,Moderate
NV407607,2026-04-26,2026-04,Referral,Tier 3,25-34,Moderate
NV407608,2026-04-25,2026-04,Referral,Tier 2,35-44,Moderate
NV407609,2026-04-21,2026-04,Influencer/Content,Tier 3,18-24,Moderate
NV407610,2026-04-26,2026-04,Referral,Tier 1,18-24,Aggressive
NV407611,2026-04-17,2026-04,Referral,Tier 2,18-24,Moderate
NV407612,2026-04-03,2026-04,Referral,Tier 2,35-44,Conservative
NV407613,2026-04-19,2026-04,Organic App Store,Tier 2,18-24,Conservative
NV407614,2026-04-28,2026-04,Influencer/Content,Tier 3,35-44,Moderate
NV407615,2026-04-08,2026-04,Organic App Store,Tier 2,55+,Moderate
NV407616,2026-04-06,2026-04,Influencer/Content,Tier 2,25-34,Moderate
NV407617,2026-04-04,2026-04,Referral,Tier 2,25-34,Aggressive
NV407618,2026-04-24,2026-04,Influencer/Content,Tier 2,35-44,Aggressive
NV407619,2026-04-24,2026-04,Referral,Tier 2,35-44,Conservative
NV407620,2026-04-17,2026-04,Referral,Tier 2,35-44,Moderate
NV407621,2026-04-12,2026-04,Influencer/Content,Tier 1,25-34,Moderate
NV407622,2026-04-25,2026-04,Organic App Store,Tier 2,25-34,Moderate
NV407623,2026-04-14,2026-04,Referral,Tier 1,25-34,Conservative
NV407624,2026-04-08,2026-04,Paid Ads,Tier 1,25-34,Moderate
NV407625,2026-04-22,2026-04,Organic App Store,Tier 1,35-44,Aggressive
NV407626,2026-04-12,2026-04,Referral,Tier 2,25-34,Aggressive
NV407627,2026-04-19,2026-04,Referral,Tier 1,18-24,Moderate
NV407628,2026-04-18,2026-04,Paid Ads,Tier 3,25-34,Moderate
NV407629,2026-04-13,2026-04,Paid Ads,Tier 1,18-24,Moderate
NV407630,2026-04-05,2026-04,Referral,Tier 1,35-44,Aggressive
NV407631,2026-04-05,2026-04,Paid Ads,Tier 1,35-44,Conservative
NV407632,2026-04-25,2026-04,Organic App Store,Tier 2,25-34,Aggressive
NV407633,2026-04-06,2026-04,Influencer/Content,Tier 1,25-34,Moderate
NV407634,2026-04-07,2026-04,Influencer/Content,Tier 2,25-34,Aggressive
NV407635,2026-04-30,2026-04,Referral,Tier 1,18-24,Moderate
NV407636,2026-04-12,2026-04,Referral,Tier 2,45-54,Conservative
NV407637,2026-04-28,2026-04,Influencer/Content,Tier 2,35-44,Conservative
NV407638,2026-04-04,2026-04,Organic App Store,Tier 1,25-34,Moderate
NV407639,2026-04-25,2026-04,Organic App Store,Tier 3,25-34,Aggressive
NV407640,2026-04-23,2026-04,Influencer/Content,Tier 2,35-44,Conservative
NV407641,2026-04-21,2026-04,Paid Ads,Tier 2,25-34,Moderate
NV407642,2026-04-26,2026-04,Organic App Store,Tier 2,25-34,Moderate
NV407643,2026-04-20,2026-04,Organic App Store,Tier 2,25-34,Aggressive
NV407644,2026-04-01,2026-04,Organic App Store,Tier 2,35-44,Aggressive
NV407645,2026-04-16,2026-04,Referral,Tier 2,25-34,Moderate
NV407646,2026-04-09,2026-04,Referral,Tier 2,55+,Moderate
NV407647,2026-04-29,2026-04,Influencer/Content,Tier 2,35-44,Conservative
NV407648,2026-04-08,2026-04,Referral,Tier 2,25-34,Moderate
NV407649,2026-04-14,2026-04,Referral,Tier 2,25-34,Conservative
NV407650,2026-04-07,2026-04,Referral,Tier 1,45-54,Conservative
NV407651,2026-04-25,2026-04,Referral,Tier 2,35-44,Conservative
NV407652,2026-04-05,2026-04,Paid Ads,Tier 1,25-34,Moderate
NV407653,2026-04-15,2026-04,Referral,Tier 1,18-24,Aggressive
NV407654,2026-04-25,2026-04,Paid Ads,Tier 3,18-24,Conservative
NV407655,2026-04-01,2026-04,Paid Ads,Tier 1,35-44,Aggressive
NV407656,2026-04-11,2026-04,Referral,Tier 2,35-44,Moderate
NV407657,2026-04-07,2026-04,Organic App Store,Tier 2,45-54,Moderate
NV407658,2026-04-17,2026-04,Organic App Store,Tier 3,45-54,Aggressive
NV407659,2026-04-11,2026-04,Organic App Store,Tier 1,25-34,Moderate
NV407660,2026-04-30,2026-04,Organic App Store,Tier 1,25-34,Moderate
NV407661,2026-04-24,2026-04,Influencer/Content,Tier 1,25-34,Conservative
NV407662,2026-04-17,2026-04,Organic App Store,Tier 3,45-54,Moderate
NV407663,2026-04-29,2026-04,Paid Ads,Tier 2,25-34,Aggressive
NV407664,2026-04-12,2026-04,Referral,Tier 2,35-44,Moderate
NV407665,2026-04-17,2026-04,Influencer/Content,Tier 2,18-24,Moderate
NV407666,2026-04-06,2026-04,Paid Ads,Tier 3,45-54,Moderate
NV407667,2026-04-03,2026-04,Referral,Tier 1,18-24,Aggressive
NV407668,2026-04-08,2026-04,Referral,Tier 3,25-34,Moderate
NV407669,2026-04-01,2026-04,Influencer/Content,Tier 1,35-44,Conservative
NV407670,2026-04-15,2026-04,Referral,Tier 1,45-54,Conservative
NV407671,2026-04-18,2026-04,Influencer/Content,Tier 3,35-44,Conservative
NV407672,2026-04-25,2026-04,Paid Ads,Tier 3,35-44,Aggressive
NV407673,2026-04-03,2026-04,Organic App Store,Tier 1,35-44,Aggressive
NV407674,2026-04-17,2026-04,Paid Ads,Tier 1,18-24,Moderate
NV407675,2026-04-27,2026-04,Paid Ads,Tier 2,55+,Conservative
NV407676,2026-04-23,2026-04,Influencer/Content,Tier 1,25-34,Moderate
NV407677,2026-04-10,2026-04,Referral,Tier 1,18-24,Moderate
NV407678,2026-04-29,2026-04,Referral,Tier 2,25-34,Moderate
NV407679,2026-04-25,2026-04,Referral,Tier 2,25-34,Aggressive
NV407680,2026-04-08,2026-04,Influencer/Content,Tier 3,35-44,Aggressive
NV407681,2026-04-01,2026-04,Organic App Store,Tier 1,18-24,Aggressive
NV407682,2026-04-10,2026-04,Organic App Store,Tier 2,35-44,Moderate
NV407683,2026-04-27,2026-04,Referral,Tier 1,45-54,Moderate
NV407684,2026-04-08,2026-04,Organic App Store,Tier 1,25-34,Moderate
NV407685,2026-04-21,2026-04,Organic App Store,Tier 2,45-54,Moderate
NV407686,2026-04-18,2026-04,Paid Ads,Tier 1,25-34,Conservative
NV407687,2026-04-05,2026-04,Influencer/Content,Tier 2,25-34,Conservative
NV407688,2026-04-02,2026-04,Organic App Store,Tier 2,25-34,Moderate
NV407689,2026-04-06,2026-04,Organic App Store,Tier 1,35-44,Aggressive
NV407690,2026-04-21,2026-04,Organic App Store,Tier 1,35-44,Moderate
NV407691,2026-04-21,2026-04,Paid Ads,Tier 2,18-24,Moderate
NV407692,2026-04-05,2026-04,Referral,Tier 2,18-24,Moderate
NV407693,2026-04-06,2026-04,Referral,Tier 1,25-34,Moderate
NV407694,2026-04-28,2026-04,Paid Ads,Tier 1,35-44,Moderate
NV407695,2026-04-03,2026-04,Paid Ads,Tier 2,25-34,Moderate
NV407696,2026-04-03,2026-04,Organic App Store,Tier 3,45-54,Aggressive
NV407697,2026-04-12,2026-04,Influencer/Content,Tier 3,45-54,Moderate
NV407698,2026-04-20,2026-04,Organic App Store,Tier 1,45-54,Conservative
NV407699,2026-04-24,2026-04,Referral,Tier 3,35-44,Moderate
NV407700,2026-04-25,2026-04,Organic App Store,Tier 1,25-34,Aggressive
NV407701,2026-04-05,2026-04,Paid Ads,Tier 2,18-24,Moderate
NV407702,2026-04-19,2026-04,Referral,Tier 1,25-34,Moderate
NV407703,2026-04-03,2026-04,Organic App Store,Tier 1,25-34,Moderate
NV407704,2026-04-24,2026-04,Organic App Store,Tier 2,25-34,Aggressive
NV407705,2026-04-01,2026-04,Influencer/Content,Tier 2,45-54,Moderate
NV407706,2026-04-01,2026-04,Organic App Store,Tier 1,25-34,Conservative
NV407707,2026-04-09,2026-04,Organic App Store,Tier 1,45-54,Conservative
NV407708,2026-04-03,2026-04,Influencer/Content,Tier 1,35-44,Moderate
NV407709,2026-04-26,2026-04,Organic App Store,Tier 3,25-34,Moderate
NV407710,2026-04-04,2026-04,Referral,Tier 1,25-34,Conservative
NV407711,2026-04-17,2026-04,Paid Ads,Tier 1,18-24,Moderate
NV407712,2026-04-07,2026-04,Organic App Store,Tier 3,18-24,Conservative
NV407713,2026-04-05,2026-04,Paid Ads,Tier 3,25-34,Moderate
NV407714,2026-04-29,2026-04,Influencer/Content,Tier 2,35-44,Moderate
NV407715,2026-04-12,2026-04,Referral,Tier 3,35-44,Moderate
NV407716,2026-04-15,2026-04,Paid Ads,Tier 2,18-24,Aggressive
NV407717,2026-04-22,2026-04,Influencer/Content,Tier 1,25-34,Conservative
NV407718,2026-04-27,2026-04,Referral,Tier 2,18-24,Conservative
NV407719,2026-04-24,2026-04,Influencer/Content,Tier 2,25-34,Moderate
NV407720,2026-04-10,2026-04,Organic App Store,Tier 1,18-24,Conservative
NV407721,2026-04-25,2026-04,Influencer/Content,Tier 3,45-54,Aggressive
NV407722,2026-04-05,2026-04,Referral,Tier 1,55+,Moderate
NV407723,2026-04-15,2026-04,Referral,Tier 2,25-34,Moderate
NV407724,2026-04-18,2026-04,Organic App Store,Tier 3,18-24,Aggressive
NV407725,2026-04-08,2026-04,Referral,Tier 2,25-34,Moderate
NV407726,2026-04-11,2026-04,Influencer/Content,Tier 1,35-44,Conservative
NV407727,2026-04-06,2026-04,Influencer/Content,Tier 2,18-24,Moderate
NV407728,2026-04-07,2026-04,Paid Ads,Tier 1,35-44,Moderate
NV407729,2026-04-27,2026-04,Influencer/Content,Tier 2,18-24,Conservative
NV407730,2026-04-21,2026-04,Referral,Tier 1,45-54,Moderate
NV407731,2026-04-17,2026-04,Referral,Tier 1,35-44,Moderate
NV407732,2026-04-14,2026-04,Paid Ads,Tier 1,45-54,Conservative
NV407733,2026-04-10,2026-04,Referral,Tier 2,45-54,Moderate
NV407734,2026-04-16,2026-04,Organic App Store,Tier 2,25-34,Aggressive
NV407735,2026-04-18,2026-04,Organic App Store,Tier 2,25-34,Conservative
NV407736,2026-04-27,2026-04,Organic App Store,Tier 2,35-44,Aggressive
NV407737,2026-04-20,2026-04,Referral,Tier 3,35-44,Conservative
NV407738,2026-04-29,2026-04,Referral,Tier 3,25-34,Moderate
NV407739,2026-04-12,2026-04,Influencer/Content,Tier 1,25-34,Moderate
NV407740,2026-04-15,2026-04,Organic App Store,Tier 2,18-24,Aggressive
NV407741,2026-04-12,2026-04,Paid Ads,Tier 3,25-34,Moderate
NV407742,2026-04-17,2026-04,Organic App Store,Tier 2,35-44,Conservative
NV407743,2026-04-26,2026-04,Referral,Tier 1,18-24,Moderate
NV407744,2026-04-13,2026-04,Paid Ads,Tier 3,25-34,Aggressive
NV407745,2026-04-28,2026-04,Influencer/Content,Tier 2,45-54,Conservative
NV407746,2026-04-20,2026-04,Paid Ads,Tier 1,25-34,Moderate
NV407747,2026-04-26,2026-04,Organic App Store,Tier 1,45-54,Moderate
NV407748,2026-04-12,2026-04,Organic App Store,Tier 2,35-44,Moderate
NV407749,2026-04-05,2026-04,Referral,Tier 2,25-34,Aggressive
NV407750,2026-04-26,2026-04,Organic App Store,Tier 1,25-34,Aggressive
NV407751,2026-04-02,2026-04,Paid Ads,Tier 1,18-24,Aggressive
NV407752,2026-04-20,2026-04,Paid Ads,Tier 1,25-34,Moderate
NV407753,2026-04-11,2026-04,Organic App Store,Tier 3,25-34,Moderate
NV407754,2026-04-11,2026-04,Organic App Store,Tier 2,45-54,Aggressive
NV407755,2026-04-08,2026-04,Influencer/Content,Tier 3,18-24,Moderate
NV407756,2026-04-06,2026-04,Paid Ads,Tier 2,25-34,Aggressive
NV407757,2026-04-11,2026-04,Referral,Tier 2,35-44,Moderate
NV407758,2026-04-28,2026-04,Influencer/Content,Tier 3,25-34,Moderate
NV407759,2026-04-07,2026-04,Organic App Store,Tier 2,45-54,Conservative
NV407760,2026-04-26,2026-04,Organic App Store,Tier 2,25-34,Moderate
NV407761,2026-04-22,2026-04,Referral,Tier 2,25-34,Conservative
NV407762,2026-04-09,2026-04,Organic App Store,Tier 2,25-34,Conservative
NV407763,2026-04-17,2026-04,Organic App Store,Tier 2,25-34,Moderate
NV407764,2026-04-23,2026-04,Referral,Tier 2,25-34,Aggressive
NV407765,2026-04-10,2026-04,Referral,Tier 3,25-34,Moderate
NV407766,2026-04-01,2026-04,Referral,Tier 3,18-24,Moderate
NV407767,2026-04-26,2026-04,Paid Ads,Tier 2,35-44,Aggressive
NV407768,2026-04-13,2026-04,Influencer/Content,Tier 3,35-44,Aggressive
NV407769,2026-04-03,2026-04,Influencer/Content,Tier 1,25-34,Moderate
NV407770,2026-04-12,2026-04,Influencer/Content,Tier 3,25-34,Moderate
NV407771,2026-04-12,2026-04,Organic App Store,Tier 1,35-44,Moderate
NV407772,2026-04-15,2026-04,Paid Ads,Tier 1,18-24,Moderate
NV407773,2026-04-27,2026-04,Influencer/Content,Tier 3,45-54,Aggressive
NV407774,2026-04-16,2026-04,Influencer/Content,Tier 3,25-34,Moderate
NV407775,2026-04-14,2026-04,Organic App Store,Tier 2,18-24,Aggressive
NV407776,2026-04-20,2026-04,Referral,Tier 3,25-34,Moderate
NV407777,2026-04-18,2026-04,Paid Ads,Tier 1,45-54,Aggressive
NV407778,2026-04-10,2026-04,Influencer/Content,Tier 2,55+,Moderate
NV407779,2026-04-23,2026-04,Referral,Tier 1,25-34,Aggressive
NV407780,2026-04-09,2026-04,Paid Ads,Tier 3,25-34,Moderate
NV407781,2026-04-09,2026-04,Influencer/Content,Tier 1,35-44,Moderate
NV407782,2026-04-12,2026-04,Referral,Tier 2,25-34,Conservative
NV407783,2026-04-28,2026-04,Referral,Tier 1,35-44,Moderate
NV407784,2026-04-23,2026-04,Paid Ads,Tier 2,25-34,Aggressive
NV407785,2026-04-21,2026-04,Paid Ads,Tier 1,35-44,Moderate
NV407786,2026-04-10,2026-04,Influencer/Content,Tier 1,18-24,Moderate
NV407787,2026-04-21,2026-04,Organic App Store,Tier 1,25-34,Conservative
NV407788,2026-04-07,2026-04,Influencer/Content,Tier 3,35-44,Aggressive
NV407789,2026-04-10,2026-04,Organic App Store,Tier 3,25-34,Moderate
NV407790,2026-04-25,2026-04,Influencer/Content,Tier 2,35-44,Conservative
NV407791,2026-04-17,2026-04,Referral,Tier 3,18-24,Conservative
NV407792,2026-04-19,2026-04,Organic App Store,Tier 1,35-44,Conservative
NV407793,2026-04-20,2026-04,Organic App Store,Tier 3,18-24,Aggressive
NV407794,2026-04-28,2026-04,Influencer/Content,Tier 1,18-24,Moderate
NV407795,2026-04-30,2026-04,Referral,Tier 3,45-54,Conservative
NV407796,2026-04-19,2026-04,Organic App Store,Tier 1,18-24,Aggressive
NV407797,2026-04-01,2026-04,Organic App Store,Tier 1,18-24,Conservative
NV407798,2026-04-08,2026-04,Influencer/Content,Tier 1,25-34,Aggressive
NV407799,2026-04-25,2026-04,Organic App Store,Tier 3,45-54,Aggressive
NV407800,2026-04-09,2026-04,Paid Ads,Tier 2,25-34,Conservative
NV407801,2026-04-20,2026-04,Organic App Store,Tier 2,25-34,Moderate
NV407802,2026-04-29,2026-04,Paid Ads,Tier 2,25-34,Moderate
NV407803,2026-04-09,2026-04,Influencer/Content,Tier 3,18-24,Moderate
NV407804,2026-04-09,2026-04,Organic App Store,Tier 2,25-34,Conservative
NV407805,2026-04-26,2026-04,Organic App Store,Tier 1,25-34,Conservative
NV407806,2026-04-10,2026-04,Paid Ads,Tier 2,45-54,Aggressive
NV407807,2026-04-28,2026-04,Paid Ads,Tier 2,55+,Moderate
NV407808,2026-04-06,2026-04,Influencer/Content,Tier 1,25-34,Moderate
NV407809,2026-04-12,2026-04,Organic App Store,Tier 1,35-44,Aggressive
NV407810,2026-04-27,2026-04,Referral,Tier 1,18-24,Aggressive
NV407811,2026-04-26,2026-04,Paid Ads,Tier 1,35-44,Aggressive
NV407812,2026-04-29,2026-04,Organic App Store,Tier 2,35-44,Moderate
NV407813,2026-04-10,2026-04,Referral,Tier 3,55+,Aggressive
NV407814,2026-04-22,2026-04,Paid Ads,Tier 2,25-34,Moderate
NV407815,2026-04-13,2026-04,Paid Ads,Tier 2,18-24,Conservative
NV407816,2026-04-23,2026-04,Influencer/Content,Tier 1,25-34,Aggressive
NV407817,2026-04-27,2026-04,Referral,Tier 3,55+,Aggressive
NV407818,2026-04-10,2026-04,Organic App Store,Tier 1,35-44,Moderate
NV407819,2026-04-16,2026-04,Influencer/Content,Tier 2,25-34,Conservative
NV407820,2026-04-28,2026-04,Influencer/Content,Tier 1,18-24,Aggressive
NV407821,2026-04-27,2026-04,Paid Ads,Tier 1,18-24,Moderate
NV407822,2026-04-25,2026-04,Organic App Store,Tier 3,25-34,Conservative
NV407823,2026-04-23,2026-04,Organic App Store,Tier 2,25-34,Moderate
NV407824,2026-04-16,2026-04,Influencer/Content,Tier 3,25-34,Aggressive
NV407825,2026-04-14,2026-04,Influencer/Content,Tier 1,18-24,Moderate
NV407826,2026-04-16,2026-04,Organic App Store,Tier 1,35-44,Conservative
NV407827,2026-04-22,2026-04,Influencer/Content,Tier 2,25-34,Aggressive
NV407828,2026-04-17,2026-04,Referral,Tier 1,25-34,Conservative
NV407829,2026-04-17,2026-04,Paid Ads,Tier 2,45-54,Moderate
NV407830,2026-04-02,2026-04,Paid Ads,Tier 2,45-54,Aggressive
NV407831,2026-04-14,2026-04,Referral,Tier 2,18-24,Conservative
NV407832,2026-04-16,2026-04,Paid Ads,Tier 1,18-24,Aggressive
NV407833,2026-04-18,2026-04,Organic App Store,Tier 3,25-34,Moderate
NV407834,2026-04-14,2026-04,Referral,Tier 2,35-44,Aggressive
NV407835,2026-04-19,2026-04,Influencer/Content,Tier 2,35-44,Moderate
NV407836,2026-04-23,2026-04,Referral,Tier 1,25-34,Moderate
NV407837,2026-04-20,2026-04,Referral,Tier 1,25-34,Aggressive
NV407838,2026-04-23,2026-04,Organic App Store,Tier 1,35-44,Moderate
NV407839,2026-04-11,2026-04,Influencer/Content,Tier 3,18-24,Conservative
NV407840,2026-04-28,2026-04,Paid Ads,Tier 3,25-34,Moderate
NV407841,2026-04-13,2026-04,Organic App Store,Tier 3,18-24,Moderate
NV407842,2026-04-17,2026-04,Organic App Store,Tier 3,25-34,Aggressive
NV407843,2026-04-13,2026-04,Organic App Store,Tier 3,35-44,Aggressive
NV407844,2026-04-02,2026-04,Paid Ads,Tier 1,45-54,Conservative
NV407845,2026-04-22,2026-04,Referral,Tier 2,25-34,Aggressive
NV407846,2026-04-24,2026-04,Influencer/Content,Tier 3,25-34,Aggressive
NV407847,2026-04-17,2026-04,Referral,Tier 2,45-54,Moderate
NV407848,2026-04-25,2026-04,Organic App Store,Tier 3,55+,Conservative
NV407849,2026-04-08,2026-04,Organic App Store,Tier 1,18-24,Aggressive
NV407850,2026-04-05,2026-04,Organic App Store,Tier 2,18-24,Aggressive
NV407851,2026-04-21,2026-04,Paid Ads,Tier 1,25-34,Moderate
NV407852,2026-04-02,2026-04,Organic App Store,Tier 1,35-44,Conservative
NV407853,2026-04-04,2026-04,Organic App Store,Tier 3,25-34,Conservative
NV407854,2026-04-17,2026-04,Organic App Store,Tier 3,35-44,Moderate
NV407855,2026-04-10,2026-04,Paid Ads,Tier 1,35-44,Conservative
NV407856,2026-04-27,2026-04,Influencer/Content,Tier 2,25-34,Aggressive
NV407857,2026-04-10,2026-04,Organic App Store,Tier 1,18-24,Conservative
NV407858,2026-04-22,2026-04,Organic App Store,Tier 2,25-34,Moderate
NV407859,2026-04-03,2026-04,Organic App Store,Tier 3,45-54,Conservative
NV407860,2026-04-10,2026-04,Referral,Tier 2,55+,Conservative
NV407861,2026-04-17,2026-04,Organic App Store,Tier 1,35-44,Moderate
NV407862,2026-04-23,2026-04,Paid Ads,Tier 1,35-44,Moderate
NV407863,2026-04-27,2026-04,Paid Ads,Tier 2,35-44,Conservative
NV407864,2026-04-01,2026-04,Organic App Store,Tier 1,55+,Conservative
NV407865,2026-04-30,2026-04,Paid Ads,Tier 2,25-34,Moderate
NV407866,2026-04-17,2026-04,Paid Ads,Tier 1,35-44,Moderate
NV407867,2026-04-13,2026-04,Paid Ads,Tier 3,25-34,Moderate
NV407868,2026-04-14,2026-04,Paid Ads,Tier 3,35-44,Moderate
NV407869,2026-04-12,2026-04,Organic App Store,Tier 1,45-54,Aggressive
NV407870,2026-04-26,2026-04,Influencer/Content,Tier 1,35-44,Moderate
NV407871,2026-04-06,2026-04,Organic App Store,Tier 2,45-54,Aggressive
NV407872,2026-04-11,2026-04,Referral,Tier 2,35-44,Conservative
NV407873,2026-04-05,2026-04,Organic App Store,Tier 1,35-44,Conservative
NV407874,2026-04-14,2026-04,Influencer/Content,Tier 1,18-24,Moderate
NV407875,2026-04-01,2026-04,Paid Ads,Tier 1,25-34,Conservative
NV407876,2026-04-27,2026-04,Paid Ads,Tier 2,25-34,Aggressive
NV407877,2026-04-01,2026-04,Paid Ads,Tier 1,25-34,Conservative
NV407878,2026-04-20,2026-04,Organic App Store,Tier 2,35-44,Moderate
NV407879,2026-04-03,2026-04,Influencer/Content,Tier 2,25-34,Conservative
NV407880,2026-04-04,2026-04,Paid Ads,Tier 1,35-44,Conservative
NV407881,2026-04-02,2026-04,Influencer/Content,Tier 2,18-24,Conservative
NV407882,2026-04-21,2026-04,Organic App Store,Tier 3,25-34,Moderate
NV407883,2026-04-10,2026-04,Organic App Store,Tier 1,45-54,Moderate
NV407884,2026-04-23,2026-04,Organic App Store,Tier 3,25-34,Aggressive
NV407885,2026-04-22,2026-04,Influencer/Content,Tier 3,25-34,Conservative
NV407886,2026-04-13,2026-04,Organic App Store,Tier 1,25-34,Moderate
NV407887,2026-04-10,2026-04,Organic App Store,Tier 3,35-44,Moderate
NV407888,2026-04-19,2026-04,Influencer/Content,Tier 2,25-34,Conservative
NV407889,2026-04-24,2026-04,Organic App Store,Tier 1,25-34,Moderate
NV407890,2026-04-13,2026-04,Paid Ads,Tier 2,35-44,Moderate
NV407891,2026-04-18,2026-04,Organic App Store,Tier 1,25-34,Aggressive
NV407892,2026-04-26,2026-04,Referral,Tier 3,25-34,Conservative
NV407893,2026-04-05,2026-04,Referral,Tier 1,45-54,Moderate
NV407894,2026-04-21,2026-04,Referral,Tier 3,25-34,Conservative
NV407895,2026-04-20,2026-04,Organic App Store,Tier 3,25-34,Conservative
NV407896,2026-04-10,2026-04,Referral,Tier 2,25-34,Moderate
NV407897,2026-04-14,2026-04,Organic App Store,Tier 1,18-24,Moderate
NV407898,2026-04-04,2026-04,Referral,Tier 2,25-34,Conservative
NV407899,2026-04-17,2026-04,Influencer/Content,Tier 3,25-34,Aggressive
NV407900,2026-04-27,2026-04,Referral,Tier 2,35-44,Aggressive
NV407901,2026-04-10,2026-04,Organic App Store,Tier 2,35-44,Moderate
NV407902,2026-04-06,2026-04,Paid Ads,Tier 1,25-34,Aggressive
NV407903,2026-04-01,2026-04,Referral,Tier 1,25-34,Aggressive
NV407904,2026-04-12,2026-04,Referral,Tier 3,45-54,Moderate
NV407905,2026-04-15,2026-04,Organic App Store,Tier 1,18-24,Moderate
NV407906,2026-04-24,2026-04,Influencer/Content,Tier 2,45-54,Moderate
NV407907,2026-04-02,2026-04,Organic App Store,Tier 1,35-44,Aggressive
NV407908,2026-04-22,2026-04,Organic App Store,Tier 3,25-34,Aggressive
NV407909,2026-04-13,2026-04,Organic App Store,Tier 2,25-34,Moderate
NV407910,2026-04-16,2026-04,Organic App Store,Tier 2,35-44,Aggressive
NV407911,2026-04-09,2026-04,Referral,Tier 3,45-54,Conservative
NV407912,2026-04-02,2026-04,Referral,Tier 2,55+,Moderate
NV407913,2026-04-04,2026-04,Influencer/Content,Tier 2,25-34,Moderate
NV407914,2026-04-01,2026-04,Paid Ads,Tier 1,25-34,Moderate
NV407915,2026-04-21,2026-04,Referral,Tier 1,18-24,Moderate
NV407916,2026-04-14,2026-04,Referral,Tier 1,18-24,Conservative
NV407917,2026-04-13,2026-04,Paid Ads,Tier 2,25-34,Aggressive
NV407918,2026-04-18,2026-04,Organic App Store,Tier 3,35-44,Aggressive
NV407919,2026-04-26,2026-04,Organic App Store,Tier 2,35-44,Aggressive
NV407920,2026-04-25,2026-04,Referral,Tier 2,25-34,Conservative
NV407921,2026-04-25,2026-04,Organic App Store,Tier 3,25-34,Conservative
NV407922,2026-04-29,2026-04,Organic App Store,Tier 1,35-44,Moderate
NV407923,2026-04-23,2026-04,Organic App Store,Tier 2,25-34,Aggressive
NV407924,2026-04-10,2026-04,Paid Ads,Tier 2,18-24,Moderate
NV407925,2026-04-16,2026-04,Influencer/Content,Tier 2,18-24,Aggressive
NV407926,2026-04-06,2026-04,Referral,Tier 2,18-24,Conservative
NV407927,2026-04-26,2026-04,Organic App Store,Tier 1,25-34,Aggressive
NV407928,2026-04-03,2026-04,Influencer/Content,Tier 3,25-34,Aggressive
NV407929,2026-04-29,2026-04,Paid Ads,Tier 3,18-24,Conservative
NV407930,2026-04-19,2026-04,Organic App Store,Tier 1,25-34,Moderate
NV407931,2026-04-18,2026-04,Organic App Store,Tier 1,45-54,Conservative
NV407932,2026-04-14,2026-04,Organic App Store,Tier 1,25-34,Conservative
NV407933,2026-04-16,2026-04,Influencer/Content,Tier 2,35-44,Moderate
NV407934,2026-04-07,2026-04,Influencer/Content,Tier 1,25-34,Moderate
NV407935,2026-04-13,2026-04,Influencer/Content,Tier 3,45-54,Conservative
NV407936,2026-04-08,2026-04,Referral,Tier 1,18-24,Moderate
NV407937,2026-04-17,2026-04,Organic App Store,Tier 3,35-44,Aggressive
NV407938,2026-04-23,2026-04,Organic App Store,Tier 2,35-44,Conservative
NV407939,2026-04-03,2026-04,Organic App Store,Tier 3,25-34,Conservative
NV407940,2026-04-25,2026-04,Organic App Store,Tier 1,35-44,Moderate
NV407941,2026-04-08,2026-04,Organic App Store,Tier 2,25-34,Aggressive
NV407942,2026-04-02,2026-04,Organic App Store,Tier 1,25-34,Conservative
NV407943,2026-04-08,2026-04,Paid Ads,Tier 1,25-34,Moderate
NV407944,2026-04-21,2026-04,Organic App Store,Tier 3,35-44,Conservative
NV407945,2026-04-09,2026-04,Organic App Store,Tier 2,18-24,Moderate
NV407946,2026-04-15,2026-04,Referral,Tier 1,35-44,Moderate
NV407947,2026-04-29,2026-04,Referral,Tier 3,25-34,Moderate
NV407948,2026-04-01,2026-04,Paid Ads,Tier 3,18-24,Conservative
NV407949,2026-04-28,2026-04,Organic App Store,Tier 3,25-34,Aggressive
NV407950,2026-05-22,2026-05,Paid Ads,Tier 1,25-34,Aggressive
NV407951,2026-05-15,2026-05,Paid Ads,Tier 1,35-44,Moderate
NV407952,2026-05-11,2026-05,Organic App Store,Tier 1,25-34,Moderate
NV407953,2026-05-17,2026-05,Referral,Tier 1,25-34,Aggressive
NV407954,2026-05-16,2026-05,Paid Ads,Tier 3,35-44,Moderate
NV407955,2026-05-05,2026-05,Referral,Tier 2,18-24,Moderate
NV407956,2026-05-06,2026-05,Influencer/Content,Tier 3,45-54,Conservative
NV407957,2026-05-27,2026-05,Referral,Tier 1,25-34,Aggressive
NV407958,2026-05-27,2026-05,Organic App Store,Tier 1,25-34,Moderate
NV407959,2026-05-30,2026-05,Paid Ads,Tier 3,25-34,Moderate
NV407960,2026-05-10,2026-05,Influencer/Content,Tier 1,35-44,Conservative
NV407961,2026-05-13,2026-05,Influencer/Content,Tier 1,35-44,Aggressive
NV407962,2026-05-14,2026-05,Organic App Store,Tier 1,45-54,Moderate
NV407963,2026-05-24,2026-05,Influencer/Content,Tier 2,25-34,Moderate
NV407964,2026-05-14,2026-05,Organic App Store,Tier 2,25-34,Moderate
NV407965,2026-05-07,2026-05,Organic App Store,Tier 2,25-34,Conservative
NV407966,2026-05-17,2026-05,Organic App Store,Tier 2,45-54,Aggressive
NV407967,2026-05-18,2026-05,Influencer/Content,Tier 3,25-34,Moderate
NV407968,2026-05-29,2026-05,Organic App Store,Tier 1,25-34,Aggressive
NV407969,2026-05-08,2026-05,Referral,Tier 3,35-44,Aggressive
NV407970,2026-05-20,2026-05,Influencer/Content,Tier 2,18-24,Moderate
NV407971,2026-05-24,2026-05,Referral,Tier 1,45-54,Conservative
NV407972,2026-05-01,2026-05,Referral,Tier 2,25-34,Conservative
NV407973,2026-05-30,2026-05,Influencer/Content,Tier 1,35-44,Moderate
NV407974,2026-05-02,2026-05,Influencer/Content,Tier 1,35-44,Aggressive
NV407975,2026-05-14,2026-05,Paid Ads,Tier 2,45-54,Aggressive
NV407976,2026-05-02,2026-05,Paid Ads,Tier 2,25-34,Conservative
NV407977,2026-05-27,2026-05,Organic App Store,Tier 1,45-54,Aggressive
NV407978,2026-05-30,2026-05,Paid Ads,Tier 1,18-24,Moderate
NV407979,2026-05-09,2026-05,Influencer/Content,Tier 1,45-54,Conservative
NV407980,2026-05-20,2026-05,Referral,Tier 3,45-54,Moderate
NV407981,2026-05-02,2026-05,Organic App Store,Tier 3,25-34,Conservative
NV407982,2026-05-18,2026-05,Organic App Store,Tier 2,25-34,Conservative
NV407983,2026-05-11,2026-05,Influencer/Content,Tier 1,25-34,Aggressive
NV407984,2026-05-16,2026-05,Organic App Store,Tier 3,25-34,Conservative
NV407985,2026-05-16,2026-05,Referral,Tier 3,25-34,Conservative
NV407986,2026-05-15,2026-05,Influencer/Content,Tier 2,18-24,Aggressive
NV407987,2026-05-22,2026-05,Referral,Tier 1,25-34,Moderate
NV407988,2026-05-03,2026-05,Organic App Store,Tier 3,35-44,Aggressive
NV407989,2026-05-11,2026-05,Referral,Tier 2,35-44,Aggressive
NV407990,2026-05-07,2026-05,Referral,Tier 1,25-34,Moderate
NV407991,2026-05-27,2026-05,Influencer/Content,Tier 1,25-34,Aggressive
NV407992,2026-05-05,2026-05,Organic App Store,Tier 2,35-44,Moderate
NV407993,2026-05-04,2026-05,Paid Ads,Tier 1,25-34,Aggressive
NV407994,2026-05-23,2026-05,Influencer/Content,Tier 2,45-54,Conservative
NV407995,2026-05-26,2026-05,Influencer/Content,Tier 1,18-24,Conservative
NV407996,2026-05-21,2026-05,Influencer/Content,Tier 1,25-34,Conservative
NV407997,2026-05-09,2026-05,Paid Ads,Tier 1,25-34,Moderate
NV407998,2026-05-21,2026-05,Referral,Tier 2,55+,Conservative
NV407999,2026-05-02,2026-05,Referral,Tier 1,55+,Aggressive
NV408000,2026-05-23,2026-05,Organic App Store,Tier 2,35-44,Moderate
NV408001,2026-05-26,2026-05,Paid Ads,Tier 2,18-24,Conservative
NV408002,2026-05-23,2026-05,Influencer/Content,Tier 2,45-54,Moderate
NV408003,2026-05-07,2026-05,Paid Ads,Tier 2,18-24,Moderate
NV408004,2026-05-03,2026-05,Organic App Store,Tier 2,25-34,Conservative
NV408005,2026-05-25,2026-05,Referral,Tier 2,45-54,Moderate
NV408006,2026-05-22,2026-05,Referral,Tier 2,35-44,Aggressive
NV408007,2026-05-22,2026-05,Paid Ads,Tier 3,25-34,Moderate
NV408008,2026-05-06,2026-05,Organic App Store,Tier 1,18-24,Conservative
NV408009,2026-05-20,2026-05,Paid Ads,Tier 2,35-44,Moderate
NV408010,2026-05-17,2026-05,Organic App Store,Tier 2,25-34,Moderate
NV408011,2026-05-22,2026-05,Paid Ads,Tier 2,25-34,Conservative
NV408012,2026-05-13,2026-05,Organic App Store,Tier 3,35-44,Conservative
NV408013,2026-05-14,2026-05,Organic App Store,Tier 1,35-44,Conservative
NV408014,2026-05-14,2026-05,Influencer/Content,Tier 2,25-34,Conservative
NV408015,2026-05-08,2026-05,Organic App Store,Tier 1,25-34,Aggressive
NV408016,2026-05-09,2026-05,Influencer/Content,Tier 2,25-34,Aggressive
NV408017,2026-05-22,2026-05,Influencer/Content,Tier 1,25-34,Moderate
NV408018,2026-05-01,2026-05,Referral,Tier 1,25-34,Conservative
NV408019,2026-05-17,2026-05,Influencer/Content,Tier 1,25-34,Aggressive
NV408020,2026-05-27,2026-05,Organic App Store,Tier 2,25-34,Aggressive
NV408021,2026-05-23,2026-05,Influencer/Content,Tier 3,35-44,Moderate
NV408022,2026-05-04,2026-05,Organic App Store,Tier 1,45-54,Aggressive
NV408023,2026-05-23,2026-05,Influencer/Content,Tier 2,35-44,Moderate
NV408024,2026-05-09,2026-05,Organic App Store,Tier 2,25-34,Conservative
NV408025,2026-05-30,2026-05,Influencer/Content,Tier 2,45-54,Conservative
NV408026,2026-05-02,2026-05,Influencer/Content,Tier 2,25-34,Conservative
NV408027,2026-05-12,2026-05,Paid Ads,Tier 3,25-34,Moderate
NV408028,2026-05-01,2026-05,Organic App Store,Tier 1,18-24,Aggressive
NV408029,2026-05-24,2026-05,Referral,Tier 2,18-24,Conservative
NV408030,2026-05-27,2026-05,Organic App Store,Tier 2,25-34,Conservative
NV408031,2026-05-07,2026-05,Organic App Store,Tier 3,25-34,Conservative
NV408032,2026-05-08,2026-05,Organic App Store,Tier 1,25-34,Aggressive
NV408033,2026-05-12,2026-05,Organic App Store,Tier 1,45-54,Moderate
NV408034,2026-05-15,2026-05,Organic App Store,Tier 1,25-34,Moderate
NV408035,2026-05-19,2026-05,Referral,Tier 1,25-34,Aggressive
NV408036,2026-05-24,2026-05,Influencer/Content,Tier 1,45-54,Conservative
NV408037,2026-05-21,2026-05,Organic App Store,Tier 3,25-34,Aggressive
NV408038,2026-05-09,2026-05,Paid Ads,Tier 1,35-44,Aggressive
NV408039,2026-05-17,2026-05,Influencer/Content,Tier 3,25-34,Moderate
NV408040,2026-05-15,2026-05,Organic App Store,Tier 2,25-34,Conservative
NV408041,2026-05-25,2026-05,Influencer/Content,Tier 2,35-44,Moderate
NV408042,2026-05-15,2026-05,Referral,Tier 1,35-44,Moderate
NV408043,2026-05-12,2026-05,Organic App Store,Tier 3,25-34,Aggressive
NV408044,2026-05-20,2026-05,Paid Ads,Tier 1,18-24,Moderate
NV408045,2026-05-13,2026-05,Paid Ads,Tier 3,35-44,Conservative
NV408046,2026-05-23,2026-05,Paid Ads,Tier 2,35-44,Aggressive
NV408047,2026-05-26,2026-05,Referral,Tier 1,18-24,Conservative
NV408048,2026-05-30,2026-05,Organic App Store,Tier 2,45-54,Moderate
NV408049,2026-05-17,2026-05,Organic App Store,Tier 3,45-54,Moderate
NV408050,2026-05-30,2026-05,Paid Ads,Tier 2,25-34,Conservative
NV408051,2026-05-03,2026-05,Referral,Tier 2,18-24,Conservative
NV408052,2026-05-16,2026-05,Paid Ads,Tier 2,45-54,Conservative
NV408053,2026-05-20,2026-05,Paid Ads,Tier 2,45-54,Moderate
NV408054,2026-05-07,2026-05,Influencer/Content,Tier 2,25-34,Conservative
NV408055,2026-05-13,2026-05,Organic App Store,Tier 3,45-54,Aggressive
NV408056,2026-05-27,2026-05,Referral,Tier 1,35-44,Moderate
NV408057,2026-05-20,2026-05,Paid Ads,Tier 1,35-44,Moderate
NV408058,2026-05-11,2026-05,Organic App Store,Tier 2,55+,Conservative
NV408059,2026-05-04,2026-05,Referral,Tier 1,25-34,Aggressive
NV408060,2026-05-07,2026-05,Influencer/Content,Tier 2,35-44,Moderate
NV408061,2026-05-22,2026-05,Influencer/Content,Tier 2,25-34,Moderate
NV408062,2026-05-13,2026-05,Organic App Store,Tier 2,25-34,Aggressive
NV408063,2026-05-26,2026-05,Referral,Tier 2,25-34,Conservative
NV408064,2026-05-19,2026-05,Organic App Store,Tier 3,25-34,Aggressive
NV408065,2026-05-05,2026-05,Organic App Store,Tier 2,25-34,Conservative
NV408066,2026-05-05,2026-05,Influencer/Content,Tier 3,25-34,Aggressive
NV408067,2026-05-06,2026-05,Referral,Tier 3,25-34,Moderate
NV408068,2026-05-25,2026-05,Organic App Store,Tier 3,55+,Moderate
NV408069,2026-05-25,2026-05,Organic App Store,Tier 1,18-24,Aggressive
NV408070,2026-05-06,2026-05,Paid Ads,Tier 1,35-44,Aggressive
NV408071,2026-05-06,2026-05,Referral,Tier 1,45-54,Moderate
NV408072,2026-05-18,2026-05,Organic App Store,Tier 1,18-24,Conservative
NV408073,2026-05-08,2026-05,Organic App Store,Tier 2,35-44,Conservative
NV408074,2026-05-21,2026-05,Paid Ads,Tier 2,25-34,Moderate
NV408075,2026-05-29,2026-05,Organic App Store,Tier 2,25-34,Moderate
NV408076,2026-05-24,2026-05,Referral,Tier 3,35-44,Conservative
NV408077,2026-05-09,2026-05,Paid Ads,Tier 3,18-24,Aggressive
NV408078,2026-05-23,2026-05,Referral,Tier 2,45-54,Aggressive
NV408079,2026-05-17,2026-05,Referral,Tier 2,45-54,Moderate
NV408080,2026-05-15,2026-05,Organic App Store,Tier 3,35-44,Conservative
NV408081,2026-05-22,2026-05,Influencer/Content,Tier 2,25-34,Moderate
NV408082,2026-05-26,2026-05,Influencer/Content,Tier 1,25-34,Moderate
NV408083,2026-05-29,2026-05,Organic App Store,Tier 1,18-24,Aggressive
NV408084,2026-05-21,2026-05,Influencer/Content,Tier 3,55+,Moderate
NV408085,2026-05-14,2026-05,Paid Ads,Tier 1,35-44,Moderate
NV408086,2026-05-14,2026-05,Referral,Tier 2,35-44,Conservative
NV408087,2026-05-09,2026-05,Paid Ads,Tier 1,35-44,Aggressive
NV408088,2026-05-17,2026-05,Referral,Tier 2,18-24,Moderate
NV408089,2026-05-29,2026-05,Referral,Tier 2,18-24,Moderate
NV408090,2026-05-13,2026-05,Referral,Tier 2,18-24,Moderate
NV408091,2026-05-04,2026-05,Paid Ads,Tier 1,25-34,Conservative
NV408092,2026-05-03,2026-05,Organic App Store,Tier 1,35-44,Conservative
NV408093,2026-05-09,2026-05,Paid Ads,Tier 2,25-34,Moderate
NV408094,2026-05-12,2026-05,Organic App Store,Tier 1,35-44,Conservative
NV408095,2026-05-28,2026-05,Referral,Tier 2,35-44,Conservative
NV408096,2026-05-24,2026-05,Referral,Tier 3,18-24,Conservative
NV408097,2026-05-07,2026-05,Organic App Store,Tier 1,25-34,Moderate
NV408098,2026-05-19,2026-05,Paid Ads,Tier 2,25-34,Conservative
NV408099,2026-05-16,2026-05,Organic App Store,Tier 1,25-34,Moderate
NV408100,2026-05-06,2026-05,Influencer/Content,Tier 3,25-34,Moderate
NV408101,2026-05-01,2026-05,Paid Ads,Tier 2,55+,Conservative
NV408102,2026-05-18,2026-05,Organic App Store,Tier 2,25-34,Moderate
NV408103,2026-05-15,2026-05,Organic App Store,Tier 2,35-44,Moderate
NV408104,2026-05-17,2026-05,Organic App Store,Tier 2,25-34,Moderate
NV408105,2026-05-11,2026-05,Organic App Store,Tier 1,18-24,Aggressive
NV408106,2026-05-08,2026-05,Organic App Store,Tier 1,18-24,Conservative
NV408107,2026-05-07,2026-05,Referral,Tier 1,25-34,Conservative
NV408108,2026-05-10,2026-05,Referral,Tier 1,25-34,Moderate
NV408109,2026-05-21,2026-05,Organic App Store,Tier 1,25-34,Conservative
NV408110,2026-05-24,2026-05,Referral,Tier 1,18-24,Moderate
NV408111,2026-05-14,2026-05,Organic App Store,Tier 2,35-44,Conservative
NV408112,2026-05-10,2026-05,Influencer/Content,Tier 1,35-44,Moderate
NV408113,2026-05-17,2026-05,Organic App Store,Tier 3,45-54,Moderate
NV408114,2026-05-27,2026-05,Influencer/Content,Tier 3,35-44,Aggressive
NV408115,2026-05-19,2026-05,Paid Ads,Tier 1,25-34,Conservative
NV408116,2026-05-01,2026-05,Organic App Store,Tier 1,35-44,Moderate
NV408117,2026-05-02,2026-05,Organic App Store,Tier 3,18-24,Moderate
NV408118,2026-05-17,2026-05,Paid Ads,Tier 3,25-34,Conservative
NV408119,2026-05-21,2026-05,Paid Ads,Tier 2,18-24,Aggressive
NV408120,2026-05-15,2026-05,Referral,Tier 3,25-34,Conservative
NV408121,2026-05-18,2026-05,Organic App Store,Tier 3,35-44,Moderate
NV408122,2026-05-06,2026-05,Referral,Tier 3,18-24,Moderate
NV408123,2026-05-05,2026-05,Referral,Tier 1,25-34,Conservative
NV408124,2026-05-10,2026-05,Organic App Store,Tier 3,35-44,Conservative
NV408125,2026-05-10,2026-05,Organic App Store,Tier 1,25-34,Aggressive
NV408126,2026-05-24,2026-05,Organic App Store,Tier 2,18-24,Aggressive
NV408127,2026-05-01,2026-05,Organic App Store,Tier 1,35-44,Moderate
NV408128,2026-05-15,2026-05,Organic App Store,Tier 2,35-44,Moderate
NV408129,2026-05-29,2026-05,Influencer/Content,Tier 1,35-44,Conservative
NV408130,2026-05-11,2026-05,Referral,Tier 3,25-34,Moderate
NV408131,2026-05-05,2026-05,Paid Ads,Tier 2,25-34,Moderate
NV408132,2026-05-26,2026-05,Paid Ads,Tier 1,25-34,Moderate
NV408133,2026-05-04,2026-05,Organic App Store,Tier 2,25-34,Moderate
NV408134,2026-05-17,2026-05,Influencer/Content,Tier 2,25-34,Conservative
NV408135,2026-05-04,2026-05,Organic App Store,Tier 1,18-24,Moderate
NV408136,2026-05-11,2026-05,Organic App Store,Tier 1,35-44,Conservative
NV408137,2026-05-07,2026-05,Paid Ads,Tier 1,25-34,Conservative
NV408138,2026-05-29,2026-05,Organic App Store,Tier 2,18-24,Moderate
NV408139,2026-05-29,2026-05,Organic App Store,Tier 1,25-34,Conservative
NV408140,2026-05-09,2026-05,Referral,Tier 2,35-44,Conservative
NV408141,2026-05-16,2026-05,Referral,Tier 1,25-34,Moderate
NV408142,2026-05-12,2026-05,Referral,Tier 1,25-34,Moderate
NV408143,2026-05-16,2026-05,Organic App Store,Tier 2,25-34,Moderate
NV408144,2026-05-26,2026-05,Organic App Store,Tier 1,25-34,Moderate
NV408145,2026-05-25,2026-05,Paid Ads,Tier 2,18-24,Moderate
NV408146,2026-05-11,2026-05,Referral,Tier 1,45-54,Conservative
NV408147,2026-05-07,2026-05,Referral,Tier 2,35-44,Moderate
NV408148,2026-05-17,2026-05,Organic App Store,Tier 2,25-34,Conservative
NV408149,2026-05-09,2026-05,Paid Ads,Tier 1,25-34,Moderate
NV408150,2026-05-16,2026-05,Organic App Store,Tier 2,25-34,Moderate
NV408151,2026-05-05,2026-05,Referral,Tier 1,35-44,Aggressive
NV408152,2026-05-13,2026-05,Organic App Store,Tier 2,45-54,Moderate
NV408153,2026-05-15,2026-05,Paid Ads,Tier 1,35-44,Aggressive
NV408154,2026-05-03,2026-05,Referral,Tier 1,25-34,Moderate
NV408155,2026-05-23,2026-05,Influencer/Content,Tier 3,25-34,Moderate
NV408156,2026-05-04,2026-05,Influencer/Content,Tier 2,25-34,Moderate
NV408157,2026-05-22,2026-05,Referral,Tier 3,45-54,Aggressive
NV408158,2026-05-11,2026-05,Influencer/Content,Tier 1,35-44,Moderate
NV408159,2026-05-03,2026-05,Referral,Tier 3,35-44,Aggressive
NV408160,2026-05-03,2026-05,Referral,Tier 2,35-44,Conservative
NV408161,2026-05-25,2026-05,Paid Ads,Tier 2,18-24,Aggressive
NV408162,2026-05-09,2026-05,Referral,Tier 2,55+,Moderate
NV408163,2026-05-05,2026-05,Referral,Tier 3,25-34,Conservative
NV408164,2026-05-24,2026-05,Referral,Tier 2,45-54,Conservative
NV408165,2026-05-14,2026-05,Organic App Store,Tier 1,55+,Moderate
NV408166,2026-05-29,2026-05,Organic App Store,Tier 1,18-24,Conservative
NV408167,2026-05-04,2026-05,Organic App Store,Tier 3,55+,Moderate
NV408168,2026-05-09,2026-05,Organic App Store,Tier 1,25-34,Moderate
NV408169,2026-05-15,2026-05,Referral,Tier 2,45-54,Moderate
NV408170,2026-05-22,2026-05,Organic App Store,Tier 2,45-54,Conservative
NV408171,2026-05-25,2026-05,Organic App Store,Tier 2,18-24,Aggressive
NV408172,2026-05-03,2026-05,Organic App Store,Tier 1,35-44,Conservative
NV408173,2026-05-01,2026-05,Organic App Store,Tier 1,25-34,Moderate
NV408174,2026-05-18,2026-05,Paid Ads,Tier 2,35-44,Moderate
NV408175,2026-05-09,2026-05,Influencer/Content,Tier 2,25-34,Moderate
NV408176,2026-05-08,2026-05,Paid Ads,Tier 2,18-24,Aggressive
NV408177,2026-05-30,2026-05,Organic App Store,Tier 2,25-34,Aggressive
NV408178,2026-05-12,2026-05,Referral,Tier 1,25-34,Moderate
NV408179,2026-05-10,2026-05,Referral,Tier 2,35-44,Moderate
NV408180,2026-05-07,2026-05,Paid Ads,Tier 3,35-44,Conservative
NV408181,2026-05-27,2026-05,Organic App Store,Tier 2,35-44,Conservative
NV408182,2026-05-02,2026-05,Paid Ads,Tier 2,45-54,Aggressive
NV408183,2026-05-13,2026-05,Organic App Store,Tier 2,35-44,Conservative
NV408184,2026-05-18,2026-05,Paid Ads,Tier 1,25-34,Aggressive
NV408185,2026-05-09,2026-05,Organic App Store,Tier 2,35-44,Conservative
NV408186,2026-05-04,2026-05,Organic App Store,Tier 1,25-34,Moderate
NV408187,2026-05-21,2026-05,Referral,Tier 2,45-54,Conservative
NV408188,2026-05-17,2026-05,Referral,Tier 2,25-34,Aggressive
NV408189,2026-05-29,2026-05,Referral,Tier 3,45-54,Aggressive
NV408190,2026-05-12,2026-05,Influencer/Content,Tier 3,18-24,Conservative
NV408191,2026-05-02,2026-05,Referral,Tier 2,25-34,Moderate
NV408192,2026-05-21,2026-05,Organic App Store,Tier 2,18-24,Moderate
NV408193,2026-05-30,2026-05,Organic App Store,Tier 3,45-54,Conservative
NV408194,2026-05-12,2026-05,Organic App Store,Tier 1,35-44,Conservative
NV408195,2026-05-06,2026-05,Organic App Store,Tier 3,45-54,Conservative
NV408196,2026-05-12,2026-05,Organic App Store,Tier 1,45-54,Moderate
NV408197,2026-05-09,2026-05,Referral,Tier 1,18-24,Conservative
NV408198,2026-05-05,2026-05,Paid Ads,Tier 3,55+,Moderate
NV408199,2026-05-14,2026-05,Paid Ads,Tier 2,25-34,Moderate
NV408200,2026-05-01,2026-05,Influencer/Content,Tier 2,25-34,Aggressive
NV408201,2026-05-12,2026-05,Paid Ads,Tier 1,25-34,Conservative
NV408202,2026-05-28,2026-05,Organic App Store,Tier 2,25-34,Aggressive
NV408203,2026-05-17,2026-05,Organic App Store,Tier 3,25-34,Moderate
NV408204,2026-05-17,2026-05,Organic App Store,Tier 1,55+,Moderate
NV408205,2026-05-16,2026-05,Paid Ads,Tier 3,25-34,Conservative
NV408206,2026-05-13,2026-05,Referral,Tier 3,18-24,Aggressive
NV408207,2026-05-25,2026-05,Paid Ads,Tier 2,18-24,Aggressive
NV408208,2026-05-15,2026-05,Paid Ads,Tier 1,35-44,Moderate
NV408209,2026-05-28,2026-05,Influencer/Content,Tier 1,18-24,Moderate
NV408210,2026-05-26,2026-05,Organic App Store,Tier 1,35-44,Moderate
NV408211,2026-05-07,2026-05,Influencer/Content,Tier 2,45-54,Conservative
NV408212,2026-05-20,2026-05,Paid Ads,Tier 2,25-34,Aggressive
NV408213,2026-05-02,2026-05,Influencer/Content,Tier 1,25-34,Moderate
NV408214,2026-05-13,2026-05,Referral,Tier 1,25-34,Moderate
NV408215,2026-05-08,2026-05,Organic App Store,Tier 1,25-34,Conservative
NV408216,2026-05-24,2026-05,Referral,Tier 3,35-44,Aggressive
NV408217,2026-05-28,2026-05,Organic App Store,Tier 1,35-44,Conservative
NV408218,2026-05-05,2026-05,Organic App Store,Tier 3,25-34,Moderate
NV408219,2026-05-03,2026-05,Referral,Tier 1,35-44,Moderate
NV408220,2026-05-04,2026-05,Organic App Store,Tier 2,25-34,Conservative
NV408221,2026-05-08,2026-05,Paid Ads,Tier 2,25-34,Moderate
NV408222,2026-05-26,2026-05,Organic App Store,Tier 3,18-24,Conservative
NV408223,2026-05-25,2026-05,Referral,Tier 1,25-34,Moderate
NV408224,2026-05-30,2026-05,Paid Ads,Tier 2,35-44,Moderate
NV408225,2026-05-29,2026-05,Influencer/Content,Tier 2,45-54,Conservative
NV408226,2026-05-04,2026-05,Influencer/Content,Tier 1,25-34,Conservative
NV408227,2026-05-23,2026-05,Organic App Store,Tier 1,25-34,Moderate
NV408228,2026-05-10,2026-05,Influencer/Content,Tier 3,25-34,Moderate
NV408229,2026-05-17,2026-05,Organic App Store,Tier 3,35-44,Conservative
NV408230,2026-05-22,2026-05,Organic App Store,Tier 2,25-34,Conservative
NV408231,2026-05-06,2026-05,Influencer/Content,Tier 2,18-24,Conservative
NV408232,2026-05-24,2026-05,Organic App Store,Tier 2,45-54,Conservative
NV408233,2026-05-29,2026-05,Paid Ads,Tier 2,55+,Moderate
NV408234,2026-05-28,2026-05,Organic App Store,Tier 3,35-44,Moderate
NV408235,2026-05-26,2026-05,Referral,Tier 3,35-44,Conservative
NV408236,2026-05-23,2026-05,Organic App Store,Tier 3,35-44,Moderate
NV408237,2026-05-09,2026-05,Referral,Tier 1,35-44,Conservative
NV408238,2026-05-20,2026-05,Organic App Store,Tier 3,25-34,Conservative
NV408239,2026-05-12,2026-05,Paid Ads,Tier 3,35-44,Aggressive
NV408240,2026-05-04,2026-05,Paid Ads,Tier 3,55+,Conservative
NV408241,2026-05-24,2026-05,Influencer/Content,Tier 2,18-24,Conservative
NV408242,2026-05-08,2026-05,Organic App Store,Tier 2,35-44,Conservative
NV408243,2026-05-24,2026-05,Paid Ads,Tier 1,35-44,Moderate
NV408244,2026-05-13,2026-05,Paid Ads,Tier 1,18-24,Aggressive
NV408245,2026-05-13,2026-05,Influencer/Content,Tier 1,45-54,Moderate
NV408246,2026-05-22,2026-05,Influencer/Content,Tier 2,35-44,Aggressive
NV408247,2026-05-20,2026-05,Organic App Store,Tier 1,35-44,Moderate
NV408248,2026-05-02,2026-05,Referral,Tier 3,45-54,Conservative
NV408249,2026-05-04,2026-05,Organic App Store,Tier 2,35-44,Moderate
NV408250,2026-05-05,2026-05,Organic App Store,Tier 1,18-24,Aggressive
NV408251,2026-05-23,2026-05,Influencer/Content,Tier 1,25-34,Aggressive
NV408252,2026-05-10,2026-05,Referral,Tier 2,25-34,Moderate
NV408253,2026-05-08,2026-05,Influencer/Content,Tier 2,18-24,Moderate
NV408254,2026-05-18,2026-05,Referral,Tier 3,25-34,Moderate
NV408255,2026-05-25,2026-05,Organic App Store,Tier 3,18-24,Moderate
NV408256,2026-05-20,2026-05,Referral,Tier 2,18-24,Aggressive
NV408257,2026-05-19,2026-05,Organic App Store,Tier 1,25-34,Moderate
NV408258,2026-05-28,2026-05,Organic App Store,Tier 1,35-44,Moderate
NV408259,2026-05-25,2026-05,Organic App Store,Tier 3,45-54,Conservative
NV408260,2026-05-05,2026-05,Referral,Tier 1,25-34,Moderate
NV408261,2026-05-19,2026-05,Referral,Tier 1,18-24,Moderate
NV408262,2026-05-21,2026-05,Referral,Tier 1,25-34,Conservative
NV408263,2026-05-03,2026-05,Organic App Store,Tier 1,25-34,Moderate
NV408264,2026-05-23,2026-05,Influencer/Content,Tier 2,35-44,Aggressive
NV408265,2026-05-15,2026-05,Paid Ads,Tier 3,45-54,Aggressive
NV408266,2026-05-30,2026-05,Paid Ads,Tier 2,25-34,Moderate
NV408267,2026-05-15,2026-05,Organic App Store,Tier 2,25-34,Moderate
NV408268,2026-05-18,2026-05,Influencer/Content,Tier 1,25-34,Aggressive
NV408269,2026-05-01,2026-05,Influencer/Content,Tier 2,25-34,Moderate
NV408270,2026-05-11,2026-05,Influencer/Content,Tier 1,18-24,Moderate
NV408271,2026-05-03,2026-05,Influencer/Content,Tier 2,25-34,Conservative
NV408272,2026-05-19,2026-05,Paid Ads,Tier 2,25-34,Conservative
NV408273,2026-05-05,2026-05,Organic App Store,Tier 2,35-44,Moderate
NV408274,2026-05-05,2026-05,Referral,Tier 1,35-44,Aggressive
NV408275,2026-05-18,2026-05,Referral,Tier 2,25-34,Aggressive
NV408276,2026-05-06,2026-05,Influencer/Content,Tier 1,25-34,Moderate
NV408277,2026-05-07,2026-05,Referral,Tier 1,18-24,Conservative
NV408278,2026-05-27,2026-05,Influencer/Content,Tier 1,35-44,Moderate
NV408279,2026-05-21,2026-05,Organic App Store,Tier 2,45-54,Moderate
NV408280,2026-05-11,2026-05,Paid Ads,Tier 3,35-44,Conservative
NV408281,2026-05-18,2026-05,Referral,Tier 3,35-44,Conservative
NV408282,2026-05-05,2026-05,Organic App Store,Tier 3,55+,Conservative
NV408283,2026-05-01,2026-05,Organic App Store,Tier 2,35-44,Conservative
NV408284,2026-05-03,2026-05,Referral,Tier 2,25-34,Moderate
NV408285,2026-05-16,2026-05,Paid Ads,Tier 1,25-34,Moderate
NV408286,2026-05-18,2026-05,Paid Ads,Tier 1,25-34,Conservative
NV408287,2026-05-11,2026-05,Organic App Store,Tier 3,25-34,Moderate
NV408288,2026-05-03,2026-05,Referral,Tier 1,25-34,Conservative
NV408289,2026-05-18,2026-05,Referral,Tier 2,35-44,Conservative
NV408290,2026-05-26,2026-05,Organic App Store,Tier 1,25-34,Conservative
NV408291,2026-05-21,2026-05,Organic App Store,Tier 2,35-44,Aggressive
NV408292,2026-05-17,2026-05,Referral,Tier 1,18-24,Conservative
NV408293,2026-05-12,2026-05,Organic App Store,Tier 2,25-34,Aggressive
NV408294,2026-05-05,2026-05,Paid Ads,Tier 3,18-24,Aggressive
NV408295,2026-05-06,2026-05,Influencer/Content,Tier 1,25-34,Moderate
NV408296,2026-05-22,2026-05,Referral,Tier 3,25-34,Aggressive
NV408297,2026-05-05,2026-05,Referral,Tier 3,45-54,Moderate
NV408298,2026-05-28,2026-05,Referral,Tier 3,25-34,Moderate
NV408299,2026-05-11,2026-05,Referral,Tier 1,35-44,Moderate
NV408300,2026-05-29,2026-05,Organic App Store,Tier 2,25-34,Moderate
NV408301,2026-05-05,2026-05,Organic App Store,Tier 1,25-34,Moderate
NV408302,2026-05-30,2026-05,Organic App Store,Tier 2,35-44,Moderate
NV408303,2026-05-07,2026-05,Referral,Tier 1,18-24,Conservative
NV408304,2026-05-08,2026-05,Referral,Tier 1,18-24,Conservative
NV408305,2026-05-08,2026-05,Referral,Tier 2,35-44,Moderate
NV408306,2026-05-11,2026-05,Organic App Store,Tier 1,25-34,Aggressive
NV408307,2026-05-08,2026-05,Paid Ads,Tier 2,45-54,Conservative
NV408308,2026-05-19,2026-05,Organic App Store,Tier 3,35-44,Conservative
NV408309,2026-05-19,2026-05,Referral,Tier 3,18-24,Moderate
NV408310,2026-05-01,2026-05,Organic App Store,Tier 1,35-44,Conservative
NV408311,2026-05-13,2026-05,Organic App Store,Tier 2,25-34,Moderate
NV408312,2026-05-21,2026-05,Paid Ads,Tier 1,18-24,Conservative
NV408313,2026-05-18,2026-05,Paid Ads,Tier 1,55+,Moderate
NV408314,2026-05-18,2026-05,Referral,Tier 1,35-44,Moderate
NV408315,2026-05-12,2026-05,Referral,Tier 1,45-54,Moderate
NV408316,2026-05-23,2026-05,Organic App Store,Tier 1,25-34,Conservative
NV408317,2026-05-13,2026-05,Organic App Store,Tier 1,35-44,Moderate
NV408318,2026-05-04,2026-05,Referral,Tier 3,18-24,Moderate
NV408319,2026-05-17,2026-05,Referral,Tier 1,35-44,Moderate
NV408320,2026-05-08,2026-05,Referral,Tier 2,25-34,Conservative
NV408321,2026-05-28,2026-05,Influencer/Content,Tier 3,18-24,Moderate
NV408322,2026-05-15,2026-05,Influencer/Content,Tier 2,45-54,Conservative
NV408323,2026-05-05,2026-05,Referral,Tier 1,25-34,Aggressive
NV408324,2026-05-08,2026-05,Influencer/Content,Tier 2,18-24,Moderate
NV408325,2026-05-26,2026-05,Influencer/Content,Tier 2,35-44,Moderate
NV408326,2026-05-10,2026-05,Influencer/Content,Tier 1,25-34,Moderate
NV408327,2026-05-11,2026-05,Referral,Tier 3,45-54,Conservative
NV408328,2026-05-12,2026-05,Organic App Store,Tier 1,25-34,Conservative
NV408329,2026-05-20,2026-05,Influencer/Content,Tier 1,25-34,Moderate
NV408330,2026-05-30,2026-05,Referral,Tier 1,25-34,Conservative
NV408331,2026-05-22,2026-05,Influencer/Content,Tier 3,25-34,Moderate
NV408332,2026-05-14,2026-05,Paid Ads,Tier 1,35-44,Conservative
NV408333,2026-05-26,2026-05,Referral,Tier 1,45-54,Moderate
NV408334,2026-05-16,2026-05,Referral,Tier 1,25-34,Aggressive
NV408335,2026-05-20,2026-05,Referral,Tier 1,35-44,Moderate
NV408336,2026-05-12,2026-05,Organic App Store,Tier 1,25-34,Aggressive
NV408337,2026-05-15,2026-05,Organic App Store,Tier 1,18-24,Aggressive
NV408338,2026-05-30,2026-05,Paid Ads,Tier 3,25-34,Moderate
NV408339,2026-05-25,2026-05,Referral,Tier 2,55+,Moderate
NV408340,2026-05-20,2026-05,Organic App Store,Tier 1,45-54,Moderate
NV408341,2026-05-17,2026-05,Influencer/Content,Tier 1,18-24,Conservative
NV408342,2026-05-17,2026-05,Referral,Tier 2,55+,Moderate
NV408343,2026-05-05,2026-05,Organic App Store,Tier 2,25-34,Aggressive
NV408344,2026-05-15,2026-05,Organic App Store,Tier 3,35-44,Conservative
NV408345,2026-05-13,2026-05,Influencer/Content,Tier 1,55+,Moderate
NV408346,2026-05-21,2026-05,Organic App Store,Tier 1,45-54,Moderate
NV408347,2026-05-13,2026-05,Paid Ads,Tier 2,45-54,Moderate
NV408348,2026-05-04,2026-05,Paid Ads,Tier 1,55+,Aggressive
NV408349,2026-05-27,2026-05,Organic App Store,Tier 1,25-34,Aggressive
NV408350,2026-05-18,2026-05,Influencer/Content,Tier 1,25-34,Moderate
NV408351,2026-05-04,2026-05,Organic App Store,Tier 1,18-24,Aggressive
NV408352,2026-05-14,2026-05,Paid Ads,Tier 2,45-54,Moderate
NV408353,2026-05-03,2026-05,Referral,Tier 2,35-44,Moderate
NV408354,2026-05-19,2026-05,Referral,Tier 2,18-24,Moderate
NV408355,2026-05-30,2026-05,Paid Ads,Tier 2,18-24,Moderate
NV408356,2026-05-25,2026-05,Paid Ads,Tier 2,25-34,Aggressive
NV408357,2026-05-19,2026-05,Influencer/Content,Tier 2,25-34,Conservative
NV408358,2026-05-27,2026-05,Paid Ads,Tier 3,18-24,Aggressive
NV408359,2026-05-10,2026-05,Influencer/Content,Tier 3,18-24,Conservative
NV408360,2026-05-14,2026-05,Paid Ads,Tier 2,25-34,Conservative
NV408361,2026-05-14,2026-05,Organic App Store,Tier 2,18-24,Moderate
NV408362,2026-05-27,2026-05,Referral,Tier 2,25-34,Moderate
NV408363,2026-05-02,2026-05,Organic App Store,Tier 1,25-34,Aggressive
NV408364,2026-05-21,2026-05,Paid Ads,Tier 2,25-34,Aggressive
NV408365,2026-05-15,2026-05,Organic App Store,Tier 1,35-44,Moderate
NV408366,2026-05-23,2026-05,Referral,Tier 3,35-44,Moderate
NV408367,2026-05-14,2026-05,Referral,Tier 2,45-54,Moderate
NV408368,2026-05-04,2026-05,Organic App Store,Tier 2,35-44,Aggressive
NV408369,2026-05-01,2026-05,Influencer/Content,Tier 3,25-34,Moderate
NV408370,2026-05-10,2026-05,Organic App Store,Tier 1,25-34,Aggressive
NV408371,2026-05-24,2026-05,Paid Ads,Tier 2,18-24,Aggressive
NV408372,2026-05-29,2026-05,Paid Ads,Tier 3,25-34,Moderate
NV408373,2026-05-04,2026-05,Organic App Store,Tier 1,25-34,Moderate
NV408374,2026-05-26,2026-05,Influencer/Content,Tier 1,25-34,Conservative
NV408375,2026-05-09,2026-05,Organic App Store,Tier 2,35-44,Moderate
NV408376,2026-05-02,2026-05,Organic App Store,Tier 2,25-34,Moderate
NV408377,2026-05-21,2026-05,Organic App Store,Tier 1,25-34,Moderate
NV408378,2026-05-21,2026-05,Paid Ads,Tier 3,18-24,Aggressive
NV408379,2026-05-05,2026-05,Organic App Store,Tier 3,35-44,Moderate
NV408380,2026-05-06,2026-05,Referral,Tier 3,18-24,Moderate
NV408381,2026-05-21,2026-05,Influencer/Content,Tier 3,25-34,Aggressive
NV408382,2026-05-30,2026-05,Influencer/Content,Tier 2,35-44,Moderate
NV408383,2026-05-13,2026-05,Organic App Store,Tier 1,45-54,Moderate
NV408384,2026-05-28,2026-05,Paid Ads,Tier 1,35-44,Conservative
NV408385,2026-05-11,2026-05,Paid Ads,Tier 2,18-24,Moderate
NV408386,2026-05-28,2026-05,Influencer/Content,Tier 2,45-54,Moderate
NV408387,2026-05-03,2026-05,Organic App Store,Tier 1,35-44,Aggressive
NV408388,2026-05-22,2026-05,Influencer/Content,Tier 1,25-34,Moderate
NV408389,2026-05-09,2026-05,Referral,Tier 1,25-34,Aggressive
NV408390,2026-05-13,2026-05,Organic App Store,Tier 3,25-34,Moderate
NV408391,2026-05-28,2026-05,Influencer/Content,Tier 1,55+,Moderate
NV408392,2026-05-23,2026-05,Influencer/Content,Tier 2,25-34,Moderate
NV408393,2026-05-09,2026-05,Influencer/Content,Tier 2,35-44,Moderate
NV408394,2026-05-06,2026-05,Referral,Tier 2,25-34,Aggressive
NV408395,2026-05-25,2026-05,Paid Ads,Tier 2,35-44,Aggressive
NV408396,2026-05-11,2026-05,Paid Ads,Tier 2,25-34,Moderate
NV408397,2026-05-10,2026-05,Influencer/Content,Tier 1,18-24,Conservative
NV408398,2026-05-24,2026-05,Referral,Tier 1,18-24,Moderate
NV408399,2026-05-24,2026-05,Organic App Store,Tier 3,25-34,Aggressive
NV408400,2026-05-22,2026-05,Organic App Store,Tier 2,25-34,Aggressive
NV408401,2026-05-19,2026-05,Organic App Store,Tier 3,25-34,Moderate
NV408402,2026-05-26,2026-05,Influencer/Content,Tier 1,25-34,Conservative
NV408403,2026-05-18,2026-05,Referral,Tier 2,25-34,Conservative
NV408404,2026-05-05,2026-05,Paid Ads,Tier 1,35-44,Aggressive
NV408405,2026-05-26,2026-05,Referral,Tier 1,18-24,Conservative
NV408406,2026-05-07,2026-05,Influencer/Content,Tier 3,35-44,Moderate
NV408407,2026-05-12,2026-05,Referral,Tier 3,18-24,Conservative
NV408408,2026-05-11,2026-05,Paid Ads,Tier 2,35-44,Moderate
NV408409,2026-05-17,2026-05,Referral,Tier 2,25-34,Aggressive
NV408410,2026-05-22,2026-05,Organic App Store,Tier 2,25-34,Moderate
NV408411,2026-05-01,2026-05,Paid Ads,Tier 2,25-34,Conservative
NV408412,2026-05-19,2026-05,Paid Ads,Tier 1,18-24,Aggressive
NV408413,2026-05-12,2026-05,Influencer/Content,Tier 2,25-34,Aggressive
NV408414,2026-05-02,2026-05,Referral,Tier 2,25-34,Moderate
NV408415,2026-05-12,2026-05,Influencer/Content,Tier 3,55+,Moderate
NV408416,2026-05-01,2026-05,Organic App Store,Tier 3,18-24,Conservative
NV408417,2026-05-23,2026-05,Organic App Store,Tier 1,25-34,Aggressive
NV408418,2026-05-08,2026-05,Organic App Store,Tier 1,18-24,Aggressive
NV408419,2026-05-18,2026-05,Paid Ads,Tier 2,35-44,Aggressive
NV408420,2026-05-19,2026-05,Influencer/Content,Tier 2,18-24,Moderate
NV408421,2026-05-18,2026-05,Paid Ads,Tier 1,25-34,Conservative
NV408422,2026-05-05,2026-05,Organic App Store,Tier 2,18-24,Aggressive
NV408423,2026-05-05,2026-05,Organic App Store,Tier 1,25-34,Conservative
NV408424,2026-05-08,2026-05,Referral,Tier 3,35-44,Moderate
NV408425,2026-05-13,2026-05,Paid Ads,Tier 1,35-44,Conservative
NV408426,2026-05-30,2026-05,Organic App Store,Tier 1,25-34,Moderate
NV408427,2026-05-02,2026-05,Influencer/Content,Tier 2,25-34,Conservative
NV408428,2026-05-12,2026-05,Referral,Tier 2,25-34,Conservative
NV408429,2026-05-04,2026-05,Paid Ads,Tier 1,35-44,Aggressive
NV408430,2026-05-09,2026-05,Influencer/Content,Tier 2,35-44,Aggressive
NV408431,2026-05-25,2026-05,Referral,Tier 2,35-44,Moderate
NV408432,2026-05-05,2026-05,Referral,Tier 3,25-34,Aggressive
NV408433,2026-05-28,2026-05,Influencer/Content,Tier 3,35-44,Moderate
NV408434,2026-05-15,2026-05,Organic App Store,Tier 2,35-44,Aggressive
NV408435,2026-05-01,2026-05,Referral,Tier 3,45-54,Conservative
NV408436,2026-05-27,2026-05,Organic App Store,Tier 2,25-34,Moderate
NV408437,2026-05-02,2026-05,Organic App Store,Tier 3,35-44,Aggressive
NV408438,2026-05-12,2026-05,Influencer/Content,Tier 1,25-34,Conservative
NV408439,2026-05-14,2026-05,Organic App Store,Tier 2,35-44,Moderate
NV408440,2026-05-08,2026-05,Paid Ads,Tier 2,25-34,Aggressive
NV408441,2026-05-09,2026-05,Organic App Store,Tier 2,25-34,Conservative
NV408442,2026-05-01,2026-05,Organic App Store,Tier 1,25-34,Conservative
NV408443,2026-05-04,2026-05,Referral,Tier 2,45-54,Conservative
NV408444,2026-05-15,2026-05,Referral,Tier 3,35-44,Moderate
NV408445,2026-05-21,2026-05,Organic App Store,Tier 2,25-34,Conservative
NV408446,2026-05-30,2026-05,Influencer/Content,Tier 1,35-44,Conservative
NV408447,2026-05-01,2026-05,Organic App Store,Tier 1,25-34,Aggressive
NV408448,2026-05-05,2026-05,Organic App Store,Tier 3,18-24,Aggressive
NV408449,2026-05-19,2026-05,Organic App Store,Tier 1,35-44,Aggressive
NV408450,2026-05-26,2026-05,Paid Ads,Tier 1,25-34,Moderate
NV408451,2026-05-17,2026-05,Paid Ads,Tier 3,35-44,Aggressive
NV408452,2026-05-14,2026-05,Paid Ads,Tier 2,35-44,Moderate
NV408453,2026-05-26,2026-05,Organic App Store,Tier 1,35-44,Conservative
NV408454,2026-05-06,2026-05,Influencer/Content,Tier 2,45-54,Conservative
NV408455,2026-05-11,2026-05,Influencer/Content,Tier 1,18-24,Aggressive
NV408456,2026-05-10,2026-05,Organic App Store,Tier 3,25-34,Moderate
NV408457,2026-05-10,2026-05,Influencer/Content,Tier 2,18-24,Conservative
NV408458,2026-05-02,2026-05,Referral,Tier 1,18-24,Moderate
NV408459,2026-05-12,2026-05,Referral,Tier 1,35-44,Moderate
NV408460,2026-05-23,2026-05,Organic App Store,Tier 2,25-34,Aggressive
NV408461,2026-05-07,2026-05,Organic App Store,Tier 2,35-44,Aggressive
NV408462,2026-05-18,2026-05,Organic App Store,Tier 3,25-34,Moderate
NV408463,2026-05-27,2026-05,Referral,Tier 1,18-24,Moderate
NV408464,2026-05-21,2026-05,Referral,Tier 2,25-34,Moderate
NV408465,2026-05-12,2026-05,Organic App Store,Tier 3,18-24,Aggressive
NV408466,2026-05-06,2026-05,Paid Ads,Tier 1,35-44,Aggressive
NV408467,2026-05-20,2026-05,Organic App Store,Tier 1,25-34,Conservative
NV408468,2026-05-04,2026-05,Paid Ads,Tier 1,25-34,Conservative
NV408469,2026-05-02,2026-05,Paid Ads,Tier 2,18-24,Moderate
NV408470,2026-05-22,2026-05,Paid Ads,Tier 1,45-54,Aggressive
NV408471,2026-05-15,2026-05,Organic App Store,Tier 3,25-34,Aggressive
NV408472,2026-05-30,2026-05,Referral,Tier 1,25-34,Conservative
NV408473,2026-05-15,2026-05,Organic App Store,Tier 2,18-24,Moderate
NV408474,2026-05-16,2026-05,Paid Ads,Tier 2,18-24,Moderate
NV408475,2026-05-14,2026-05,Paid Ads,Tier 3,25-34,Moderate
NV408476,2026-05-19,2026-05,Organic App Store,Tier 1,25-34,Conservative
NV408477,2026-05-06,2026-05,Influencer/Content,Tier 1,25-34,Aggressive
NV408478,2026-05-05,2026-05,Influencer/Content,Tier 2,45-54,Aggressive
NV408479,2026-05-17,2026-05,Referral,Tier 1,18-24,Moderate
NV408480,2026-05-17,2026-05,Referral,Tier 1,35-44,Aggressive
NV408481,2026-05-04,2026-05,Organic App Store,Tier 3,25-34,Conservative
NV408482,2026-05-23,2026-05,Organic App Store,Tier 3,35-44,Conservative
NV408483,2026-05-03,2026-05,Paid Ads,Tier 2,25-34,Aggressive
NV408484,2026-05-15,2026-05,Organic App Store,Tier 1,18-24,Aggressive
NV408485,2026-05-12,2026-05,Organic App Store,Tier 2,25-34,Moderate
NV408486,2026-05-07,2026-05,Referral,Tier 2,25-34,Moderate
NV408487,2026-05-04,2026-05,Referral,Tier 1,25-34,Moderate
NV408488,2026-05-23,2026-05,Referral,Tier 3,18-24,Aggressive
NV408489,2026-05-01,2026-05,Referral,Tier 1,18-24,Moderate
NV408490,2026-05-18,2026-05,Referral,Tier 2,18-24,Aggressive
NV408491,2026-05-27,2026-05,Influencer/Content,Tier 1,25-34,Moderate
NV408492,2026-05-26,2026-05,Referral,Tier 3,25-34,Conservative
NV408493,2026-05-21,2026-05,Referral,Tier 1,18-24,Conservative
NV408494,2026-05-16,2026-05,Paid Ads,Tier 2,45-54,Moderate
NV408495,2026-05-14,2026-05,Referral,Tier 2,25-34,Moderate
NV408496,2026-05-23,2026-05,Paid Ads,Tier 3,18-24,Moderate
NV408497,2026-05-19,2026-05,Referral,Tier 1,45-54,Aggressive
NV408498,2026-05-19,2026-05,Influencer/Content,Tier 2,55+,Aggressive
NV408499,2026-05-07,2026-05,Influencer/Content,Tier 2,35-44,Aggressive
NV408500,2026-05-16,2026-05,Influencer/Content,Tier 2,25-34,Moderate
NV408501,2026-05-05,2026-05,Paid Ads,Tier 3,25-34,Moderate
NV408502,2026-05-11,2026-05,Organic App Store,Tier 3,18-24,Conservative
NV408503,2026-05-13,2026-05,Organic App Store,Tier 2,25-34,Conservative
NV408504,2026-05-15,2026-05,Organic App Store,Tier 3,25-34,Moderate
NV408505,2026-05-13,2026-05,Influencer/Content,Tier 2,25-34,Moderate
NV408506,2026-05-25,2026-05,Influencer/Content,Tier 1,45-54,Aggressive
NV408507,2026-05-20,2026-05,Referral,Tier 1,35-44,Conservative
NV408508,2026-05-06,2026-05,Referral,Tier 2,25-34,Conservative
NV408509,2026-05-14,2026-05,Referral,Tier 3,25-34,Moderate
NV408510,2026-05-07,2026-05,Referral,Tier 1,18-24,Moderate
NV408511,2026-05-18,2026-05,Paid Ads,Tier 2,55+,Moderate
NV408512,2026-05-14,2026-05,Paid Ads,Tier 1,35-44,Aggressive
NV408513,2026-05-21,2026-05,Organic App Store,Tier 2,35-44,Aggressive
NV408514,2026-05-26,2026-05,Organic App Store,Tier 1,35-44,Aggressive
NV408515,2026-05-19,2026-05,Referral,Tier 3,25-34,Moderate
NV408516,2026-05-02,2026-05,Influencer/Content,Tier 3,35-44,Moderate
NV408517,2026-05-18,2026-05,Referral,Tier 2,45-54,Moderate
NV408518,2026-05-05,2026-05,Referral,Tier 1,18-24,Moderate
NV408519,2026-05-15,2026-05,Paid Ads,Tier 1,35-44,Conservative
NV408520,2026-05-22,2026-05,Referral,Tier 2,25-34,Moderate
NV408521,2026-05-07,2026-05,Influencer/Content,Tier 3,35-44,Conservative
NV408522,2026-05-04,2026-05,Influencer/Content,Tier 1,35-44,Conservative
NV408523,2026-05-12,2026-05,Influencer/Content,Tier 1,35-44,Moderate
NV408524,2026-05-16,2026-05,Influencer/Content,Tier 3,35-44,Moderate
NV408525,2026-05-21,2026-05,Paid Ads,Tier 1,45-54,Moderate
NV408526,2026-05-21,2026-05,Organic App Store,Tier 2,35-44,Conservative
NV408527,2026-05-15,2026-05,Organic App Store,Tier 1,18-24,Moderate
NV408528,2026-05-16,2026-05,Paid Ads,Tier 1,45-54,Aggressive
NV408529,2026-05-23,2026-05,Referral,Tier 2,45-54,Moderate
NV408530,2026-05-19,2026-05,Organic App Store,Tier 1,18-24,Conservative
NV408531,2026-05-11,2026-05,Organic App Store,Tier 3,35-44,Aggressive
NV408532,2026-05-05,2026-05,Referral,Tier 2,45-54,Conservative
NV408533,2026-05-08,2026-05,Paid Ads,Tier 1,25-34,Conservative
NV408534,2026-05-06,2026-05,Organic App Store,Tier 1,18-24,Moderate
NV408535,2026-05-15,2026-05,Referral,Tier 3,35-44,Aggressive
NV408536,2026-05-25,2026-05,Paid Ads,Tier 2,55+,Moderate
NV408537,2026-05-20,2026-05,Influencer/Content,Tier 1,35-44,Conservative
NV408538,2026-05-02,2026-05,Paid Ads,Tier 1,18-24,Moderate
NV408539,2026-05-08,2026-05,Organic App Store,Tier 3,55+,Moderate
NV408540,2026-05-11,2026-05,Paid Ads,Tier 2,18-24,Conservative
NV408541,2026-05-16,2026-05,Influencer/Content,Tier 1,35-44,Conservative
NV408542,2026-05-27,2026-05,Organic App Store,Tier 1,25-34,Moderate
NV408543,2026-05-05,2026-05,Paid Ads,Tier 2,35-44,Aggressive
NV408544,2026-05-05,2026-05,Organic App Store,Tier 2,25-34,Conservative
NV408545,2026-05-17,2026-05,Organic App Store,Tier 1,25-34,Moderate
NV408546,2026-05-19,2026-05,Influencer/Content,Tier 2,25-34,Moderate
NV408547,2026-05-06,2026-05,Referral,Tier 3,35-44,Conservative
NV408548,2026-05-19,2026-05,Organic App Store,Tier 2,45-54,Aggressive
NV408549,2026-05-27,2026-05,Organic App Store,Tier 2,18-24,Aggressive
NV408550,2026-05-10,2026-05,Paid Ads,Tier 1,35-44,Aggressive
NV408551,2026-05-23,2026-05,Influencer/Content,Tier 3,25-34,Moderate
NV408552,2026-05-21,2026-05,Influencer/Content,Tier 1,25-34,Aggressive
NV408553,2026-05-11,2026-05,Paid Ads,Tier 1,35-44,Moderate
NV408554,2026-05-10,2026-05,Influencer/Content,Tier 2,35-44,Aggressive
NV408555,2026-05-12,2026-05,Referral,Tier 1,25-34,Moderate
NV408556,2026-05-10,2026-05,Influencer/Content,Tier 3,45-54,Moderate
NV408557,2026-05-19,2026-05,Referral,Tier 1,55+,Moderate
NV408558,2026-05-21,2026-05,Referral,Tier 1,35-44,Moderate
NV408559,2026-05-25,2026-05,Influencer/Content,Tier 3,35-44,Moderate
NV408560,2026-05-02,2026-05,Referral,Tier 2,25-34,Aggressive
NV408561,2026-05-22,2026-05,Organic App Store,Tier 3,35-44,Aggressive
NV408562,2026-05-29,2026-05,Organic App Store,Tier 1,25-34,Conservative
NV408563,2026-05-13,2026-05,Influencer/Content,Tier 1,35-44,Moderate
NV408564,2026-05-05,2026-05,Organic App Store,Tier 2,45-54,Conservative
NV408565,2026-05-11,2026-05,Influencer/Content,Tier 3,55+,Conservative
NV408566,2026-05-11,2026-05,Organic App Store,Tier 2,35-44,Moderate
NV408567,2026-05-15,2026-05,Referral,Tier 3,18-24,Moderate
NV408568,2026-05-05,2026-05,Referral,Tier 1,55+,Aggressive
NV408569,2026-05-18,2026-05,Influencer/Content,Tier 2,45-54,Moderate
NV408570,2026-05-09,2026-05,Paid Ads,Tier 1,45-54,Aggressive
NV408571,2026-05-16,2026-05,Organic App Store,Tier 1,35-44,Conservative
NV408572,2026-05-26,2026-05,Referral,Tier 2,18-24,Conservative
NV408573,2026-05-26,2026-05,Organic App Store,Tier 2,18-24,Moderate
NV408574,2026-05-30,2026-05,Influencer/Content,Tier 3,18-24,Conservative
NV408575,2026-05-05,2026-05,Organic App Store,Tier 1,35-44,Conservative
NV408576,2026-05-15,2026-05,Organic App Store,Tier 1,35-44,Aggressive
NV408577,2026-05-24,2026-05,Paid Ads,Tier 2,25-34,Conservative
NV408578,2026-05-30,2026-05,Influencer/Content,Tier 1,35-44,Moderate
NV408579,2026-05-11,2026-05,Organic App Store,Tier 1,25-34,Conservative
NV408580,2026-05-14,2026-05,Organic App Store,Tier 1,55+,Moderate
NV408581,2026-05-05,2026-05,Paid Ads,Tier 2,45-54,Conservative
NV408582,2026-05-26,2026-05,Organic App Store,Tier 2,45-54,Conservative
NV408583,2026-05-03,2026-05,Organic App Store,Tier 3,18-24,Conservative
NV408584,2026-05-18,2026-05,Paid Ads,Tier 2,35-44,Moderate
NV408585,2026-05-24,2026-05,Referral,Tier 1,55+,Moderate
NV408586,2026-05-07,2026-05,Referral,Tier 1,55+,Conservative
NV408587,2026-05-10,2026-05,Influencer/Content,Tier 2,35-44,Aggressive
NV408588,2026-05-09,2026-05,Organic App Store,Tier 2,25-34,Moderate
NV408589,2026-05-29,2026-05,Paid Ads,Tier 1,18-24,Conservative
NV408590,2026-05-13,2026-05,Paid Ads,Tier 1,25-34,Moderate
NV408591,2026-05-11,2026-05,Organic App Store,Tier 1,55+,Aggressive
NV408592,2026-05-06,2026-05,Organic App Store,Tier 2,25-34,Conservative
NV408593,2026-05-16,2026-05,Organic App Store,Tier 1,35-44,Conservative
NV408594,2026-05-02,2026-05,Influencer/Content,Tier 2,45-54,Conservative
NV408595,2026-05-09,2026-05,Paid Ads,Tier 1,25-34,Conservative
NV408596,2026-05-14,2026-05,Influencer/Content,Tier 1,25-34,Conservative
NV408597,2026-05-01,2026-05,Influencer/Content,Tier 3,45-54,Moderate
NV408598,2026-05-09,2026-05,Influencer/Content,Tier 1,25-34,Moderate
NV408599,2026-05-14,2026-05,Organic App Store,Tier 2,25-34,Aggressive
NV408600,2026-05-09,2026-05,Influencer/Content,Tier 1,18-24,Conservative
NV408601,2026-05-19,2026-05,Organic App Store,Tier 2,25-34,Moderate
NV408602,2026-05-15,2026-05,Organic App Store,Tier 1,25-34,Moderate
NV408603,2026-05-26,2026-05,Organic App Store,Tier 1,25-34,Aggressive
NV408604,2026-05-25,2026-05,Influencer/Content,Tier 1,25-34,Aggressive
NV408605,2026-05-05,2026-05,Organic App Store,Tier 2,45-54,Moderate
NV408606,2026-05-20,2026-05,Organic App Store,Tier 1,25-34,Moderate
NV408607,2026-05-24,2026-05,Influencer/Content,Tier 3,25-34,Moderate
NV408608,2026-05-05,2026-05,Referral,Tier 2,25-34,Aggressive
NV408609,2026-05-13,2026-05,Referral,Tier 2,25-34,Conservative
NV408610,2026-05-14,2026-05,Referral,Tier 3,45-54,Conservative
NV408611,2026-05-03,2026-05,Referral,Tier 1,25-34,Conservative
NV408612,2026-05-10,2026-05,Influencer/Content,Tier 1,35-44,Aggressive
NV408613,2026-05-16,2026-05,Paid Ads,Tier 2,18-24,Aggressive
NV408614,2026-05-26,2026-05,Organic App Store,Tier 3,25-34,Moderate
NV408615,2026-05-05,2026-05,Organic App Store,Tier 3,45-54,Moderate
NV408616,2026-05-28,2026-05,Influencer/Content,Tier 1,35-44,Moderate
NV408617,2026-05-15,2026-05,Influencer/Content,Tier 2,45-54,Moderate
NV408618,2026-05-30,2026-05,Referral,Tier 3,35-44,Moderate
NV408619,2026-05-04,2026-05,Referral,Tier 1,25-34,Moderate
NV408620,2026-05-02,2026-05,Referral,Tier 1,25-34,Moderate
NV408621,2026-05-16,2026-05,Organic App Store,Tier 2,35-44,Moderate
NV408622,2026-05-30,2026-05,Organic App Store,Tier 1,25-34,Aggressive
NV408623,2026-05-27,2026-05,Organic App Store,Tier 3,25-34,Conservative
NV408624,2026-05-25,2026-05,Organic App Store,Tier 2,35-44,Conservative
NV408625,2026-05-06,2026-05,Organic App Store,Tier 1,18-24,Moderate
NV408626,2026-05-13,2026-05,Paid Ads,Tier 1,35-44,Conservative
NV408627,2026-05-30,2026-05,Organic App Store,Tier 1,25-34,Moderate
NV408628,2026-05-19,2026-05,Paid Ads,Tier 1,35-44,Conservative
NV408629,2026-05-16,2026-05,Influencer/Content,Tier 2,18-24,Moderate
NV408630,2026-05-13,2026-05,Referral,Tier 1,25-34,Moderate
NV408631,2026-05-29,2026-05,Paid Ads,Tier 2,18-24,Conservative
NV408632,2026-05-03,2026-05,Referral,Tier 1,18-24,Aggressive
NV408633,2026-05-15,2026-05,Paid Ads,Tier 2,25-34,Conservative
NV408634,2026-05-20,2026-05,Influencer/Content,Tier 1,35-44,Moderate
NV408635,2026-05-22,2026-05,Organic App Store,Tier 2,25-34,Aggressive
NV408636,2026-05-26,2026-05,Referral,Tier 2,35-44,Moderate
NV408637,2026-05-23,2026-05,Organic App Store,Tier 1,25-34,Conservative
NV408638,2026-05-09,2026-05,Referral,Tier 2,25-34,Conservative
NV408639,2026-05-09,2026-05,Paid Ads,Tier 2,35-44,Conservative
NV408640,2026-05-05,2026-05,Organic App Store,Tier 1,25-34,Moderate
NV408641,2026-05-12,2026-05,Influencer/Content,Tier 1,25-34,Conservative
NV408642,2026-05-20,2026-05,Influencer/Content,Tier 1,35-44,Conservative
NV408643,2026-05-18,2026-05,Organic App Store,Tier 1,18-24,Aggressive
NV408644,2026-05-28,2026-05,Referral,Tier 2,35-44,Aggressive
NV408645,2026-05-26,2026-05,Referral,Tier 1,25-34,Conservative
NV408646,2026-05-07,2026-05,Organic App Store,Tier 1,25-34,Conservative
NV408647,2026-05-24,2026-05,Influencer/Content,Tier 2,25-34,Moderate
NV408648,2026-05-08,2026-05,Paid Ads,Tier 2,35-44,Aggressive
NV408649,2026-05-06,2026-05,Referral,Tier 1,45-54,Aggressive
NV408650,2026-05-08,2026-05,Organic App Store,Tier 2,45-54,Aggressive
NV408651,2026-05-25,2026-05,Organic App Store,Tier 2,25-34,Conservative
NV408652,2026-05-04,2026-05,Organic App Store,Tier 1,18-24,Conservative
NV408653,2026-05-26,2026-05,Organic App Store,Tier 2,25-34,Aggressive
NV408654,2026-05-02,2026-05,Organic App Store,Tier 2,18-24,Conservative
NV408655,2026-05-15,2026-05,Organic App Store,Tier 1,18-24,Moderate
NV408656,2026-05-21,2026-05,Organic App Store,Tier 2,25-34,Moderate
NV408657,2026-05-10,2026-05,Influencer/Content,Tier 2,35-44,Moderate
NV408658,2026-05-15,2026-05,Referral,Tier 1,45-54,Aggressive
NV408659,2026-05-03,2026-05,Organic App Store,Tier 1,35-44,Conservative
NV408660,2026-05-11,2026-05,Referral,Tier 1,25-34,Moderate
NV408661,2026-05-27,2026-05,Influencer/Content,Tier 1,55+,Conservative
NV408662,2026-05-17,2026-05,Influencer/Content,Tier 3,25-34,Conservative
NV408663,2026-05-02,2026-05,Organic App Store,Tier 2,35-44,Conservative
NV408664,2026-05-21,2026-05,Organic App Store,Tier 2,25-34,Moderate
NV408665,2026-05-16,2026-05,Referral,Tier 2,25-34,Moderate
NV408666,2026-05-08,2026-05,Paid Ads,Tier 2,55+,Aggressive
NV408667,2026-05-14,2026-05,Organic App Store,Tier 3,35-44,Moderate
NV408668,2026-05-03,2026-05,Influencer/Content,Tier 1,25-34,Moderate
NV408669,2026-05-06,2026-05,Paid Ads,Tier 2,35-44,Moderate
NV408670,2026-05-07,2026-05,Organic App Store,Tier 1,18-24,Conservative
NV408671,2026-05-11,2026-05,Organic App Store,Tier 1,35-44,Aggressive
NV408672,2026-05-06,2026-05,Paid Ads,Tier 1,25-34,Aggressive
NV408673,2026-05-22,2026-05,Paid Ads,Tier 1,25-34,Aggressive
NV408674,2026-05-23,2026-05,Organic App Store,Tier 2,45-54,Conservative
NV408675,2026-05-20,2026-05,Influencer/Content,Tier 1,25-34,Moderate
NV408676,2026-05-19,2026-05,Organic App Store,Tier 3,25-34,Moderate
NV408677,2026-05-01,2026-05,Referral,Tier 3,25-34,Conservative
NV408678,2026-05-08,2026-05,Paid Ads,Tier 2,35-44,Moderate
NV408679,2026-05-20,2026-05,Organic App Store,Tier 2,18-24,Aggressive
NV408680,2026-05-27,2026-05,Referral,Tier 2,25-34,Conservative
NV408681,2026-05-20,2026-05,Influencer/Content,Tier 2,35-44,Aggressive
NV408682,2026-05-18,2026-05,Organic App Store,Tier 2,35-44,Aggressive
NV408683,2026-05-26,2026-05,Influencer/Content,Tier 1,25-34,Moderate
NV408684,2026-05-02,2026-05,Influencer/Content,Tier 2,25-34,Aggressive
NV408685,2026-05-10,2026-05,Organic App Store,Tier 1,25-34,Conservative
NV408686,2026-05-06,2026-05,Paid Ads,Tier 2,25-34,Conservative
NV408687,2026-05-21,2026-05,Referral,Tier 2,35-44,Conservative
NV408688,2026-05-13,2026-05,Paid Ads,Tier 1,25-34,Aggressive
NV408689,2026-05-02,2026-05,Organic App Store,Tier 2,35-44,Moderate
NV408690,2026-05-28,2026-05,Referral,Tier 1,25-34,Moderate
NV408691,2026-05-23,2026-05,Organic App Store,Tier 2,18-24,Moderate
NV408692,2026-05-03,2026-05,Organic App Store,Tier 2,25-34,Moderate
NV408693,2026-05-30,2026-05,Influencer/Content,Tier 3,25-34,Aggressive
NV408694,2026-05-17,2026-05,Influencer/Content,Tier 3,25-34,Conservative
NV408695,2026-05-19,2026-05,Paid Ads,Tier 2,35-44,Conservative
NV408696,2026-05-05,2026-05,Influencer/Content,Tier 2,25-34,Aggressive
NV408697,2026-05-21,2026-05,Paid Ads,Tier 2,18-24,Aggressive
NV408698,2026-05-25,2026-05,Influencer/Content,Tier 2,25-34,Moderate
NV408699,2026-05-16,2026-05,Organic App Store,Tier 2,18-24,Conservative
NV408700,2026-05-11,2026-05,Influencer/Content,Tier 2,25-34,Aggressive
NV408701,2026-05-21,2026-05,Referral,Tier 3,35-44,Moderate
NV408702,2026-05-30,2026-05,Organic App Store,Tier 1,25-34,Aggressive
NV408703,2026-05-19,2026-05,Organic App Store,Tier 2,35-44,Moderate
NV408704,2026-05-21,2026-05,Organic App Store,Tier 1,18-24,Moderate
NV408705,2026-05-06,2026-05,Paid Ads,Tier 3,18-24,Moderate
NV408706,2026-05-08,2026-05,Organic App Store,Tier 2,35-44,Aggressive
NV408707,2026-05-12,2026-05,Referral,Tier 2,18-24,Conservative
NV408708,2026-05-20,2026-05,Paid Ads,Tier 1,25-34,Moderate
NV408709,2026-05-29,2026-05,Organic App Store,Tier 3,18-24,Aggressive
NV408710,2026-05-20,2026-05,Influencer/Content,Tier 2,18-24,Conservative
NV408711,2026-05-26,2026-05,Organic App Store,Tier 2,25-34,Conservative
NV408712,2026-05-05,2026-05,Organic App Store,Tier 1,18-24,Conservative
NV408713,2026-05-01,2026-05,Referral,Tier 1,25-34,Conservative
NV408714,2026-05-22,2026-05,Influencer/Content,Tier 1,35-44,Conservative
NV408715,2026-05-21,2026-05,Organic App Store,Tier 2,55+,Moderate
NV408716,2026-05-06,2026-05,Referral,Tier 3,45-54,Aggressive
NV408717,2026-05-13,2026-05,Referral,Tier 2,35-44,Conservative
NV408718,2026-05-05,2026-05,Organic App Store,Tier 2,25-34,Moderate
NV408719,2026-05-16,2026-05,Organic App Store,Tier 1,55+,Conservative
NV408720,2026-05-24,2026-05,Influencer/Content,Tier 1,25-34,Moderate
NV408721,2026-05-21,2026-05,Organic App Store,Tier 2,25-34,Aggressive
NV408722,2026-05-30,2026-05,Organic App Store,Tier 1,35-44,Conservative
NV408723,2026-05-07,2026-05,Organic App Store,Tier 2,35-44,Moderate
NV408724,2026-05-26,2026-05,Paid Ads,Tier 3,25-34,Moderate
NV408725,2026-05-20,2026-05,Organic App Store,Tier 1,35-44,Aggressive
NV408726,2026-05-02,2026-05,Paid Ads,Tier 2,45-54,Moderate
NV408727,2026-05-19,2026-05,Organic App Store,Tier 2,35-44,Aggressive
NV408728,2026-05-29,2026-05,Referral,Tier 1,25-34,Conservative
NV408729,2026-05-14,2026-05,Organic App Store,Tier 2,25-34,Conservative
NV408730,2026-05-28,2026-05,Referral,Tier 2,25-34,Conservative
NV408731,2026-05-07,2026-05,Paid Ads,Tier 1,18-24,Moderate
NV408732,2026-05-04,2026-05,Referral,Tier 2,18-24,Moderate
NV408733,2026-05-19,2026-05,Organic App Store,Tier 3,25-34,Conservative
NV408734,2026-05-14,2026-05,Organic App Store,Tier 2,35-44,Aggressive
NV408735,2026-05-20,2026-05,Referral,Tier 2,25-34,Moderate
NV408736,2026-05-02,2026-05,Influencer/Content,Tier 2,45-54,Conservative
NV408737,2026-05-19,2026-05,Organic App Store,Tier 2,18-24,Conservative
NV408738,2026-05-12,2026-05,Paid Ads,Tier 1,18-24,Aggressive
NV408739,2026-05-23,2026-05,Organic App Store,Tier 3,45-54,Moderate
NV408740,2026-05-25,2026-05,Referral,Tier 1,18-24,Aggressive
NV408741,2026-05-13,2026-05,Organic App Store,Tier 3,25-34,Conservative
NV408742,2026-05-12,2026-05,Organic App Store,Tier 2,18-24,Moderate
NV408743,2026-05-30,2026-05,Referral,Tier 2,25-34,Aggressive
NV408744,2026-05-21,2026-05,Organic App Store,Tier 1,45-54,Aggressive
NV408745,2026-05-17,2026-05,Influencer/Content,Tier 2,35-44,Moderate
NV408746,2026-05-10,2026-05,Influencer/Content,Tier 1,35-44,Conservative
NV408747,2026-05-06,2026-05,Paid Ads,Tier 2,25-34,Conservative
NV408748,2026-05-09,2026-05,Organic App Store,Tier 3,35-44,Aggressive
NV408749,2026-05-01,2026-05,Paid Ads,Tier 1,25-34,Conservative
NV408750,2026-05-11,2026-05,Paid Ads,Tier 2,35-44,Moderate
NV408751,2026-05-27,2026-05,Organic App Store,Tier 2,18-24,Moderate
NV408752,2026-05-19,2026-05,Organic App Store,Tier 1,25-34,Aggressive
NV408753,2026-05-21,2026-05,Organic App Store,Tier 2,45-54,Conservative
NV408754,2026-05-27,2026-05,Influencer/Content,Tier 2,45-54,Aggressive
NV408755,2026-05-13,2026-05,Paid Ads,Tier 3,35-44,Conservative
NV408756,2026-05-21,2026-05,Influencer/Content,Tier 2,18-24,Moderate
NV408757,2026-05-25,2026-05,Referral,Tier 3,18-24,Conservative
NV408758,2026-05-20,2026-05,Referral,Tier 3,25-34,Conservative
NV408759,2026-05-09,2026-05,Paid Ads,Tier 1,25-34,Aggressive
NV408760,2026-05-26,2026-05,Organic App Store,Tier 2,35-44,Conservative
NV408761,2026-05-10,2026-05,Paid Ads,Tier 2,18-24,Moderate
NV408762,2026-05-14,2026-05,Paid Ads,Tier 2,35-44,Moderate
NV408763,2026-05-27,2026-05,Referral,Tier 2,25-34,Aggressive
NV408764,2026-05-25,2026-05,Influencer/Content,Tier 2,25-34,Aggressive
NV408765,2026-05-11,2026-05,Referral,Tier 1,25-34,Moderate
NV408766,2026-05-27,2026-05,Paid Ads,Tier 3,35-44,Aggressive
NV408767,2026-05-02,2026-05,Paid Ads,Tier 2,18-24,Conservative
NV408768,2026-05-21,2026-05,Organic App Store,Tier 3,35-44,Moderate
NV408769,2026-05-19,2026-05,Referral,Tier 1,35-44,Moderate
NV408770,2026-05-09,2026-05,Referral,Tier 3,18-24,Aggressive
NV408771,2026-05-26,2026-05,Influencer/Content,Tier 2,35-44,Aggressive
NV408772,2026-05-12,2026-05,Organic App Store,Tier 2,25-34,Aggressive
NV408773,2026-05-18,2026-05,Organic App Store,Tier 1,18-24,Aggressive
NV408774,2026-05-28,2026-05,Paid Ads,Tier 2,35-44,Aggressive
NV408775,2026-05-23,2026-05,Organic App Store,Tier 3,35-44,Moderate
NV408776,2026-05-29,2026-05,Organic App Store,Tier 1,25-34,Moderate
NV408777,2026-05-09,2026-05,Referral,Tier 1,18-24,Conservative
NV408778,2026-05-28,2026-05,Referral,Tier 2,18-24,Aggressive
NV408779,2026-05-15,2026-05,Influencer/Content,Tier 2,25-34,Moderate
NV408780,2026-05-20,2026-05,Influencer/Content,Tier 3,25-34,Moderate
NV408781,2026-05-22,2026-05,Organic App Store,Tier 1,25-34,Aggressive
NV408782,2026-05-03,2026-05,Organic App Store,Tier 2,25-34,Moderate
NV408783,2026-05-09,2026-05,Referral,Tier 2,35-44,Moderate
NV408784,2026-05-27,2026-05,Influencer/Content,Tier 2,45-54,Moderate
NV408785,2026-05-11,2026-05,Organic App Store,Tier 3,18-24,Aggressive
NV408786,2026-05-12,2026-05,Referral,Tier 2,25-34,Aggressive
NV408787,2026-05-15,2026-05,Paid Ads,Tier 2,35-44,Moderate
NV408788,2026-05-23,2026-05,Influencer/Content,Tier 1,35-44,Aggressive
NV408789,2026-05-24,2026-05,Influencer/Content,Tier 1,18-24,Aggressive
NV408790,2026-05-16,2026-05,Influencer/Content,Tier 2,25-34,Conservative
NV408791,2026-05-10,2026-05,Paid Ads,Tier 1,25-34,Aggressive
NV408792,2026-05-22,2026-05,Paid Ads,Tier 2,18-24,Moderate
NV408793,2026-05-29,2026-05,Influencer/Content,Tier 2,35-44,Aggressive
NV408794,2026-05-30,2026-05,Referral,Tier 1,45-54,Aggressive
NV408795,2026-05-06,2026-05,Referral,Tier 2,25-34,Moderate
NV408796,2026-05-08,2026-05,Organic App Store,Tier 1,35-44,Conservative
NV408797,2026-05-08,2026-05,Organic App Store,Tier 2,35-44,Aggressive
NV408798,2026-05-15,2026-05,Referral,Tier 2,25-34,Moderate
NV408799,2026-05-17,2026-05,Organic App Store,Tier 1,35-44,Conservative
NV408800,2026-05-30,2026-05,Referral,Tier 2,25-34,Aggressive
NV408801,2026-05-20,2026-05,Influencer/Content,Tier 2,45-54,Moderate
NV408802,2026-05-23,2026-05,Organic App Store,Tier 2,25-34,Aggressive
NV408803,2026-05-08,2026-05,Paid Ads,Tier 3,25-34,Moderate
NV408804,2026-05-01,2026-05,Influencer/Content,Tier 3,45-54,Moderate
NV408805,2026-05-04,2026-05,Influencer/Content,Tier 1,35-44,Moderate
NV408806,2026-05-26,2026-05,Referral,Tier 2,25-34,Aggressive
NV408807,2026-05-14,2026-05,Referral,Tier 2,25-34,Aggressive
NV408808,2026-05-03,2026-05,Organic App Store,Tier 2,25-34,Conservative
NV408809,2026-05-20,2026-05,Organic App Store,Tier 1,25-34,Moderate
NV408810,2026-05-17,2026-05,Organic App Store,Tier 2,25-34,Moderate
NV408811,2026-05-16,2026-05,Organic App Store,Tier 3,35-44,Moderate
NV408812,2026-05-21,2026-05,Referral,Tier 2,45-54,Conservative
NV408813,2026-05-20,2026-05,Referral,Tier 3,25-34,Moderate
NV408814,2026-05-16,2026-05,Paid Ads,Tier 2,35-44,Moderate
NV408815,2026-05-28,2026-05,Organic App Store,Tier 1,18-24,Moderate
NV408816,2026-05-06,2026-05,Organic App Store,Tier 2,25-34,Conservative
NV408817,2026-05-10,2026-05,Paid Ads,Tier 1,25-34,Conservative
NV408818,2026-05-15,2026-05,Organic App Store,Tier 2,25-34,Conservative
NV408819,2026-05-16,2026-05,Paid Ads,Tier 2,18-24,Conservative
NV408820,2026-05-24,2026-05,Organic App Store,Tier 3,25-34,Conservative
NV408821,2026-05-03,2026-05,Influencer/Content,Tier 2,18-24,Moderate
NV408822,2026-05-21,2026-05,Organic App Store,Tier 2,45-54,Conservative
NV408823,2026-05-05,2026-05,Paid Ads,Tier 2,35-44,Conservative
NV408824,2026-05-13,2026-05,Organic App Store,Tier 1,25-34,Conservative
NV408825,2026-05-11,2026-05,Influencer/Content,Tier 1,25-34,Moderate
NV408826,2026-05-27,2026-05,Organic App Store,Tier 1,18-24,Moderate
NV408827,2026-05-22,2026-05,Organic App Store,Tier 1,35-44,Conservative
NV408828,2026-05-23,2026-05,Paid Ads,Tier 3,35-44,Aggressive
NV408829,2026-05-23,2026-05,Organic App Store,Tier 3,25-34,Moderate
NV408830,2026-05-01,2026-05,Organic App Store,Tier 3,45-54,Moderate
NV408831,2026-05-10,2026-05,Paid Ads,Tier 1,35-44,Moderate
NV408832,2026-05-28,2026-05,Referral,Tier 3,18-24,Moderate
NV408833,2026-05-12,2026-05,Influencer/Content,Tier 2,18-24,Moderate
NV408834,2026-05-24,2026-05,Referral,Tier 2,25-34,Aggressive
NV408835,2026-05-28,2026-05,Paid Ads,Tier 3,18-24,Moderate
NV408836,2026-05-16,2026-05,Organic App Store,Tier 2,45-54,Moderate
NV408837,2026-05-11,2026-05,Organic App Store,Tier 2,35-44,Conservative
NV408838,2026-05-12,2026-05,Referral,Tier 2,18-24,Conservative
NV408839,2026-05-15,2026-05,Referral,Tier 1,45-54,Moderate
NV408840,2026-05-20,2026-05,Paid Ads,Tier 3,25-34,Conservative
NV408841,2026-05-06,2026-05,Paid Ads,Tier 3,25-34,Moderate
NV408842,2026-05-02,2026-05,Organic App Store,Tier 3,35-44,Moderate
NV408843,2026-05-26,2026-05,Organic App Store,Tier 2,45-54,Moderate
NV408844,2026-05-24,2026-05,Referral,Tier 1,25-34,Aggressive
NV408845,2026-05-01,2026-05,Organic App Store,Tier 1,25-34,Aggressive
NV408846,2026-05-30,2026-05,Organic App Store,Tier 1,35-44,Moderate
NV408847,2026-05-14,2026-05,Influencer/Content,Tier 1,25-34,Aggressive
NV408848,2026-05-01,2026-05,Organic App Store,Tier 2,45-54,Moderate
NV408849,2026-05-25,2026-05,Paid Ads,Tier 1,25-34,Conservative
NV408850,2026-05-02,2026-05,Organic App Store,Tier 1,45-54,Conservative
NV408851,2026-05-13,2026-05,Organic App Store,Tier 1,18-24,Moderate
NV408852,2026-05-07,2026-05,Organic App Store,Tier 2,25-34,Conservative
NV408853,2026-05-10,2026-05,Referral,Tier 3,18-24,Moderate
NV408854,2026-05-29,2026-05,Influencer/Content,Tier 3,25-34,Moderate
NV408855,2026-05-02,2026-05,Organic App Store,Tier 1,25-34,Conservative
NV408856,2026-05-04,2026-05,Organic App Store,Tier 1,45-54,Moderate
NV408857,2026-05-09,2026-05,Paid Ads,Tier 2,35-44,Aggressive
NV408858,2026-05-15,2026-05,Organic App Store,Tier 1,35-44,Moderate
NV408859,2026-05-03,2026-05,Organic App Store,Tier 2,18-24,Moderate
NV408860,2026-05-26,2026-05,Referral,Tier 1,25-34,Aggressive
NV408861,2026-05-02,2026-05,Organic App Store,Tier 2,18-24,Aggressive
NV408862,2026-05-14,2026-05,Paid Ads,Tier 1,25-34,Conservative
NV408863,2026-05-11,2026-05,Influencer/Content,Tier 2,25-34,Moderate
NV408864,2026-05-27,2026-05,Organic App Store,Tier 1,25-34,Conservative
NV408865,2026-05-11,2026-05,Organic App Store,Tier 1,35-44,Moderate
NV408866,2026-05-17,2026-05,Organic App Store,Tier 1,25-34,Moderate
NV408867,2026-05-24,2026-05,Organic App Store,Tier 1,35-44,Moderate
NV408868,2026-05-05,2026-05,Organic App Store,Tier 3,55+,Moderate
NV408869,2026-05-04,2026-05,Referral,Tier 3,35-44,Moderate
NV408870,2026-05-18,2026-05,Referral,Tier 1,35-44,Conservative
NV408871,2026-05-24,2026-05,Organic App Store,Tier 2,25-34,Aggressive
NV408872,2026-05-08,2026-05,Organic App Store,Tier 3,45-54,Conservative
NV408873,2026-05-01,2026-05,Paid Ads,Tier 2,35-44,Conservative
NV408874,2026-05-17,2026-05,Referral,Tier 2,18-24,Moderate
NV408875,2026-05-27,2026-05,Influencer/Content,Tier 1,35-44,Moderate
NV408876,2026-05-16,2026-05,Referral,Tier 1,18-24,Conservative
NV408877,2026-05-12,2026-05,Paid Ads,Tier 1,25-34,Aggressive
NV408878,2026-05-12,2026-05,Organic App Store,Tier 1,25-34,Conservative
NV408879,2026-05-15,2026-05,Organic App Store,Tier 1,18-24,Moderate
NV408880,2026-05-28,2026-05,Organic App Store,Tier 1,25-34,Aggressive
NV408881,2026-05-27,2026-05,Influencer/Content,Tier 2,35-44,Moderate
NV408882,2026-05-24,2026-05,Organic App Store,Tier 3,35-44,Moderate
NV408883,2026-05-05,2026-05,Referral,Tier 2,45-54,Moderate
NV408884,2026-05-10,2026-05,Organic App Store,Tier 1,25-34,Conservative
NV408885,2026-05-22,2026-05,Organic App Store,Tier 1,25-34,Aggressive
NV408886,2026-05-02,2026-05,Organic App Store,Tier 1,35-44,Conservative
NV408887,2026-05-10,2026-05,Referral,Tier 2,45-54,Moderate
NV408888,2026-05-02,2026-05,Referral,Tier 3,25-34,Aggressive
NV408889,2026-05-06,2026-05,Influencer/Content,Tier 3,18-24,Moderate
NV408890,2026-05-16,2026-05,Organic App Store,Tier 1,18-24,Moderate
NV408891,2026-05-04,2026-05,Organic App Store,Tier 1,25-34,Moderate
NV408892,2026-05-26,2026-05,Organic App Store,Tier 1,25-34,Moderate
NV408893,2026-05-15,2026-05,Organic App Store,Tier 2,35-44,Aggressive
NV408894,2026-05-23,2026-05,Paid Ads,Tier 1,25-34,Moderate
NV408895,2026-05-27,2026-05,Influencer/Content,Tier 1,55+,Moderate
NV408896,2026-05-22,2026-05,Paid Ads,Tier 2,25-34,Moderate
NV408897,2026-05-14,2026-05,Paid Ads,Tier 2,45-54,Moderate
NV408898,2026-05-29,2026-05,Paid Ads,Tier 3,18-24,Conservative
NV408899,2026-05-15,2026-05,Influencer/Content,Tier 3,35-44,Aggressive
NV408900,2026-05-12,2026-05,Organic App Store,Tier 2,25-34,Conservative
NV408901,2026-05-17,2026-05,Referral,Tier 1,35-44,Conservative
NV408902,2026-05-30,2026-05,Referral,Tier 2,25-34,Moderate
NV408903,2026-05-01,2026-05,Referral,Tier 2,45-54,Moderate
NV408904,2026-05-08,2026-05,Organic App Store,Tier 1,25-34,Moderate
NV408905,2026-05-25,2026-05,Paid Ads,Tier 3,45-54,Conservative
NV408906,2026-05-11,2026-05,Referral,Tier 1,25-34,Moderate
NV408907,2026-05-10,2026-05,Organic App Store,Tier 2,35-44,Moderate
NV408908,2026-05-02,2026-05,Referral,Tier 2,35-44,Moderate
NV408909,2026-05-04,2026-05,Influencer/Content,Tier 2,45-54,Aggressive
NV408910,2026-05-01,2026-05,Influencer/Content,Tier 3,25-34,Conservative
NV408911,2026-05-03,2026-05,Organic App Store,Tier 3,18-24,Conservative
NV408912,2026-05-16,2026-05,Paid Ads,Tier 3,45-54,Aggressive
NV408913,2026-05-26,2026-05,Referral,Tier 1,25-34,Aggressive
NV408914,2026-05-16,2026-05,Referral,Tier 2,18-24,Moderate
NV408915,2026-05-11,2026-05,Referral,Tier 2,25-34,Aggressive
NV408916,2026-05-15,2026-05,Influencer/Content,Tier 2,35-44,Aggressive
NV408917,2026-05-20,2026-05,Organic App Store,Tier 1,35-44,Conservative
NV408918,2026-05-08,2026-05,Organic App Store,Tier 1,25-34,Moderate
NV408919,2026-05-09,2026-05,Influencer/Content,Tier 1,35-44,Moderate
NV408920,2026-05-02,2026-05,Influencer/Content,Tier 2,25-34,Aggressive
NV408921,2026-05-10,2026-05,Referral,Tier 2,35-44,Conservative
NV408922,2026-05-30,2026-05,Referral,Tier 1,18-24,Aggressive
NV408923,2026-05-05,2026-05,Referral,Tier 3,18-24,Aggressive
NV408924,2026-05-14,2026-05,Paid Ads,Tier 1,18-24,Moderate
NV408925,2026-05-12,2026-05,Influencer/Content,Tier 1,25-34,Moderate
NV408926,2026-05-05,2026-05,Referral,Tier 2,25-34,Conservative
NV408927,2026-05-29,2026-05,Organic App Store,Tier 1,35-44,Aggressive
NV408928,2026-05-09,2026-05,Referral,Tier 2,35-44,Conservative
NV408929,2026-05-05,2026-05,Referral,Tier 2,35-44,Moderate
NV408930,2026-05-05,2026-05,Referral,Tier 1,35-44,Moderate
NV408931,2026-05-02,2026-05,Referral,Tier 2,35-44,Moderate
NV408932,2026-05-04,2026-05,Organic App Store,Tier 1,25-34,Conservative
NV408933,2026-05-01,2026-05,Influencer/Content,Tier 2,25-34,Moderate
NV408934,2026-05-02,2026-05,Influencer/Content,Tier 2,25-34,Aggressive
NV408935,2026-05-14,2026-05,Organic App Store,Tier 2,18-24,Moderate
NV408936,2026-05-16,2026-05,Organic App Store,Tier 1,35-44,Conservative
NV408937,2026-05-26,2026-05,Paid Ads,Tier 3,35-44,Moderate
NV408938,2026-05-05,2026-05,Referral,Tier 2,18-24,Aggressive
NV408939,2026-05-12,2026-05,Referral,Tier 2,18-24,Moderate
NV408940,2026-05-14,2026-05,Organic App Store,Tier 2,18-24,Moderate
NV408941,2026-05-26,2026-05,Influencer/Content,Tier 3,25-34,Moderate
NV408942,2026-05-22,2026-05,Organic App Store,Tier 2,35-44,Conservative
NV408943,2026-05-12,2026-05,Organic App Store,Tier 3,25-34,Conservative
NV408944,2026-05-28,2026-05,Influencer/Content,Tier 1,25-34,Conservative
NV408945,2026-05-27,2026-05,Referral,Tier 1,25-34,Conservative
NV408946,2026-05-04,2026-05,Paid Ads,Tier 2,35-44,Moderate
NV408947,2026-05-17,2026-05,Referral,Tier 3,45-54,Aggressive
NV408948,2026-05-24,2026-05,Organic App Store,Tier 2,35-44,Moderate
NV408949,2026-05-06,2026-05,Referral,Tier 1,25-34,Moderate
NV408950,2026-05-05,2026-05,Referral,Tier 1,25-34,Conservative
NV408951,2026-05-25,2026-05,Referral,Tier 1,18-24,Conservative
NV408952,2026-05-08,2026-05,Organic App Store,Tier 1,25-34,Moderate
NV408953,2026-05-11,2026-05,Referral,Tier 1,18-24,Aggressive
NV408954,2026-05-05,2026-05,Paid Ads,Tier 2,25-34,Moderate
NV408955,2026-05-28,2026-05,Paid Ads,Tier 2,25-34,Conservative
NV408956,2026-05-16,2026-05,Referral,Tier 1,25-34,Moderate
NV408957,2026-05-18,2026-05,Organic App Store,Tier 2,18-24,Conservative
NV408958,2026-05-29,2026-05,Organic App Store,Tier 3,25-34,Moderate
NV408959,2026-05-22,2026-05,Paid Ads,Tier 3,25-34,Conservative
NV408960,2026-05-13,2026-05,Influencer/Content,Tier 3,18-24,Aggressive
NV408961,2026-05-04,2026-05,Influencer/Content,Tier 1,25-34,Aggressive
NV408962,2026-05-05,2026-05,Organic App Store,Tier 2,25-34,Moderate
NV408963,2026-05-25,2026-05,Referral,Tier 3,35-44,Conservative
NV408964,2026-05-27,2026-05,Influencer/Content,Tier 3,55+,Moderate
NV408965,2026-05-25,2026-05,Organic App Store,Tier 1,45-54,Conservative
NV408966,2026-05-03,2026-05,Organic App Store,Tier 1,45-54,Conservative
NV408967,2026-05-15,2026-05,Influencer/Content,Tier 1,25-34,Aggressive
NV408968,2026-05-07,2026-05,Paid Ads,Tier 3,25-34,Moderate
NV408969,2026-05-15,2026-05,Influencer/Content,Tier 3,25-34,Conservative
NV408970,2026-05-19,2026-05,Influencer/Content,Tier 1,18-24,Aggressive
NV408971,2026-05-21,2026-05,Organic App Store,Tier 2,45-54,Moderate
NV408972,2026-05-12,2026-05,Organic App Store,Tier 2,35-44,Conservative
NV408973,2026-05-30,2026-05,Referral,Tier 1,35-44,Aggressive
NV408974,2026-05-17,2026-05,Influencer/Content,Tier 2,18-24,Moderate
NV408975,2026-05-20,2026-05,Paid Ads,Tier 1,35-44,Moderate
NV408976,2026-05-15,2026-05,Referral,Tier 3,35-44,Conservative
NV408977,2026-05-27,2026-05,Paid Ads,Tier 3,18-24,Conservative
NV408978,2026-05-30,2026-05,Referral,Tier 3,25-34,Conservative
NV408979,2026-05-20,2026-05,Influencer/Content,Tier 1,18-24,Aggressive
NV408980,2026-05-30,2026-05,Organic App Store,Tier 1,45-54,Conservative
NV408981,2026-05-02,2026-05,Influencer/Content,Tier 2,18-24,Moderate
NV408982,2026-05-26,2026-05,Referral,Tier 1,25-34,Moderate
NV408983,2026-05-10,2026-05,Organic App Store,Tier 2,35-44,Moderate
NV408984,2026-05-25,2026-05,Paid Ads,Tier 2,35-44,Moderate
NV408985,2026-05-05,2026-05,Organic App Store,Tier 3,18-24,Moderate
NV408986,2026-05-02,2026-05,Organic App Store,Tier 2,25-34,Moderate
NV408987,2026-05-02,2026-05,Paid Ads,Tier 1,35-44,Conservative
NV408988,2026-05-06,2026-05,Organic App Store,Tier 1,18-24,Conservative
NV408989,2026-05-29,2026-05,Referral,Tier 2,18-24,Aggressive
NV408990,2026-05-13,2026-05,Referral,Tier 2,25-34,Moderate
NV408991,2026-05-04,2026-05,Referral,Tier 2,25-34,Aggressive
NV408992,2026-05-10,2026-05,Influencer/Content,Tier 1,25-34,Moderate
NV408993,2026-05-14,2026-05,Paid Ads,Tier 2,25-34,Conservative
NV408994,2026-05-05,2026-05,Influencer/Content,Tier 2,35-44,Aggressive
NV408995,2026-05-08,2026-05,Referral,Tier 3,35-44,Conservative
NV408996,2026-05-05,2026-05,Organic App Store,Tier 2,45-54,Moderate
NV408997,2026-05-14,2026-05,Paid Ads,Tier 2,45-54,Moderate
NV408998,2026-05-25,2026-05,Paid Ads,Tier 2,25-34,Moderate
NV408999,2026-05-25,2026-05,Influencer/Content,Tier 3,18-24,Moderate
NV409000,2026-05-18,2026-05,Referral,Tier 2,25-34,Aggressive
NV409001,2026-05-09,2026-05,Organic App Store,Tier 1,35-44,Moderate
NV409002,2026-05-19,2026-05,Organic App Store,Tier 2,18-24,Moderate
NV409003,2026-05-22,2026-05,Paid Ads,Tier 2,35-44,Conservative
NV409004,2026-05-18,2026-05,Influencer/Content,Tier 1,25-34,Moderate
NV409005,2026-05-15,2026-05,Influencer/Content,Tier 2,18-24,Aggressive
NV409006,2026-05-29,2026-05,Paid Ads,Tier 1,25-34,Moderate
NV409007,2026-05-14,2026-05,Organic App Store,Tier 1,25-34,Conservative
NV409008,2026-05-29,2026-05,Referral,Tier 2,25-34,Aggressive
NV409009,2026-05-17,2026-05,Organic App Store,Tier 1,25-34,Aggressive
NV409010,2026-05-03,2026-05,Organic App Store,Tier 3,35-44,Aggressive
NV409011,2026-05-29,2026-05,Organic App Store,Tier 1,25-34,Moderate
NV409012,2026-05-21,2026-05,Referral,Tier 1,25-34,Aggressive
NV409013,2026-05-11,2026-05,Paid Ads,Tier 2,25-34,Moderate
NV409014,2026-05-16,2026-05,Influencer/Content,Tier 1,18-24,Aggressive
NV409015,2026-05-26,2026-05,Influencer/Content,Tier 3,35-44,Conservative
NV409016,2026-05-14,2026-05,Referral,Tier 1,25-34,Aggressive
NV409017,2026-05-21,2026-05,Organic App Store,Tier 3,45-54,Moderate
NV409018,2026-05-29,2026-05,Influencer/Content,Tier 1,55+,Moderate
NV409019,2026-05-08,2026-05,Influencer/Content,Tier 1,45-54,Conservative
NV409020,2026-05-06,2026-05,Referral,Tier 3,25-34,Moderate
NV409021,2026-05-16,2026-05,Paid Ads,Tier 3,45-54,Conservative
NV409022,2026-05-07,2026-05,Paid Ads,Tier 1,25-34,Conservative
NV409023,2026-05-21,2026-05,Paid Ads,Tier 2,25-34,Moderate
NV409024,2026-05-12,2026-05,Organic App Store,Tier 2,18-24,Conservative
NV409025,2026-05-18,2026-05,Paid Ads,Tier 1,35-44,Conservative
NV409026,2026-05-30,2026-05,Paid Ads,Tier 2,35-44,Aggressive
NV409027,2026-05-07,2026-05,Paid Ads,Tier 3,35-44,Moderate
NV409028,2026-05-09,2026-05,Organic App Store,Tier 1,35-44,Conservative
NV409029,2026-05-02,2026-05,Referral,Tier 1,18-24,Moderate
NV409030,2026-05-01,2026-05,Influencer/Content,Tier 1,45-54,Aggressive
NV409031,2026-05-08,2026-05,Referral,Tier 1,25-34,Moderate
NV409032,2026-05-24,2026-05,Organic App Store,Tier 2,35-44,Conservative
NV409033,2026-05-08,2026-05,Organic App Store,Tier 3,45-54,Conservative
NV409034,2026-05-14,2026-05,Influencer/Content,Tier 1,25-34,Moderate
NV409035,2026-05-16,2026-05,Referral,Tier 3,35-44,Conservative
NV409036,2026-05-09,2026-05,Referral,Tier 1,25-34,Moderate
NV409037,2026-05-20,2026-05,Referral,Tier 3,45-54,Moderate
NV409038,2026-05-09,2026-05,Paid Ads,Tier 3,18-24,Conservative
NV409039,2026-05-26,2026-05,Referral,Tier 1,25-34,Moderate
NV409040,2026-05-12,2026-05,Paid Ads,Tier 2,25-34,Moderate
NV409041,2026-05-06,2026-05,Referral,Tier 1,45-54,Moderate
NV409042,2026-05-23,2026-05,Organic App Store,Tier 2,25-34,Conservative
NV409043,2026-05-06,2026-05,Referral,Tier 1,25-34,Conservative
NV409044,2026-05-19,2026-05,Paid Ads,Tier 2,25-34,Aggressive
NV409045,2026-05-09,2026-05,Influencer/Content,Tier 1,25-34,Moderate
NV409046,2026-05-08,2026-05,Paid Ads,Tier 2,25-34,Moderate
NV409047,2026-05-12,2026-05,Referral,Tier 1,25-34,Aggressive
NV409048,2026-05-27,2026-05,Paid Ads,Tier 3,18-24,Moderate
NV409049,2026-05-11,2026-05,Influencer/Content,Tier 2,25-34,Moderate
NV409050,2026-05-15,2026-05,Paid Ads,Tier 2,25-34,Aggressive
NV409051,2026-05-10,2026-05,Influencer/Content,Tier 3,25-34,Moderate
NV409052,2026-05-23,2026-05,Organic App Store,Tier 2,25-34,Aggressive
NV409053,2026-05-04,2026-05,Organic App Store,Tier 1,18-24,Aggressive
NV409054,2026-05-10,2026-05,Organic App Store,Tier 2,35-44,Aggressive
NV409055,2026-05-05,2026-05,Influencer/Content,Tier 3,25-34,Moderate
NV409056,2026-05-18,2026-05,Organic App Store,Tier 3,45-54,Aggressive
NV409057,2026-05-13,2026-05,Organic App Store,Tier 2,45-54,Moderate
NV409058,2026-05-12,2026-05,Influencer/Content,Tier 2,25-34,Moderate
NV409059,2026-05-24,2026-05,Organic App Store,Tier 1,25-34,Aggressive
NV409060,2026-05-04,2026-05,Organic App Store,Tier 2,35-44,Conservative
NV409061,2026-05-04,2026-05,Organic App Store,Tier 1,25-34,Moderate
NV409062,2026-05-23,2026-05,Referral,Tier 1,25-34,Moderate
NV409063,2026-05-02,2026-05,Influencer/Content,Tier 1,35-44,Aggressive
NV409064,2026-05-30,2026-05,Referral,Tier 1,55+,Aggressive
NV409065,2026-05-26,2026-05,Influencer/Content,Tier 2,45-54,Conservative
NV409066,2026-05-14,2026-05,Organic App Store,Tier 1,55+,Aggressive
NV409067,2026-05-28,2026-05,Referral,Tier 2,25-34,Conservative
NV409068,2026-05-06,2026-05,Paid Ads,Tier 1,35-44,Moderate
NV409069,2026-05-03,2026-05,Influencer/Content,Tier 3,25-34,Moderate
NV409070,2026-05-01,2026-05,Organic App Store,Tier 1,35-44,Conservative
NV409071,2026-05-12,2026-05,Organic App Store,Tier 2,25-34,Moderate
NV409072,2026-05-20,2026-05,Paid Ads,Tier 2,35-44,Moderate
NV409073,2026-05-19,2026-05,Referral,Tier 1,25-34,Aggressive
NV409074,2026-05-23,2026-05,Paid Ads,Tier 2,35-44,Moderate
NV409075,2026-05-25,2026-05,Referral,Tier 3,35-44,Moderate
NV409076,2026-05-27,2026-05,Organic App Store,Tier 3,45-54,Conservative
NV409077,2026-05-30,2026-05,Influencer/Content,Tier 1,25-34,Moderate
NV409078,2026-05-17,2026-05,Organic App Store,Tier 2,35-44,Moderate
NV409079,2026-05-21,2026-05,Organic App Store,Tier 1,25-34,Moderate
NV409080,2026-05-15,2026-05,Organic App Store,Tier 1,18-24,Moderate
NV409081,2026-05-08,2026-05,Organic App Store,Tier 2,35-44,Conservative
NV409082,2026-05-17,2026-05,Referral,Tier 2,25-34,Moderate
NV409083,2026-05-08,2026-05,Paid Ads,Tier 1,18-24,Moderate
NV409084,2026-05-02,2026-05,Paid Ads,Tier 1,35-44,Moderate
NV409085,2026-05-17,2026-05,Organic App Store,Tier 1,25-34,Moderate
NV409086,2026-05-01,2026-05,Referral,Tier 1,25-34,Aggressive
NV409087,2026-05-23,2026-05,Paid Ads,Tier 3,25-34,Moderate
NV409088,2026-05-16,2026-05,Organic App Store,Tier 1,45-54,Aggressive
NV409089,2026-05-23,2026-05,Influencer/Content,Tier 2,45-54,Conservative
NV409090,2026-05-13,2026-05,Organic App Store,Tier 3,35-44,Moderate
NV409091,2026-05-07,2026-05,Organic App Store,Tier 2,35-44,Conservative
NV409092,2026-05-10,2026-05,Referral,Tier 3,25-34,Moderate
NV409093,2026-05-04,2026-05,Referral,Tier 2,35-44,Aggressive
NV409094,2026-05-11,2026-05,Organic App Store,Tier 1,25-34,Moderate
NV409095,2026-05-30,2026-05,Referral,Tier 2,18-24,Conservative
NV409096,2026-05-10,2026-05,Organic App Store,Tier 1,25-34,Moderate
NV409097,2026-05-16,2026-05,Paid Ads,Tier 2,25-34,Conservative
NV409098,2026-05-22,2026-05,Paid Ads,Tier 1,45-54,Moderate
NV409099,2026-05-30,2026-05,Paid Ads,Tier 3,35-44,Conservative
NV409100,2026-05-21,2026-05,Paid Ads,Tier 2,45-54,Moderate
NV409101,2026-05-18,2026-05,Organic App Store,Tier 1,25-34,Aggressive
NV409102,2026-05-12,2026-05,Referral,Tier 1,35-44,Conservative
NV409103,2026-05-18,2026-05,Organic App Store,Tier 1,25-34,Conservative
NV409104,2026-05-26,2026-05,Influencer/Content,Tier 3,18-24,Conservative
NV409105,2026-05-23,2026-05,Paid Ads,Tier 2,35-44,Conservative
NV409106,2026-05-01,2026-05,Influencer/Content,Tier 2,35-44,Moderate
NV409107,2026-05-03,2026-05,Paid Ads,Tier 2,18-24,Aggressive
NV409108,2026-05-14,2026-05,Paid Ads,Tier 3,18-24,Aggressive
NV409109,2026-05-17,2026-05,Paid Ads,Tier 1,45-54,Moderate
NV409110,2026-05-17,2026-05,Organic App Store,Tier 1,25-34,Conservative
NV409111,2026-05-02,2026-05,Influencer/Content,Tier 3,35-44,Moderate
NV409112,2026-05-22,2026-05,Referral,Tier 1,35-44,Conservative
NV409113,2026-05-07,2026-05,Referral,Tier 1,35-44,Moderate
NV409114,2026-05-10,2026-05,Organic App Store,Tier 2,35-44,Moderate
NV409115,2026-05-18,2026-05,Organic App Store,Tier 1,45-54,Moderate
NV409116,2026-05-19,2026-05,Organic App Store,Tier 3,35-44,Moderate
NV409117,2026-05-17,2026-05,Organic App Store,Tier 2,25-34,Aggressive
NV409118,2026-05-14,2026-05,Organic App Store,Tier 1,25-34,Moderate
NV409119,2026-05-04,2026-05,Referral,Tier 3,25-34,Moderate
NV409120,2026-05-01,2026-05,Referral,Tier 1,55+,Conservative
NV409121,2026-05-30,2026-05,Paid Ads,Tier 2,55+,Conservative
NV409122,2026-05-09,2026-05,Paid Ads,Tier 2,25-34,Moderate
NV409123,2026-05-30,2026-05,Influencer/Content,Tier 1,45-54,Moderate
NV409124,2026-05-11,2026-05,Paid Ads,Tier 1,25-34,Moderate
NV409125,2026-05-14,2026-05,Organic App Store,Tier 2,45-54,Moderate
NV409126,2026-05-06,2026-05,Referral,Tier 1,45-54,Conservative
NV409127,2026-05-10,2026-05,Organic App Store,Tier 1,45-54,Moderate
NV409128,2026-05-04,2026-05,Influencer/Content,Tier 1,18-24,Moderate
NV409129,2026-05-27,2026-05,Influencer/Content,Tier 1,35-44,Conservative
NV409130,2026-05-01,2026-05,Organic App Store,Tier 2,25-34,Aggressive
NV409131,2026-05-21,2026-05,Organic App Store,Tier 1,45-54,Aggressive
NV409132,2026-05-22,2026-05,Paid Ads,Tier 3,18-24,Moderate
NV409133,2026-05-28,2026-05,Organic App Store,Tier 2,55+,Aggressive
NV409134,2026-05-06,2026-05,Influencer/Content,Tier 1,45-54,Aggressive
NV409135,2026-05-02,2026-05,Organic App Store,Tier 1,25-34,Moderate
NV409136,2026-05-08,2026-05,Influencer/Content,Tier 2,25-34,Conservative
NV409137,2026-05-23,2026-05,Paid Ads,Tier 2,45-54,Moderate
NV409138,2026-05-06,2026-05,Organic App Store,Tier 2,25-34,Moderate
NV409139,2026-05-06,2026-05,Organic App Store,Tier 3,45-54,Moderate
NV409140,2026-05-29,2026-05,Organic App Store,Tier 3,25-34,Conservative
NV409141,2026-05-11,2026-05,Referral,Tier 1,25-34,Moderate
NV409142,2026-05-20,2026-05,Referral,Tier 1,25-34,Conservative
NV409143,2026-05-01,2026-05,Organic App Store,Tier 1,25-34,Moderate
NV409144,2026-05-06,2026-05,Paid Ads,Tier 1,25-34,Moderate
NV409145,2026-05-26,2026-05,Referral,Tier 3,35-44,Conservative
NV409146,2026-05-19,2026-05,Paid Ads,Tier 2,18-24,Aggressive
NV409147,2026-05-20,2026-05,Organic App Store,Tier 2,18-24,Conservative
NV409148,2026-05-08,2026-05,Influencer/Content,Tier 2,35-44,Aggressive
NV409149,2026-05-07,2026-05,Organic App Store,Tier 3,25-34,Moderate
NV409150,2026-05-17,2026-05,Influencer/Content,Tier 3,45-54,Moderate
NV409151,2026-05-23,2026-05,Influencer/Content,Tier 1,25-34,Aggressive
NV409152,2026-05-02,2026-05,Referral,Tier 2,25-34,Conservative
NV409153,2026-05-13,2026-05,Influencer/Content,Tier 2,25-34,Moderate
NV409154,2026-05-04,2026-05,Organic App Store,Tier 1,25-34,Moderate
NV409155,2026-05-18,2026-05,Organic App Store,Tier 3,25-34,Moderate
NV409156,2026-05-26,2026-05,Influencer/Content,Tier 1,18-24,Moderate
NV409157,2026-05-22,2026-05,Influencer/Content,Tier 1,25-34,Moderate
NV409158,2026-05-12,2026-05,Referral,Tier 2,25-34,Conservative
NV409159,2026-05-06,2026-05,Organic App Store,Tier 3,25-34,Moderate
NV409160,2026-05-16,2026-05,Referral,Tier 3,45-54,Moderate
NV409161,2026-05-08,2026-05,Organic App Store,Tier 2,25-34,Conservative
NV409162,2026-05-02,2026-05,Influencer/Content,Tier 3,25-34,Conservative
NV409163,2026-05-16,2026-05,Referral,Tier 2,25-34,Aggressive
NV409164,2026-05-27,2026-05,Influencer/Content,Tier 1,18-24,Moderate
NV409165,2026-05-16,2026-05,Organic App Store,Tier 1,45-54,Conservative
NV409166,2026-05-12,2026-05,Referral,Tier 1,35-44,Moderate
NV409167,2026-05-12,2026-05,Paid Ads,Tier 3,25-34,Moderate
NV409168,2026-05-06,2026-05,Referral,Tier 1,45-54,Aggressive
NV409169,2026-05-18,2026-05,Organic App Store,Tier 2,25-34,Moderate
NV409170,2026-05-25,2026-05,Referral,Tier 3,18-24,Conservative
NV409171,2026-05-02,2026-05,Organic App Store,Tier 2,45-54,Moderate
NV409172,2026-05-30,2026-05,Influencer/Content,Tier 2,45-54,Moderate
NV409173,2026-05-25,2026-05,Paid Ads,Tier 1,18-24,Aggressive
NV409174,2026-05-19,2026-05,Paid Ads,Tier 2,45-54,Aggressive
NV409175,2026-05-09,2026-05,Referral,Tier 1,25-34,Aggressive
NV409176,2026-05-28,2026-05,Paid Ads,Tier 1,25-34,Aggressive
NV409177,2026-05-29,2026-05,Organic App Store,Tier 1,25-34,Conservative
NV409178,2026-05-06,2026-05,Organic App Store,Tier 1,25-34,Conservative
NV409179,2026-05-26,2026-05,Organic App Store,Tier 1,25-34,Conservative
NV409180,2026-05-08,2026-05,Influencer/Content,Tier 2,25-34,Moderate
NV409181,2026-05-28,2026-05,Organic App Store,Tier 2,25-34,Conservative
NV409182,2026-05-03,2026-05,Referral,Tier 3,35-44,Aggressive
NV409183,2026-05-21,2026-05,Influencer/Content,Tier 3,18-24,Aggressive
NV409184,2026-05-16,2026-05,Paid Ads,Tier 1,35-44,Moderate
NV409185,2026-05-23,2026-05,Paid Ads,Tier 2,45-54,Conservative
NV409186,2026-05-08,2026-05,Influencer/Content,Tier 1,25-34,Moderate
NV409187,2026-05-26,2026-05,Paid Ads,Tier 2,35-44,Moderate
NV409188,2026-05-30,2026-05,Referral,Tier 3,25-34,Moderate
NV409189,2026-05-24,2026-05,Organic App Store,Tier 3,18-24,Aggressive
NV409190,2026-05-04,2026-05,Organic App Store,Tier 3,25-34,Aggressive
NV409191,2026-05-29,2026-05,Influencer/Content,Tier 2,18-24,Conservative
NV409192,2026-05-19,2026-05,Referral,Tier 2,35-44,Moderate
NV409193,2026-05-10,2026-05,Paid Ads,Tier 2,25-34,Moderate
NV409194,2026-05-04,2026-05,Referral,Tier 1,35-44,Aggressive
NV409195,2026-05-22,2026-05,Paid Ads,Tier 1,35-44,Moderate
NV409196,2026-05-05,2026-05,Influencer/Content,Tier 1,35-44,Moderate
NV409197,2026-05-12,2026-05,Influencer/Content,Tier 2,25-34,Moderate
NV409198,2026-05-16,2026-05,Influencer/Content,Tier 1,35-44,Moderate
NV409199,2026-05-05,2026-05,Referral,Tier 3,35-44,Aggressive
NV409200,2026-05-07,2026-05,Paid Ads,Tier 2,25-34,Moderate
NV409201,2026-05-20,2026-05,Organic App Store,Tier 3,25-34,Moderate
NV409202,2026-05-07,2026-05,Influencer/Content,Tier 3,25-34,Moderate
NV409203,2026-05-06,2026-05,Paid Ads,Tier 1,25-34,Moderate
NV409204,2026-05-01,2026-05,Paid Ads,Tier 2,18-24,Conservative
NV409205,2026-05-03,2026-05,Influencer/Content,Tier 2,35-44,Aggressive
NV409206,2026-05-08,2026-05,Influencer/Content,Tier 1,25-34,Moderate
NV409207,2026-05-21,2026-05,Referral,Tier 3,25-34,Moderate
NV409208,2026-05-25,2026-05,Organic App Store,Tier 1,35-44,Moderate
NV409209,2026-05-19,2026-05,Organic App Store,Tier 1,18-24,Moderate
NV409210,2026-05-07,2026-05,Organic App Store,Tier 2,25-34,Conservative
NV409211,2026-05-24,2026-05,Influencer/Content,Tier 1,25-34,Aggressive
NV409212,2026-05-29,2026-05,Influencer/Content,Tier 3,18-24,Conservative
NV409213,2026-05-28,2026-05,Organic App Store,Tier 1,45-54,Moderate
NV409214,2026-05-11,2026-05,Influencer/Content,Tier 2,35-44,Moderate
NV409215,2026-05-19,2026-05,Organic App Store,Tier 1,45-54,Moderate
NV409216,2026-05-10,2026-05,Organic App Store,Tier 3,18-24,Moderate
NV409217,2026-05-21,2026-05,Referral,Tier 2,25-34,Conservative
NV409218,2026-05-24,2026-05,Paid Ads,Tier 1,35-44,Conservative
NV409219,2026-05-17,2026-05,Referral,Tier 1,45-54,Conservative
NV409220,2026-05-27,2026-05,Paid Ads,Tier 1,25-34,Conservative
NV409221,2026-05-25,2026-05,Referral,Tier 3,25-34,Aggressive
NV409222,2026-05-02,2026-05,Organic App Store,Tier 1,18-24,Moderate
NV409223,2026-05-11,2026-05,Referral,Tier 2,45-54,Aggressive
NV409224,2026-05-15,2026-05,Organic App Store,Tier 1,55+,Moderate
NV409225,2026-05-20,2026-05,Referral,Tier 2,25-34,Conservative
NV409226,2026-05-25,2026-05,Referral,Tier 3,18-24,Conservative
NV409227,2026-05-27,2026-05,Organic App Store,Tier 1,45-54,Aggressive
NV409228,2026-05-04,2026-05,Organic App Store,Tier 3,18-24,Moderate
NV409229,2026-05-29,2026-05,Referral,Tier 2,25-34,Moderate
NV409230,2026-05-19,2026-05,Influencer/Content,Tier 2,25-34,Moderate
NV409231,2026-05-13,2026-05,Referral,Tier 2,25-34,Moderate
NV409232,2026-05-10,2026-05,Referral,Tier 2,45-54,Conservative
NV409233,2026-05-12,2026-05,Paid Ads,Tier 2,25-34,Moderate
NV409234,2026-05-20,2026-05,Paid Ads,Tier 2,25-34,Aggressive
NV409235,2026-05-26,2026-05,Organic App Store,Tier 2,18-24,Conservative
NV409236,2026-05-30,2026-05,Referral,Tier 1,25-34,Conservative
NV409237,2026-05-13,2026-05,Paid Ads,Tier 1,35-44,Moderate
NV409238,2026-05-29,2026-05,Influencer/Content,Tier 1,25-34,Aggressive
NV409239,2026-05-15,2026-05,Organic App Store,Tier 1,25-34,Moderate
NV409240,2026-05-07,2026-05,Influencer/Content,Tier 3,18-24,Moderate
NV409241,2026-05-30,2026-05,Organic App Store,Tier 2,25-34,Moderate
NV409242,2026-05-02,2026-05,Referral,Tier 2,25-34,Moderate
NV409243,2026-05-14,2026-05,Influencer/Content,Tier 1,35-44,Moderate
NV409244,2026-05-09,2026-05,Referral,Tier 1,25-34,Moderate
NV409245,2026-05-19,2026-05,Organic App Store,Tier 2,55+,Aggressive
NV409246,2026-05-28,2026-05,Organic App Store,Tier 1,35-44,Aggressive
NV409247,2026-05-08,2026-05,Organic App Store,Tier 3,35-44,Moderate
NV409248,2026-05-07,2026-05,Organic App Store,Tier 2,18-24,Aggressive
NV409249,2026-05-08,2026-05,Organic App Store,Tier 2,25-34,Conservative
NV409250,2026-05-30,2026-05,Influencer/Content,Tier 1,35-44,Aggressive
NV409251,2026-05-15,2026-05,Organic App Store,Tier 2,25-34,Conservative
NV409252,2026-05-10,2026-05,Paid Ads,Tier 1,35-44,Conservative
NV409253,2026-05-20,2026-05,Organic App Store,Tier 3,35-44,Moderate
NV409254,2026-05-16,2026-05,Influencer/Content,Tier 3,18-24,Conservative
NV409255,2026-05-01,2026-05,Organic App Store,Tier 2,18-24,Aggressive
NV409256,2026-05-23,2026-05,Influencer/Content,Tier 1,18-24,Conservative
NV409257,2026-05-26,2026-05,Organic App Store,Tier 2,25-34,Moderate
NV409258,2026-05-08,2026-05,Influencer/Content,Tier 2,25-34,Moderate
NV409259,2026-05-26,2026-05,Referral,Tier 2,18-24,Moderate
NV409260,2026-05-21,2026-05,Organic App Store,Tier 3,25-34,Moderate
NV409261,2026-05-22,2026-05,Influencer/Content,Tier 1,18-24,Aggressive
NV409262,2026-05-05,2026-05,Paid Ads,Tier 3,45-54,Moderate
NV409263,2026-05-11,2026-05,Organic App Store,Tier 3,25-34,Moderate
NV409264,2026-05-17,2026-05,Referral,Tier 1,25-34,Moderate
NV409265,2026-05-24,2026-05,Paid Ads,Tier 1,25-34,Moderate
NV409266,2026-05-04,2026-05,Organic App Store,Tier 1,18-24,Moderate
NV409267,2026-05-18,2026-05,Influencer/Content,Tier 1,25-34,Moderate
NV409268,2026-05-17,2026-05,Influencer/Content,Tier 2,45-54,Conservative
NV409269,2026-05-12,2026-05,Influencer/Content,Tier 2,25-34,Moderate
NV409270,2026-05-15,2026-05,Organic App Store,Tier 1,25-34,Aggressive
NV409271,2026-05-05,2026-05,Organic App Store,Tier 2,25-34,Moderate
NV409272,2026-05-19,2026-05,Paid Ads,Tier 3,25-34,Moderate
NV409273,2026-05-25,2026-05,Referral,Tier 2,25-34,Moderate
NV409274,2026-05-24,2026-05,Organic App Store,Tier 2,25-34,Conservative
NV409275,2026-05-02,2026-05,Influencer/Content,Tier 1,35-44,Moderate
NV409276,2026-05-22,2026-05,Influencer/Content,Tier 3,35-44,Aggressive
NV409277,2026-05-04,2026-05,Paid Ads,Tier 2,35-44,Conservative
NV409278,2026-05-16,2026-05,Organic App Store,Tier 2,25-34,Moderate
NV409279,2026-05-04,2026-05,Organic App Store,Tier 1,35-44,Conservative
NV409280,2026-05-21,2026-05,Referral,Tier 1,25-34,Moderate
NV409281,2026-05-03,2026-05,Organic App Store,Tier 1,25-34,Aggressive
NV409282,2026-05-30,2026-05,Referral,Tier 1,35-44,Moderate
NV409283,2026-05-13,2026-05,Influencer/Content,Tier 2,35-44,Aggressive
NV409284,2026-05-29,2026-05,Paid Ads,Tier 2,35-44,Moderate
NV409285,2026-05-28,2026-05,Paid Ads,Tier 1,35-44,Aggressive
NV409286,2026-05-18,2026-05,Paid Ads,Tier 2,35-44,Aggressive
NV409287,2026-05-14,2026-05,Referral,Tier 1,25-34,Aggressive
NV409288,2026-05-21,2026-05,Referral,Tier 1,35-44,Conservative
NV409289,2026-05-14,2026-05,Referral,Tier 2,18-24,Aggressive
NV409290,2026-05-30,2026-05,Referral,Tier 1,25-34,Conservative
NV409291,2026-05-07,2026-05,Referral,Tier 1,18-24,Moderate
NV409292,2026-05-18,2026-05,Referral,Tier 3,35-44,Aggressive
NV409293,2026-05-19,2026-05,Referral,Tier 3,25-34,Moderate
NV409294,2026-05-20,2026-05,Influencer/Content,Tier 2,25-34,Conservative
NV409295,2026-05-04,2026-05,Referral,Tier 1,35-44,Moderate
NV409296,2026-05-13,2026-05,Influencer/Content,Tier 2,55+,Aggressive
NV409297,2026-05-28,2026-05,Organic App Store,Tier 3,18-24,Aggressive
NV409298,2026-05-23,2026-05,Influencer/Content,Tier 2,35-44,Conservative
NV409299,2026-05-28,2026-05,Referral,Tier 2,25-34,Moderate
NV409300,2026-05-21,2026-05,Organic App Store,Tier 2,45-54,Conservative
NV409301,2026-05-10,2026-05,Influencer/Content,Tier 2,25-34,Aggressive
NV409302,2026-05-20,2026-05,Organic App Store,Tier 2,25-34,Moderate
NV409303,2026-05-05,2026-05,Paid Ads,Tier 1,35-44,Conservative
NV409304,2026-05-08,2026-05,Influencer/Content,Tier 2,45-54,Conservative
NV409305,2026-05-15,2026-05,Organic App Store,Tier 1,35-44,Moderate
NV409306,2026-05-14,2026-05,Referral,Tier 1,25-34,Conservative
NV409307,2026-05-26,2026-05,Paid Ads,Tier 1,25-34,Moderate
NV409308,2026-05-30,2026-05,Paid Ads,Tier 1,45-54,Conservative
NV409309,2026-05-05,2026-05,Influencer/Content,Tier 3,25-34,Moderate
NV409310,2026-05-02,2026-05,Referral,Tier 1,18-24,Aggressive
NV409311,2026-05-18,2026-05,Influencer/Content,Tier 1,25-34,Moderate
NV409312,2026-05-23,2026-05,Referral,Tier 3,18-24,Moderate
NV409313,2026-05-22,2026-05,Organic App Store,Tier 3,25-34,Moderate
NV409314,2026-05-30,2026-05,Influencer/Content,Tier 2,35-44,Conservative
NV409315,2026-05-11,2026-05,Paid Ads,Tier 1,45-54,Aggressive
NV409316,2026-05-19,2026-05,Referral,Tier 2,35-44,Moderate
NV409317,2026-05-06,2026-05,Influencer/Content,Tier 2,45-54,Conservative
NV409318,2026-05-16,2026-05,Organic App Store,Tier 2,35-44,Moderate
NV409319,2026-05-02,2026-05,Referral,Tier 1,25-34,Moderate
NV409320,2026-05-01,2026-05,Referral,Tier 2,25-34,Moderate
NV409321,2026-05-25,2026-05,Paid Ads,Tier 1,25-34,Aggressive
NV409322,2026-05-26,2026-05,Influencer/Content,Tier 3,25-34,Conservative
NV409323,2026-05-16,2026-05,Influencer/Content,Tier 1,25-34,Moderate
NV409324,2026-05-11,2026-05,Influencer/Content,Tier 1,25-34,Aggressive
NV409325,2026-05-21,2026-05,Organic App Store,Tier 2,35-44,Moderate
NV409326,2026-05-02,2026-05,Referral,Tier 1,35-44,Conservative
NV409327,2026-05-17,2026-05,Referral,Tier 2,35-44,Conservative
NV409328,2026-05-09,2026-05,Influencer/Content,Tier 2,25-34,Conservative
NV409329,2026-05-27,2026-05,Referral,Tier 2,25-34,Conservative
NV409330,2026-05-16,2026-05,Influencer/Content,Tier 1,18-24,Moderate
NV409331,2026-05-27,2026-05,Organic App Store,Tier 2,18-24,Conservative
NV409332,2026-05-13,2026-05,Organic App Store,Tier 1,35-44,Aggressive
NV409333,2026-05-27,2026-05,Referral,Tier 3,25-34,Conservative
NV409334,2026-05-28,2026-05,Influencer/Content,Tier 2,25-34,Aggressive
NV409335,2026-05-27,2026-05,Paid Ads,Tier 2,18-24,Moderate
NV409336,2026-05-06,2026-05,Paid Ads,Tier 3,45-54,Conservative
NV409337,2026-05-16,2026-05,Paid Ads,Tier 2,35-44,Aggressive
NV409338,2026-05-22,2026-05,Paid Ads,Tier 2,45-54,Aggressive
NV409339,2026-05-01,2026-05,Paid Ads,Tier 2,18-24,Aggressive
NV409340,2026-05-23,2026-05,Organic App Store,Tier 1,35-44,Aggressive
NV409341,2026-05-11,2026-05,Organic App Store,Tier 3,45-54,Moderate
NV409342,2026-05-12,2026-05,Referral,Tier 2,55+,Conservative
NV409343,2026-05-20,2026-05,Organic App Store,Tier 2,35-44,Conservative
NV409344,2026-05-24,2026-05,Influencer/Content,Tier 1,18-24,Moderate
NV409345,2026-05-23,2026-05,Influencer/Content,Tier 3,18-24,Moderate
NV409346,2026-05-12,2026-05,Influencer/Content,Tier 3,35-44,Aggressive
NV409347,2026-05-10,2026-05,Paid Ads,Tier 2,18-24,Moderate
NV409348,2026-05-23,2026-05,Organic App Store,Tier 3,25-34,Moderate
NV409349,2026-05-18,2026-05,Organic App Store,Tier 1,35-44,Moderate
NV409350,2026-05-25,2026-05,Organic App Store,Tier 3,18-24,Moderate
NV409351,2026-05-27,2026-05,Referral,Tier 1,18-24,Moderate
NV409352,2026-05-11,2026-05,Referral,Tier 1,25-34,Aggressive
NV409353,2026-05-15,2026-05,Paid Ads,Tier 3,25-34,Conservative
NV409354,2026-05-15,2026-05,Influencer/Content,Tier 1,35-44,Moderate
NV409355,2026-05-19,2026-05,Influencer/Content,Tier 3,25-34,Aggressive
NV409356,2026-05-14,2026-05,Referral,Tier 3,25-34,Moderate
NV409357,2026-05-17,2026-05,Paid Ads,Tier 1,35-44,Conservative
NV409358,2026-05-28,2026-05,Organic App Store,Tier 1,25-34,Moderate
NV409359,2026-05-29,2026-05,Referral,Tier 3,25-34,Conservative
NV409360,2026-05-17,2026-05,Influencer/Content,Tier 1,45-54,Moderate
NV409361,2026-05-21,2026-05,Organic App Store,Tier 1,25-34,Moderate
NV409362,2026-05-01,2026-05,Organic App Store,Tier 1,25-34,Moderate
NV409363,2026-05-16,2026-05,Influencer/Content,Tier 2,18-24,Conservative
NV409364,2026-05-28,2026-05,Organic App Store,Tier 2,25-34,Conservative
NV409365,2026-05-21,2026-05,Paid Ads,Tier 1,45-54,Aggressive
NV409366,2026-05-01,2026-05,Referral,Tier 2,45-54,Conservative
NV409367,2026-05-15,2026-05,Referral,Tier 2,18-24,Moderate
NV409368,2026-05-07,2026-05,Paid Ads,Tier 2,18-24,Moderate
NV409369,2026-05-03,2026-05,Referral,Tier 1,18-24,Aggressive
NV409370,2026-05-27,2026-05,Paid Ads,Tier 1,25-34,Moderate
NV409371,2026-05-22,2026-05,Organic App Store,Tier 2,35-44,Aggressive
NV409372,2026-05-10,2026-05,Influencer/Content,Tier 3,25-34,Conservative
NV409373,2026-05-14,2026-05,Organic App Store,Tier 3,35-44,Moderate
NV409374,2026-05-20,2026-05,Paid Ads,Tier 3,18-24,Conservative
NV409375,2026-05-07,2026-05,Organic App Store,Tier 2,18-24,Conservative
NV409376,2026-05-03,2026-05,Organic App Store,Tier 3,35-44,Conservative
NV409377,2026-05-26,2026-05,Referral,Tier 1,45-54,Moderate
NV409378,2026-05-30,2026-05,Referral,Tier 1,25-34,Moderate
NV409379,2026-05-20,2026-05,Organic App Store,Tier 2,25-34,Moderate
NV409380,2026-05-18,2026-05,Influencer/Content,Tier 1,25-34,Aggressive
NV409381,2026-05-13,2026-05,Influencer/Content,Tier 3,25-34,Conservative
NV409382,2026-05-03,2026-05,Paid Ads,Tier 3,25-34,Moderate
NV409383,2026-05-06,2026-05,Influencer/Content,Tier 1,45-54,Moderate
NV409384,2026-05-22,2026-05,Referral,Tier 2,25-34,Moderate
NV409385,2026-05-10,2026-05,Influencer/Content,Tier 3,35-44,Conservative
NV409386,2026-05-19,2026-05,Organic App Store,Tier 1,25-34,Moderate
NV409387,2026-05-16,2026-05,Paid Ads,Tier 1,25-34,Aggressive
NV409388,2026-05-06,2026-05,Influencer/Content,Tier 2,25-34,Moderate
NV409389,2026-05-24,2026-05,Organic App Store,Tier 1,18-24,Moderate
NV409390,2026-05-14,2026-05,Influencer/Content,Tier 2,35-44,Conservative
NV409391,2026-05-18,2026-05,Referral,Tier 3,35-44,Moderate
NV409392,2026-05-06,2026-05,Referral,Tier 1,18-24,Aggressive
NV409393,2026-05-12,2026-05,Paid Ads,Tier 1,25-34,Moderate
NV409394,2026-05-13,2026-05,Paid Ads,Tier 2,25-34,Aggressive
NV409395,2026-05-25,2026-05,Referral,Tier 1,18-24,Aggressive
NV409396,2026-05-21,2026-05,Paid Ads,Tier 1,35-44,Conservative
NV409397,2026-05-12,2026-05,Organic App Store,Tier 3,35-44,Aggressive
NV409398,2026-05-05,2026-05,Organic App Store,Tier 3,35-44,Conservative
NV409399,2026-05-05,2026-05,Organic App Store,Tier 2,35-44,Moderate
NV409400,2026-05-30,2026-05,Referral,Tier 2,25-34,Conservative
NV409401,2026-05-12,2026-05,Influencer/Content,Tier 1,25-34,Conservative
NV409402,2026-05-03,2026-05,Organic App Store,Tier 3,35-44,Moderate
NV409403,2026-05-16,2026-05,Referral,Tier 3,45-54,Moderate
NV409404,2026-05-07,2026-05,Organic App Store,Tier 2,25-34,Conservative
NV409405,2026-05-20,2026-05,Organic App Store,Tier 1,18-24,Conservative
NV409406,2026-05-18,2026-05,Organic App Store,Tier 2,25-34,Moderate
NV409407,2026-05-26,2026-05,Referral,Tier 3,25-34,Moderate
NV409408,2026-05-12,2026-05,Referral,Tier 3,25-34,Aggressive
NV409409,2026-05-05,2026-05,Organic App Store,Tier 2,18-24,Conservative
NV409410,2026-05-17,2026-05,Influencer/Content,Tier 1,25-34,Conservative
NV409411,2026-05-17,2026-05,Organic App Store,Tier 2,25-34,Conservative
NV409412,2026-05-06,2026-05,Organic App Store,Tier 3,25-34,Moderate
NV409413,2026-05-23,2026-05,Referral,Tier 3,35-44,Aggressive
NV409414,2026-05-29,2026-05,Referral,Tier 3,25-34,Conservative
NV409415,2026-05-24,2026-05,Influencer/Content,Tier 1,25-34,Moderate
NV409416,2026-05-07,2026-05,Organic App Store,Tier 1,45-54,Conservative
NV409417,2026-05-21,2026-05,Paid Ads,Tier 1,25-34,Aggressive
NV409418,2026-05-02,2026-05,Paid Ads,Tier 3,35-44,Aggressive
NV409419,2026-05-12,2026-05,Paid Ads,Tier 1,35-44,Moderate
NV409420,2026-05-27,2026-05,Referral,Tier 2,25-34,Conservative
NV409421,2026-05-04,2026-05,Referral,Tier 1,25-34,Moderate
NV409422,2026-05-09,2026-05,Paid Ads,Tier 1,25-34,Moderate
NV409423,2026-05-15,2026-05,Paid Ads,Tier 2,35-44,Moderate
NV409424,2026-05-04,2026-05,Organic App Store,Tier 2,25-34,Aggressive
NV409425,2026-05-06,2026-05,Paid Ads,Tier 1,55+,Conservative
NV409426,2026-05-12,2026-05,Influencer/Content,Tier 2,18-24,Conservative
NV409427,2026-05-21,2026-05,Influencer/Content,Tier 2,25-34,Moderate
NV409428,2026-05-09,2026-05,Paid Ads,Tier 1,45-54,Conservative
NV409429,2026-05-19,2026-05,Paid Ads,Tier 1,25-34,Aggressive
NV409430,2026-05-12,2026-05,Influencer/Content,Tier 1,55+,Moderate
NV409431,2026-05-15,2026-05,Referral,Tier 2,25-34,Moderate
NV409432,2026-05-23,2026-05,Influencer/Content,Tier 3,25-34,Moderate
NV409433,2026-05-11,2026-05,Organic App Store,Tier 2,45-54,Aggressive
NV409434,2026-05-24,2026-05,Organic App Store,Tier 2,45-54,Moderate
NV409435,2026-05-28,2026-05,Organic App Store,Tier 2,18-24,Conservative
NV409436,2026-05-25,2026-05,Influencer/Content,Tier 2,25-34,Conservative
NV409437,2026-05-11,2026-05,Organic App Store,Tier 2,25-34,Moderate
NV409438,2026-05-27,2026-05,Paid Ads,Tier 1,45-54,Aggressive
NV409439,2026-05-16,2026-05,Referral,Tier 1,45-54,Moderate
NV409440,2026-05-06,2026-05,Influencer/Content,Tier 2,25-34,Conservative
NV409441,2026-05-04,2026-05,Organic App Store,Tier 1,25-34,Aggressive
NV409442,2026-05-15,2026-05,Referral,Tier 1,45-54,Conservative
NV409443,2026-05-26,2026-05,Referral,Tier 3,25-34,Aggressive
NV409444,2026-05-22,2026-05,Influencer/Content,Tier 1,55+,Moderate
NV409445,2026-05-14,2026-05,Paid Ads,Tier 1,35-44,Conservative
NV409446,2026-05-30,2026-05,Influencer/Content,Tier 3,35-44,Conservative
NV409447,2026-05-27,2026-05,Influencer/Content,Tier 1,45-54,Moderate
NV409448,2026-05-29,2026-05,Organic App Store,Tier 2,25-34,Moderate
NV409449,2026-05-25,2026-05,Influencer/Content,Tier 2,25-34,Conservative
NV409450,2026-05-20,2026-05,Organic App Store,Tier 1,45-54,Moderate
NV409451,2026-05-05,2026-05,Referral,Tier 1,18-24,Moderate
NV409452,2026-05-02,2026-05,Referral,Tier 1,35-44,Moderate
NV409453,2026-05-23,2026-05,Paid Ads,Tier 1,45-54,Moderate
NV409454,2026-05-15,2026-05,Paid Ads,Tier 2,45-54,Moderate
NV409455,2026-05-22,2026-05,Organic App Store,Tier 3,45-54,Aggressive
NV409456,2026-05-06,2026-05,Referral,Tier 1,25-34,Aggressive
NV409457,2026-05-15,2026-05,Referral,Tier 1,35-44,Moderate
NV409458,2026-05-02,2026-05,Influencer/Content,Tier 2,35-44,Moderate
NV409459,2026-05-07,2026-05,Referral,Tier 2,25-34,Moderate
NV409460,2026-05-19,2026-05,Referral,Tier 2,55+,Moderate
NV409461,2026-05-13,2026-05,Organic App Store,Tier 2,25-34,Moderate
NV409462,2026-05-03,2026-05,Organic App Store,Tier 3,45-54,Aggressive
NV409463,2026-05-21,2026-05,Referral,Tier 3,45-54,Aggressive
NV409464,2026-05-01,2026-05,Paid Ads,Tier 1,18-24,Moderate
NV409465,2026-05-02,2026-05,Influencer/Content,Tier 2,25-34,Moderate
NV409466,2026-05-15,2026-05,Organic App Store,Tier 1,45-54,Aggressive
NV409467,2026-05-16,2026-05,Referral,Tier 1,18-24,Moderate
NV409468,2026-05-10,2026-05,Paid Ads,Tier 1,25-34,Moderate
NV409469,2026-05-15,2026-05,Organic App Store,Tier 1,35-44,Conservative
NV409470,2026-05-22,2026-05,Organic App Store,Tier 1,18-24,Moderate
NV409471,2026-05-30,2026-05,Paid Ads,Tier 2,35-44,Moderate
NV409472,2026-05-16,2026-05,Organic App Store,Tier 1,18-24,Moderate
NV409473,2026-05-19,2026-05,Organic App Store,Tier 2,25-34,Conservative
NV409474,2026-05-21,2026-05,Influencer/Content,Tier 2,25-34,Moderate
NV409475,2026-05-13,2026-05,Paid Ads,Tier 1,35-44,Moderate
NV409476,2026-05-08,2026-05,Organic App Store,Tier 2,18-24,Aggressive
NV409477,2026-05-19,2026-05,Referral,Tier 1,18-24,Aggressive
NV409478,2026-05-04,2026-05,Influencer/Content,Tier 2,18-24,Aggressive
NV409479,2026-05-14,2026-05,Influencer/Content,Tier 3,25-34,Moderate
NV409480,2026-05-06,2026-05,Referral,Tier 3,18-24,Moderate
NV409481,2026-05-17,2026-05,Organic App Store,Tier 2,25-34,Aggressive
NV409482,2026-05-20,2026-05,Organic App Store,Tier 1,35-44,Moderate
NV409483,2026-05-25,2026-05,Organic App Store,Tier 2,55+,Aggressive
NV409484,2026-05-16,2026-05,Influencer/Content,Tier 2,55+,Moderate
NV409485,2026-05-10,2026-05,Influencer/Content,Tier 1,18-24,Moderate
NV409486,2026-05-27,2026-05,Referral,Tier 2,25-34,Aggressive
NV409487,2026-05-21,2026-05,Influencer/Content,Tier 1,25-34,Moderate
NV409488,2026-05-16,2026-05,Organic App Store,Tier 2,35-44,Aggressive
NV409489,2026-05-08,2026-05,Referral,Tier 1,25-34,Aggressive
NV409490,2026-05-24,2026-05,Organic App Store,Tier 1,35-44,Conservative
NV409491,2026-05-06,2026-05,Organic App Store,Tier 2,35-44,Moderate
NV409492,2026-05-23,2026-05,Referral,Tier 1,25-34,Moderate
NV409493,2026-05-04,2026-05,Influencer/Content,Tier 1,25-34,Aggressive
NV409494,2026-05-26,2026-05,Paid Ads,Tier 2,25-34,Conservative
NV409495,2026-05-07,2026-05,Influencer/Content,Tier 2,25-34,Aggressive
NV409496,2026-05-30,2026-05,Referral,Tier 1,25-34,Moderate
NV409497,2026-05-30,2026-05,Paid Ads,Tier 2,35-44,Aggressive
NV409498,2026-05-26,2026-05,Paid Ads,Tier 3,35-44,Aggressive
NV409499,2026-05-11,2026-05,Paid Ads,Tier 1,18-24,Moderate
NV409500,2026-05-25,2026-05,Organic App Store,Tier 3,25-34,Moderate
NV409501,2026-05-29,2026-05,Referral,Tier 1,25-34,Moderate
NV409502,2026-05-06,2026-05,Influencer/Content,Tier 2,35-44,Conservative
NV409503,2026-05-20,2026-05,Paid Ads,Tier 2,35-44,Moderate
NV409504,2026-05-08,2026-05,Paid Ads,Tier 3,25-34,Moderate
NV409505,2026-05-08,2026-05,Paid Ads,Tier 1,25-34,Moderate
NV409506,2026-05-10,2026-05,Organic App Store,Tier 1,18-24,Aggressive
NV409507,2026-05-24,2026-05,Organic App Store,Tier 2,25-34,Moderate
NV409508,2026-05-12,2026-05,Organic App Store,Tier 2,18-24,Conservative
NV409509,2026-05-04,2026-05,Influencer/Content,Tier 1,25-34,Aggressive
NV409510,2026-05-12,2026-05,Paid Ads,Tier 1,25-34,Moderate
NV409511,2026-05-05,2026-05,Referral,Tier 2,25-34,Moderate
NV409512,2026-05-22,2026-05,Influencer/Content,Tier 3,45-54,Moderate
NV409513,2026-05-16,2026-05,Influencer/Content,Tier 3,25-34,Conservative
NV409514,2026-05-23,2026-05,Organic App Store,Tier 1,25-34,Moderate
NV409515,2026-05-07,2026-05,Paid Ads,Tier 2,25-34,Moderate
NV409516,2026-05-12,2026-05,Paid Ads,Tier 1,25-34,Conservative
NV409517,2026-05-29,2026-05,Influencer/Content,Tier 2,18-24,Moderate
NV409518,2026-05-02,2026-05,Influencer/Content,Tier 1,35-44,Aggressive
NV409519,2026-05-05,2026-05,Referral,Tier 1,18-24,Aggressive
NV409520,2026-05-28,2026-05,Organic App Store,Tier 2,55+,Moderate
NV409521,2026-05-21,2026-05,Paid Ads,Tier 2,35-44,Conservative
NV409522,2026-05-22,2026-05,Organic App Store,Tier 2,55+,Conservative
NV409523,2026-05-12,2026-05,Organic App Store,Tier 3,18-24,Aggressive
NV409524,2026-05-29,2026-05,Organic App Store,Tier 2,25-34,Moderate
NV409525,2026-05-22,2026-05,Organic App Store,Tier 2,25-34,Moderate
NV409526,2026-05-30,2026-05,Referral,Tier 2,18-24,Conservative
NV409527,2026-05-05,2026-05,Organic App Store,Tier 1,35-44,Conservative
NV409528,2026-05-20,2026-05,Influencer/Content,Tier 2,45-54,Moderate
NV409529,2026-05-23,2026-05,Influencer/Content,Tier 2,45-54,Moderate
NV409530,2026-05-02,2026-05,Paid Ads,Tier 1,45-54,Aggressive
NV409531,2026-05-18,2026-05,Influencer/Content,Tier 2,25-34,Aggressive
NV409532,2026-05-26,2026-05,Organic App Store,Tier 2,25-34,Moderate
NV409533,2026-05-29,2026-05,Influencer/Content,Tier 2,25-34,Aggressive
NV409534,2026-05-16,2026-05,Referral,Tier 2,55+,Conservative
NV409535,2026-05-11,2026-05,Organic App Store,Tier 1,25-34,Moderate
NV409536,2026-05-11,2026-05,Paid Ads,Tier 2,35-44,Moderate
NV409537,2026-05-08,2026-05,Paid Ads,Tier 1,35-44,Moderate
NV409538,2026-05-19,2026-05,Influencer/Content,Tier 2,35-44,Conservative
NV409539,2026-05-12,2026-05,Organic App Store,Tier 3,25-34,Conservative
NV409540,2026-05-28,2026-05,Paid Ads,Tier 2,25-34,Moderate
NV409541,2026-05-04,2026-05,Paid Ads,Tier 1,35-44,Moderate
NV409542,2026-05-25,2026-05,Organic App Store,Tier 1,35-44,Conservative
NV409543,2026-05-12,2026-05,Influencer/Content,Tier 2,18-24,Aggressive
NV409544,2026-05-04,2026-05,Organic App Store,Tier 2,18-24,Conservative
NV409545,2026-05-25,2026-05,Organic App Store,Tier 2,25-34,Conservative
NV409546,2026-05-11,2026-05,Organic App Store,Tier 2,18-24,Conservative
NV409547,2026-05-14,2026-05,Organic App Store,Tier 2,45-54,Aggressive
NV409548,2026-05-21,2026-05,Organic App Store,Tier 3,18-24,Moderate
NV409549,2026-05-24,2026-05,Organic App Store,Tier 3,18-24,Moderate
NV409550,2026-05-21,2026-05,Influencer/Content,Tier 1,25-34,Moderate
NV409551,2026-05-19,2026-05,Organic App Store,Tier 3,25-34,Aggressive
NV409552,2026-05-11,2026-05,Paid Ads,Tier 2,18-24,Aggressive
NV409553,2026-05-02,2026-05,Paid Ads,Tier 2,45-54,Moderate
NV409554,2026-05-03,2026-05,Organic App Store,Tier 2,25-34,Conservative
NV409555,2026-05-23,2026-05,Organic App Store,Tier 2,25-34,Moderate
NV409556,2026-05-10,2026-05,Organic App Store,Tier 1,25-34,Moderate
NV409557,2026-05-19,2026-05,Referral,Tier 2,25-34,Conservative
NV409558,2026-05-30,2026-05,Paid Ads,Tier 1,25-34,Conservative
NV409559,2026-05-24,2026-05,Paid Ads,Tier 2,35-44,Moderate
NV409560,2026-05-23,2026-05,Influencer/Content,Tier 2,18-24,Moderate
NV409561,2026-05-01,2026-05,Referral,Tier 2,25-34,Moderate
NV409562,2026-05-23,2026-05,Referral,Tier 2,35-44,Moderate
NV409563,2026-05-06,2026-05,Influencer/Content,Tier 2,45-54,Aggressive
NV409564,2026-05-17,2026-05,Paid Ads,Tier 1,25-34,Aggressive
NV409565,2026-05-20,2026-05,Organic App Store,Tier 2,25-34,Moderate
NV409566,2026-05-26,2026-05,Referral,Tier 3,35-44,Aggressive
NV409567,2026-05-16,2026-05,Organic App Store,Tier 1,25-34,Conservative
NV409568,2026-05-26,2026-05,Organic App Store,Tier 3,35-44,Aggressive
NV409569,2026-05-10,2026-05,Organic App Store,Tier 1,25-34,Conservative
NV409570,2026-05-23,2026-05,Organic App Store,Tier 1,18-24,Conservative
NV409571,2026-05-15,2026-05,Referral,Tier 2,18-24,Aggressive
NV409572,2026-05-03,2026-05,Influencer/Content,Tier 1,35-44,Conservative
NV409573,2026-05-24,2026-05,Organic App Store,Tier 3,35-44,Moderate
NV409574,2026-05-11,2026-05,Paid Ads,Tier 3,25-34,Conservative
NV409575,2026-05-08,2026-05,Influencer/Content,Tier 2,35-44,Aggressive
NV409576,2026-05-16,2026-05,Paid Ads,Tier 2,35-44,Moderate
NV409577,2026-05-10,2026-05,Referral,Tier 3,18-24,Conservative
NV409578,2026-05-07,2026-05,Paid Ads,Tier 3,55+,Moderate
NV409579,2026-05-04,2026-05,Organic App Store,Tier 2,35-44,Conservative
NV409580,2026-05-14,2026-05,Referral,Tier 3,25-34,Conservative
NV409581,2026-05-02,2026-05,Paid Ads,Tier 2,25-34,Moderate
NV409582,2026-05-21,2026-05,Organic App Store,Tier 2,25-34,Conservative
NV409583,2026-05-25,2026-05,Organic App Store,Tier 2,25-34,Moderate
NV409584,2026-05-30,2026-05,Influencer/Content,Tier 1,18-24,Conservative
NV409585,2026-05-20,2026-05,Influencer/Content,Tier 3,18-24,Moderate
NV409586,2026-05-24,2026-05,Organic App Store,Tier 1,35-44,Aggressive
NV409587,2026-05-07,2026-05,Influencer/Content,Tier 2,25-34,Conservative
NV409588,2026-05-26,2026-05,Organic App Store,Tier 3,18-24,Conservative
NV409589,2026-05-17,2026-05,Influencer/Content,Tier 1,25-34,Moderate
NV409590,2026-05-10,2026-05,Influencer/Content,Tier 2,35-44,Moderate
NV409591,2026-05-16,2026-05,Referral,Tier 3,25-34,Conservative
NV409592,2026-05-01,2026-05,Organic App Store,Tier 1,18-24,Moderate
NV409593,2026-05-09,2026-05,Referral,Tier 2,35-44,Moderate
NV409594,2026-05-27,2026-05,Referral,Tier 2,18-24,Conservative
NV409595,2026-05-02,2026-05,Paid Ads,Tier 1,18-24,Aggressive
NV409596,2026-05-08,2026-05,Organic App Store,Tier 1,35-44,Aggressive
NV409597,2026-05-10,2026-05,Referral,Tier 1,35-44,Conservative
NV409598,2026-05-16,2026-05,Influencer/Content,Tier 1,25-34,Aggressive
NV409599,2026-05-26,2026-05,Paid Ads,Tier 2,25-34,Moderate
